TIMESTEP,ORGAN_ID,ORGAN_TYPE,EXCHANGE_OBLIGATION,PRIORITY_GROUP,DONOR_DONORNUMBER,DONOR_ABO_BLOOD_GROUP,DONOR_RHESUS_CODE,DONOR_GRAFT_TYPE,DONOR_AGE,DONOR_CITY,DONOR_COUNTRY,DONOR_TIMESTEP_ENTERED,DONOR_Genomic_HLA-A,DONOR_Genomic_HLA-B,DONOR_Genomic_HLA-C,DONOR_Genomic_HLA-DRB1,DONOR_Genomic_HLA-DQA1,DONOR_Genomic_HLA-DQB1,DONOR_Genomic_HLA-DPA1,DONOR_Genomic_HLA-DPB1,DONOR_Serologic_HLA-A,DONOR_Serologic_HLA-B,DONOR_Serologic_HLA-C,DONOR_Serologic_HLA-DRB1,DONOR_Serologic_HLA-DQA1,DONOR_Serologic_HLA-DQB1,DONOR_Serologic_HLA-DPA1,DONOR_Serologic_HLA-DPB1,DONOR_Calculated Bw4/BW6,DONOR_Notes,RECIPIENT_RECIPIENTNUMBER,RECIPIENT_ABO_BLOOD_GROUP,RECIPIENT_RHESUS_CODE,RECIPIENT_ORGAN,RECIPIENT_AGE,RECIPIENT_CITY,RECIPIENT_COUNTRY,RECIPIENT_TIMESTEP_ENTERED,RECIPIENT_Genomic_HLA-A,RECIPIENT_Genomic_HLA-B,RECIPIENT_Genomic_HLA-C,RECIPIENT_Genomic_HLA-DRB1,RECIPIENT_Genomic_HLA-DQA1,RECIPIENT_Genomic_HLA-DQB1,RECIPIENT_Genomic_HLA-DPA1,RECIPIENT_Genomic_HLA-DPB1,RECIPIENT_Serologic_HLA-A,RECIPIENT_Serologic_HLA-B,RECIPIENT_Serologic_HLA-C,RECIPIENT_Serologic_HLA-DRB1,RECIPIENT_Serologic_HLA-DQA1,RECIPIENT_Serologic_HLA-DQB1,RECIPIENT_Serologic_HLA-DPA1,RECIPIENT_Serologic_HLA-DPB1,RECIPIENT_Calculated Bw4/BW6,RECIPIENT_HLA_antibodies,RECIPIENT_cPRA,RECIPIENT_TS,RECIPIENT_Notes,RECIPIENT_DRB1_mismatches,RECIPIENT_AB_mismatches,DRB1_mismatches,AB_mismatches,Mismatch_score,Distance,Distance_score,Equity_score,Equity_scaled,Score
1,D0000_LK,kidney,False,AllocationPriority.LOCAL,D0000,O,POS,KD,76,Copenhagen,Denmark,1,"['A*01', 'A*24']","['B*27', 'B*35']","['C*04', 'C*03']","['DRB1*13', 'DRB1*11']","['DQA1*02:01', 'DQA1*01:02']","['DQB1*03', 'DQB1*06']","['DPA1*02:02', 'DPA1*01']","['DPB1*04', 'DPB1*02']","['A1', 'A9']","['B27', 'B35']","['Cw4', 'Cw3']","['DR6', 'DR5']","['DQ2', 'DQ1']","['DQ3', 'DQ1']","['DP2', 'DP1']","['DP4', 'DP2']",Bw4/Bw4,nan,R2094,O,POS,Kidney,76,Copenhagen,Denmark,0,"['A*31', 'A*01']","['B*44', 'B*35']","['C*07', 'C*03']","['DRB1*13', 'DRB1*11']","['DQA1*01:02', 'DQA1*01:01']","['DQB1*06', 'DQB1*04']","['DPA1*01', 'DPA1*01']","['DPB1*04', 'DPB1*04']","['A19', 'A1']","['B12', 'B35']","['Cw7', 'Cw3']","['DR6', 'DR5']","['DQ1', 'DQ1']","['DQ1', 'DQ4']","['DP1', 'DP1']","['DP4', 'DP4']",Bw4/Bw4,[],0.0,0.41,nan,0,2
1,D0001_LK,kidney,False,AllocationPriority.LOCAL,D0001,A,POS,KD,37,Uppsala,Sweden,1,"['A*01', 'A*68']","['B*27', 'B*14']","['C*06', 'C*04']","['DRB1*15', 'DRB1*04']","['DQA1*03:01', 'DQA1*03:01']","['DQB1*02', 'DQB1*06']","['DPA1*01', 'DPA1*01']","['DPB1*04', 'DPB1*04']","['A1', 'A28']","['B27', 'B14']","['Cw6', 'Cw4']","['DR2', 'DR4']","['DQ3', 'DQ3']","['DQ2', 'DQ1']","['DP1', 'DP1']","['DP4', 'DP4']",Bw4/Bw6,nan,R0104,AB,POS,Kidney,68,Uppsala,Sweden,0,"['A*01', 'A*03']","['B*07', 'B*07']","['C*07', 'C*12']","['DRB1*11', 'DRB1*01']","['DQA1*05:01', 'DQA1*01:01']","['DQB1*03', 'DQB1*06']","['DPA1*01', 'DPA1*01']","['DPB1*03', 'DPB1*04']","['A1', 'A3']","['B7', 'B7']","['Cw7', 'Cw12']","['DR5', 'DR1']","['DQ1', 'DQ1']","['DQ3', 'DQ1']","['DP1', 'DP1']","['DP3', 'DP4']",Bw6/Bw6,"['B*42', 'DRB1*12', 'C*15', 'DQA1*05:01', 'B*41', 'B*40', 'C*07', 'DPB1*11', 'C*03']",0.9644,0.0356,nan
1,D0000_RK,kidney,True,AllocationPriority.PRIORITY_7,D0000,O,POS,KD,76,Copenhagen,Denmark,1,"['A*01', 'A*24']","['B*27', 'B*35']","['C*04', 'C*03']","['DRB1*13', 'DRB1*11']","['DQA1*02:01', 'DQA1*01:02']","['DQB1*03', 'DQB1*06']","['DPA1*02:02', 'DPA1*01']","['DPB1*04', 'DPB1*02']","['A1', 'A9']","['B27', 'B35']","['Cw4', 'Cw3']","['DR6', 'DR5']","['DQ2', 'DQ1']","['DQ3', 'DQ1']","['DP2', 'DP1']","['DP4', 'DP2']",Bw4/Bw4,nan,R0167,O,POS,Kidney,68,Skane,Sweden,0,"['A*24', 'A*02']","['B*27', 'B*35']","['C*14', 'C*07']","['DRB1*01', 'DRB1*13']","['DQA1*03:01', 'DQA1*04:01']","['DQB1*06', 'DQB1*06']","['DPA1*01', 'DPA1*01']","['DPB1*04', 'DPB1*04']","['A9', 'A2']","['B27', 'B35']","['Cw14', 'Cw7']","['DR1', 'DR6']","['DQ3', 'DQ4']","['DQ1', 'DQ1']","['DP1', 'DP1']","['DP4', 'DP4']",Bw4/Bw4,"['DPB1*424', 'A*66', 'A*74', 'B*08', 'B*46', 'DPB1*17', 'B*58', 'DPB1*13', 'DRB1*08']",0.1975,0.3290249999999999,nan,1,1,2,28.452846136850336,0.6666666666666667,0.9947718021353811,601.2931675608735
1,D0001_RK,kidney,True,AllocationPriority.PRIORITY_7,D0001,A,POS,KD,37,Uppsala,Sweden,1,"['A*01', 'A*68']","['B*27', 'B*14']","['C*06', 'C*04']","['DRB1*15', 'DRB1*04']","['DQA1*03:01', 'DQA1*03:01']","['DQB1*02', 'DQB1*06']","['DPA1*01', 'DPA1*01']","['DPB1*04', 'DPB1*04']","['A1', 'A28']","['B27', 'B14']","['Cw6', 'Cw4']","['DR2', 'DR4']","['DQ3', 'DQ3']","['DQ2', 'DQ1']","['DP1', 'DP1']","['DP4', 'DP4']",Bw4/Bw6,nan,R0086,A,POS,Kidney,84,Stockholm,Sweden,0,"['A*01', 'A*24']","['B*40', 'B*27']","['C*07', 'C*07']","['DRB1*15', 'DRB1*04']","['DQA1*02:01', 'DQA1*05:01']","['DQB1*06', 'DQB1*03']","['DPA1*02:02', 'DPA1*01']","['DPB1*02', 'DPB1*04']","['A1', 'A9']","['B40', 'B27']","['Cw7', 'Cw7']","['DR2', 'DR4']","['DQ2', 'DQ1']","['DQ1', 'DQ3']","['DP2', 'DP1']","['DP2', 'DP4']",Bw4/Bw4,[],0.0,0.85,nan,0,2,2,63.62967887203856,0.6666666666666667,0.9883080747140327,598.9762153744033
2,D0002_LK,kidney,False,AllocationPriority.LOCAL,D0002,A,POS,KD,58,Helsinki,Finland,2,"['A*32', 'A*02']","['B*07', 'B*56']","['C*04', 'C*03']","['DRB1*03', 'DRB1*04']","['DQA1*01:02', 'DQA1*01:02']","['DQB1*02', 'DQB1*05']","['DPA1*01', 'DPA1*01']","['DPB1*04', 'DPB1*02']","['A19', 'A2']","['B7', 'B22']","['Cw4', 'Cw3']","['DR3', 'DR4']","['DQ1', 'DQ1']","['DQ2', 'DQ1']","['DP1', 'DP1']","['DP4', 'DP2']",Bw4/Bw6,nan,R1086,A,POS,Kidney,69,Helsinki,Finland,0,"['A*32', 'A*02']","['B*07', 'B*35']","['C*07', 'C*07']","['DRB1*04', 'DRB1*03']","['DQA1*02:01', 'DQA1*03:01']","['DQB1*05', 'DQB1*06']","['DPA1*01', 'DPA1*01']","['DPB1*04', 'DPB1*04']","['A19', 'A2']","['B7', 'B35']","['Cw7', 'Cw7']","['DR4', 'DR3']","['DQ2', 'DQ3']","['DQ1', 'DQ1']","['DP1', 'DP1']","['DP4', 'DP4']",Bw4/Bw6,[],0.0,0.85,nan,0,1
2,D0002_RK,kidney,True,AllocationPriority.PRIORITY_7,D0002,A,POS,KD,58,Helsinki,Finland,2,"['A*32', 'A*02']","['B*07', 'B*56']","['C*04', 'C*03']","['DRB1*03', 'DRB1*04']","['DQA1*01:02', 'DQA1*01:02']","['DQB1*02', 'DQB1*05']","['DPA1*01', 'DPA1*01']","['DPB1*04', 'DPB1*02']","['A19', 'A2']","['B7', 'B22']","['Cw4', 'Cw3']","['DR3', 'DR4']","['DQ1', 'DQ1']","['DQ2', 'DQ1']","['DP1', 'DP1']","['DP4', 'DP2']",Bw4/Bw6,nan,R0308,A,POS,Kidney,62,Helsinki,Finland,0,"['A*02', 'A*02']","['B*15', 'B*07']","['C*04', 'C*03']","['DRB1*04', 'DRB1*03']","['DQA1*01:02', 'DQA1*01:03']","['DQB1*06', 'DQB1*05']","['DPA1*02:02', 'DPA1*01']","['DPB1*03', 'DPB1*15']","['A2', 'A2']","['B15', 'B7']","['Cw4', 'Cw3']","['DR4', 'DR3']","['DQ1', 'DQ1']","['DQ1', 'DQ1']","['DP2', 'DP1']","['DP3', 'DP15']",Bw4/Bw6,"['DRB1*03', 'A*23', 'B*50', 'DPB1*03', 'DQB1*04', 'C*12', 'B*58', 'DPB1*115', 'DPB1*26']",0.3436,0.55794,nan,0,2,2,0.0,0.6666666666666667,1.0,603.1672386167969
3,D0003_LK,kidney,False,AllocationPriority.LOCAL,D0003,O,POS,KD,47,Gothenburg,Sweden,3,"['A*03', 'A*03']","['B*07', 'B*55']","['C*07', 'C*07']","['DRB1*09', 'DRB1*04']","['DQA1*03:01', 'DQA1*03:01']","['DQB1*04', 'DQB1*03']","['DPA1*01', 'DPA1*01']","['DPB1*04', 'DPB1*04']","['A3', 'A3']","['B7', 'B22']","['Cw7', 'Cw7']","['DR9', 'DR4']","['DQ3', 'DQ3']","['DQ4', 'DQ3']","['DP1', 'DP1']","['DP4', 'DP4']",Bw6/Bw6,nan,R0156,O,NEG,Kidney,74,Gothenburg,Sweden,0,"['A*03', 'A*29']","['B*49', 'B*44']","['C*05', 'C*07']","['DRB1*03', 'DRB1*07']","['DQA1*05:01', 'DQA1*05:01']","['DQB1*02', 'DQB1*04']","['DPA1*01', 'DPA1*01']","['DPB1*04', 'DPB1*05']","['A3', 'A19']","['B21', 'B12']","['Cw5', 'Cw7']","['DR3', 'DR7']","['DQ1', 'DQ1']","['DQ2', 'DQ4']","['DP1', 'DP1']","['DP4', 'DP5']",Bw6/Bw6,"['B*58', 'B*40', 'B*51', 'A*02', 'DRB1*03', 'A*26', 'C*17', 'DPB1*17', 'DQA1*05:01']",0.8753,0.051127,nan
3,D0004_LK,kidney,False,AllocationPriority.LOCAL,D0004,O,POS,KD,42,Helsinki,Finland,3,"['A*29', 'A*02']","['B*15', 'B*15']","['C*03', 'C*03']","['DRB1*15', 'DRB1*07']","['DQA1*03:01', 'DQA1*01:02']","['DQB1*02', 'DQB1*03']","['DPA1*01', 'DPA1*01']","['DPB1*09', 'DPB1*04']","['A19', 'A2']","['B15', 'B15']","['Cw3', 'Cw3']","['DR2', 'DR7']","['DQ3', 'DQ1']","['DQ2', 'DQ3']","['DP1', 'DP1']","['DP9', 'DP4']",Bw6/Bw6,nan,R1620,A,POS,Kidney,80,Helsinki,Finland,0,"['A*24', 'A*11']","['B*15', 'B*15']","['C*04', 'C*03']","['DRB1*04', 'DRB1*09']","['DQA1*01:02', 'DQA1*05:01']","['DQB1*03', 'DQB1*03']","['DPA1*02:02', 'DPA1*01']","['DPB1*02', 'DPB1*03']","['A9', 'A11']","['B15', 'B15']","['Cw4', 'Cw3']","['DR4', 'DR9']","['DQ1', 'DQ1']","['DQ3', 'DQ3']","['DP2', 'DP1']","['DP2', 'DP3']",Bw6/Bw6,"['DQB1*06', 'B*49', 'DPB1*129', 'DRB1*04', 'C*07', 'C*17', 'C*01', 'C*18', 'B*42']",0.9082,0.0780299999999999,nan
3,D0003_RK,kidney,True,AllocationPriority.PRIORITY_7,D0003,O,POS,KD,47,Gothenburg,Sweden,3,"['A*03', 'A*03']","['B*07', 'B*55']","['C*07', 'C*07']","['DRB1*09', 'DRB1*04']","['DQA1*03:01', 'DQA1*03:01']","['DQB1*04', 'DQB1*03']","['DPA1*01', 'DPA1*01']","['DPB1*04', 'DPB1*04']","['A3', 'A3']","['B7', 'B22']","['Cw7', 'Cw7']","['DR9', 'DR4']","['DQ3', 'DQ3']","['DQ4', 'DQ3']","['DP1', 'DP1']","['DP4', 'DP4']",Bw6/Bw6,nan,R1121,O,POS,Kidney,71,Gothenburg,Sweden,0,"['A*03', 'A*01']","['B*27', 'B*07']","['C*08', 'C*06']","['DRB1*04', 'DRB1*15']","['DQA1*01:01', 'DQA1*03:01']","['DQB1*03', 'DQB1*06']","['DPA1*01', 'DPA1*02:02']","['DPB1*04', 'DPB1*04']","['A3', 'A1']","['B27', 'B7']","['Cw8', 'Cw6']","['DR4', 'DR2']","['DQ1', 'DQ3']","['DQ3', 'DQ1']","['DP1', 'DP2']","['DP4', 'DP4']",Bw4/Bw6,"['A*11', 'C*17', 'B*45', 'B*53', 'DPB1*15', 'DPB1*06', 'DRB1*10', 'B*56', 'A*29']",0.1256,0.358504,nan,1,1,2,0.0,0.6666666666666667,1.0,603.1672386167969
3,D0004_RK,kidney,True,AllocationPriority.PRIORITY_7,D0004,O,POS,KD,42,Helsinki,Finland,3,"['A*29', 'A*02']","['B*15', 'B*15']","['C*03', 'C*03']","['DRB1*15', 'DRB1*07']","['DQA1*03:01', 'DQA1*01:02']","['DQB1*02', 'DQB1*03']","['DPA1*01', 'DPA1*01']","['DPB1*09', 'DPB1*04']","['A19', 'A2']","['B15', 'B15']","['Cw3', 'Cw3']","['DR2', 'DR7']","['DQ3', 'DQ1']","['DQ2', 'DQ3']","['DP1', 'DP1']","['DP9', 'DP4']",Bw6/Bw6,nan,R0990,O,POS,Kidney,88,Stockholm,Sweden,0,"['A*02', 'A*01']","['B*15', 'B*27']","['C*07', 'C*03']","['DRB1*15', 'DRB1*07']","['DQA1*01:01', 'DQA1*05:01']","['DQB1*06', 'DQB1*03']","['DPA1*01', 'DPA1*01']","['DPB1*03', 'DPB1*02']","['A2', 'A1']","['B15', 'B27']","['Cw7', 'Cw3']","['DR2', 'DR7']","['DQ1', 'DQ1']","['DQ1', 'DQ3']","['DP1', 'DP1']","['DP3', 'DP2']",Bw4/Bw4,[],0.0,0.41,nan,0,1,1,395.64825735091034,0.8333333333333334,0.9272998081009831,638.2857120586214
4,D0005_LK,kidney,False,AllocationPriority.LOCAL,D0005,O,POS,KD,34,Aarhus,Denmark,4,"['A*03', 'A*01']","['B*15', 'B*08']","['C*07', 'C*16']","['DRB1*15', 'DRB1*01']","['DQA1*01:03', 'DQA1*04:01']","['DQB1*06', 'DQB1*04']","['DPA1*02:02', 'DPA1*01']","['DPB1*14', 'DPB1*03']","['A3', 'A1']","['B15', 'B8']","['Cw7', 'Cw16']","['DR2', 'DR1']","['DQ1', 'DQ4']","['DQ1', 'DQ4']","['DP2', 'DP1']","['DP14', 'DP3']",Bw4/Bw6,nan,R0754,O,NEG,Kidney,17,Aarhus,Denmark,0,"['A*31', 'A*68']","['B*27', 'B*07']","['C*03', 'C*07']","['DRB1*01', 'DRB1*15']","['DQA1*01:02', 'DQA1*02:01']","['DQB1*03', 'DQB1*04']","['DPA1*01', 'DPA1*01']","['DPB1*04', 'DPB1*04']","['A19', 'A28']","['B27', 'B7']","['Cw3', 'Cw7']","['DR1', 'DR2']","['DQ1', 'DQ2']","['DQ3', 'DQ4']","['DP1', 'DP1']","['DP4', 'DP4']",Bw4/Bw4,[],0.0,0.41,nan,0,4
4,D0006_LK,kidney,False,AllocationPriority.PAYBACK,D0006,A,POS,KD,53,Helsinki,Finland,4,"['A*31', 'A*68']","['B*08', 'B*35']","['C*07', 'C*03']","['DRB1*09', 'DRB1*07']","['DQA1*05:01', 'DQA1*01:02']","['DQB1*02', 'DQB1*02']","['DPA1*02:02', 'DPA1*01']","['DPB1*04', 'DPB1*05']","['A19', 'A28']","['B8', 'B35']","['Cw7', 'Cw3']","['DR9', 'DR7']","['DQ1', 'DQ1']","['DQ2', 'DQ2']","['DP2', 'DP1']","['DP4', 'DP5']",Bw4/Bw6,nan,R0325,A,POS,Kidney,87,Uppsala,Sweden,0,"['A*24', 'A*02']","['B*35', 'B*40']","['C*04', 'C*12']","['DRB1*07', 'DRB1*09']","['DQA1*01:02', 'DQA1*01:02']","['DQB1*04', 'DQB1*04']","['DPA1*01', 'DPA1*01']","['DPB1*04', 'DPB1*02']","['A9', 'A2']","['B35', 'B40']","['Cw4', 'Cw12']","['DR7', 'DR9']","['DQ1', 'DQ1']","['DQ4', 'DQ4']","['DP1', 'DP1']","['DP4', 'DP2']",Bw4/Bw6,[],0.0,0.85,nan,0,3
4,D0005_RK,kidney,True,AllocationPriority.PRIORITY_1,D0005,O,POS,KD,34,Aarhus,Denmark,4,"['A*03', 'A*01']","['B*15', 'B*08']","['C*07', 'C*16']","['DRB1*15', 'DRB1*01']","['DQA1*01:03', 'DQA1*04:01']","['DQB1*06', 'DQB1*04']","['DPA1*02:02', 'DPA1*01']","['DPB1*14', 'DPB1*03']","['A3', 'A1']","['B15', 'B8']","['Cw7', 'Cw16']","['DR2', 'DR1']","['DQ1', 'DQ4']","['DQ1', 'DQ4']","['DP2', 'DP1']","['DP14', 'DP3']",Bw4/Bw6,nan,R1676,O,POS,Kidney,64,Reykjavik,Iceland,0,"['A*24', 'A*11']","['B*51', 'B*37']","['C*05', 'C*07']","['DRB1*04', 'DRB1*13']","['DQA1*01:01', 'DQA1*05:01']","['DQB1*03', 'DQB1*06']","['DPA1*01', 'DPA1*01']","['DPB1*04', 'DPB1*02']","['A9', 'A11']","['B5', 'B37']","['Cw5', 'Cw7']","['DR4', 'DR6']","['DQ1', 'DQ1']","['DQ3', 'DQ1']","['DP1', 'DP1']","['DP4', 'DP2']",Bw6/Bw6,"['DPB1*31', 'DPB1*26', 'DPB1*04', 'A*02', 'B*57', 'C*02']",0.9701,0.012259,nan
4,D0006_RK,kidney,True,AllocationPriority.PRIORITY_7,D0006,A,POS,KD,53,Helsinki,Finland,4,"['A*31', 'A*68']","['B*08', 'B*35']","['C*07', 'C*03']","['DRB1*09', 'DRB1*07']","['DQA1*05:01', 'DQA1*01:02']","['DQB1*02', 'DQB1*02']","['DPA1*02:02', 'DPA1*01']","['DPB1*04', 'DPB1*05']","['A19', 'A28']","['B8', 'B35']","['Cw7', 'Cw3']","['DR9', 'DR7']","['DQ1', 'DQ1']","['DQ2', 'DQ2']","['DP2', 'DP1']","['DP4', 'DP5']",Bw4/Bw6,nan,R0844,A,POS,Kidney,74,Gothenburg,Sweden,0,"['A*03', 'A*31']","['B*35', 'B*08']","['C*03', 'C*03']","['DRB1*07', 'DRB1*04']","['DQA1*03:01', 'DQA1*03:01']","['DQB1*06', 'DQB1*03']","['DPA1*01', 'DPA1*01']","['DPB1*01', 'DPB1*03']","['A3', 'A19']","['B35', 'B8']","['Cw3', 'Cw3']","['DR7', 'DR4']","['DQ3', 'DQ3']","['DQ1', 'DQ3']","['DP1', 'DP1']","['DP1', 'DP3']",Bw4/Bw6,"['DPB1*17', 'A*11', 'DPB1*23', 'DQA1*05:01', 'C*04', 'DPB1*09', 'B*73', 'B*41', 'B*51']",0.4221,0.4912149999999999,nan,1,1,2,790.7219255251106,0.6666666666666667,0.8547051967084739,551.0856624263777
5,D0007_LK,kidney,False,AllocationPriority.LOCAL,D0007,A,POS,KD,89,Helsinki,Finland,5,"['A*25', 'A*02']","['B*15', 'B*07']","['C*07', 'C*07']","['DRB1*04', 'DRB1*03']","['DQA1*03:01', 'DQA1*03:01']","['DQB1*06', 'DQB1*03']","['DPA1*01', 'DPA1*01']","['DPB1*01', 'DPB1*19']","['A10', 'A2']","['B15', 'B7']","['Cw7', 'Cw7']","['DR4', 'DR3']","['DQ3', 'DQ3']","['DQ1', 'DQ3']","['DP1', 'DP1']","['DP1', 'DP19']",Bw4/Bw4,nan,R0735,A,POS,Kidney,84,Helsinki,Finland,0,"['A*26', 'A*02']","['B*44', 'B*27']","['C*07', 'C*03']","['DRB1*04', 'DRB1*03']","['DQA1*02:01', 'DQA1*05:01']","['DQB1*03', 'DQB1*03']","['DPA1*02:02', 'DPA1*01']","['DPB1*04', 'DPB1*04']","['A10', 'A2']","['B12', 'B27']","['Cw7', 'Cw3']","['DR4', 'DR3']","['DQ2', 'DQ1']","['DQ3', 'DQ3']","['DP2', 'DP1']","['DP4', 'DP4']",Bw6/Bw6,[],0.0,0.85,nan,0,2
5,D0008_LK,kidney,False,AllocationPriority.LOCAL,D0008,A,POS,KD,17,Uppsala,Sweden,5,"['A*31', 'A*02']","['B*07', 'B*14']","['C*07', 'C*05']","['DRB1*15', 'DRB1*07']","['DQA1*01:01', 'DQA1*05:01']","['DQB1*05', 'DQB1*04']","['DPA1*01', 'DPA1*01']","['DPB1*01', 'DPB1*04']","['A19', 'A2']","['B7', 'B14']","['Cw7', 'Cw5']","['DR2', 'DR7']","['DQ1', 'DQ1']","['DQ1', 'DQ4']","['DP1', 'DP1']","['DP1', 'DP4']",Bw4/Bw6,nan,R1230,A,POS,Kidney,84,Uppsala,Sweden,0,"['A*02', 'A*66']","['B*07', 'B*51']","['C*01', 'C*07']","['DRB1*15', 'DRB1*07']","['DQA1*04:01', 'DQA1*05:01']","['DQB1*04', 'DQB1*06']","['DPA1*01', 'DPA1*01']","['DPB1*03', 'DPB1*03']","['A2', 'A10']","['B7', 'B5']","['Cw1', 'Cw7']","['DR2', 'DR7']","['DQ4', 'DQ1']","['DQ4', 'DQ1']","['DP1', 'DP1']","['DP3', 'DP3']",Bw4/Bw4,[],0.0,0.85,nan,0,2
5,D0007_RK,kidney,True,AllocationPriority.PRIORITY_7,D0007,A,POS,KD,89,Helsinki,Finland,5,"['A*25', 'A*02']","['B*15', 'B*07']","['C*07', 'C*07']","['DRB1*04', 'DRB1*03']","['DQA1*03:01', 'DQA1*03:01']","['DQB1*06', 'DQB1*03']","['DPA1*01', 'DPA1*01']","['DPB1*01', 'DPB1*19']","['A10', 'A2']","['B15', 'B7']","['Cw7', 'Cw7']","['DR4', 'DR3']","['DQ3', 'DQ3']","['DQ1', 'DQ3']","['DP1', 'DP1']","['DP1', 'DP19']",Bw4/Bw4,nan,R0254,A,POS,Kidney,7,Helsinki,Finland,0,"['A*02', 'A*24']","['B*07', 'B*15']","['C*04', 'C*15']","['DRB1*01', 'DRB1*03']","['DQA1*01:02', 'DQA1*01:01']","['DQB1*06', 'DQB1*02']","['DPA1*01', 'DPA1*02:02']","['DPB1*03', 'DPB1*04']","['A2', 'A9']","['B7', 'B15']","['Cw4', 'Cw15']","['DR1', 'DR3']","['DQ1', 'DQ1']","['DQ1', 'DQ2']","['DP1', 'DP2']","['DP3', 'DP4']",Bw4/Bw4,"['B*57', 'B*49', 'B*41', 'A*30', 'DRB1*01', 'DRB1*10', 'C*04', 'B*51']",0.2873,0.605795,nan,1,1,2,0.0,0.6666666666666667,1.0,603.1672386167969
5,D0008_RK,kidney,True,AllocationPriority.PRIORITY_7,D0008,A,POS,KD,17,Uppsala,Sweden,5,"['A*31', 'A*02']","['B*07', 'B*14']","['C*07', 'C*05']","['DRB1*15', 'DRB1*07']","['DQA1*01:01', 'DQA1*05:01']","['DQB1*05', 'DQB1*04']","['DPA1*01', 'DPA1*01']","['DPB1*01', 'DPB1*04']","['A19', 'A2']","['B7', 'B14']","['Cw7', 'Cw5']","['DR2', 'DR7']","['DQ1', 'DQ1']","['DQ1', 'DQ4']","['DP1', 'DP1']","['DP1', 'DP4']",Bw4/Bw6,nan,R2001,A,NEG,Kidney,89,Aarhus,Denmark,0,"['A*31', 'A*02']","['B*45', 'B*07']","['C*03', 'C*03']","['DRB1*15', 'DRB1*07']","['DQA1*01:01', 'DQA1*01:02']","['DQB1*05', 'DQB1*06']","['DPA1*01', 'DPA1*01']","['DPB1*02', 'DPB1*04']","['A19', 'A2']","['B12', 'B7']","['Cw3', 'Cw3']","['DR2', 'DR7']","['DQ1', 'DQ1']","['DQ1', 'DQ1']","['DP1', 'DP1']","['DP2', 'DP4']",Bw4/Bw4,"['DPB1*10', 'A*11', 'B*35', 'B*42', 'DRB1*11', 'A*68', 'DPB1*24', 'DPB1*19']",0.2443,0.642345,nan,0,1,1,599.9344564544632,0.8333333333333334,0.8897623095749205,624.830226761186
6,D0009_LK,kidney,False,AllocationPriority.LOCAL,D0009,A,POS,KD,61,Aarhus,Denmark,6,"['A*03', 'A*24']","['B*07', 'B*44']","['C*07', 'C*07']","['DRB1*15', 'DRB1*15']","['DQA1*05:01', 'DQA1*05:01']","['DQB1*03', 'DQB1*04']","['DPA1*01', 'DPA1*01']","['DPB1*04', 'DPB1*04']","['A3', 'A9']","['B7', 'B12']","['Cw7', 'Cw7']","['DR2', 'DR2']","['DQ1', 'DQ1']","['DQ3', 'DQ4']","['DP1', 'DP1']","['DP4', 'DP4']",Bw4/Bw4,nan,R0358,A,POS,Kidney,70,Aarhus,Denmark,0,"['A*03', 'A*02']","['B*44', 'B*08']","['C*01', 'C*06']","['DRB1*13', 'DRB1*15']","['DQA1*03:01', 'DQA1*01:01']","['DQB1*02', 'DQB1*05']","['DPA1*01', 'DPA1*01']","['DPB1*03', 'DPB1*04']","['A3', 'A2']","['B12', 'B8']","['Cw1', 'Cw6']","['DR6', 'DR2']","['DQ3', 'DQ1']","['DQ2', 'DQ1']","['DP1', 'DP1']","['DP3', 'DP4']",Bw4/Bw6,[],0.0,0.85,nan,0,2
6,D0009_RK,kidney,True,AllocationPriority.PRIORITY_7,D0009,A,POS,KD,61,Aarhus,Denmark,6,"['A*03', 'A*24']","['B*07', 'B*44']","['C*07', 'C*07']","['DRB1*15', 'DRB1*15']","['DQA1*05:01', 'DQA1*05:01']","['DQB1*03', 'DQB1*04']","['DPA1*01', 'DPA1*01']","['DPB1*04', 'DPB1*04']","['A3', 'A9']","['B7', 'B12']","['Cw7', 'Cw7']","['DR2', 'DR2']","['DQ1', 'DQ1']","['DQ3', 'DQ4']","['DP1', 'DP1']","['DP4', 'DP4']",Bw4/Bw4,nan,R2206,A,POS,Kidney,53,Gothenburg,Sweden,1,"['A*32', 'A*03']","['B*44', 'B*07']","['C*03', 'C*01']","['DRB1*15', 'DRB1*11']","['DQA1*01:02', 'DQA1*05:01']","['DQB1*04', 'DQB1*03']","['DPA1*01', 'DPA1*01']","['DPB1*17', 'DPB1*11']","['A19', 'A3']","['B12', 'B7']","['Cw3', 'Cw1']","['DR2', 'DR5']","['DQ1', 'DQ1']","['DQ4', 'DQ3']","['DP1', 'DP1']","['DP17', 'DP11']",Bw4/Bw4,[],0.0,0.85,nan,0,1,1,202.6942002796759,0.8333333333333334,0.9627550305520983,650.9947961249729
8,D0010_LK,kidney,False,AllocationPriority.LOCAL,D0010,A,POS,KD,45,Odense,Denmark,8,"['A*03', 'A*68']","['B*51', 'B*08']","['C*06', 'C*07']","['DRB1*01', 'DRB1*01']","['DQA1*05:01', 'DQA1*01:01']","['DQB1*05', 'DQB1*03']","['DPA1*01', 'DPA1*02:02']","['DPB1*03', 'DPB1*04']","['A3', 'A28']","['B5', 'B8']","['Cw6', 'Cw7']","['DR1', 'DR1']","['DQ1', 'DQ1']","['DQ1', 'DQ3']","['DP1', 'DP2']","['DP3', 'DP4']",Bw4/Bw6,nan,R0098,A,POS,Kidney,78,Odense,Denmark,0,"['A*02', 'A*68']","['B*08', 'B*37']","['C*04', 'C*03']","['DRB1*01', 'DRB1*01']","['DQA1*01:03', 'DQA1*03:01']","['DQB1*06', 'DQB1*06']","['DPA1*01', 'DPA1*02:02']","['DPB1*04', 'DPB1*04']","['A2', 'A28']","['B8', 'B37']","['Cw4', 'Cw3']","['DR1', 'DR1']","['DQ1', 'DQ3']","['DQ1', 'DQ1']","['DP1', 'DP2']","['DP4', 'DP4']",Bw4/Bw6,[],0.0,0.85,nan,0,2
8,D0010_RK,kidney,True,AllocationPriority.PRIORITY_7,D0010,A,POS,KD,45,Odense,Denmark,8,"['A*03', 'A*68']","['B*51', 'B*08']","['C*06', 'C*07']","['DRB1*01', 'DRB1*01']","['DQA1*05:01', 'DQA1*01:01']","['DQB1*05', 'DQB1*03']","['DPA1*01', 'DPA1*02:02']","['DPB1*03', 'DPB1*04']","['A3', 'A28']","['B5', 'B8']","['Cw6', 'Cw7']","['DR1', 'DR1']","['DQ1', 'DQ1']","['DQ1', 'DQ3']","['DP1', 'DP2']","['DP3', 'DP4']",Bw4/Bw6,nan,R0596,A,POS,Kidney,48,Odense,Denmark,0,"['A*03', 'A*02']","['B*51', 'B*14']","['C*07', 'C*05']","['DRB1*07', 'DRB1*01']","['DQA1*05:01', 'DQA1*05:01']","['DQB1*03', 'DQB1*03']","['DPA1*01', 'DPA1*01']","['DPB1*04', 'DPB1*02']","['A3', 'A2']","['B5', 'B14']","['Cw7', 'Cw5']","['DR7', 'DR1']","['DQ1', 'DQ1']","['DQ3', 'DQ3']","['DP1', 'DP1']","['DP4', 'DP2']",Bw4/Bw6,[],0.0,0.85,nan,0,2,2,0.0,0.6666666666666667,1.0,603.1672386167969
10,D0011_LK,kidney,False,AllocationPriority.LOCAL,D0011,B,POS,KD,30,Helsinki,Finland,10,"['A*03', 'A*24']","['B*08', 'B*27']","['C*01', 'C*07']","['DRB1*11', 'DRB1*15']","['DQA1*01:02', 'DQA1*02:01']","['DQB1*06', 'DQB1*05']","['DPA1*01', 'DPA1*01']","['DPB1*04', 'DPB1*04']","['A3', 'A9']","['B8', 'B27']","['Cw1', 'Cw7']","['DR5', 'DR2']","['DQ1', 'DQ2']","['DQ1', 'DQ1']","['DP1', 'DP1']","['DP4', 'DP4']",Bw4/Bw4,nan,R0484,B,NEG,Kidney,72,Helsinki,Finland,0,"['A*26', 'A*01']","['B*35', 'B*18']","['C*03', 'C*15']","['DRB1*15', 'DRB1*11']","['DQA1*03:01', 'DQA1*05:01']","['DQB1*03', 'DQB1*03']","['DPA1*01', 'DPA1*01']","['DPB1*03', 'DPB1*01']","['A10', 'A1']","['B35', 'B18']","['Cw3', 'Cw15']","['DR2', 'DR5']","['DQ3', 'DQ1']","['DQ3', 'DQ3']","['DP1', 'DP1']","['DP3', 'DP1']",Bw4/Bw6,[],0.0,0.52,nan,0,4
10,D0012_LK,kidney,False,AllocationPriority.LOCAL,D0012,O,NEG,KD,17,Aarhus,Denmark,10,"['A*02', 'A*02']","['B*44', 'B*08']","['C*04', 'C*03']","['DRB1*08', 'DRB1*15']","['DQA1*01:02', 'DQA1*01:02']","['DQB1*03', 'DQB1*02']","['DPA1*01', 'DPA1*01']","['DPB1*01', 'DPB1*03']","['A2', 'A2']","['B12', 'B8']","['Cw4', 'Cw3']","['DR8', 'DR2']","['DQ1', 'DQ1']","['DQ3', 'DQ2']","['DP1', 'DP1']","['DP1', 'DP3']",Bw4/Bw6,nan,R0096,O,POS,Kidney,67,Aarhus,Denmark,0,"['A*02', 'A*03']","['B*45', 'B*44']","['C*07', 'C*07']","['DRB1*15', 'DRB1*15']","['DQA1*01:01', 'DQA1*03:01']","['DQB1*03', 'DQB1*03']","['DPA1*01', 'DPA1*01']","['DPB1*02', 'DPB1*04']","['A2', 'A3']","['B12', 'B12']","['Cw7', 'Cw7']","['DR2', 'DR2']","['DQ1', 'DQ3']","['DQ3', 'DQ3']","['DP1', 'DP1']","['DP2', 'DP4']",Bw4/Bw4,[],0.0,0.41,nan,1,1
10,D0011_RK,kidney,True,AllocationPriority.PRIORITY_7,D0011,B,POS,KD,30,Helsinki,Finland,10,"['A*03', 'A*24']","['B*08', 'B*27']","['C*01', 'C*07']","['DRB1*11', 'DRB1*15']","['DQA1*01:02', 'DQA1*02:01']","['DQB1*06', 'DQB1*05']","['DPA1*01', 'DPA1*01']","['DPB1*04', 'DPB1*04']","['A3', 'A9']","['B8', 'B27']","['Cw1', 'Cw7']","['DR5', 'DR2']","['DQ1', 'DQ2']","['DQ1', 'DQ1']","['DP1', 'DP1']","['DP4', 'DP4']",Bw4/Bw4,nan,R0450,B,NEG,Kidney,89,Helsinki,Finland,0,"['A*11', 'A*03']","['B*27', 'B*08']","['C*03', 'C*02']","['DRB1*15', 'DRB1*14']","['DQA1*01:01', 'DQA1*03:01']","['DQB1*05', 'DQB1*04']","['DPA1*01', 'DPA1*01']","['DPB1*04', 'DPB1*04']","['A11', 'A3']","['B27', 'B8']","['Cw3', 'Cw2']","['DR2', 'DR6']","['DQ1', 'DQ3']","['DQ1', 'DQ4']","['DP1', 'DP1']","['DP4', 'DP4']",Bw4/Bw6,[],0.0,0.52,nan,1,1,2,0.0,0.6666666666666667,1.0,603.1672386167969
10,D0012_RK,kidney,True,AllocationPriority.PRIORITY_1,D0012,O,NEG,KD,17,Aarhus,Denmark,10,"['A*02', 'A*02']","['B*44', 'B*08']","['C*04', 'C*03']","['DRB1*08', 'DRB1*15']","['DQA1*01:02', 'DQA1*01:02']","['DQB1*03', 'DQB1*02']","['DPA1*01', 'DPA1*01']","['DPB1*01', 'DPB1*03']","['A2', 'A2']","['B12', 'B8']","['Cw4', 'Cw3']","['DR8', 'DR2']","['DQ1', 'DQ1']","['DQ3', 'DQ2']","['DP1', 'DP1']","['DP1', 'DP3']",Bw4/Bw6,nan,R1136,O,POS,Kidney,81,Gothenburg,Sweden,0,"['A*11', 'A*23']","['B*18', 'B*07']","['C*03', 'C*07']","['DRB1*13', 'DRB1*15']","['DQA1*01:01', 'DQA1*05:01']","['DQB1*06', 'DQB1*05']","['DPA1*01', 'DPA1*01']","['DPB1*02', 'DPB1*05']","['A11', 'A9']","['B18', 'B7']","['Cw3', 'Cw7']","['DR6', 'DR2']","['DQ1', 'DQ1']","['DQ1', 'DQ1']","['DP1', 'DP1']","['DP2', 'DP5']",Bw4/Bw6,"['A*29', 'DPB1*129', 'C*05', 'DPB1*26', 'DRB1*07', 'DPB1*16', 'B*07', 'C*01', 'DPB1*04']",0.9675,0.013325,nan
11,D0013_LK,kidney,False,AllocationPriority.LOCAL,D0013,O,POS,KD,39,Helsinki,Finland,11,"['A*03', 'A*02']","['B*44', 'B*15']","['C*04', 'C*07']","['DRB1*03', 'DRB1*01']","['DQA1*02:01', 'DQA1*02:01']","['DQB1*05', 'DQB1*06']","['DPA1*01', 'DPA1*01']","['DPB1*02', 'DPB1*04']","['A3', 'A2']","['B12', 'B15']","['Cw4', 'Cw7']","['DR3', 'DR1']","['DQ2', 'DQ2']","['DQ1', 'DQ1']","['DP1', 'DP1']","['DP2', 'DP4']",Bw4/Bw4,nan,R0031,O,POS,Kidney,44,Helsinki,Finland,0,"['A*02', 'A*01']","['B*44', 'B*07']","['C*03', 'C*04']","['DRB1*03', 'DRB1*01']","['DQA1*01:03', 'DQA1*04:01']","['DQB1*06', 'DQB1*05']","['DPA1*01', 'DPA1*01']","['DPB1*04', 'DPB1*04']","['A2', 'A1']","['B12', 'B7']","['Cw3', 'Cw4']","['DR3', 'DR1']","['DQ1', 'DQ4']","['DQ1', 'DQ1']","['DP1', 'DP1']","['DP4', 'DP4']",Bw4/Bw6,[],0.0,0.41,nan,0,2
11,D0014_LK,kidney,False,AllocationPriority.LOCAL,D0014,B,POS,KD,38,Copenhagen,Denmark,11,"['A*01', 'A*03']","['B*18', 'B*07']","['C*07', 'C*12']","['DRB1*13', 'DRB1*13']","['DQA1*03:01', 'DQA1*03:01']","['DQB1*06', 'DQB1*03']","['DPA1*01', 'DPA1*01']","['DPB1*03', 'DPB1*02']","['A1', 'A3']","['B18', 'B7']","['Cw7', 'Cw12']","['DR6', 'DR6']","['DQ3', 'DQ3']","['DQ1', 'DQ3']","['DP1', 'DP1']","['DP3', 'DP2']",Bw6/Bw6,nan,R0649,B,POS,Kidney,42,Copenhagen,Denmark,0,"['A*01', 'A*03']","['B*40', 'B*27']","['C*07', 'C*04']","['DRB1*03', 'DRB1*13']","['DQA1*04:01', 'DQA1*01:01']","['DQB1*06', 'DQB1*06']","['DPA1*01', 'DPA1*01']","['DPB1*04', 'DPB1*04']","['A1', 'A3']","['B40', 'B27']","['Cw7', 'Cw4']","['DR3', 'DR6']","['DQ4', 'DQ1']","['DQ1', 'DQ1']","['DP1', 'DP1']","['DP4', 'DP4']",Bw4/Bw6,"['DRB1*07', 'A*29', 'DQB1*04', 'B*35', 'DRB1*04', 'DPB1*424', 'A*68', 'C*14', 'DPB1*15']",0.4775,0.2717,nan,0,2
11,D0015_LK,kidney,False,AllocationPriority.LOCAL,D0015,A,POS,KD,48,Skane,Sweden,11,"['A*02', 'A*02']","['B*07', 'B*35']","['C*05', 'C*04']","['DRB1*15', 'DRB1*11']","['DQA1*01:03', 'DQA1*01:02']","['DQB1*06', 'DQB1*06']","['DPA1*02:02', 'DPA1*01']","['DPB1*04', 'DPB1*04']","['A2', 'A2']","['B7', 'B35']","['Cw5', 'Cw4']","['DR2', 'DR5']","['DQ1', 'DQ1']","['DQ1', 'DQ1']","['DP2', 'DP1']","['DP4', 'DP4']",Bw6/Bw6,nan,R1332,A,POS,Kidney,50,Skane,Sweden,0,"['A*25', 'A*02']","['B*49', 'B*40']","['C*07', 'C*04']","['DRB1*15', 'DRB1*12']","['DQA1*03:01', 'DQA1*01:03']","['DQB1*05', 'DQB1*03']","['DPA1*02:02', 'DPA1*01']","['DPB1*04', 'DPB1*04']","['A10', 'A2']","['B21', 'B40']","['Cw7', 'Cw4']","['DR2', 'DR5']","['DQ3', 'DQ1']","['DQ1', 'DQ3']","['DP2', 'DP1']","['DP4', 'DP4']",Bw4/Bw4,[],0.0,0.85,nan,0,2
11,D0013_RK,kidney,True,AllocationPriority.PRIORITY_7,D0013,O,POS,KD,39,Helsinki,Finland,11,"['A*03', 'A*02']","['B*44', 'B*15']","['C*04', 'C*07']","['DRB1*03', 'DRB1*01']","['DQA1*02:01', 'DQA1*02:01']","['DQB1*05', 'DQB1*06']","['DPA1*01', 'DPA1*01']","['DPB1*02', 'DPB1*04']","['A3', 'A2']","['B12', 'B15']","['Cw4', 'Cw7']","['DR3', 'DR1']","['DQ2', 'DQ2']","['DQ1', 'DQ1']","['DP1', 'DP1']","['DP2', 'DP4']",Bw4/Bw4,nan,R0356,O,POS,Kidney,79,Copenhagen,Denmark,0,"['A*02', 'A*03']","['B*44', 'B*15']","['C*12', 'C*07']","['DRB1*03', 'DRB1*01']","['DQA1*05:01', 'DQA1*03:01']","['DQB1*02', 'DQB1*05']","['DPA1*02:02', 'DPA1*01']","['DPB1*03', 'DPB1*02']","['A2', 'A3']","['B12', 'B15']","['Cw12', 'Cw7']","['DR3', 'DR1']","['DQ1', 'DQ3']","['DQ2', 'DQ1']","['DP2', 'DP1']","['DP3', 'DP2']",Bw4/Bw4,[],0.0,0.41,nan,0,0,0,882.6820702465409,1.0,0.8378075608814575,667.3849976922345
11,D0014_RK,kidney,True,AllocationPriority.PRIORITY_7,D0014,B,POS,KD,38,Copenhagen,Denmark,11,"['A*01', 'A*03']","['B*18', 'B*07']","['C*07', 'C*12']","['DRB1*13', 'DRB1*13']","['DQA1*03:01', 'DQA1*03:01']","['DQB1*06', 'DQB1*03']","['DPA1*01', 'DPA1*01']","['DPB1*03', 'DPB1*02']","['A1', 'A3']","['B18', 'B7']","['Cw7', 'Cw12']","['DR6', 'DR6']","['DQ3', 'DQ3']","['DQ1', 'DQ3']","['DP1', 'DP1']","['DP3', 'DP2']",Bw6/Bw6,nan,R0749,B,POS,Kidney,88,Helsinki,Finland,0,"['A*03', 'A*01']","['B*07', 'B*44']","['C*07', 'C*03']","['DRB1*09', 'DRB1*13']","['DQA1*01:03', 'DQA1*01:02']","['DQB1*03', 'DQB1*03']","['DPA1*02:02', 'DPA1*01']","['DPB1*02', 'DPB1*04']","['A3', 'A1']","['B7', 'B12']","['Cw7', 'Cw3']","['DR9', 'DR6']","['DQ1', 'DQ1']","['DQ3', 'DQ3']","['DP2', 'DP1']","['DP2', 'DP4']",Bw4/Bw6,[],0.0,0.52,nan,0,1,1,882.6820702465409,0.8333333333333334,0.8378075608814575,606.2068132513205
11,D0015_RK,kidney,True,AllocationPriority.PRIORITY_4,D0015,A,POS,KD,48,Skane,Sweden,11,"['A*02', 'A*02']","['B*07', 'B*35']","['C*05', 'C*04']","['DRB1*15', 'DRB1*11']","['DQA1*01:03', 'DQA1*01:02']","['DQB1*06', 'DQB1*06']","['DPA1*02:02', 'DPA1*01']","['DPB1*04', 'DPB1*04']","['A2', 'A2']","['B7', 'B35']","['Cw5', 'Cw4']","['DR2', 'DR5']","['DQ1', 'DQ1']","['DQ1', 'DQ1']","['DP2', 'DP1']","['DP4', 'DP4']",Bw6/Bw6,nan,R0714,A,POS,Kidney,5,Gothenburg,Sweden,0,"['A*02', 'A*11']","['B*44', 'B*41']","['C*07', 'C*03']","['DRB1*11', 'DRB1*15']","['DQA1*03:01', 'DQA1*01:03']","['DQB1*02', 'DQB1*03']","['DPA1*01', 'DPA1*01']","['DPB1*19', 'DPB1*04']","['A2', 'A11']","['B12', 'B41']","['Cw7', 'Cw3']","['DR5', 'DR2']","['DQ3', 'DQ1']","['DQ2', 'DQ3']","['DP1', 'DP1']","['DP19', 'DP4']",Bw4/Bw6,"['B*48', 'DRB1*08', 'DPB1*17', 'C*17', 'DPB1*15', 'DRB1*11']",0.1094,0.7570100000000001,nan
13,D0016_LK,kidney,False,AllocationPriority.LOCAL,D0016,A,POS,KD,48,Helsinki,Finland,13,"['A*66', 'A*24']","['B*50', 'B*07']","['C*16', 'C*03']","['DRB1*04', 'DRB1*01']","['DQA1*03:01', 'DQA1*01:01']","['DQB1*02', 'DQB1*05']","['DPA1*01', 'DPA1*01']","['DPB1*04', 'DPB1*04']","['A10', 'A9']","['B21', 'B7']","['Cw16', 'Cw3']","['DR4', 'DR1']","['DQ3', 'DQ1']","['DQ2', 'DQ1']","['DP1', 'DP1']","['DP4', 'DP4']",Bw6/Bw6,nan,R0208,A,POS,Kidney,79,Helsinki,Finland,0,"['A*24', 'A*01']","['B*08', 'B*08']","['C*03', 'C*03']","['DRB1*04', 'DRB1*01']","['DQA1*03:01', 'DQA1*01:03']","['DQB1*06', 'DQB1*06']","['DPA1*01', 'DPA1*01']","['DPB1*04', 'DPB1*03']","['A9', 'A1']","['B8', 'B8']","['Cw3', 'Cw3']","['DR4', 'DR1']","['DQ3', 'DQ1']","['DQ1', 'DQ1']","['DP1', 'DP1']","['DP4', 'DP3']",Bw4/Bw6,[],0.0,0.85,nan,0,3
13,D0016_RK,kidney,True,AllocationPriority.PRIORITY_7,D0016,A,POS,KD,48,Helsinki,Finland,13,"['A*66', 'A*24']","['B*50', 'B*07']","['C*16', 'C*03']","['DRB1*04', 'DRB1*01']","['DQA1*03:01', 'DQA1*01:01']","['DQB1*02', 'DQB1*05']","['DPA1*01', 'DPA1*01']","['DPB1*04', 'DPB1*04']","['A10', 'A9']","['B21', 'B7']","['Cw16', 'Cw3']","['DR4', 'DR1']","['DQ3', 'DQ1']","['DQ2', 'DQ1']","['DP1', 'DP1']","['DP4', 'DP4']",Bw6/Bw6,nan,R1807,A,POS,Kidney,87,Tartu,Estonia,0,"['A*03', 'A*24']","['B*51', 'B*07']","['C*07', 'C*07']","['DRB1*04', 'DRB1*01']","['DQA1*02:01', 'DQA1*01:02']","['DQB1*02', 'DQB1*02']","['DPA1*01', 'DPA1*01']","['DPB1*02', 'DPB1*05']","['A3', 'A9']","['B5', 'B7']","['Cw7', 'Cw7']","['DR4', 'DR1']","['DQ2', 'DQ1']","['DQ2', 'DQ2']","['DP1', 'DP1']","['DP2', 'DP5']",Bw4/Bw4,[],0.0,0.85,nan,0,2,2,223.77640682897163,0.6666666666666667,0.958881184444319,588.4280141111129
15,D0017_LK,kidney,False,AllocationPriority.LOCAL,D0017,B,POS,KD,59,Oslo,Norway,15,"['A*03', 'A*33']","['B*40', 'B*44']","['C*07', 'C*12']","['DRB1*01', 'DRB1*08']","['DQA1*05:01', 'DQA1*05:01']","['DQB1*02', 'DQB1*03']","['DPA1*01', 'DPA1*01']","['DPB1*01', 'DPB1*17']","['A3', 'A19']","['B40', 'B12']","['Cw7', 'Cw12']","['DR1', 'DR8']","['DQ1', 'DQ1']","['DQ2', 'DQ3']","['DP1', 'DP1']","['DP1', 'DP17']",Bw4/Bw4,nan,R0291,B,POS,Kidney,71,Oslo,Norway,0,"['A*03', 'A*03']","['B*44', 'B*08']","['C*07', 'C*05']","['DRB1*01', 'DRB1*13']","['DQA1*05:01', 'DQA1*02:01']","['DQB1*03', 'DQB1*06']","['DPA1*01', 'DPA1*01']","['DPB1*04', 'DPB1*03']","['A3', 'A3']","['B12', 'B8']","['Cw7', 'Cw5']","['DR1', 'DR6']","['DQ1', 'DQ2']","['DQ3', 'DQ1']","['DP1', 'DP1']","['DP4', 'DP3']",Bw4/Bw6,"['DPB1*05', 'B*52', 'B*56', 'C*16', 'DPB1*23', 'DPB1*35', 'DQA1*05:01']",0.2808,0.373984,nan,1,2
15,D0018_LK,kidney,False,AllocationPriority.LOCAL,D0018,O,POS,KD,44,Helsinki,Finland,15,"['A*02', 'A*01']","['B*42', 'B*15']","['C*07', 'C*03']","['DRB1*14', 'DRB1*15']","['DQA1*05:01', 'DQA1*04:01']","['DQB1*02', 'DQB1*02']","['DPA1*01', 'DPA1*01']","['DPB1*03', 'DPB1*10']","['A2', 'A1']","['B42', 'B15']","['Cw7', 'Cw3']","['DR6', 'DR2']","['DQ1', 'DQ4']","['DQ2', 'DQ2']","['DP1', 'DP1']","['DP3', 'DP10']",Bw4/Bw6,nan,R0575,A,POS,Kidney,69,Helsinki,Finland,0,"['A*02', 'A*11']","['B*15', 'B*44']","['C*03', 'C*02']","['DRB1*11', 'DRB1*01']","['DQA1*03:01', 'DQA1*01:02']","['DQB1*03', 'DQB1*05']","['DPA1*02:02', 'DPA1*01']","['DPB1*04', 'DPB1*02']","['A2', 'A11']","['B15', 'B12']","['Cw3', 'Cw2']","['DR5', 'DR1']","['DQ3', 'DQ1']","['DQ3', 'DQ1']","['DP2', 'DP1']","['DP4', 'DP2']",Bw4/Bw4,"['DPB1*04', 'C*05', 'C*17', 'A*66', 'DPB1*15', 'B*07', 'B*56', 'DPB1*31']",0.8258,0.14807,nan
15,D0017_RK,kidney,True,AllocationPriority.PRIORITY_7,D0017,B,POS,KD,59,Oslo,Norway,15,"['A*03', 'A*33']","['B*40', 'B*44']","['C*07', 'C*12']","['DRB1*01', 'DRB1*08']","['DQA1*05:01', 'DQA1*05:01']","['DQB1*02', 'DQB1*03']","['DPA1*01', 'DPA1*01']","['DPB1*01', 'DPB1*17']","['A3', 'A19']","['B40', 'B12']","['Cw7', 'Cw12']","['DR1', 'DR8']","['DQ1', 'DQ1']","['DQ2', 'DQ3']","['DP1', 'DP1']","['DP1', 'DP17']",Bw4/Bw4,nan,R0808,B,POS,Kidney,67,Tartu,Estonia,0,"['A*02', 'A*03']","['B*44', 'B*40']","['C*07', 'C*07']","['DRB1*04', 'DRB1*08']","['DQA1*02:01', 'DQA1*01:02']","['DQB1*03', 'DQB1*03']","['DPA1*02:02', 'DPA1*01']","['DPB1*05', 'DPB1*04']","['A2', 'A3']","['B12', 'B40']","['Cw7', 'Cw7']","['DR4', 'DR8']","['DQ2', 'DQ1']","['DQ3', 'DQ3']","['DP2', 'DP1']","['DP5', 'DP4']",Bw4/Bw6,"['A*32', 'DQB1*05', 'A*74', 'B*49', 'B*35', 'DPB1*15', 'DRB1*08', 'C*02', 'DRB1*15']",0.5235,0.24778,nan,1,1,2,924.5920287454237,0.6666666666666667,0.8301066245857965,542.2681935344434
15,D0018_RK,kidney,True,AllocationPriority.PRIORITY_7,D0018,O,POS,KD,44,Helsinki,Finland,15,"['A*02', 'A*01']","['B*42', 'B*15']","['C*07', 'C*03']","['DRB1*14', 'DRB1*15']","['DQA1*05:01', 'DQA1*04:01']","['DQB1*02', 'DQB1*02']","['DPA1*01', 'DPA1*01']","['DPB1*03', 'DPB1*10']","['A2', 'A1']","['B42', 'B15']","['Cw7', 'Cw3']","['DR6', 'DR2']","['DQ1', 'DQ4']","['DQ2', 'DQ2']","['DP1', 'DP1']","['DP3', 'DP10']",Bw4/Bw6,nan,R0146,O,POS,Kidney,66,Helsinki,Finland,0,"['A*02', 'A*32']","['B*15', 'B*08']","['C*01', 'C*07']","['DRB1*15', 'DRB1*14']","['DQA1*01:02', 'DQA1*03:01']","['DQB1*02', 'DQB1*06']","['DPA1*02:02', 'DPA1*01']","['DPB1*04', 'DPB1*01']","['A2', 'A19']","['B15', 'B8']","['Cw1', 'Cw7']","['DR2', 'DR6']","['DQ1', 'DQ3']","['DQ2', 'DQ1']","['DP2', 'DP1']","['DP4', 'DP1']",Bw4/Bw4,[],0.0,0.41,nan,0,2,2,0.0,0.6666666666666667,1.0,603.1672386167969
16,D0019_LK,kidney,False,AllocationPriority.LOCAL,D0019,O,POS,KD,62,Helsinki,Finland,16,"['A*01', 'A*02']","['B*07', 'B*44']","['C*07', 'C*07']","['DRB1*01', 'DRB1*11']","['DQA1*02:01', 'DQA1*01:02']","['DQB1*03', 'DQB1*06']","['DPA1*01', 'DPA1*01']","['DPB1*03', 'DPB1*17']","['A1', 'A2']","['B7', 'B12']","['Cw7', 'Cw7']","['DR1', 'DR5']","['DQ2', 'DQ1']","['DQ3', 'DQ1']","['DP1', 'DP1']","['DP3', 'DP17']",Bw4/Bw6,nan,R0065,O,NEG,Kidney,85,Helsinki,Finland,0,"['A*02', 'A*03']","['B*08', 'B*07']","['C*03', 'C*03']","['DRB1*01', 'DRB1*11']","['DQA1*01:02', 'DQA1*01:02']","['DQB1*06', 'DQB1*03']","['DPA1*02:02', 'DPA1*01']","['DPB1*04', 'DPB1*04']","['A2', 'A3']","['B8', 'B7']","['Cw3', 'Cw3']","['DR1', 'DR5']","['DQ1', 'DQ1']","['DQ1', 'DQ3']","['DP2', 'DP1']","['DP4', 'DP4']",Bw6/Bw6,[],0.0,0.41,nan,0,2
16,D0020_LK,kidney,False,AllocationPriority.PAYBACK,D0020,A,POS,KD,84,Helsinki,Finland,16,"['A*68', 'A*02']","['B*44', 'B*44']","['C*05', 'C*02']","['DRB1*01', 'DRB1*15']","['DQA1*05:01', 'DQA1*05:01']","['DQB1*02', 'DQB1*04']","['DPA1*01', 'DPA1*01']","['DPB1*04', 'DPB1*04']","['A28', 'A2']","['B12', 'B12']","['Cw5', 'Cw2']","['DR1', 'DR2']","['DQ1', 'DQ1']","['DQ2', 'DQ4']","['DP1', 'DP1']","['DP4', 'DP4']",Bw4/Bw4,nan,R0172,A,POS,Kidney,69,Odense,Denmark,0,"['A*02', 'A*01']","['B*44', 'B*27']","['C*08', 'C*02']","['DRB1*15', 'DRB1*01']","['DQA1*01:02', 'DQA1*03:01']","['DQB1*02', 'DQB1*03']","['DPA1*01', 'DPA1*01']","['DPB1*04', 'DPB1*04']","['A2', 'A1']","['B12', 'B27']","['Cw8', 'Cw2']","['DR2', 'DR1']","['DQ1', 'DQ3']","['DQ2', 'DQ3']","['DP1', 'DP1']","['DP4', 'DP4']",Bw4/Bw4,"['DPB1*13', 'B*53', 'B*07', 'C*01', 'DPB1*10', 'DPB1*26', 'DPB1*129', 'DRB1*07']",0.3134,0.58361,nan,0,1
16,D0019_RK,kidney,True,AllocationPriority.PRIORITY_7,D0019,O,POS,KD,62,Helsinki,Finland,16,"['A*01', 'A*02']","['B*07', 'B*44']","['C*07', 'C*07']","['DRB1*01', 'DRB1*11']","['DQA1*02:01', 'DQA1*01:02']","['DQB1*03', 'DQB1*06']","['DPA1*01', 'DPA1*01']","['DPB1*03', 'DPB1*17']","['A1', 'A2']","['B7', 'B12']","['Cw7', 'Cw7']","['DR1', 'DR5']","['DQ2', 'DQ1']","['DQ3', 'DQ1']","['DP1', 'DP1']","['DP3', 'DP17']",Bw4/Bw6,nan,R0339,O,POS,Kidney,78,Helsinki,Finland,0,"['A*01', 'A*02']","['B*44', 'B*07']","['C*07', 'C*08']","['DRB1*11', 'DRB1*08']","['DQA1*01:02', 'DQA1*03:01']","['DQB1*06', 'DQB1*06']","['DPA1*01', 'DPA1*01']","['DPB1*04', 'DPB1*04']","['A1', 'A2']","['B12', 'B7']","['Cw7', 'Cw8']","['DR5', 'DR8']","['DQ1', 'DQ3']","['DQ1', 'DQ1']","['DP1', 'DP1']","['DP4', 'DP4']",Bw4/Bw6,[],0.0,0.41,nan,1,0,1,0.0,0.8333333333333334,1.0,664.345423057711
16,D0020_RK,kidney,True,AllocationPriority.PRIORITY_7,D0020,A,POS,KD,84,Helsinki,Finland,16,"['A*68', 'A*02']","['B*44', 'B*44']","['C*05', 'C*02']","['DRB1*01', 'DRB1*15']","['DQA1*05:01', 'DQA1*05:01']","['DQB1*02', 'DQB1*04']","['DPA1*01', 'DPA1*01']","['DPB1*04', 'DPB1*04']","['A28', 'A2']","['B12', 'B12']","['Cw5', 'Cw2']","['DR1', 'DR2']","['DQ1', 'DQ1']","['DQ2', 'DQ4']","['DP1', 'DP1']","['DP4', 'DP4']",Bw4/Bw4,nan,R0824,A,POS,Kidney,55,Helsinki,Finland,0,"['A*25', 'A*68']","['B*44', 'B*07']","['C*02', 'C*01']","['DRB1*15', 'DRB1*01']","['DQA1*01:01', 'DQA1*01:03']","['DQB1*03', 'DQB1*05']","['DPA1*01', 'DPA1*01']","['DPB1*04', 'DPB1*14']","['A10', 'A28']","['B12', 'B7']","['Cw2', 'Cw1']","['DR2', 'DR1']","['DQ1', 'DQ1']","['DQ3', 'DQ1']","['DP1', 'DP1']","['DP4', 'DP14']",Bw4/Bw4,[],0.0,0.85,nan,0,1,1,0.0,0.8333333333333334,1.0,664.345423057711
17,D0021_LK,kidney,False,AllocationPriority.LOCAL,D0021,O,POS,KD,49,Aarhus,Denmark,17,"['A*03', 'A*01']","['B*40', 'B*07']","['C*07', 'C*04']","['DRB1*13', 'DRB1*01']","['DQA1*03:01', 'DQA1*02:01']","['DQB1*06', 'DQB1*02']","['DPA1*01', 'DPA1*01']","['DPB1*02', 'DPB1*03']","['A3', 'A1']","['B40', 'B7']","['Cw7', 'Cw4']","['DR6', 'DR1']","['DQ3', 'DQ2']","['DQ1', 'DQ2']","['DP1', 'DP1']","['DP2', 'DP3']",Bw6/Bw6,nan,R0697,A,POS,Kidney,69,Aarhus,Denmark,0,"['A*11', 'A*31']","['B*08', 'B*15']","['C*14', 'C*07']","['DRB1*03', 'DRB1*01']","['DQA1*04:01', 'DQA1*01:03']","['DQB1*05', 'DQB1*02']","['DPA1*02:02', 'DPA1*01']","['DPB1*04', 'DPB1*03']","['A11', 'A19']","['B8', 'B15']","['Cw14', 'Cw7']","['DR3', 'DR1']","['DQ4', 'DQ1']","['DQ1', 'DQ2']","['DP2', 'DP1']","['DP4', 'DP3']",Bw4/Bw4,"['DPB1*15', 'DPB1*424', 'DQB1*04', 'DPB1*04', 'C*15', 'C*03', 'C*18', 'C*14', 'DPB1*05']",0.879,0.10285,nan
17,D0021_RK,kidney,True,AllocationPriority.PRIORITY_7,D0021,O,POS,KD,49,Aarhus,Denmark,17,"['A*03', 'A*01']","['B*40', 'B*07']","['C*07', 'C*04']","['DRB1*13', 'DRB1*01']","['DQA1*03:01', 'DQA1*02:01']","['DQB1*06', 'DQB1*02']","['DPA1*01', 'DPA1*01']","['DPB1*02', 'DPB1*03']","['A3', 'A1']","['B40', 'B7']","['Cw7', 'Cw4']","['DR6', 'DR1']","['DQ3', 'DQ2']","['DQ1', 'DQ2']","['DP1', 'DP1']","['DP2', 'DP3']",Bw6/Bw6,nan,R1573,O,POS,Kidney,64,Aarhus,Denmark,0,"['A*01', 'A*03']","['B*08', 'B*18']","['C*05', 'C*03']","['DRB1*01', 'DRB1*13']","['DQA1*03:01', 'DQA1*05:01']","['DQB1*06', 'DQB1*03']","['DPA1*01', 'DPA1*01']","['DPB1*04', 'DPB1*03']","['A1', 'A3']","['B8', 'B18']","['Cw5', 'Cw3']","['DR1', 'DR6']","['DQ3', 'DQ1']","['DQ1', 'DQ3']","['DP1', 'DP1']","['DP4', 'DP3']",Bw6/Bw6,"['C*14', 'B*49', 'B*13', 'DRB1*13', 'DRB1*11', 'DPB1*19', 'B*27', 'B*14']",0.3097,0.2830229999999999,nan,0,2,2,0.0,0.6666666666666667,1.0,603.1672386167969
18,D0022_LK,kidney,False,AllocationPriority.LOCAL,D0022,A,POS,KD,62,Stockholm,Sweden,18,"['A*30', 'A*01']","['B*40', 'B*44']","['C*04', 'C*07']","['DRB1*08', 'DRB1*07']","['DQA1*05:01', 'DQA1*03:01']","['DQB1*03', 'DQB1*03']","['DPA1*01', 'DPA1*01']","['DPB1*01', 'DPB1*04']","['A19', 'A1']","['B40', 'B12']","['Cw4', 'Cw7']","['DR8', 'DR7']","['DQ1', 'DQ3']","['DQ3', 'DQ3']","['DP1', 'DP1']","['DP1', 'DP4']",Bw4/Bw4,nan,R0018,A,POS,Kidney,70,Stockholm,Sweden,0,"['A*02', 'A*02']","['B*40', 'B*44']","['C*07', 'C*03']","['DRB1*08', 'DRB1*04']","['DQA1*01:02', 'DQA1*02:01']","['DQB1*06', 'DQB1*06']","['DPA1*01', 'DPA1*01']","['DPB1*04', 'DPB1*04']","['A2', 'A2']","['B40', 'B12']","['Cw7', 'Cw3']","['DR8', 'DR4']","['DQ1', 'DQ2']","['DQ1', 'DQ1']","['DP1', 'DP1']","['DP4', 'DP4']",Bw4/Bw6,[],0.0,0.85,nan,1,2
18,D0022_RK,kidney,True,AllocationPriority.PRIORITY_7,D0022,A,POS,KD,62,Stockholm,Sweden,18,"['A*30', 'A*01']","['B*40', 'B*44']","['C*04', 'C*07']","['DRB1*08', 'DRB1*07']","['DQA1*05:01', 'DQA1*03:01']","['DQB1*03', 'DQB1*03']","['DPA1*01', 'DPA1*01']","['DPB1*01', 'DPB1*04']","['A19', 'A1']","['B40', 'B12']","['Cw4', 'Cw7']","['DR8', 'DR7']","['DQ1', 'DQ3']","['DQ3', 'DQ3']","['DP1', 'DP1']","['DP1', 'DP4']",Bw4/Bw4,nan,R0375,A,POS,Kidney,90,Helsinki,Finland,0,"['A*02', 'A*01']","['B*44', 'B*40']","['C*04', 'C*07']","['DRB1*10', 'DRB1*08']","['DQA1*01:02', 'DQA1*01:02']","['DQB1*06', 'DQB1*05']","['DPA1*01', 'DPA1*01']","['DPB1*04', 'DPB1*20']","['A2', 'A1']","['B12', 'B40']","['Cw4', 'Cw7']","['DR10', 'DR8']","['DQ1', 'DQ1']","['DQ1', 'DQ1']","['DP1', 'DP1']","['DP4', 'DP20']",Bw4/Bw6,"['B*44', 'DQA1*06:01', 'C*12', 'A*30', 'DPB1*06', 'DPB1*02', 'C*03', 'B*27', 'B*52']",0.5942,0.34493,nan,1,1,2,395.64825735091034,0.6666666666666667,0.9272998081009831,577.1075276177072
19,D0023_LK,kidney,False,AllocationPriority.PAYBACK,D0023,O,NEG,KD,57,Gothenburg,Sweden,19,"['A*02', 'A*03']","['B*07', 'B*35']","['C*02', 'C*03']","['DRB1*13', 'DRB1*04']","['DQA1*01:02', 'DQA1*05:01']","['DQB1*03', 'DQB1*02']","['DPA1*02:02', 'DPA1*01']","['DPB1*01', 'DPB1*11']","['A2', 'A3']","['B7', 'B35']","['Cw2', 'Cw3']","['DR6', 'DR4']","['DQ1', 'DQ1']","['DQ3', 'DQ2']","['DP2', 'DP1']","['DP1', 'DP11']",Bw6/Bw6,nan,R0973,O,POS,Kidney,74,Gothenburg,Sweden,0,"['A*01', 'A*01']","['B*13', 'B*40']","['C*04', 'C*07']","['DRB1*01', 'DRB1*03']","['DQA1*01:02', 'DQA1*01:01']","['DQB1*06', 'DQB1*06']","['DPA1*01', 'DPA1*01']","['DPB1*20', 'DPB1*02']","['A1', 'A1']","['B13', 'B40']","['Cw4', 'Cw7']","['DR1', 'DR3']","['DQ1', 'DQ1']","['DQ1', 'DQ1']","['DP1', 'DP1']","['DP20', 'DP2']",Bw4/Bw6,"['DPB1*16', 'DPB1*24', 'C*04', 'A*23', 'B*15', 'DQA1*01:01', 'DQA1*02:01', 'C*07']",0.8107,0.077613,nan
19,D0024_LK,kidney,False,AllocationPriority.LOCAL,D0024,O,POS,KD,33,Oslo,Norway,19,"['A*03', 'A*02']","['B*07', 'B*07']","['C*16', 'C*05']","['DRB1*13', 'DRB1*01']","['DQA1*02:01', 'DQA1*01:02']","['DQB1*05', 'DQB1*06']","['DPA1*01', 'DPA1*01']","['DPB1*06', 'DPB1*04']","['A3', 'A2']","['B7', 'B7']","['Cw16', 'Cw5']","['DR6', 'DR1']","['DQ2', 'DQ1']","['DQ1', 'DQ1']","['DP1', 'DP1']","['DP6', 'DP4']",Bw6/Bw6,nan,R0195,O,POS,Kidney,83,Oslo,Norway,0,"['A*03', 'A*03']","['B*15', 'B*07']","['C*03', 'C*07']","['DRB1*01', 'DRB1*13']","['DQA1*01:02', 'DQA1*01:01']","['DQB1*03', 'DQB1*03']","['DPA1*01', 'DPA1*02:02']","['DPB1*03', 'DPB1*03']","['A3', 'A3']","['B15', 'B7']","['Cw3', 'Cw7']","['DR1', 'DR6']","['DQ1', 'DQ1']","['DQ3', 'DQ3']","['DP1', 'DP2']","['DP3', 'DP3']",Bw4/Bw6,[],0.0,0.41,nan,0,1
19,D0023_RK,kidney,True,AllocationPriority.PRIORITY_7,D0023,O,NEG,KD,57,Gothenburg,Sweden,19,"['A*02', 'A*03']","['B*07', 'B*35']","['C*02', 'C*03']","['DRB1*13', 'DRB1*04']","['DQA1*01:02', 'DQA1*05:01']","['DQB1*03', 'DQB1*02']","['DPA1*02:02', 'DPA1*01']","['DPB1*01', 'DPB1*11']","['A2', 'A3']","['B7', 'B35']","['Cw2', 'Cw3']","['DR6', 'DR4']","['DQ1', 'DQ1']","['DQ3', 'DQ2']","['DP2', 'DP1']","['DP1', 'DP11']",Bw6/Bw6,nan,R2107,O,NEG,Kidney,86,Aarhus,Denmark,0,"['A*03', 'A*02']","['B*07', 'B*27']","['C*12', 'C*03']","['DRB1*13', 'DRB1*04']","['DQA1*03:01', 'DQA1*01:02']","['DQB1*06', 'DQB1*03']","['DPA1*01', 'DPA1*01']","['DPB1*04', 'DPB1*01']","['A3', 'A2']","['B7', 'B27']","['Cw12', 'Cw3']","['DR6', 'DR4']","['DQ3', 'DQ1']","['DQ1', 'DQ3']","['DP1', 'DP1']","['DP4', 'DP1']",Bw4/Bw6,"['DPB1*01', 'B*35', 'C*14', 'DPB1*11', 'DPB1*10', 'B*50', 'B*53', 'DPB1*02', 'B*54']",0.3017,0.286303,nan,0,1,1,202.6942002796759,0.8333333333333334,0.9627550305520983,650.9947961249729
19,D0024_RK,kidney,True,AllocationPriority.PRIORITY_7,D0024,O,POS,KD,33,Oslo,Norway,19,"['A*03', 'A*02']","['B*07', 'B*07']","['C*16', 'C*05']","['DRB1*13', 'DRB1*01']","['DQA1*02:01', 'DQA1*01:02']","['DQB1*05', 'DQB1*06']","['DPA1*01', 'DPA1*01']","['DPB1*06', 'DPB1*04']","['A3', 'A2']","['B7', 'B7']","['Cw16', 'Cw5']","['DR6', 'DR1']","['DQ2', 'DQ1']","['DQ1', 'DQ1']","['DP1', 'DP1']","['DP6', 'DP4']",Bw6/Bw6,nan,R1262,O,POS,Kidney,57,Gothenburg,Sweden,0,"['A*03', 'A*02']","['B*18', 'B*07']","['C*01', 'C*07']","['DRB1*11', 'DRB1*01']","['DQA1*01:02', 'DQA1*02:01']","['DQB1*06', 'DQB1*06']","['DPA1*01', 'DPA1*01']","['DPB1*04', 'DPB1*04']","['A3', 'A2']","['B18', 'B7']","['Cw1', 'Cw7']","['DR5', 'DR1']","['DQ1', 'DQ2']","['DQ1', 'DQ1']","['DP1', 'DP1']","['DP4', 'DP4']",Bw6/Bw6,[],0.0,0.41,nan,1,0,1,255.07748105944097,0.8333333333333334,0.9531296259301052,647.5445265156868
20,D0025_LK,kidney,False,AllocationPriority.LOCAL,D0025,A,POS,KD,67,Oslo,Norway,20,"['A*74', 'A*02']","['B*07', 'B*52']","['C*04', 'C*07']","['DRB1*01', 'DRB1*15']","['DQA1*03:01', 'DQA1*03:01']","['DQB1*06', 'DQB1*05']","['DPA1*01', 'DPA1*02:02']","['DPB1*14', 'DPB1*11']","['A19', 'A2']","['B7', 'B5']","['Cw4', 'Cw7']","['DR1', 'DR2']","['DQ3', 'DQ3']","['DQ1', 'DQ1']","['DP1', 'DP2']","['DP14', 'DP11']",Bw4/Bw4,nan,R0355,A,POS,Kidney,86,Oslo,Norway,0,"['A*02', 'A*32']","['B*51', 'B*08']","['C*06', 'C*04']","['DRB1*15', 'DRB1*01']","['DQA1*01:01', 'DQA1*03:01']","['DQB1*06', 'DQB1*06']","['DPA1*01', 'DPA1*01']","['DPB1*03', 'DPB1*04']","['A2', 'A19']","['B5', 'B8']","['Cw6', 'Cw4']","['DR2', 'DR1']","['DQ1', 'DQ3']","['DQ1', 'DQ1']","['DP1', 'DP1']","['DP3', 'DP4']",Bw4/Bw4,"['A*30', 'DRB1*03', 'B*37', 'DPB1*11', 'DPB1*06', 'A*31']",0.2262,0.65773,nan,0,1
20,D0026_LK,kidney,False,AllocationPriority.LOCAL,D0026,O,POS,KD,61,Copenhagen,Denmark,20,"['A*02', 'A*24']","['B*27', 'B*15']","['C*07', 'C*07']","['DRB1*03', 'DRB1*13']","['DQA1*05:01', 'DQA1*01:02']","['DQB1*06', 'DQB1*03']","['DPA1*01', 'DPA1*01']","['DPB1*04', 'DPB1*04']","['A2', 'A9']","['B27', 'B15']","['Cw7', 'Cw7']","['DR3', 'DR6']","['DQ1', 'DQ1']","['DQ1', 'DQ3']","['DP1', 'DP1']","['DP4', 'DP4']",Bw6/Bw6,nan,R0756,O,POS,Kidney,70,Copenhagen,Denmark,0,"['A*02', 'A*02']","['B*15', 'B*27']","['C*03', 'C*02']","['DRB1*13', 'DRB1*03']","['DQA1*05:01', 'DQA1*01:01']","['DQB1*05', 'DQB1*06']","['DPA1*01', 'DPA1*01']","['DPB1*03', 'DPB1*13']","['A2', 'A2']","['B15', 'B27']","['Cw3', 'Cw2']","['DR6', 'DR3']","['DQ1', 'DQ1']","['DQ1', 'DQ1']","['DP1', 'DP1']","['DP3', 'DP13']",Bw4/Bw4,[],0.0,0.41,nan,0,1
20,D0027_LK,kidney,False,AllocationPriority.LOCAL,D0027,AB,POS,KD,27,Oslo,Norway,20,"['A*26', 'A*03']","['B*15', 'B*49']","['C*02', 'C*07']","['DRB1*04', 'DRB1*11']","['DQA1*01:02', 'DQA1*04:01']","['DQB1*03', 'DQB1*05']","['DPA1*01', 'DPA1*02:02']","['DPB1*03', 'DPB1*03']","['A10', 'A3']","['B15', 'B21']","['Cw2', 'Cw7']","['DR4', 'DR5']","['DQ1', 'DQ4']","['DQ3', 'DQ1']","['DP1', 'DP2']","['DP3', 'DP3']",Bw6/Bw6,nan,R1590,AB,POS,Kidney,77,Oslo,Norway,0,"['A*03', 'A*01']","['B*44', 'B*07']","['C*03', 'C*03']","['DRB1*11', 'DRB1*13']","['DQA1*01:02', 'DQA1*05:01']","['DQB1*02', 'DQB1*06']","['DPA1*01', 'DPA1*01']","['DPB1*04', 'DPB1*02']","['A3', 'A1']","['B12', 'B7']","['Cw3', 'Cw3']","['DR5', 'DR6']","['DQ1', 'DQ1']","['DQ2', 'DQ1']","['DP1', 'DP1']","['DP4', 'DP2']",Bw4/Bw6,"['B*08', 'DPB1*35', 'C*04', 'A*25', 'DQA1*01:03', 'DPB1*15']",0.3153,0.6847,nan,1,3
20,D0025_RK,kidney,True,AllocationPriority.PRIORITY_7,D0025,A,POS,KD,67,Oslo,Norway,20,"['A*74', 'A*02']","['B*07', 'B*52']","['C*04', 'C*07']","['DRB1*01', 'DRB1*15']","['DQA1*03:01', 'DQA1*03:01']","['DQB1*06', 'DQB1*05']","['DPA1*01', 'DPA1*02:02']","['DPB1*14', 'DPB1*11']","['A19', 'A2']","['B7', 'B5']","['Cw4', 'Cw7']","['DR1', 'DR2']","['DQ3', 'DQ3']","['DQ1', 'DQ1']","['DP1', 'DP2']","['DP14', 'DP11']",Bw4/Bw4,nan,R0945,A,POS,Kidney,86,Oslo,Norway,0,"['A*02', 'A*01']","['B*07', 'B*27']","['C*07', 'C*07']","['DRB1*15', 'DRB1*01']","['DQA1*03:01', 'DQA1*05:01']","['DQB1*04', 'DQB1*02']","['DPA1*01', 'DPA1*02:02']","['DPB1*10', 'DPB1*02']","['A2', 'A1']","['B7', 'B27']","['Cw7', 'Cw7']","['DR2', 'DR1']","['DQ3', 'DQ1']","['DQ4', 'DQ2']","['DP1', 'DP2']","['DP10', 'DP2']",Bw4/Bw6,"['B*07', 'DRB1*08', 'C*17', 'DPB1*31', 'B*47', 'DPB1*16', 'DPB1*26', 'B*53', 'C*01']",0.2653,0.624495,nan,0,2,2,0.0,0.6666666666666667,1.0,603.1672386167969
20,D0026_RK,kidney,True,AllocationPriority.PRIORITY_7,D0026,O,POS,KD,61,Copenhagen,Denmark,20,"['A*02', 'A*24']","['B*27', 'B*15']","['C*07', 'C*07']","['DRB1*03', 'DRB1*13']","['DQA1*05:01', 'DQA1*01:02']","['DQB1*06', 'DQB1*03']","['DPA1*01', 'DPA1*01']","['DPB1*04', 'DPB1*04']","['A2', 'A9']","['B27', 'B15']","['Cw7', 'Cw7']","['DR3', 'DR6']","['DQ1', 'DQ1']","['DQ1', 'DQ3']","['DP1', 'DP1']","['DP4', 'DP4']",Bw6/Bw6,nan,R0806,O,POS,Kidney,72,Copenhagen,Denmark,0,"['A*11', 'A*02']","['B*15', 'B*27']","['C*05', 'C*01']","['DRB1*03', 'DRB1*13']","['DQA1*01:02', 'DQA1*05:01']","['DQB1*05', 'DQB1*03']","['DPA1*02:02', 'DPA1*01']","['DPB1*04', 'DPB1*01']","['A11', 'A2']","['B15', 'B27']","['Cw5', 'Cw1']","['DR3', 'DR6']","['DQ1', 'DQ1']","['DQ1', 'DQ3']","['DP2', 'DP1']","['DP4', 'DP1']",Bw4/Bw4,"['A*24', 'DPB1*115', 'DRB1*07', 'DPB1*31', 'C*16', 'DQA1*05:01', 'A*03', 'B*38', 'DPB1*20']",0.5837,0.170683,nan,0,1,1,0.0,0.8333333333333334,1.0,664.345423057711
20,D0027_RK,kidney,True,AllocationPriority.PRIORITY_7,D0027,AB,POS,KD,27,Oslo,Norway,20,"['A*26', 'A*03']","['B*15', 'B*49']","['C*02', 'C*07']","['DRB1*04', 'DRB1*11']","['DQA1*01:02', 'DQA1*04:01']","['DQB1*03', 'DQB1*05']","['DPA1*01', 'DPA1*02:02']","['DPB1*03', 'DPB1*03']","['A10', 'A3']","['B15', 'B21']","['Cw2', 'Cw7']","['DR4', 'DR5']","['DQ1', 'DQ4']","['DQ3', 'DQ1']","['DP1', 'DP2']","['DP3', 'DP3']",Bw6/Bw6,nan,R1024,AB,POS,Kidney,67,Gothenburg,Sweden,0,"['A*02', 'A*03']","['B*37', 'B*07']","['C*01', 'C*15']","['DRB1*11', 'DRB1*04']","['DQA1*03:01', 'DQA1*03:01']","['DQB1*03', 'DQB1*05']","['DPA1*02:02', 'DPA1*01']","['DPB1*04', 'DPB1*04']","['A2', 'A3']","['B37', 'B7']","['Cw1', 'Cw15']","['DR5', 'DR4']","['DQ3', 'DQ3']","['DQ3', 'DQ1']","['DP2', 'DP1']","['DP4', 'DP4']",Bw4/Bw6,[],0.0,1.0,nan,0,3,3,255.07748105944097,0.5,0.9531296259301052,525.1881576338586
23,D0028_LK,kidney,False,AllocationPriority.PAYBACK,D0028,A,NEG,KD,63,Helsinki,Finland,23,"['A*03', 'A*02']","['B*49', 'B*07']","['C*03', 'C*05']","['DRB1*13', 'DRB1*04']","['DQA1*02:01', 'DQA1*03:01']","['DQB1*02', 'DQB1*06']","['DPA1*01', 'DPA1*01']","['DPB1*03', 'DPB1*01']","['A3', 'A2']","['B21', 'B7']","['Cw3', 'Cw5']","['DR6', 'DR4']","['DQ2', 'DQ3']","['DQ2', 'DQ1']","['DP1', 'DP1']","['DP3', 'DP1']",Bw4/Bw6,nan,R0107,A,POS,Kidney,70,Helsinki,Finland,0,"['A*03', 'A*02']","['B*07', 'B*35']","['C*07', 'C*01']","['DRB1*04', 'DRB1*14']","['DQA1*01:03', 'DQA1*01:01']","['DQB1*02', 'DQB1*06']","['DPA1*01', 'DPA1*01']","['DPB1*04', 'DPB1*05']","['A3', 'A2']","['B7', 'B35']","['Cw7', 'Cw1']","['DR4', 'DR6']","['DQ1', 'DQ1']","['DQ2', 'DQ1']","['DP1', 'DP1']","['DP4', 'DP5']",Bw6/Bw6,[],0.0,0.85,nan,0,1
23,D0029_LK,kidney,False,AllocationPriority.PAYBACK,D0029,A,POS,KD,44,Gothenburg,Sweden,23,"['A*02', 'A*03']","['B*08', 'B*35']","['C*01', 'C*07']","['DRB1*12', 'DRB1*15']","['DQA1*01:02', 'DQA1*01:02']","['DQB1*02', 'DQB1*06']","['DPA1*01', 'DPA1*01']","['DPB1*03', 'DPB1*02']","['A2', 'A3']","['B8', 'B35']","['Cw1', 'Cw7']","['DR5', 'DR2']","['DQ1', 'DQ1']","['DQ2', 'DQ1']","['DP1', 'DP1']","['DP3', 'DP2']",Bw6/Bw6,nan,R1455,A,POS,Kidney,84,Skane,Sweden,0,"['A*01', 'A*03']","['B*15', 'B*41']","['C*01', 'C*03']","['DRB1*04', 'DRB1*13']","['DQA1*05:01', 'DQA1*03:01']","['DQB1*03', 'DQB1*03']","['DPA1*01', 'DPA1*01']","['DPB1*19', 'DPB1*05']","['A1', 'A3']","['B15', 'B41']","['Cw1', 'Cw3']","['DR4', 'DR6']","['DQ1', 'DQ3']","['DQ3', 'DQ3']","['DP1', 'DP1']","['DP19', 'DP5']",Bw4/Bw6,"['A*68', 'DPB1*01', 'B*39', 'B*49', 'DPB1*10', 'B*37', 'DRB1*13', 'DPB1*04', 'DRB1*10']",0.8687,0.111605,nan
23,D0028_RK,kidney,True,AllocationPriority.PRIORITY_7,D0028,A,NEG,KD,63,Helsinki,Finland,23,"['A*03', 'A*02']","['B*49', 'B*07']","['C*03', 'C*05']","['DRB1*13', 'DRB1*04']","['DQA1*02:01', 'DQA1*03:01']","['DQB1*02', 'DQB1*06']","['DPA1*01', 'DPA1*01']","['DPB1*03', 'DPB1*01']","['A3', 'A2']","['B21', 'B7']","['Cw3', 'Cw5']","['DR6', 'DR4']","['DQ2', 'DQ3']","['DQ2', 'DQ1']","['DP1', 'DP1']","['DP3', 'DP1']",Bw4/Bw6,nan,R1529,A,NEG,Kidney,73,Oslo,Norway,0,"['A*02', 'A*03']","['B*14', 'B*07']","['C*05', 'C*03']","['DRB1*04', 'DRB1*13']","['DQA1*01:02', 'DQA1*05:01']","['DQB1*05', 'DQB1*03']","['DPA1*01', 'DPA1*01']","['DPB1*04', 'DPB1*04']","['A2', 'A3']","['B14', 'B7']","['Cw5', 'Cw3']","['DR4', 'DR6']","['DQ1', 'DQ1']","['DQ1', 'DQ3']","['DP1', 'DP1']","['DP4', 'DP4']",Bw6/Bw6,[],0.0,0.85,nan,0,1,1,786.5519919158309,0.8333333333333334,0.8554714201606649,612.5385031123888
23,D0029_RK,kidney,True,AllocationPriority.PAYBACK,D0029,A,POS,KD,44,Gothenburg,Sweden,23,"['A*02', 'A*03']","['B*08', 'B*35']","['C*01', 'C*07']","['DRB1*12', 'DRB1*15']","['DQA1*01:02', 'DQA1*01:02']","['DQB1*02', 'DQB1*06']","['DPA1*01', 'DPA1*01']","['DPB1*03', 'DPB1*02']","['A2', 'A3']","['B8', 'B35']","['Cw1', 'Cw7']","['DR5', 'DR2']","['DQ1', 'DQ1']","['DQ2', 'DQ1']","['DP1', 'DP1']","['DP3', 'DP2']",Bw6/Bw6,nan,R0731,A,POS,Kidney,77,Aarhus,Denmark,0,"['A*03', 'A*02']","['B*35', 'B*37']","['C*03', 'C*07']","['DRB1*11', 'DRB1*15']","['DQA1*05:01', 'DQA1*01:02']","['DQB1*02', 'DQB1*03']","['DPA1*01', 'DPA1*01']","['DPB1*04', 'DPB1*04']","['A3', 'A2']","['B35', 'B37']","['Cw3', 'Cw7']","['DR5', 'DR2']","['DQ1', 'DQ1']","['DQ2', 'DQ3']","['DP1', 'DP1']","['DP4', 'DP4']",Bw4/Bw6,"['A*31', 'A*11', 'B*51', 'C*12', 'B*07', 'B*46', 'C*08', 'DRB1*13']",0.4844,0.4382599999999999,nan,0,1
24,D0030_LK,kidney,False,AllocationPriority.LOCAL,D0030,A,POS,KD,46,Oslo,Norway,24,"['A*02', 'A*02']","['B*15', 'B*07']","['C*06', 'C*07']","['DRB1*15', 'DRB1*07']","['DQA1*01:02', 'DQA1*05:01']","['DQB1*02', 'DQB1*03']","['DPA1*01', 'DPA1*01']","['DPB1*04', 'DPB1*04']","['A2', 'A2']","['B15', 'B7']","['Cw6', 'Cw7']","['DR2', 'DR7']","['DQ1', 'DQ1']","['DQ2', 'DQ3']","['DP1', 'DP1']","['DP4', 'DP4']",Bw4/Bw6,nan,R0546,A,POS,Kidney,67,Oslo,Norway,0,"['A*02', 'A*03']","['B*35', 'B*38']","['C*03', 'C*06']","['DRB1*07', 'DRB1*15']","['DQA1*01:01', 'DQA1*02:01']","['DQB1*06', 'DQB1*03']","['DPA1*01', 'DPA1*01']","['DPB1*03', 'DPB1*04']","['A2', 'A3']","['B35', 'B16']","['Cw3', 'Cw6']","['DR7', 'DR2']","['DQ1', 'DQ2']","['DQ1', 'DQ3']","['DP1', 'DP1']","['DP3', 'DP4']",Bw4/Bw6,[],0.0,0.85,nan,0,2
24,D0031_LK,kidney,False,AllocationPriority.PAYBACK,D0031,B,POS,KD,37,Helsinki,Finland,24,"['A*32', 'A*24']","['B*14', 'B*15']","['C*07', 'C*06']","['DRB1*01', 'DRB1*13']","['DQA1*01:03', 'DQA1*02:01']","['DQB1*02', 'DQB1*03']","['DPA1*01', 'DPA1*01']","['DPB1*10', 'DPB1*02']","['A19', 'A9']","['B14', 'B15']","['Cw7', 'Cw6']","['DR1', 'DR6']","['DQ1', 'DQ2']","['DQ2', 'DQ3']","['DP1', 'DP1']","['DP10', 'DP2']",Bw6/Bw6,nan,R0511,B,POS,Kidney,81,Oslo,Norway,0,"['A*24', 'A*01']","['B*07', 'B*40']","['C*01', 'C*16']","['DRB1*13', 'DRB1*01']","['DQA1*01:02', 'DQA1*03:01']","['DQB1*06', 'DQB1*04']","['DPA1*01', 'DPA1*01']","['DPB1*04', 'DPB1*01']","['A9', 'A1']","['B7', 'B40']","['Cw1', 'Cw16']","['DR6', 'DR1']","['DQ1', 'DQ3']","['DQ1', 'DQ4']","['DP1', 'DP1']","['DP4', 'DP1']",Bw4/Bw6,[],0.0,0.52,nan,0,3
24,D0032_LK,kidney,False,AllocationPriority.LOCAL,D0032,O,POS,KD,58,Stockholm,Sweden,24,"['A*01', 'A*03']","['B*07', 'B*40']","['C*07', 'C*06']","['DRB1*03', 'DRB1*14']","['DQA1*01:01', 'DQA1*05:01']","['DQB1*03', 'DQB1*06']","['DPA1*02:02', 'DPA1*02:02']","['DPB1*02', 'DPB1*04']","['A1', 'A3']","['B7', 'B40']","['Cw7', 'Cw6']","['DR3', 'DR6']","['DQ1', 'DQ1']","['DQ3', 'DQ1']","['DP2', 'DP2']","['DP2', 'DP4']",Bw6/Bw6,nan,R0810,A,POS,Kidney,35,Stockholm,Sweden,0,"['A*02', 'A*02']","['B*18', 'B*27']","['C*03', 'C*03']","['DRB1*12', 'DRB1*14']","['DQA1*05:01', 'DQA1*05:01']","['DQB1*06', 'DQB1*05']","['DPA1*01', 'DPA1*01']","['DPB1*04', 'DPB1*04']","['A2', 'A2']","['B18', 'B27']","['Cw3', 'Cw3']","['DR5', 'DR6']","['DQ1', 'DQ1']","['DQ1', 'DQ1']","['DP1', 'DP1']","['DP4', 'DP4']",Bw4/Bw6,"['B*54', 'A*26', 'DRB1*09', 'C*05', 'DPA1*01', 'DPB1*26', 'B*39']",0.9952,0.0040800000000001,nan
24,D0030_RK,kidney,True,AllocationPriority.PRIORITY_7,D0030,A,POS,KD,46,Oslo,Norway,24,"['A*02', 'A*02']","['B*15', 'B*07']","['C*06', 'C*07']","['DRB1*15', 'DRB1*07']","['DQA1*01:02', 'DQA1*05:01']","['DQB1*02', 'DQB1*03']","['DPA1*01', 'DPA1*01']","['DPB1*04', 'DPB1*04']","['A2', 'A2']","['B15', 'B7']","['Cw6', 'Cw7']","['DR2', 'DR7']","['DQ1', 'DQ1']","['DQ2', 'DQ3']","['DP1', 'DP1']","['DP4', 'DP4']",Bw4/Bw6,nan,R0111,A,POS,Kidney,80,Stockholm,Sweden,0,"['A*02', 'A*02']","['B*15', 'B*07']","['C*07', 'C*04']","['DRB1*15', 'DRB1*07']","['DQA1*03:01', 'DQA1*03:01']","['DQB1*04', 'DQB1*05']","['DPA1*01', 'DPA1*01']","['DPB1*04', 'DPB1*02']","['A2', 'A2']","['B15', 'B7']","['Cw7', 'Cw4']","['DR2', 'DR7']","['DQ3', 'DQ3']","['DQ4', 'DQ1']","['DP1', 'DP1']","['DP4', 'DP2']",Bw4/Bw6,[],0.0,0.85,nan,0,0,0,416.29852378382344,1.0,0.9235053307981119,698.1037490319361
24,D0031_RK,kidney,True,AllocationPriority.PAYBACK,D0031,B,POS,KD,37,Helsinki,Finland,24,"['A*32', 'A*24']","['B*14', 'B*15']","['C*07', 'C*06']","['DRB1*01', 'DRB1*13']","['DQA1*01:03', 'DQA1*02:01']","['DQB1*02', 'DQB1*03']","['DPA1*01', 'DPA1*01']","['DPB1*10', 'DPB1*02']","['A19', 'A9']","['B14', 'B15']","['Cw7', 'Cw6']","['DR1', 'DR6']","['DQ1', 'DQ2']","['DQ2', 'DQ3']","['DP1', 'DP1']","['DP10', 'DP2']",Bw6/Bw6,nan,R0995,B,POS,Kidney,71,Copenhagen,Denmark,0,"['A*24', 'A*03']","['B*40', 'B*08']","['C*03', 'C*02']","['DRB1*13', 'DRB1*01']","['DQA1*01:01', 'DQA1*03:01']","['DQB1*06', 'DQB1*06']","['DPA1*01', 'DPA1*01']","['DPB1*04', 'DPB1*04']","['A9', 'A3']","['B40', 'B8']","['Cw3', 'Cw2']","['DR6', 'DR1']","['DQ1', 'DQ3']","['DQ1', 'DQ1']","['DP1', 'DP1']","['DP4', 'DP4']",Bw4/Bw6,"['B*58', 'B*51', 'C*15', 'A*25', 'DPB1*13', 'B*73', 'DQB1*03']",0.4141,0.304668,nan,0,3
24,D0032_RK,kidney,True,AllocationPriority.PRIORITY_1,D0032,O,POS,KD,58,Stockholm,Sweden,24,"['A*01', 'A*03']","['B*07', 'B*40']","['C*07', 'C*06']","['DRB1*03', 'DRB1*14']","['DQA1*01:01', 'DQA1*05:01']","['DQB1*03', 'DQB1*06']","['DPA1*02:02', 'DPA1*02:02']","['DPB1*02', 'DPB1*04']","['A1', 'A3']","['B7', 'B40']","['Cw7', 'Cw6']","['DR3', 'DR6']","['DQ1', 'DQ1']","['DQ3', 'DQ1']","['DP2', 'DP2']","['DP2', 'DP4']",Bw6/Bw6,nan,R1782,A,POS,Kidney,69,Oslo,Norway,0,"['A*01', 'A*24']","['B*07', 'B*08']","['C*03', 'C*07']","['DRB1*04', 'DRB1*04']","['DQA1*05:01', 'DQA1*03:01']","['DQB1*03', 'DQB1*06']","['DPA1*01', 'DPA1*01']","['DPB1*09', 'DPB1*04']","['A1', 'A9']","['B7', 'B8']","['Cw3', 'Cw7']","['DR4', 'DR4']","['DQ1', 'DQ3']","['DQ3', 'DQ1']","['DP1', 'DP1']","['DP9', 'DP4']",Bw4/Bw6,"['B*13', 'B*39', 'DPA1*01', 'C*04', 'DPB1*424', 'DPB1*05']",0.9984,0.0013599999999999,nan
25,D0033_LK,kidney,False,AllocationPriority.LOCAL,D0033,A,POS,KD,25,Odense,Denmark,25,"['A*03', 'A*01']","['B*15', 'B*55']","['C*02', 'C*05']","['DRB1*15', 'DRB1*03']","['DQA1*04:01', 'DQA1*03:01']","['DQB1*06', 'DQB1*02']","['DPA1*01', 'DPA1*01']","['DPB1*01', 'DPB1*04']","['A3', 'A1']","['B15', 'B22']","['Cw2', 'Cw5']","['DR2', 'DR3']","['DQ4', 'DQ3']","['DQ1', 'DQ2']","['DP1', 'DP1']","['DP1', 'DP4']",Bw4/Bw6,nan,R1357,A,POS,Kidney,89,Odense,Denmark,0,"['A*02', 'A*02']","['B*27', 'B*07']","['C*02', 'C*07']","['DRB1*03', 'DRB1*15']","['DQA1*05:01', 'DQA1*05:01']","['DQB1*05', 'DQB1*02']","['DPA1*01', 'DPA1*01']","['DPB1*04', 'DPB1*04']","['A2', 'A2']","['B27', 'B7']","['Cw2', 'Cw7']","['DR3', 'DR2']","['DQ1', 'DQ1']","['DQ1', 'DQ2']","['DP1', 'DP1']","['DP4', 'DP4']",Bw4/Bw6,"['A*03', 'DPB1*14', 'DQA1*01:03', 'DPB1*20', 'A*24', 'B*41', 'DPB1*26', 'A*68', 'DRB1*08']",0.42,0.493,nan,0,4
25,D0033_RK,kidney,True,AllocationPriority.PRIORITY_7,D0033,A,POS,KD,25,Odense,Denmark,25,"['A*03', 'A*01']","['B*15', 'B*55']","['C*02', 'C*05']","['DRB1*15', 'DRB1*03']","['DQA1*04:01', 'DQA1*03:01']","['DQB1*06', 'DQB1*02']","['DPA1*01', 'DPA1*01']","['DPB1*01', 'DPB1*04']","['A3', 'A1']","['B15', 'B22']","['Cw2', 'Cw5']","['DR2', 'DR3']","['DQ4', 'DQ3']","['DQ1', 'DQ2']","['DP1', 'DP1']","['DP1', 'DP4']",Bw4/Bw6,nan,R0590,A,POS,Kidney,69,Aarhus,Denmark,0,"['A*01', 'A*03']","['B*08', 'B*15']","['C*07', 'C*03']","['DRB1*07', 'DRB1*03']","['DQA1*04:01', 'DQA1*01:02']","['DQB1*03', 'DQB1*05']","['DPA1*01', 'DPA1*01']","['DPB1*04', 'DPB1*04']","['A1', 'A3']","['B8', 'B15']","['Cw7', 'Cw3']","['DR7', 'DR3']","['DQ4', 'DQ1']","['DQ3', 'DQ1']","['DP1', 'DP1']","['DP4', 'DP4']",Bw4/Bw6,"['A*23', 'DPB1*31', 'DRB1*13', 'DPB1*09', 'DRB1*15', 'B*41', 'C*08', 'C*01', 'DPB1*01']",0.464,0.4556,nan,1,1,2,85.31562476063671,0.6666666666666667,0.9843232917702917,597.5478519932965
26,D0034_LK,kidney,False,AllocationPriority.PAYBACK,D0034,O,POS,KD,57,Oslo,Norway,26,"['A*02', 'A*01']","['B*08', 'B*08']","['C*01', 'C*07']","['DRB1*04', 'DRB1*01']","['DQA1*05:01', 'DQA1*03:01']","['DQB1*03', 'DQB1*06']","['DPA1*01', 'DPA1*01']","['DPB1*04', 'DPB1*02']","['A2', 'A1']","['B8', 'B8']","['Cw1', 'Cw7']","['DR4', 'DR1']","['DQ1', 'DQ3']","['DQ3', 'DQ1']","['DP1', 'DP1']","['DP4', 'DP2']",Bw6/Bw6,nan,R0807,A,POS,Kidney,76,Stockholm,Sweden,0,"['A*01', 'A*68']","['B*40', 'B*07']","['C*04', 'C*02']","['DRB1*12', 'DRB1*03']","['DQA1*01:02', 'DQA1*03:01']","['DQB1*06', 'DQB1*02']","['DPA1*01', 'DPA1*01']","['DPB1*04', 'DPB1*04']","['A1', 'A28']","['B40', 'B7']","['Cw4', 'Cw2']","['DR5', 'DR3']","['DQ1', 'DQ3']","['DQ1', 'DQ2']","['DP1', 'DP1']","['DP4', 'DP4']",Bw6/Bw6,"['DRB1*13', 'DPA1*02:02', 'B*52', 'DQA1*01:02', 'B*44', 'A*25', 'DPB1*11', 'C*04', 'C*05']",0.8522,0.12563,nan
26,D0034_RK,kidney,True,AllocationPriority.PRIORITY_3,D0034,O,POS,KD,57,Oslo,Norway,26,"['A*02', 'A*01']","['B*08', 'B*08']","['C*01', 'C*07']","['DRB1*04', 'DRB1*01']","['DQA1*05:01', 'DQA1*03:01']","['DQB1*03', 'DQB1*06']","['DPA1*01', 'DPA1*01']","['DPB1*04', 'DPB1*02']","['A2', 'A1']","['B8', 'B8']","['Cw1', 'Cw7']","['DR4', 'DR1']","['DQ1', 'DQ3']","['DQ3', 'DQ1']","['DP1', 'DP1']","['DP4', 'DP2']",Bw6/Bw6,nan,R0692,O,POS,Kidney,89,Aarhus,Denmark,0,"['A*01', 'A*02']","['B*15', 'B*08']","['C*14', 'C*03']","['DRB1*04', 'DRB1*01']","['DQA1*05:01', 'DQA1*01:03']","['DQB1*06', 'DQB1*06']","['DPA1*01', 'DPA1*01']","['DPB1*02', 'DPB1*04']","['A1', 'A2']","['B15', 'B8']","['Cw14', 'Cw3']","['DR4', 'DR1']","['DQ1', 'DQ1']","['DQ1', 'DQ1']","['DP1', 'DP1']","['DP2', 'DP4']",Bw4/Bw6,"['B*48', 'A*31', 'A*23', 'C*15', 'DQB1*03', 'DRB1*01', 'DRB1*12', 'C*08', 'B*51']",0.5711,0.1758489999999999,nan,0,0
28,D0035_LK,kidney,False,AllocationPriority.LOCAL,D0035,O,POS,KD,36,Uppsala,Sweden,28,"['A*32', 'A*02']","['B*27', 'B*07']","['C*03', 'C*01']","['DRB1*09', 'DRB1*07']","['DQA1*02:01', 'DQA1*05:01']","['DQB1*03', 'DQB1*03']","['DPA1*01', 'DPA1*01']","['DPB1*03', 'DPB1*04']","['A19', 'A2']","['B27', 'B7']","['Cw3', 'Cw1']","['DR9', 'DR7']","['DQ2', 'DQ1']","['DQ3', 'DQ3']","['DP1', 'DP1']","['DP3', 'DP4']",Bw4/Bw4,nan,R1043,O,POS,Kidney,66,Uppsala,Sweden,0,"['A*02', 'A*02']","['B*44', 'B*07']","['C*05', 'C*07']","['DRB1*09', 'DRB1*01']","['DQA1*02:01', 'DQA1*05:01']","['DQB1*03', 'DQB1*06']","['DPA1*01', 'DPA1*01']","['DPB1*17', 'DPB1*05']","['A2', 'A2']","['B12', 'B7']","['Cw5', 'Cw7']","['DR9', 'DR1']","['DQ2', 'DQ1']","['DQ3', 'DQ1']","['DP1', 'DP1']","['DP17', 'DP5']",Bw4/Bw6,"['C*05', 'A*30', 'DPB1*19', 'DPB1*05', 'B*47', 'B*51', 'DPB1*115', 'B*54', 'B*18']",0.2103,0.323777,nan,1,2
28,D0036_LK,kidney,False,AllocationPriority.PAYBACK,D0036,A,POS,KD,67,Gothenburg,Sweden,28,"['A*02', 'A*24']","['B*40', 'B*35']","['C*02', 'C*07']","['DRB1*15', 'DRB1*14']","['DQA1*05:01', 'DQA1*01:02']","['DQB1*06', 'DQB1*03']","['DPA1*01', 'DPA1*01']","['DPB1*11', 'DPB1*04']","['A2', 'A9']","['B40', 'B35']","['Cw2', 'Cw7']","['DR2', 'DR6']","['DQ1', 'DQ1']","['DQ1', 'DQ3']","['DP1', 'DP1']","['DP11', 'DP4']",Bw4/Bw6,nan,R1437,A,POS,Kidney,43,Helsinki,Finland,0,"['A*24', 'A*02']","['B*35', 'B*44']","['C*07', 'C*07']","['DRB1*15', 'DRB1*13']","['DQA1*01:01', 'DQA1*02:01']","['DQB1*03', 'DQB1*04']","['DPA1*02:02', 'DPA1*01']","['DPB1*13', 'DPB1*04']","['A9', 'A2']","['B35', 'B12']","['Cw7', 'Cw7']","['DR2', 'DR6']","['DQ1', 'DQ2']","['DQ3', 'DQ4']","['DP2', 'DP1']","['DP13', 'DP4']",Bw4/Bw4,"['C*03', 'DQB1*03', 'B*38', 'A*03', 'DRB1*08', 'DPB1*11', 'DPB1*17']",0.7688,0.19652,nan,0,1
28,D0037_LK,kidney,False,AllocationPriority.LOCAL,D0037,A,POS,KD,59,Uppsala,Sweden,28,"['A*02', 'A*02']","['B*44', 'B*44']","['C*04', 'C*02']","['DRB1*13', 'DRB1*01']","['DQA1*03:01', 'DQA1*03:01']","['DQB1*03', 'DQB1*06']","['DPA1*01', 'DPA1*01']","['DPB1*04', 'DPB1*04']","['A2', 'A2']","['B12', 'B12']","['Cw4', 'Cw2']","['DR6', 'DR1']","['DQ3', 'DQ3']","['DQ3', 'DQ1']","['DP1', 'DP1']","['DP4', 'DP4']",Bw4/Bw4,nan,R1159,A,NEG,Kidney,80,Uppsala,Sweden,0,"['A*02', 'A*11']","['B*39', 'B*44']","['C*07', 'C*01']","['DRB1*13', 'DRB1*01']","['DQA1*03:01', 'DQA1*03:01']","['DQB1*03', 'DQB1*06']","['DPA1*01', 'DPA1*02:02']","['DPB1*02', 'DPB1*02']","['A2', 'A11']","['B16', 'B12']","['Cw7', 'Cw1']","['DR6', 'DR1']","['DQ3', 'DQ3']","['DQ3', 'DQ1']","['DP1', 'DP2']","['DP2', 'DP2']",Bw4/Bw4,[],0.0,0.85,nan,0,0
28,D0038_LK,kidney,False,AllocationPriority.LOCAL,D0038,O,POS,KD,58,Oslo,Norway,28,"['A*02', 'A*03']","['B*07', 'B*44']","['C*02', 'C*07']","['DRB1*03', 'DRB1*04']","['DQA1*03:01', 'DQA1*03:01']","['DQB1*06', 'DQB1*04']","['DPA1*01', 'DPA1*01']","['DPB1*04', 'DPB1*04']","['A2', 'A3']","['B7', 'B12']","['Cw2', 'Cw7']","['DR3', 'DR4']","['DQ3', 'DQ3']","['DQ1', 'DQ4']","['DP1', 'DP1']","['DP4', 'DP4']",Bw4/Bw6,nan,R1141,O,POS,Kidney,86,Oslo,Norway,0,"['A*01', 'A*03']","['B*07', 'B*44']","['C*07', 'C*12']","['DRB1*03', 'DRB1*04']","['DQA1*04:01', 'DQA1*05:01']","['DQB1*05', 'DQB1*05']","['DPA1*02:02', 'DPA1*01']","['DPB1*02', 'DPB1*03']","['A1', 'A3']","['B7', 'B12']","['Cw7', 'Cw12']","['DR3', 'DR4']","['DQ4', 'DQ1']","['DQ1', 'DQ1']","['DP2', 'DP1']","['DP2', 'DP3']",Bw4/Bw6,"['B*27', 'DPB1*11', 'DPB1*10', 'DQB1*04', 'C*06', 'DRB1*03', 'DPB1*16', 'B*50', 'A*11']",0.4027,0.2448929999999999,nan,0,1
28,D0039_LK,kidney,False,AllocationPriority.LOCAL,D0039,O,POS,KD,80,Oslo,Norway,28,"['A*02', 'A*31']","['B*44', 'B*08']","['C*07', 'C*03']","['DRB1*03', 'DRB1*14']","['DQA1*01:01', 'DQA1*01:02']","['DQB1*06', 'DQB1*06']","['DPA1*01', 'DPA1*01']","['DPB1*04', 'DPB1*04']","['A2', 'A19']","['B12', 'B8']","['Cw7', 'Cw3']","['DR3', 'DR6']","['DQ1', 'DQ1']","['DQ1', 'DQ1']","['DP1', 'DP1']","['DP4', 'DP4']",Bw4/Bw4,nan,R0314,O,POS,Kidney,84,Oslo,Norway,0,"['A*02', 'A*03']","['B*07', 'B*44']","['C*07', 'C*03']","['DRB1*07', 'DRB1*07']","['DQA1*01:02', 'DQA1*01:02']","['DQB1*02', 'DQB1*05']","['DPA1*01', 'DPA1*01']","['DPB1*04', 'DPB1*01']","['A2', 'A3']","['B7', 'B12']","['Cw7', 'Cw3']","['DR7', 'DR7']","['DQ1', 'DQ1']","['DQ2', 'DQ1']","['DP1', 'DP1']","['DP4', 'DP1']",Bw4/Bw6,"['DRB1*13', 'DPB1*14', 'DRB1*08', 'DQB1*03', 'DPB1*15', 'B*35', 'DQA1*03:01', 'B*57', 'DQB1*04']",0.8647,0.0554729999999999,nan
28,D0035_RK,kidney,True,AllocationPriority.PRIORITY_7,D0035,O,POS,KD,36,Uppsala,Sweden,28,"['A*32', 'A*02']","['B*27', 'B*07']","['C*03', 'C*01']","['DRB1*09', 'DRB1*07']","['DQA1*02:01', 'DQA1*05:01']","['DQB1*03', 'DQB1*03']","['DPA1*01', 'DPA1*01']","['DPB1*03', 'DPB1*04']","['A19', 'A2']","['B27', 'B7']","['Cw3', 'Cw1']","['DR9', 'DR7']","['DQ2', 'DQ1']","['DQ3', 'DQ3']","['DP1', 'DP1']","['DP3', 'DP4']",Bw4/Bw4,nan,R1985,O,POS,Kidney,69,Aarhus,Denmark,0,"['A*32', 'A*02']","['B*27', 'B*07']","['C*03', 'C*07']","['DRB1*07', 'DRB1*07']","['DQA1*01:03', 'DQA1*01:02']","['DQB1*04', 'DQB1*02']","['DPA1*01', 'DPA1*01']","['DPB1*03', 'DPB1*04']","['A19', 'A2']","['B27', 'B7']","['Cw3', 'Cw7']","['DR7', 'DR7']","['DQ1', 'DQ1']","['DQ4', 'DQ2']","['DP1', 'DP1']","['DP3', 'DP4']",Bw4/Bw4,[],0.0,0.41,nan,1,0,1,599.9344564544632,0.8333333333333334,0.8897623095749205,624.830226761186
28,D0036_RK,kidney,True,AllocationPriority.PRIORITY_7,D0036,A,POS,KD,67,Gothenburg,Sweden,28,"['A*02', 'A*24']","['B*40', 'B*35']","['C*02', 'C*07']","['DRB1*15', 'DRB1*14']","['DQA1*05:01', 'DQA1*01:02']","['DQB1*06', 'DQB1*03']","['DPA1*01', 'DPA1*01']","['DPB1*11', 'DPB1*04']","['A2', 'A9']","['B40', 'B35']","['Cw2', 'Cw7']","['DR2', 'DR6']","['DQ1', 'DQ1']","['DQ1', 'DQ3']","['DP1', 'DP1']","['DP11', 'DP4']",Bw4/Bw6,nan,R0904,A,POS,Kidney,69,Copenhagen,Denmark,0,"['A*02', 'A*24']","['B*40', 'B*51']","['C*04', 'C*07']","['DRB1*03', 'DRB1*14']","['DQA1*05:01', 'DQA1*01:01']","['DQB1*02', 'DQB1*06']","['DPA1*01', 'DPA1*01']","['DPB1*04', 'DPB1*14']","['A2', 'A9']","['B40', 'B5']","['Cw4', 'Cw7']","['DR3', 'DR6']","['DQ1', 'DQ1']","['DQ2', 'DQ1']","['DP1', 'DP1']","['DP4', 'DP14']",Bw4/Bw4,"['A*34', 'C*02', 'B*45', 'B*41', 'C*08', 'DPB1*14', 'DPB1*115', 'DPB1*06', 'A*31']",0.1418,0.72947,nan,1,1,2,228.9232004239295,0.6666666666666667,0.9579354634027974,588.089016147228
28,D0037_RK,kidney,True,AllocationPriority.PRIORITY_3,D0037,A,POS,KD,59,Uppsala,Sweden,28,"['A*02', 'A*02']","['B*44', 'B*44']","['C*04', 'C*02']","['DRB1*13', 'DRB1*01']","['DQA1*03:01', 'DQA1*03:01']","['DQB1*03', 'DQB1*06']","['DPA1*01', 'DPA1*01']","['DPB1*04', 'DPB1*04']","['A2', 'A2']","['B12', 'B12']","['Cw4', 'Cw2']","['DR6', 'DR1']","['DQ3', 'DQ3']","['DQ3', 'DQ1']","['DP1', 'DP1']","['DP4', 'DP4']",Bw4/Bw4,nan,R0921,A,POS,Kidney,53,Odense,Denmark,0,"['A*02', 'A*01']","['B*44', 'B*15']","['C*07', 'C*07']","['DRB1*01', 'DRB1*13']","['DQA1*02:01', 'DQA1*01:02']","['DQB1*06', 'DQB1*06']","['DPA1*01', 'DPA1*01']","['DPB1*01', 'DPB1*04']","['A2', 'A1']","['B12', 'B15']","['Cw7', 'Cw7']","['DR1', 'DR6']","['DQ2', 'DQ1']","['DQ1', 'DQ1']","['DP1', 'DP1']","['DP1', 'DP4']",Bw4/Bw4,"['DRB1*13', 'B*58', 'B*54', 'B*38', 'DRB1*15', 'C*04', 'DPB1*129', 'A*74', 'DQA1*06:01']",0.404,0.5065999999999999,nan,0,0
28,D0038_RK,kidney,True,AllocationPriority.PRIORITY_5,D0038,O,POS,KD,58,Oslo,Norway,28,"['A*02', 'A*03']","['B*07', 'B*44']","['C*02', 'C*07']","['DRB1*03', 'DRB1*04']","['DQA1*03:01', 'DQA1*03:01']","['DQB1*06', 'DQB1*04']","['DPA1*01', 'DPA1*01']","['DPB1*04', 'DPB1*04']","['A2', 'A3']","['B7', 'B12']","['Cw2', 'Cw7']","['DR3', 'DR4']","['DQ3', 'DQ3']","['DQ1', 'DQ4']","['DP1', 'DP1']","['DP4', 'DP4']",Bw4/Bw6,nan,R1561,O,POS,Kidney,9,Helsinki,Finland,0,"['A*03', 'A*02']","['B*44', 'B*07']","['C*02', 'C*03']","['DRB1*04', 'DRB1*03']","['DQA1*02:01', 'DQA1*01:03']","['DQB1*02', 'DQB1*06']","['DPA1*01', 'DPA1*01']","['DPB1*02', 'DPB1*04']","['A3', 'A2']","['B12', 'B7']","['Cw2', 'Cw3']","['DR4', 'DR3']","['DQ2', 'DQ1']","['DQ2', 'DQ1']","['DP1', 'DP1']","['DP2', 'DP4']",Bw4/Bw6,[],0.0,0.41,nan
28,D0039_RK,kidney,True,AllocationPriority.PRIORITY_7,D0039,O,POS,KD,80,Oslo,Norway,28,"['A*02', 'A*31']","['B*44', 'B*08']","['C*07', 'C*03']","['DRB1*03', 'DRB1*14']","['DQA1*01:01', 'DQA1*01:02']","['DQB1*06', 'DQB1*06']","['DPA1*01', 'DPA1*01']","['DPB1*04', 'DPB1*04']","['A2', 'A19']","['B12', 'B8']","['Cw7', 'Cw3']","['DR3', 'DR6']","['DQ1', 'DQ1']","['DQ1', 'DQ1']","['DP1', 'DP1']","['DP4', 'DP4']",Bw4/Bw4,nan,R0802,O,NEG,Kidney,60,Oslo,Norway,0,"['A*02', 'A*31']","['B*08', 'B*51']","['C*04', 'C*07']","['DRB1*15', 'DRB1*03']","['DQA1*03:01', 'DQA1*05:01']","['DQB1*06', 'DQB1*06']","['DPA1*01', 'DPA1*01']","['DPB1*04', 'DPB1*04']","['A2', 'A19']","['B8', 'B5']","['Cw4', 'Cw7']","['DR2', 'DR3']","['DQ3', 'DQ1']","['DQ1', 'DQ1']","['DP1', 'DP1']","['DP4', 'DP4']",Bw4/Bw4,[],0.0,0.41,nan,1,1,2,0.0,0.6666666666666667,1.0,603.1672386167969
29,D0040_LK,kidney,False,AllocationPriority.LOCAL,D0040,A,NEG,KD,63,Gothenburg,Sweden,29,"['A*03', 'A*02']","['B*44', 'B*37']","['C*05', 'C*07']","['DRB1*15', 'DRB1*03']","['DQA1*03:01', 'DQA1*01:01']","['DQB1*05', 'DQB1*06']","['DPA1*01', 'DPA1*01']","['DPB1*04', 'DPB1*05']","['A3', 'A2']","['B12', 'B37']","['Cw5', 'Cw7']","['DR2', 'DR3']","['DQ3', 'DQ1']","['DQ1', 'DQ1']","['DP1', 'DP1']","['DP4', 'DP5']",Bw4/Bw4,nan,R0102,A,NEG,Kidney,71,Gothenburg,Sweden,0,"['A*25', 'A*03']","['B*15', 'B*44']","['C*07', 'C*05']","['DRB1*15', 'DRB1*03']","['DQA1*01:02', 'DQA1*05:01']","['DQB1*05', 'DQB1*03']","['DPA1*01', 'DPA1*02:02']","['DPB1*11', 'DPB1*06']","['A10', 'A3']","['B15', 'B12']","['Cw7', 'Cw5']","['DR2', 'DR3']","['DQ1', 'DQ1']","['DQ1', 'DQ3']","['DP1', 'DP2']","['DP11', 'DP6']",Bw6/Bw6,"['DPB1*31', 'DPB1*51', 'DPB1*16', 'DQA1*01:03', 'DQA1*04:01', 'B*55', 'B*41', 'DQB1*02', 'DPB1*35']",0.3282,0.5710299999999999,nan,0,2
29,D0041_LK,kidney,False,AllocationPriority.LOCAL,D0041,AB,POS,KD,78,Stockholm,Sweden,29,"['A*03', 'A*01']","['B*07', 'B*14']","['C*03', 'C*07']","['DRB1*08', 'DRB1*04']","['DQA1*01:02', 'DQA1*01:03']","['DQB1*06', 'DQB1*05']","['DPA1*01', 'DPA1*01']","['DPB1*02', 'DPB1*04']","['A3', 'A1']","['B7', 'B14']","['Cw3', 'Cw7']","['DR8', 'DR4']","['DQ1', 'DQ1']","['DQ1', 'DQ1']","['DP1', 'DP1']","['DP2', 'DP4']",Bw6/Bw6,nan,R1886,AB,POS,Kidney,78,Stockholm,Sweden,0,"['A*24', 'A*01']","['B*27', 'B*40']","['C*06', 'C*01']","['DRB1*04', 'DRB1*08']","['DQA1*04:01', 'DQA1*05:01']","['DQB1*03', 'DQB1*02']","['DPA1*01', 'DPA1*02:02']","['DPB1*17', 'DPB1*04']","['A9', 'A1']","['B27', 'B40']","['Cw6', 'Cw1']","['DR4', 'DR8']","['DQ4', 'DQ1']","['DQ3', 'DQ2']","['DP1', 'DP2']","['DP17', 'DP4']",Bw4/Bw4,[],0.0,1.0,nan,0,3
29,D0040_RK,kidney,True,AllocationPriority.PRIORITY_7,D0040,A,NEG,KD,63,Gothenburg,Sweden,29,"['A*03', 'A*02']","['B*44', 'B*37']","['C*05', 'C*07']","['DRB1*15', 'DRB1*03']","['DQA1*03:01', 'DQA1*01:01']","['DQB1*05', 'DQB1*06']","['DPA1*01', 'DPA1*01']","['DPB1*04', 'DPB1*05']","['A3', 'A2']","['B12', 'B37']","['Cw5', 'Cw7']","['DR2', 'DR3']","['DQ3', 'DQ1']","['DQ1', 'DQ1']","['DP1', 'DP1']","['DP4', 'DP5']",Bw4/Bw4,nan,R0819,A,POS,Kidney,66,Aarhus,Denmark,0,"['A*02', 'A*03']","['B*15', 'B*44']","['C*02', 'C*07']","['DRB1*15', 'DRB1*03']","['DQA1*01:01', 'DQA1*01:02']","['DQB1*03', 'DQB1*06']","['DPA1*01', 'DPA1*01']","['DPB1*04', 'DPB1*02']","['A2', 'A3']","['B15', 'B12']","['Cw2', 'Cw7']","['DR2', 'DR3']","['DQ1', 'DQ1']","['DQ3', 'DQ1']","['DP1', 'DP1']","['DP4', 'DP2']",Bw4/Bw4,"['A*66', 'C*03', 'B*51', 'B*38', 'DPB1*20', 'DPB1*24', 'A*33', 'DQA1*01:01']",0.4028,0.50762,nan,0,1,1,202.6942002796759,0.8333333333333334,0.9627550305520983,650.9947961249729
29,D0041_RK,kidney,True,AllocationPriority.PRIORITY_7,D0041,AB,POS,KD,78,Stockholm,Sweden,29,"['A*03', 'A*01']","['B*07', 'B*14']","['C*03', 'C*07']","['DRB1*08', 'DRB1*04']","['DQA1*01:02', 'DQA1*01:03']","['DQB1*06', 'DQB1*05']","['DPA1*01', 'DPA1*01']","['DPB1*02', 'DPB1*04']","['A3', 'A1']","['B7', 'B14']","['Cw3', 'Cw7']","['DR8', 'DR4']","['DQ1', 'DQ1']","['DQ1', 'DQ1']","['DP1', 'DP1']","['DP2', 'DP4']",Bw6/Bw6,nan,R1233,AB,POS,Kidney,87,Helsinki,Finland,0,"['A*68', 'A*03']","['B*18', 'B*07']","['C*15', 'C*07']","['DRB1*07', 'DRB1*04']","['DQA1*01:02', 'DQA1*03:01']","['DQB1*05', 'DQB1*06']","['DPA1*01', 'DPA1*01']","['DPB1*04', 'DPB1*04']","['A28', 'A3']","['B18', 'B7']","['Cw15', 'Cw7']","['DR7', 'DR4']","['DQ1', 'DQ3']","['DQ1', 'DQ1']","['DP1', 'DP1']","['DP4', 'DP4']",Bw6/Bw6,[],0.0,1.0,nan,1,2,3,395.64825735091034,0.5,0.9272998081009831,515.929343176793
30,D0042_LK,kidney,False,AllocationPriority.LOCAL,D0042,O,POS,KD,59,Gothenburg,Sweden,30,"['A*02', 'A*03']","['B*07', 'B*27']","['C*06', 'C*03']","['DRB1*07', 'DRB1*15']","['DQA1*05:01', 'DQA1*02:01']","['DQB1*06', 'DQB1*06']","['DPA1*01', 'DPA1*02:02']","['DPB1*11', 'DPB1*01']","['A2', 'A3']","['B7', 'B27']","['Cw6', 'Cw3']","['DR7', 'DR2']","['DQ1', 'DQ2']","['DQ1', 'DQ1']","['DP1', 'DP2']","['DP11', 'DP1']",Bw4/Bw6,nan,R1095,A,POS,Kidney,69,Gothenburg,Sweden,0,"['A*23', 'A*31']","['B*07', 'B*08']","['C*07', 'C*03']","['DRB1*11', 'DRB1*15']","['DQA1*05:01', 'DQA1*02:01']","['DQB1*05', 'DQB1*02']","['DPA1*02:02', 'DPA1*01']","['DPB1*04', 'DPB1*04']","['A9', 'A19']","['B7', 'B8']","['Cw7', 'Cw3']","['DR5', 'DR2']","['DQ1', 'DQ2']","['DQ1', 'DQ2']","['DP2', 'DP1']","['DP4', 'DP4']",Bw4/Bw4,"['DPB1*04', 'B*13', 'DPB1*09', 'C*17', 'C*08', 'C*05', 'DRB1*13', 'A*66']",0.834,0.1411,nan,1,3
30,D0043_LK,kidney,False,AllocationPriority.LOCAL,D0043,A,POS,KD,68,Helsinki,Finland,30,"['A*24', 'A*11']","['B*35', 'B*08']","['C*03', 'C*07']","['DRB1*15', 'DRB1*04']","['DQA1*05:01', 'DQA1*01:02']","['DQB1*05', 'DQB1*03']","['DPA1*01', 'DPA1*01']","['DPB1*02', 'DPB1*04']","['A9', 'A11']","['B35', 'B8']","['Cw3', 'Cw7']","['DR2', 'DR4']","['DQ1', 'DQ1']","['DQ1', 'DQ3']","['DP1', 'DP1']","['DP2', 'DP4']",Bw4/Bw6,nan,R0820,A,POS,Kidney,66,Helsinki,Finland,0,"['A*11', 'A*03']","['B*40', 'B*15']","['C*03', 'C*04']","['DRB1*15', 'DRB1*04']","['DQA1*01:02', 'DQA1*01:03']","['DQB1*03', 'DQB1*03']","['DPA1*01', 'DPA1*01']","['DPB1*04', 'DPB1*04']","['A11', 'A3']","['B40', 'B15']","['Cw3', 'Cw4']","['DR2', 'DR4']","['DQ1', 'DQ1']","['DQ3', 'DQ3']","['DP1', 'DP1']","['DP4', 'DP4']",Bw4/Bw6,"['B*47', 'DPB1*19', 'C*06', 'DPB1*115', 'B*57', 'B*35', 'DRB1*09', 'B*18', 'B*40']",0.3493,0.553095,nan,0,3
30,D0044_LK,kidney,False,AllocationPriority.LOCAL,D0044,A,POS,KD,25,Copenhagen,Denmark,30,"['A*01', 'A*02']","['B*40', 'B*14']","['C*12', 'C*03']","['DRB1*15', 'DRB1*01']","['DQA1*05:01', 'DQA1*01:01']","['DQB1*02', 'DQB1*03']","['DPA1*01', 'DPA1*01']","['DPB1*04', 'DPB1*04']","['A1', 'A2']","['B40', 'B14']","['Cw12', 'Cw3']","['DR2', 'DR1']","['DQ1', 'DQ1']","['DQ2', 'DQ3']","['DP1', 'DP1']","['DP4', 'DP4']",Bw6/Bw6,nan,R2116,A,POS,Kidney,89,Copenhagen,Denmark,0,"['A*02', 'A*01']","['B*07', 'B*08']","['C*07', 'C*07']","['DRB1*15', 'DRB1*01']","['DQA1*01:02', 'DQA1*05:01']","['DQB1*03', 'DQB1*05']","['DPA1*01', 'DPA1*01']","['DPB1*17', 'DPB1*01']","['A2', 'A1']","['B7', 'B8']","['Cw7', 'Cw7']","['DR2', 'DR1']","['DQ1', 'DQ1']","['DQ3', 'DQ1']","['DP1', 'DP1']","['DP17', 'DP1']",Bw6/Bw6,"['B*73', 'B*51', 'DPB1*13', 'DRB1*14', 'B*45', 'B*44', 'DRB1*04', 'DQA1*02:01', 'DQA1*03:01']",0.7314,0.2283099999999999,nan,0,2
30,D0045_LK,kidney,False,AllocationPriority.LOCAL,D0045,A,POS,KD,84,Oslo,Norway,30,"['A*01', 'A*02']","['B*07', 'B*14']","['C*07', 'C*07']","['DRB1*15', 'DRB1*11']","['DQA1*03:01', 'DQA1*01:01']","['DQB1*02', 'DQB1*02']","['DPA1*01', 'DPA1*01']","['DPB1*17', 'DPB1*04']","['A1', 'A2']","['B7', 'B14']","['Cw7', 'Cw7']","['DR2', 'DR5']","['DQ3', 'DQ1']","['DQ2', 'DQ2']","['DP1', 'DP1']","['DP17', 'DP4']",Bw6/Bw6,nan,R1206,A,POS,Kidney,26,Oslo,Norway,0,"['A*01', 'A*02']","['B*44', 'B*35']","['C*03', 'C*07']","['DRB1*15', 'DRB1*11']","['DQA1*01:03', 'DQA1*01:03']","['DQB1*03', 'DQB1*05']","['DPA1*01', 'DPA1*01']","['DPB1*04', 'DPB1*03']","['A1', 'A2']","['B12', 'B35']","['Cw3', 'Cw7']","['DR2', 'DR5']","['DQ1', 'DQ1']","['DQ3', 'DQ1']","['DP1', 'DP1']","['DP4', 'DP3']",Bw4/Bw6,[],0.0,0.85,nan,0,2
30,D0042_RK,kidney,True,AllocationPriority.PRIORITY_7,D0042,O,POS,KD,59,Gothenburg,Sweden,30,"['A*02', 'A*03']","['B*07', 'B*27']","['C*06', 'C*03']","['DRB1*07', 'DRB1*15']","['DQA1*05:01', 'DQA1*02:01']","['DQB1*06', 'DQB1*06']","['DPA1*01', 'DPA1*02:02']","['DPB1*11', 'DPB1*01']","['A2', 'A3']","['B7', 'B27']","['Cw6', 'Cw3']","['DR7', 'DR2']","['DQ1', 'DQ2']","['DQ1', 'DQ1']","['DP1', 'DP2']","['DP11', 'DP1']",Bw4/Bw6,nan,R1918,O,POS,Kidney,69,Gothenburg,Sweden,0,"['A*03', 'A*02']","['B*07', 'B*08']","['C*07', 'C*05']","['DRB1*07', 'DRB1*15']","['DQA1*05:01', 'DQA1*01:02']","['DQB1*03', 'DQB1*05']","['DPA1*01', 'DPA1*01']","['DPB1*04', 'DPB1*11']","['A3', 'A2']","['B7', 'B8']","['Cw7', 'Cw5']","['DR7', 'DR2']","['DQ1', 'DQ1']","['DQ3', 'DQ1']","['DP1', 'DP1']","['DP4', 'DP11']",Bw6/Bw6,"['B*18', 'C*18', 'C*08', 'A*74', 'B*37', 'DRB1*09']",0.0903,0.3729769999999999,nan,0,1,1,0.0,0.8333333333333334,1.0,664.345423057711
30,D0043_RK,kidney,True,AllocationPriority.PRIORITY_7,D0043,A,POS,KD,68,Helsinki,Finland,30,"['A*24', 'A*11']","['B*35', 'B*08']","['C*03', 'C*07']","['DRB1*15', 'DRB1*04']","['DQA1*05:01', 'DQA1*01:02']","['DQB1*05', 'DQB1*03']","['DPA1*01', 'DPA1*01']","['DPB1*02', 'DPB1*04']","['A9', 'A11']","['B35', 'B8']","['Cw3', 'Cw7']","['DR2', 'DR4']","['DQ1', 'DQ1']","['DQ1', 'DQ3']","['DP1', 'DP1']","['DP2', 'DP4']",Bw4/Bw6,nan,R1742,A,POS,Kidney,74,Helsinki,Finland,0,"['A*24', 'A*11']","['B*15', 'B*08']","['C*07', 'C*04']","['DRB1*15', 'DRB1*13']","['DQA1*01:01', 'DQA1*04:01']","['DQB1*06', 'DQB1*06']","['DPA1*01', 'DPA1*01']","['DPB1*02', 'DPB1*02']","['A9', 'A11']","['B15', 'B8']","['Cw7', 'Cw4']","['DR2', 'DR6']","['DQ1', 'DQ4']","['DQ1', 'DQ1']","['DP1', 'DP1']","['DP2', 'DP2']",Bw4/Bw4,[],0.0,0.85,nan,1,1,2,0.0,0.6666666666666667,1.0,603.1672386167969
30,D0044_RK,kidney,True,AllocationPriority.PRIORITY_7,D0044,A,POS,KD,25,Copenhagen,Denmark,30,"['A*01', 'A*02']","['B*40', 'B*14']","['C*12', 'C*03']","['DRB1*15', 'DRB1*01']","['DQA1*05:01', 'DQA1*01:01']","['DQB1*02', 'DQB1*03']","['DPA1*01', 'DPA1*01']","['DPB1*04', 'DPB1*04']","['A1', 'A2']","['B40', 'B14']","['Cw12', 'Cw3']","['DR2', 'DR1']","['DQ1', 'DQ1']","['DQ2', 'DQ3']","['DP1', 'DP1']","['DP4', 'DP4']",Bw6/Bw6,nan,R0766,A,POS,Kidney,71,Gothenburg,Sweden,0,"['A*01', 'A*02']","['B*14', 'B*27']","['C*03', 'C*07']","['DRB1*15', 'DRB1*01']","['DQA1*05:01', 'DQA1*03:01']","['DQB1*03', 'DQB1*03']","['DPA1*01', 'DPA1*01']","['DPB1*04', 'DPB1*01']","['A1', 'A2']","['B14', 'B27']","['Cw3', 'Cw7']","['DR2', 'DR1']","['DQ1', 'DQ3']","['DQ3', 'DQ3']","['DP1', 'DP1']","['DP4', 'DP1']",Bw4/Bw6,[],0.0,0.85,nan,0,1,1,228.9232004239295,0.8333333333333334,0.9579354634027974,649.267200588142
30,D0045_RK,kidney,True,AllocationPriority.PRIORITY_7,D0045,A,POS,KD,84,Oslo,Norway,30,"['A*01', 'A*02']","['B*07', 'B*14']","['C*07', 'C*07']","['DRB1*15', 'DRB1*11']","['DQA1*03:01', 'DQA1*01:01']","['DQB1*02', 'DQB1*02']","['DPA1*01', 'DPA1*01']","['DPB1*17', 'DPB1*04']","['A1', 'A2']","['B7', 'B14']","['Cw7', 'Cw7']","['DR2', 'DR5']","['DQ3', 'DQ1']","['DQ2', 'DQ2']","['DP1', 'DP1']","['DP17', 'DP4']",Bw6/Bw6,nan,R0560,A,POS,Kidney,70,Stockholm,Sweden,0,"['A*01', 'A*02']","['B*07', 'B*18']","['C*03', 'C*05']","['DRB1*11', 'DRB1*15']","['DQA1*05:01', 'DQA1*01:01']","['DQB1*06', 'DQB1*06']","['DPA1*01', 'DPA1*01']","['DPB1*01', 'DPB1*04']","['A1', 'A2']","['B7', 'B18']","['Cw3', 'Cw5']","['DR5', 'DR2']","['DQ1', 'DQ1']","['DQ1', 'DQ1']","['DP1', 'DP1']","['DP1', 'DP4']",Bw6/Bw6,[],0.0,0.85,nan,0,1,1,416.29852378382344,0.8333333333333334,0.9235053307981119,636.9255645910221
31,D0046_LK,kidney,False,AllocationPriority.LOCAL,D0046,A,NEG,KD,53,Gothenburg,Sweden,31,"['A*02', 'A*32']","['B*14', 'B*15']","['C*03', 'C*03']","['DRB1*13', 'DRB1*03']","['DQA1*02:01', 'DQA1*03:01']","['DQB1*06', 'DQB1*03']","['DPA1*01', 'DPA1*01']","['DPB1*04', 'DPB1*11']","['A2', 'A19']","['B14', 'B15']","['Cw3', 'Cw3']","['DR6', 'DR3']","['DQ2', 'DQ3']","['DQ1', 'DQ3']","['DP1', 'DP1']","['DP4', 'DP11']",Bw4/Bw4,nan,R1855,A,POS,Kidney,81,Gothenburg,Sweden,0,"['A*02', 'A*01']","['B*44', 'B*27']","['C*03', 'C*08']","['DRB1*13', 'DRB1*03']","['DQA1*01:01', 'DQA1*05:01']","['DQB1*06', 'DQB1*02']","['DPA1*01', 'DPA1*01']","['DPB1*04', 'DPB1*04']","['A2', 'A1']","['B12', 'B27']","['Cw3', 'Cw8']","['DR6', 'DR3']","['DQ1', 'DQ1']","['DQ1', 'DQ2']","['DP1', 'DP1']","['DP4', 'DP4']",Bw4/Bw4,"['C*12', 'A*26', 'DRB1*11', 'B*42', 'DPB1*16', 'B*51', 'B*14', 'B*39']",0.1761,0.7003149999999999,nan,0,3
31,D0046_RK,kidney,True,AllocationPriority.PRIORITY_7,D0046,A,NEG,KD,53,Gothenburg,Sweden,31,"['A*02', 'A*32']","['B*14', 'B*15']","['C*03', 'C*03']","['DRB1*13', 'DRB1*03']","['DQA1*02:01', 'DQA1*03:01']","['DQB1*06', 'DQB1*03']","['DPA1*01', 'DPA1*01']","['DPB1*04', 'DPB1*11']","['A2', 'A19']","['B14', 'B15']","['Cw3', 'Cw3']","['DR6', 'DR3']","['DQ2', 'DQ3']","['DQ1', 'DQ3']","['DP1', 'DP1']","['DP4', 'DP11']",Bw4/Bw4,nan,R1890,A,POS,Kidney,73,Oslo,Norway,0,"['A*02', 'A*32']","['B*14', 'B*08']","['C*07', 'C*03']","['DRB1*03', 'DRB1*13']","['DQA1*01:02', 'DQA1*05:01']","['DQB1*02', 'DQB1*06']","['DPA1*02:02', 'DPA1*01']","['DPB1*03', 'DPB1*05']","['A2', 'A19']","['B14', 'B8']","['Cw7', 'Cw3']","['DR3', 'DR6']","['DQ1', 'DQ1']","['DQ2', 'DQ1']","['DP2', 'DP1']","['DP3', 'DP5']",Bw4/Bw6,"['DPB1*05', 'B*54', 'DPB1*13', 'B*52', 'B*08', 'C*08', 'A*23']",0.205,0.67575,nan,0,1,1,255.07748105944097,0.8333333333333334,0.9531296259301052,647.5445265156868
33,D0047_LK,kidney,False,AllocationPriority.LOCAL,D0047,AB,POS,KD,60,Oslo,Norway,33,"['A*02', 'A*68']","['B*15', 'B*08']","['C*07', 'C*07']","['DRB1*07', 'DRB1*15']","['DQA1*01:02', 'DQA1*03:01']","['DQB1*03', 'DQB1*03']","['DPA1*01', 'DPA1*01']","['DPB1*04', 'DPB1*04']","['A2', 'A28']","['B15', 'B8']","['Cw7', 'Cw7']","['DR7', 'DR2']","['DQ1', 'DQ3']","['DQ3', 'DQ3']","['DP1', 'DP1']","['DP4', 'DP4']",Bw4/Bw6,nan,R0332,AB,POS,Kidney,61,Oslo,Norway,0,"['A*02', 'A*03']","['B*07', 'B*44']","['C*03', 'C*03']","['DRB1*15', 'DRB1*07']","['DQA1*03:01', 'DQA1*01:01']","['DQB1*03', 'DQB1*02']","['DPA1*01', 'DPA1*01']","['DPB1*04', 'DPB1*03']","['A2', 'A3']","['B7', 'B12']","['Cw3', 'Cw3']","['DR2', 'DR7']","['DQ3', 'DQ1']","['DQ3', 'DQ2']","['DP1', 'DP1']","['DP4', 'DP3']",Bw4/Bw6,[],0.0,1.0,nan,0,3
33,D0047_RK,kidney,True,AllocationPriority.PRIORITY_7,D0047,AB,POS,KD,60,Oslo,Norway,33,"['A*02', 'A*68']","['B*15', 'B*08']","['C*07', 'C*07']","['DRB1*07', 'DRB1*15']","['DQA1*01:02', 'DQA1*03:01']","['DQB1*03', 'DQB1*03']","['DPA1*01', 'DPA1*01']","['DPB1*04', 'DPB1*04']","['A2', 'A28']","['B15', 'B8']","['Cw7', 'Cw7']","['DR7', 'DR2']","['DQ1', 'DQ3']","['DQ3', 'DQ3']","['DP1', 'DP1']","['DP4', 'DP4']",Bw4/Bw6,nan,R0454,AB,POS,Kidney,66,Gothenburg,Sweden,0,"['A*02', 'A*01']","['B*08', 'B*15']","['C*03', 'C*03']","['DRB1*01', 'DRB1*07']","['DQA1*01:02', 'DQA1*03:01']","['DQB1*05', 'DQB1*05']","['DPA1*02:02', 'DPA1*01']","['DPB1*04', 'DPB1*02']","['A2', 'A1']","['B8', 'B15']","['Cw3', 'Cw3']","['DR1', 'DR7']","['DQ1', 'DQ3']","['DQ1', 'DQ1']","['DP2', 'DP1']","['DP4', 'DP2']",Bw4/Bw6,"['A*26', 'DPB1*17', 'DQA1*01:01', 'A*34', 'A*24', 'DPB1*09', 'DRB1*14']",0.2739,0.7261,nan,1,1,2,255.07748105944097,0.6666666666666667,0.9531296259301052,586.3663420747728
34,D0048_LK,kidney,False,AllocationPriority.PAYBACK,D0048,O,POS,KD,73,Oslo,Norway,34,"['A*02', 'A*02']","['B*08', 'B*08']","['C*07', 'C*01']","['DRB1*08', 'DRB1*13']","['DQA1*03:01', 'DQA1*03:01']","['DQB1*06', 'DQB1*06']","['DPA1*01', 'DPA1*01']","['DPB1*04', 'DPB1*04']","['A2', 'A2']","['B8', 'B8']","['Cw7', 'Cw1']","['DR8', 'DR6']","['DQ3', 'DQ3']","['DQ1', 'DQ1']","['DP1', 'DP1']","['DP4', 'DP4']",Bw6/Bw6,nan,R0044,O,POS,Kidney,51,Tartu,Estonia,0,"['A*02', 'A*02']","['B*47', 'B*07']","['C*12', 'C*03']","['DRB1*13', 'DRB1*08']","['DQA1*01:01', 'DQA1*05:01']","['DQB1*03', 'DQB1*06']","['DPA1*02:02', 'DPA1*01']","['DPB1*02', 'DPB1*04']","['A2', 'A2']","['B47', 'B7']","['Cw12', 'Cw3']","['DR6', 'DR8']","['DQ1', 'DQ1']","['DQ3', 'DQ1']","['DP2', 'DP1']","['DP2', 'DP4']",Bw4/Bw6,[],0.0,0.41,nan,0,2
34,D0048_RK,kidney,True,AllocationPriority.PRIORITY_7,D0048,O,POS,KD,73,Oslo,Norway,34,"['A*02', 'A*02']","['B*08', 'B*08']","['C*07', 'C*01']","['DRB1*08', 'DRB1*13']","['DQA1*03:01', 'DQA1*03:01']","['DQB1*06', 'DQB1*06']","['DPA1*01', 'DPA1*01']","['DPB1*04', 'DPB1*04']","['A2', 'A2']","['B8', 'B8']","['Cw7', 'Cw1']","['DR8', 'DR6']","['DQ3', 'DQ3']","['DQ1', 'DQ1']","['DP1', 'DP1']","['DP4', 'DP4']",Bw6/Bw6,nan,R0119,O,NEG,Kidney,58,Oslo,Norway,0,"['A*68', 'A*02']","['B*38', 'B*08']","['C*06', 'C*01']","['DRB1*13', 'DRB1*15']","['DQA1*05:01', 'DQA1*05:01']","['DQB1*05', 'DQB1*06']","['DPA1*01', 'DPA1*01']","['DPB1*04', 'DPB1*04']","['A28', 'A2']","['B16', 'B8']","['Cw6', 'Cw1']","['DR6', 'DR2']","['DQ1', 'DQ1']","['DQ1', 'DQ1']","['DP1', 'DP1']","['DP4', 'DP4']",Bw4/Bw6,[],0.0,0.41,nan,1,0,1,0.0,0.8333333333333334,1.0,664.345423057711
35,D0049_LK,kidney,False,AllocationPriority.PAYBACK,D0049,A,POS,KD,24,Gothenburg,Sweden,35,"['A*02', 'A*02']","['B*18', 'B*07']","['C*12', 'C*03']","['DRB1*04', 'DRB1*04']","['DQA1*01:01', 'DQA1*03:01']","['DQB1*03', 'DQB1*02']","['DPA1*01', 'DPA1*01']","['DPB1*04', 'DPB1*06']","['A2', 'A2']","['B18', 'B7']","['Cw12', 'Cw3']","['DR4', 'DR4']","['DQ1', 'DQ3']","['DQ3', 'DQ2']","['DP1', 'DP1']","['DP4', 'DP6']",Bw6/Bw6,nan,R0591,A,POS,Kidney,86,Aarhus,Denmark,0,"['A*02', 'A*01']","['B*18', 'B*07']","['C*04', 'C*07']","['DRB1*01', 'DRB1*04']","['DQA1*03:01', 'DQA1*01:01']","['DQB1*02', 'DQB1*03']","['DPA1*01', 'DPA1*01']","['DPB1*02', 'DPB1*03']","['A2', 'A1']","['B18', 'B7']","['Cw4', 'Cw7']","['DR1', 'DR4']","['DQ3', 'DQ1']","['DQ2', 'DQ3']","['DP1', 'DP1']","['DP2', 'DP3']",Bw6/Bw6,[],0.0,0.85,nan,0,0
35,D0050_LK,kidney,False,AllocationPriority.PAYBACK,D0050,A,POS,KD,24,Stockholm,Sweden,35,"['A*03', 'A*25']","['B*51', 'B*44']","['C*03', 'C*04']","['DRB1*03', 'DRB1*13']","['DQA1*05:01', 'DQA1*02:01']","['DQB1*06', 'DQB1*06']","['DPA1*01', 'DPA1*01']","['DPB1*04', 'DPB1*04']","['A3', 'A10']","['B5', 'B12']","['Cw3', 'Cw4']","['DR3', 'DR6']","['DQ1', 'DQ2']","['DQ1', 'DQ1']","['DP1', 'DP1']","['DP4', 'DP4']",Bw6/Bw6,nan,R0476,A,POS,Kidney,82,Gothenburg,Sweden,0,"['A*03', 'A*26']","['B*08', 'B*07']","['C*07', 'C*07']","['DRB1*14', 'DRB1*03']","['DQA1*03:01', 'DQA1*01:03']","['DQB1*06', 'DQB1*03']","['DPA1*02:02', 'DPA1*01']","['DPB1*02', 'DPB1*04']","['A3', 'A10']","['B8', 'B7']","['Cw7', 'Cw7']","['DR6', 'DR3']","['DQ3', 'DQ1']","['DQ1', 'DQ3']","['DP2', 'DP1']","['DP2', 'DP4']",Bw4/Bw6,[],0.0,0.85,nan,0,2
35,D0051_LK,kidney,False,AllocationPriority.LOCAL,D0051,A,NEG,KD,30,Oslo,Norway,35,"['A*11', 'A*02']","['B*35', 'B*40']","['C*08', 'C*04']","['DRB1*01', 'DRB1*13']","['DQA1*02:01', 'DQA1*02:01']","['DQB1*05', 'DQB1*05']","['DPA1*01', 'DPA1*01']","['DPB1*04', 'DPB1*01']","['A11', 'A2']","['B35', 'B40']","['Cw8', 'Cw4']","['DR1', 'DR6']","['DQ2', 'DQ2']","['DQ1', 'DQ1']","['DP1', 'DP1']","['DP4', 'DP1']",Bw6/Bw6,nan,R0041,A,NEG,Kidney,70,Oslo,Norway,0,"['A*02', 'A*11']","['B*39', 'B*07']","['C*06', 'C*08']","['DRB1*01', 'DRB1*13']","['DQA1*03:01', 'DQA1*05:01']","['DQB1*02', 'DQB1*03']","['DPA1*01', 'DPA1*01']","['DPB1*04', 'DPB1*04']","['A2', 'A11']","['B16', 'B7']","['Cw6', 'Cw8']","['DR1', 'DR6']","['DQ3', 'DQ1']","['DQ2', 'DQ3']","['DP1', 'DP1']","['DP4', 'DP4']",Bw4/Bw6,[],0.0,0.85,nan,0,2
35,D0049_RK,kidney,True,AllocationPriority.PRIORITY_7,D0049,A,POS,KD,24,Gothenburg,Sweden,35,"['A*02', 'A*02']","['B*18', 'B*07']","['C*12', 'C*03']","['DRB1*04', 'DRB1*04']","['DQA1*01:01', 'DQA1*03:01']","['DQB1*03', 'DQB1*02']","['DPA1*01', 'DPA1*01']","['DPB1*04', 'DPB1*06']","['A2', 'A2']","['B18', 'B7']","['Cw12', 'Cw3']","['DR4', 'DR4']","['DQ1', 'DQ3']","['DQ3', 'DQ2']","['DP1', 'DP1']","['DP4', 'DP6']",Bw6/Bw6,nan,R0506,A,POS,Kidney,68,Gothenburg,Sweden,0,"['A*02', 'A*03']","['B*44', 'B*07']","['C*03', 'C*01']","['DRB1*01', 'DRB1*04']","['DQA1*02:01', 'DQA1*01:03']","['DQB1*03', 'DQB1*05']","['DPA1*02:02', 'DPA1*01']","['DPB1*02', 'DPB1*03']","['A2', 'A3']","['B12', 'B7']","['Cw3', 'Cw1']","['DR1', 'DR4']","['DQ2', 'DQ1']","['DQ3', 'DQ1']","['DP2', 'DP1']","['DP2', 'DP3']",Bw4/Bw6,[],0.0,0.85,nan,0,1,1,0.0,0.8333333333333334,1.0,664.345423057711
35,D0050_RK,kidney,True,AllocationPriority.PRIORITY_4,D0050,A,POS,KD,24,Stockholm,Sweden,35,"['A*03', 'A*25']","['B*51', 'B*44']","['C*03', 'C*04']","['DRB1*03', 'DRB1*13']","['DQA1*05:01', 'DQA1*02:01']","['DQB1*06', 'DQB1*06']","['DPA1*01', 'DPA1*01']","['DPB1*04', 'DPB1*04']","['A3', 'A10']","['B5', 'B12']","['Cw3', 'Cw4']","['DR3', 'DR6']","['DQ1', 'DQ2']","['DQ1', 'DQ1']","['DP1', 'DP1']","['DP4', 'DP4']",Bw6/Bw6,nan,R2058,A,POS,Kidney,4,Aarhus,Denmark,0,"['A*66', 'A*02']","['B*44', 'B*07']","['C*03', 'C*05']","['DRB1*03', 'DRB1*13']","['DQA1*01:02', 'DQA1*04:01']","['DQB1*02', 'DQB1*02']","['DPA1*01', 'DPA1*02:02']","['DPB1*04', 'DPB1*04']","['A10', 'A2']","['B12', 'B7']","['Cw3', 'Cw5']","['DR3', 'DR6']","['DQ1', 'DQ4']","['DQ2', 'DQ2']","['DP1', 'DP2']","['DP4', 'DP4']",Bw4/Bw4,"['A*11', 'DPA1*01', 'A*33', 'C*14', 'B*46', 'DPB1*05']",0.961,0.03315,nan
35,D0051_RK,kidney,True,AllocationPriority.PRIORITY_7,D0051,A,NEG,KD,30,Oslo,Norway,35,"['A*11', 'A*02']","['B*35', 'B*40']","['C*08', 'C*04']","['DRB1*01', 'DRB1*13']","['DQA1*02:01', 'DQA1*02:01']","['DQB1*05', 'DQB1*05']","['DPA1*01', 'DPA1*01']","['DPB1*04', 'DPB1*01']","['A11', 'A2']","['B35', 'B40']","['Cw8', 'Cw4']","['DR1', 'DR6']","['DQ2', 'DQ2']","['DQ1', 'DQ1']","['DP1', 'DP1']","['DP4', 'DP1']",Bw6/Bw6,nan,R1195,A,POS,Kidney,66,Stockholm,Sweden,0,"['A*01', 'A*02']","['B*35', 'B*40']","['C*03', 'C*08']","['DRB1*01', 'DRB1*13']","['DQA1*05:01', 'DQA1*01:02']","['DQB1*02', 'DQB1*06']","['DPA1*01', 'DPA1*01']","['DPB1*04', 'DPB1*04']","['A1', 'A2']","['B35', 'B40']","['Cw3', 'Cw8']","['DR1', 'DR6']","['DQ1', 'DQ1']","['DQ2', 'DQ1']","['DP1', 'DP1']","['DP4', 'DP4']",Bw6/Bw6,"['DPB1*23', 'A*31', 'DPB1*26', 'DRB1*04', 'DPB1*13', 'B*56', 'A*32', 'B*53', 'B*58']",0.2918,0.6019699999999999,nan,0,1,1,416.29852378382344,0.8333333333333334,0.9235053307981119,636.9255645910221
36,D0052_LK,kidney,False,AllocationPriority.LOCAL,D0052,B,POS,KD,83,Stockholm,Sweden,36,"['A*11', 'A*30']","['B*18', 'B*51']","['C*07', 'C*03']","['DRB1*01', 'DRB1*04']","['DQA1*03:01', 'DQA1*01:02']","['DQB1*03', 'DQB1*02']","['DPA1*01', 'DPA1*01']","['DPB1*04', 'DPB1*10']","['A11', 'A19']","['B18', 'B5']","['Cw7', 'Cw3']","['DR1', 'DR4']","['DQ3', 'DQ1']","['DQ3', 'DQ2']","['DP1', 'DP1']","['DP4', 'DP10']",Bw4/Bw4,nan,R2136,B,POS,Kidney,25,Stockholm,Sweden,0,"['A*11', 'A*23']","['B*49', 'B*44']","['C*04', 'C*04']","['DRB1*01', 'DRB1*04']","['DQA1*01:03', 'DQA1*02:01']","['DQB1*05', 'DQB1*06']","['DPA1*02:02', 'DPA1*02:02']","['DPB1*02', 'DPB1*04']","['A11', 'A9']","['B21', 'B12']","['Cw4', 'Cw4']","['DR1', 'DR4']","['DQ1', 'DQ2']","['DQ1', 'DQ1']","['DP2', 'DP2']","['DP2', 'DP4']",Bw6/Bw6,[],0.0,0.52,nan,0,3
36,D0052_RK,kidney,True,AllocationPriority.PRIORITY_7,D0052,B,POS,KD,83,Stockholm,Sweden,36,"['A*11', 'A*30']","['B*18', 'B*51']","['C*07', 'C*03']","['DRB1*01', 'DRB1*04']","['DQA1*03:01', 'DQA1*01:02']","['DQB1*03', 'DQB1*02']","['DPA1*01', 'DPA1*01']","['DPB1*04', 'DPB1*10']","['A11', 'A19']","['B18', 'B5']","['Cw7', 'Cw3']","['DR1', 'DR4']","['DQ3', 'DQ1']","['DQ3', 'DQ2']","['DP1', 'DP1']","['DP4', 'DP10']",Bw4/Bw4,nan,R1521,B,POS,Kidney,63,Helsinki,Finland,0,"['A*02', 'A*02']","['B*44', 'B*18']","['C*04', 'C*03']","['DRB1*04', 'DRB1*01']","['DQA1*05:01', 'DQA1*03:01']","['DQB1*02', 'DQB1*03']","['DPA1*01', 'DPA1*01']","['DPB1*04', 'DPB1*04']","['A2', 'A2']","['B12', 'B18']","['Cw4', 'Cw3']","['DR4', 'DR1']","['DQ1', 'DQ3']","['DQ2', 'DQ3']","['DP1', 'DP1']","['DP4', 'DP4']",Bw4/Bw6,"['B*51', 'C*12', 'DPB1*02', 'A*74', 'B*52', 'C*15', 'DRB1*08', 'DPB1*06']",0.2702,0.379496,nan,0,3,3,395.64825735091034,0.5,0.9272998081009831,515.929343176793
38,D0053_LK,kidney,False,AllocationPriority.PAYBACK,D0053,O,POS,KD,54,Helsinki,Finland,38,"['A*01', 'A*02']","['B*07', 'B*08']","['C*16', 'C*12']","['DRB1*15', 'DRB1*15']","['DQA1*01:03', 'DQA1*02:01']","['DQB1*03', 'DQB1*06']","['DPA1*01', 'DPA1*01']","['DPB1*11', 'DPB1*04']","['A1', 'A2']","['B7', 'B8']","['Cw16', 'Cw12']","['DR2', 'DR2']","['DQ1', 'DQ2']","['DQ3', 'DQ1']","['DP1', 'DP1']","['DP11', 'DP4']",Bw6/Bw6,nan,R1002,O,POS,Kidney,58,Stockholm,Sweden,0,"['A*01', 'A*02']","['B*07', 'B*08']","['C*07', 'C*02']","['DRB1*15', 'DRB1*15']","['DQA1*01:02', 'DQA1*01:02']","['DQB1*03', 'DQB1*03']","['DPA1*01', 'DPA1*01']","['DPB1*03', 'DPB1*05']","['A1', 'A2']","['B7', 'B8']","['Cw7', 'Cw2']","['DR2', 'DR2']","['DQ1', 'DQ1']","['DQ3', 'DQ3']","['DP1', 'DP1']","['DP3', 'DP5']",Bw6/Bw6,"['B*44', 'B*55', 'C*15', 'DPB1*424', 'DPA1*02:02']",0.3033,0.285647,nan,0,0
38,D0053_RK,kidney,True,AllocationPriority.PAYBACK,D0053,O,POS,KD,54,Helsinki,Finland,38,"['A*01', 'A*02']","['B*07', 'B*08']","['C*16', 'C*12']","['DRB1*15', 'DRB1*15']","['DQA1*01:03', 'DQA1*02:01']","['DQB1*03', 'DQB1*06']","['DPA1*01', 'DPA1*01']","['DPB1*11', 'DPB1*04']","['A1', 'A2']","['B7', 'B8']","['Cw16', 'Cw12']","['DR2', 'DR2']","['DQ1', 'DQ2']","['DQ3', 'DQ1']","['DP1', 'DP1']","['DP11', 'DP4']",Bw6/Bw6,nan,R0004,O,POS,Kidney,69,Oslo,Norway,0,"['A*03', 'A*01']","['B*08', 'B*07']","['C*03', 'C*07']","['DRB1*04', 'DRB1*15']","['DQA1*02:01', 'DQA1*04:01']","['DQB1*02', 'DQB1*03']","['DPA1*01', 'DPA1*02:02']","['DPB1*04', 'DPB1*01']","['A3', 'A1']","['B8', 'B7']","['Cw3', 'Cw7']","['DR4', 'DR2']","['DQ2', 'DQ4']","['DQ2', 'DQ3']","['DP1', 'DP2']","['DP4', 'DP1']",Bw6/Bw6,"['DPB1*02', 'DRB1*10', 'B*42', 'C*01', 'B*50', 'DPB1*424', 'DPB1*23', 'A*24', 'DPB1*129']",0.2689,0.299751,nan,0,1
39,D0054_LK,kidney,False,AllocationPriority.LOCAL,D0054,O,POS,KD,58,Uppsala,Sweden,39,"['A*02', 'A*03']","['B*37', 'B*49']","['C*04', 'C*02']","['DRB1*14', 'DRB1*01']","['DQA1*01:02', 'DQA1*05:01']","['DQB1*06', 'DQB1*02']","['DPA1*01', 'DPA1*01']","['DPB1*01', 'DPB1*11']","['A2', 'A3']","['B37', 'B21']","['Cw4', 'Cw2']","['DR6', 'DR1']","['DQ1', 'DQ1']","['DQ1', 'DQ2']","['DP1', 'DP1']","['DP1', 'DP11']",Bw4/Bw4,nan,R0465,O,POS,Kidney,86,Uppsala,Sweden,0,"['A*11', 'A*03']","['B*08', 'B*08']","['C*12', 'C*07']","['DRB1*01', 'DRB1*13']","['DQA1*05:01', 'DQA1*02:01']","['DQB1*06', 'DQB1*02']","['DPA1*01', 'DPA1*01']","['DPB1*23', 'DPB1*02']","['A11', 'A3']","['B8', 'B8']","['Cw12', 'Cw7']","['DR1', 'DR6']","['DQ1', 'DQ2']","['DQ1', 'DQ2']","['DP1', 'DP1']","['DP23', 'DP2']",Bw6/Bw6,[],0.0,0.41,nan,0,3
39,D0055_LK,kidney,False,AllocationPriority.PAYBACK,D0055,A,POS,KD,76,Helsinki,Finland,39,"['A*03', 'A*02']","['B*40', 'B*44']","['C*02', 'C*03']","['DRB1*12', 'DRB1*04']","['DQA1*05:01', 'DQA1*01:01']","['DQB1*04', 'DQB1*03']","['DPA1*01', 'DPA1*02:02']","['DPB1*04', 'DPB1*02']","['A3', 'A2']","['B40', 'B12']","['Cw2', 'Cw3']","['DR5', 'DR4']","['DQ1', 'DQ1']","['DQ4', 'DQ3']","['DP1', 'DP2']","['DP4', 'DP2']",Bw4/Bw6,nan,R1259,A,POS,Kidney,73,Skane,Sweden,0,"['A*02', 'A*03']","['B*40', 'B*07']","['C*04', 'C*01']","['DRB1*04', 'DRB1*11']","['DQA1*02:01', 'DQA1*01:03']","['DQB1*03', 'DQB1*03']","['DPA1*01', 'DPA1*01']","['DPB1*04', 'DPB1*09']","['A2', 'A3']","['B40', 'B7']","['Cw4', 'Cw1']","['DR4', 'DR5']","['DQ2', 'DQ1']","['DQ3', 'DQ3']","['DP1', 'DP1']","['DP4', 'DP9']",Bw6/Bw6,"['DPB1*06', 'C*03', 'A*74', 'A*32', 'A*24', 'DPB1*424', 'B*45']",0.3592,0.54468,nan,0,1
39,D0054_RK,kidney,True,AllocationPriority.PRIORITY_7,D0054,O,POS,KD,58,Uppsala,Sweden,39,"['A*02', 'A*03']","['B*37', 'B*49']","['C*04', 'C*02']","['DRB1*14', 'DRB1*01']","['DQA1*01:02', 'DQA1*05:01']","['DQB1*06', 'DQB1*02']","['DPA1*01', 'DPA1*01']","['DPB1*01', 'DPB1*11']","['A2', 'A3']","['B37', 'B21']","['Cw4', 'Cw2']","['DR6', 'DR1']","['DQ1', 'DQ1']","['DQ1', 'DQ2']","['DP1', 'DP1']","['DP1', 'DP11']",Bw4/Bw4,nan,R0592,O,NEG,Kidney,69,Helsinki,Finland,0,"['A*03', 'A*02']","['B*49', 'B*18']","['C*07', 'C*05']","['DRB1*01', 'DRB1*07']","['DQA1*05:01', 'DQA1*01:03']","['DQB1*05', 'DQB1*03']","['DPA1*01', 'DPA1*02:02']","['DPB1*04', 'DPB1*04']","['A3', 'A2']","['B21', 'B18']","['Cw7', 'Cw5']","['DR1', 'DR7']","['DQ1', 'DQ1']","['DQ1', 'DQ3']","['DP1', 'DP2']","['DP4', 'DP4']",Bw4/Bw6,"['DRB1*10', 'DRB1*12', 'B*45', 'DPB1*14', 'DRB1*14', 'A*34', 'DRB1*09', 'DPB1*15', 'DQA1*01:03']",0.1621,0.343539,nan,1,1,2,406.75573730697454,0.6666666666666667,0.9252588135829557,576.3759239465037
39,D0055_RK,kidney,True,AllocationPriority.PAYBACK,D0055,A,POS,KD,76,Helsinki,Finland,39,"['A*03', 'A*02']","['B*40', 'B*44']","['C*02', 'C*03']","['DRB1*12', 'DRB1*04']","['DQA1*05:01', 'DQA1*01:01']","['DQB1*04', 'DQB1*03']","['DPA1*01', 'DPA1*02:02']","['DPB1*04', 'DPB1*02']","['A3', 'A2']","['B40', 'B12']","['Cw2', 'Cw3']","['DR5', 'DR4']","['DQ1', 'DQ1']","['DQ4', 'DQ3']","['DP1', 'DP2']","['DP4', 'DP2']",Bw4/Bw6,nan,R1311,A,POS,Kidney,79,Oslo,Norway,0,"['A*03', 'A*02']","['B*40', 'B*07']","['C*03', 'C*04']","['DRB1*11', 'DRB1*04']","['DQA1*01:01', 'DQA1*05:01']","['DQB1*06', 'DQB1*06']","['DPA1*01', 'DPA1*01']","['DPB1*04', 'DPB1*04']","['A3', 'A2']","['B40', 'B7']","['Cw3', 'Cw4']","['DR5', 'DR4']","['DQ1', 'DQ1']","['DQ1', 'DQ1']","['DP1', 'DP1']","['DP4', 'DP4']",Bw6/Bw6,[],0.0,0.85,nan,0,1
41,D0056_LK,kidney,False,AllocationPriority.LOCAL,D0056,A,POS,KD,57,Uppsala,Sweden,41,"['A*32', 'A*01']","['B*55', 'B*15']","['C*03', 'C*03']","['DRB1*04', 'DRB1*15']","['DQA1*01:01', 'DQA1*05:01']","['DQB1*03', 'DQB1*06']","['DPA1*01', 'DPA1*01']","['DPB1*03', 'DPB1*09']","['A19', 'A1']","['B22', 'B15']","['Cw3', 'Cw3']","['DR4', 'DR2']","['DQ1', 'DQ1']","['DQ3', 'DQ1']","['DP1', 'DP1']","['DP3', 'DP9']",Bw4/Bw4,nan,R1175,A,NEG,Kidney,88,Uppsala,Sweden,0,"['A*02', 'A*33']","['B*07', 'B*15']","['C*03', 'C*07']","['DRB1*15', 'DRB1*04']","['DQA1*05:01', 'DQA1*02:01']","['DQB1*03', 'DQB1*06']","['DPA1*01', 'DPA1*01']","['DPB1*02', 'DPB1*04']","['A2', 'A19']","['B7', 'B15']","['Cw3', 'Cw7']","['DR2', 'DR4']","['DQ1', 'DQ2']","['DQ3', 'DQ1']","['DP1', 'DP1']","['DP2', 'DP4']",Bw4/Bw4,[],0.0,0.85,nan,0,2
41,D0056_RK,kidney,True,AllocationPriority.PRIORITY_7,D0056,A,POS,KD,57,Uppsala,Sweden,41,"['A*32', 'A*01']","['B*55', 'B*15']","['C*03', 'C*03']","['DRB1*04', 'DRB1*15']","['DQA1*01:01', 'DQA1*05:01']","['DQB1*03', 'DQB1*06']","['DPA1*01', 'DPA1*01']","['DPB1*03', 'DPB1*09']","['A19', 'A1']","['B22', 'B15']","['Cw3', 'Cw3']","['DR4', 'DR2']","['DQ1', 'DQ1']","['DQ3', 'DQ1']","['DP1', 'DP1']","['DP3', 'DP9']",Bw4/Bw4,nan,R2255,A,POS,Kidney,56,Stockholm,Sweden,14,"['A*01', 'A*32']","['B*07', 'B*15']","['C*03', 'C*12']","['DRB1*04', 'DRB1*15']","['DQA1*05:01', 'DQA1*03:01']","['DQB1*02', 'DQB1*03']","['DPA1*01', 'DPA1*02:02']","['DPB1*04', 'DPB1*03']","['A1', 'A19']","['B7', 'B15']","['Cw3', 'Cw12']","['DR4', 'DR2']","['DQ1', 'DQ3']","['DQ2', 'DQ3']","['DP1', 'DP2']","['DP4', 'DP3']",Bw4/Bw4,"['B*48', 'B*49', 'DPB1*26', 'A*68', 'B*47', 'B*52', 'DQA1*05:01', 'B*35', 'DQA1*02:01']",0.4729,0.448035,nan,0,1,1,63.62967887203856,0.8333333333333334,0.9883080747140327,660.1543998153173
42,D0057_LK,kidney,False,AllocationPriority.PAYBACK,D0057,O,POS,KD,72,Helsinki,Finland,42,"['A*01', 'A*03']","['B*35', 'B*08']","['C*07', 'C*07']","['DRB1*14', 'DRB1*08']","['DQA1*01:03', 'DQA1*05:01']","['DQB1*03', 'DQB1*06']","['DPA1*02:02', 'DPA1*01']","['DPB1*04', 'DPB1*04']","['A1', 'A3']","['B35', 'B8']","['Cw7', 'Cw7']","['DR6', 'DR8']","['DQ1', 'DQ1']","['DQ3', 'DQ1']","['DP2', 'DP1']","['DP4', 'DP4']",Bw6/Bw6,nan,R1215,O,POS,Kidney,40,Oslo,Norway,0,"['A*25', 'A*01']","['B*35', 'B*27']","['C*03', 'C*06']","['DRB1*14', 'DRB1*08']","['DQA1*05:01', 'DQA1*05:01']","['DQB1*05', 'DQB1*03']","['DPA1*01', 'DPA1*01']","['DPB1*04', 'DPB1*04']","['A10', 'A1']","['B35', 'B27']","['Cw3', 'Cw6']","['DR6', 'DR8']","['DQ1', 'DQ1']","['DQ1', 'DQ3']","['DP1', 'DP1']","['DP4', 'DP4']",Bw4/Bw4,[],0.0,0.41,nan,0,2
42,D0057_RK,kidney,True,AllocationPriority.PAYBACK,D0057,O,POS,KD,72,Helsinki,Finland,42,"['A*01', 'A*03']","['B*35', 'B*08']","['C*07', 'C*07']","['DRB1*14', 'DRB1*08']","['DQA1*01:03', 'DQA1*05:01']","['DQB1*03', 'DQB1*06']","['DPA1*02:02', 'DPA1*01']","['DPB1*04', 'DPB1*04']","['A1', 'A3']","['B35', 'B8']","['Cw7', 'Cw7']","['DR6', 'DR8']","['DQ1', 'DQ1']","['DQ3', 'DQ1']","['DP2', 'DP1']","['DP4', 'DP4']",Bw6/Bw6,nan,R1312,O,POS,Kidney,76,Stockholm,Sweden,0,"['A*03', 'A*02']","['B*18', 'B*07']","['C*04', 'C*07']","['DRB1*13', 'DRB1*08']","['DQA1*03:01', 'DQA1*01:01']","['DQB1*03', 'DQB1*06']","['DPA1*01', 'DPA1*01']","['DPB1*03', 'DPB1*15']","['A3', 'A2']","['B18', 'B7']","['Cw4', 'Cw7']","['DR6', 'DR8']","['DQ3', 'DQ1']","['DQ3', 'DQ1']","['DP1', 'DP1']","['DP3', 'DP15']",Bw6/Bw6,[],0.0,0.41,nan,0,3
43,D0058_LK,kidney,False,AllocationPriority.LOCAL,D0058,B,POS,KD,57,Stockholm,Sweden,43,"['A*01', 'A*01']","['B*44', 'B*57']","['C*07', 'C*05']","['DRB1*14', 'DRB1*07']","['DQA1*01:01', 'DQA1*01:02']","['DQB1*05', 'DQB1*06']","['DPA1*01', 'DPA1*01']","['DPB1*04', 'DPB1*03']","['A1', 'A1']","['B12', 'B17']","['Cw7', 'Cw5']","['DR6', 'DR7']","['DQ1', 'DQ1']","['DQ1', 'DQ1']","['DP1', 'DP1']","['DP4', 'DP3']",Bw4/Bw4,nan,R1956,B,POS,Kidney,74,Stockholm,Sweden,0,"['A*03', 'A*68']","['B*08', 'B*08']","['C*03', 'C*07']","['DRB1*13', 'DRB1*07']","['DQA1*01:01', 'DQA1*05:01']","['DQB1*03', 'DQB1*05']","['DPA1*02:02', 'DPA1*02:02']","['DPB1*03', 'DPB1*04']","['A3', 'A28']","['B8', 'B8']","['Cw3', 'Cw7']","['DR6', 'DR7']","['DQ1', 'DQ1']","['DQ3', 'DQ1']","['DP2', 'DP2']","['DP3', 'DP4']",Bw6/Bw6,[],0.0,0.52,nan,0,4
43,D0059_LK,kidney,False,AllocationPriority.PAYBACK,D0059,A,POS,KD,43,Oslo,Norway,43,"['A*01', 'A*31']","['B*07', 'B*15']","['C*03', 'C*02']","['DRB1*15', 'DRB1*13']","['DQA1*01:02', 'DQA1*01:01']","['DQB1*06', 'DQB1*03']","['DPA1*01', 'DPA1*01']","['DPB1*01', 'DPB1*03']","['A1', 'A19']","['B7', 'B15']","['Cw3', 'Cw2']","['DR2', 'DR6']","['DQ1', 'DQ1']","['DQ1', 'DQ3']","['DP1', 'DP1']","['DP1', 'DP3']",Bw4/Bw4,nan,R1375,A,POS,Kidney,72,Gothenburg,Sweden,0,"['A*01', 'A*03']","['B*08', 'B*44']","['C*07', 'C*07']","['DRB1*15', 'DRB1*03']","['DQA1*01:02', 'DQA1*01:02']","['DQB1*06', 'DQB1*06']","['DPA1*01', 'DPA1*01']","['DPB1*09', 'DPB1*10']","['A1', 'A3']","['B8', 'B12']","['Cw7', 'Cw7']","['DR2', 'DR3']","['DQ1', 'DQ1']","['DQ1', 'DQ1']","['DP1', 'DP1']","['DP9', 'DP10']",Bw4/Bw6,"['B*46', 'DPB1*04', 'B*50', 'DRB1*01', 'B*41', 'B*44', 'DPB1*15', 'DPB1*51']",0.8096,0.1618399999999999,nan
43,D0058_RK,kidney,True,AllocationPriority.PRIORITY_7,D0058,B,POS,KD,57,Stockholm,Sweden,43,"['A*01', 'A*01']","['B*44', 'B*57']","['C*07', 'C*05']","['DRB1*14', 'DRB1*07']","['DQA1*01:01', 'DQA1*01:02']","['DQB1*05', 'DQB1*06']","['DPA1*01', 'DPA1*01']","['DPB1*04', 'DPB1*03']","['A1', 'A1']","['B12', 'B17']","['Cw7', 'Cw5']","['DR6', 'DR7']","['DQ1', 'DQ1']","['DQ1', 'DQ1']","['DP1', 'DP1']","['DP4', 'DP3']",Bw4/Bw4,nan,R0225,B,POS,Kidney,30,Uppsala,Sweden,0,"['A*02', 'A*01']","['B*14', 'B*44']","['C*07', 'C*05']","['DRB1*01', 'DRB1*07']","['DQA1*01:01', 'DQA1*03:01']","['DQB1*06', 'DQB1*02']","['DPA1*01', 'DPA1*01']","['DPB1*04', 'DPB1*03']","['A2', 'A1']","['B14', 'B12']","['Cw7', 'Cw5']","['DR1', 'DR7']","['DQ1', 'DQ3']","['DQ1', 'DQ2']","['DP1', 'DP1']","['DP4', 'DP3']",Bw4/Bw6,[],0.0,0.52,nan,1,1,2,63.62967887203856,0.6666666666666667,0.9883080747140327,598.9762153744033
43,D0059_RK,kidney,True,AllocationPriority.PRIORITY_7,D0059,A,POS,KD,43,Oslo,Norway,43,"['A*01', 'A*31']","['B*07', 'B*15']","['C*03', 'C*02']","['DRB1*15', 'DRB1*13']","['DQA1*01:02', 'DQA1*01:01']","['DQB1*06', 'DQB1*03']","['DPA1*01', 'DPA1*01']","['DPB1*01', 'DPB1*03']","['A1', 'A19']","['B7', 'B15']","['Cw3', 'Cw2']","['DR2', 'DR6']","['DQ1', 'DQ1']","['DQ1', 'DQ3']","['DP1', 'DP1']","['DP1', 'DP3']",Bw4/Bw4,nan,R1433,A,POS,Kidney,72,Oslo,Norway,0,"['A*11', 'A*01']","['B*07', 'B*07']","['C*04', 'C*03']","['DRB1*13', 'DRB1*15']","['DQA1*03:01', 'DQA1*01:01']","['DQB1*02', 'DQB1*02']","['DPA1*01', 'DPA1*01']","['DPB1*04', 'DPB1*05']","['A11', 'A1']","['B7', 'B7']","['Cw4', 'Cw3']","['DR6', 'DR2']","['DQ3', 'DQ1']","['DQ2', 'DQ2']","['DP1', 'DP1']","['DP4', 'DP5']",Bw6/Bw6,"['DPB1*424', 'B*46', 'A*32', 'C*05', 'DPA1*02:02', 'B*58', 'A*03']",0.4221,0.4912149999999999,nan,0,2,2,0.0,0.6666666666666667,1.0,603.1672386167969
44,D0060_LK,kidney,False,AllocationPriority.LOCAL,D0060,A,POS,KD,51,Gothenburg,Sweden,44,"['A*01', 'A*02']","['B*44', 'B*44']","['C*07', 'C*08']","['DRB1*13', 'DRB1*11']","['DQA1*01:02', 'DQA1*01:01']","['DQB1*06', 'DQB1*06']","['DPA1*01', 'DPA1*01']","['DPB1*14', 'DPB1*04']","['A1', 'A2']","['B12', 'B12']","['Cw7', 'Cw8']","['DR6', 'DR5']","['DQ1', 'DQ1']","['DQ1', 'DQ1']","['DP1', 'DP1']","['DP14', 'DP4']",Bw4/Bw4,nan,R1212,A,POS,Kidney,89,Gothenburg,Sweden,0,"['A*02', 'A*32']","['B*13', 'B*44']","['C*03', 'C*07']","['DRB1*11', 'DRB1*13']","['DQA1*05:01', 'DQA1*02:01']","['DQB1*05', 'DQB1*06']","['DPA1*01', 'DPA1*01']","['DPB1*04', 'DPB1*04']","['A2', 'A19']","['B13', 'B12']","['Cw3', 'Cw7']","['DR5', 'DR6']","['DQ1', 'DQ2']","['DQ1', 'DQ1']","['DP1', 'DP1']","['DP4', 'DP4']",Bw6/Bw6,"['DQB1*05', 'A*11', 'DPB1*23', 'DQB1*02', 'C*16', 'B*58', 'A*69', 'A*01', 'DPB1*17']",0.588,0.3502,nan,0,1
44,D0060_RK,kidney,True,AllocationPriority.PRIORITY_7,D0060,A,POS,KD,51,Gothenburg,Sweden,44,"['A*01', 'A*02']","['B*44', 'B*44']","['C*07', 'C*08']","['DRB1*13', 'DRB1*11']","['DQA1*01:02', 'DQA1*01:01']","['DQB1*06', 'DQB1*06']","['DPA1*01', 'DPA1*01']","['DPB1*14', 'DPB1*04']","['A1', 'A2']","['B12', 'B12']","['Cw7', 'Cw8']","['DR6', 'DR5']","['DQ1', 'DQ1']","['DQ1', 'DQ1']","['DP1', 'DP1']","['DP14', 'DP4']",Bw4/Bw4,nan,R0353,A,POS,Kidney,72,Gothenburg,Sweden,0,"['A*02', 'A*01']","['B*44', 'B*18']","['C*07', 'C*07']","['DRB1*15', 'DRB1*13']","['DQA1*05:01', 'DQA1*03:01']","['DQB1*02', 'DQB1*03']","['DPA1*01', 'DPA1*01']","['DPB1*01', 'DPB1*04']","['A2', 'A1']","['B12', 'B18']","['Cw7', 'Cw7']","['DR2', 'DR6']","['DQ1', 'DQ3']","['DQ2', 'DQ3']","['DP1', 'DP1']","['DP1', 'DP4']",Bw4/Bw6,[],0.0,0.85,nan,1,0,1,0.0,0.8333333333333334,1.0,664.345423057711
45,D0061_LK,kidney,False,AllocationPriority.LOCAL,D0061,A,NEG,KD,82,Helsinki,Finland,45,"['A*01', 'A*02']","['B*57', 'B*15']","['C*16', 'C*07']","['DRB1*13', 'DRB1*12']","['DQA1*01:01', 'DQA1*02:01']","['DQB1*04', 'DQB1*03']","['DPA1*01', 'DPA1*01']","['DPB1*14', 'DPB1*03']","['A1', 'A2']","['B17', 'B15']","['Cw16', 'Cw7']","['DR6', 'DR5']","['DQ1', 'DQ2']","['DQ4', 'DQ3']","['DP1', 'DP1']","['DP14', 'DP3']",Bw4/Bw4,nan,R0105,A,POS,Kidney,84,Helsinki,Finland,0,"['A*02', 'A*01']","['B*08', 'B*35']","['C*07', 'C*02']","['DRB1*11', 'DRB1*13']","['DQA1*02:01', 'DQA1*01:02']","['DQB1*03', 'DQB1*03']","['DPA1*01', 'DPA1*02:02']","['DPB1*04', 'DPB1*04']","['A2', 'A1']","['B8', 'B35']","['Cw7', 'Cw2']","['DR5', 'DR6']","['DQ2', 'DQ1']","['DQ3', 'DQ3']","['DP1', 'DP2']","['DP4', 'DP4']",Bw6/Bw6,"['A*31', 'A*68', 'B*40', 'A*24', 'A*66', 'DPB1*15', 'DRB1*16']",0.2992,0.59568,nan,0,2
45,D0062_LK,kidney,False,AllocationPriority.PAYBACK,D0062,A,POS,KD,45,Gothenburg,Sweden,45,"['A*02', 'A*02']","['B*48', 'B*35']","['C*05', 'C*08']","['DRB1*04', 'DRB1*03']","['DQA1*05:01', 'DQA1*01:02']","['DQB1*06', 'DQB1*02']","['DPA1*02:02', 'DPA1*01']","['DPB1*04', 'DPB1*04']","['A2', 'A2']","['B48', 'B35']","['Cw5', 'Cw8']","['DR4', 'DR3']","['DQ1', 'DQ1']","['DQ1', 'DQ2']","['DP2', 'DP1']","['DP4', 'DP4']",Bw6/Bw6,nan,R0492,A,POS,Kidney,60,Copenhagen,Denmark,0,"['A*01', 'A*02']","['B*18', 'B*35']","['C*05', 'C*05']","['DRB1*04', 'DRB1*03']","['DQA1*01:02', 'DQA1*03:01']","['DQB1*03', 'DQB1*05']","['DPA1*02:02', 'DPA1*02:02']","['DPB1*04', 'DPB1*01']","['A1', 'A2']","['B18', 'B35']","['Cw5', 'Cw5']","['DR4', 'DR3']","['DQ1', 'DQ3']","['DQ3', 'DQ1']","['DP2', 'DP2']","['DP4', 'DP1']",Bw6/Bw6,[],0.0,0.85,nan,0,1
45,D0061_RK,kidney,True,AllocationPriority.PRIORITY_7,D0061,A,NEG,KD,82,Helsinki,Finland,45,"['A*01', 'A*02']","['B*57', 'B*15']","['C*16', 'C*07']","['DRB1*13', 'DRB1*12']","['DQA1*01:01', 'DQA1*02:01']","['DQB1*04', 'DQB1*03']","['DPA1*01', 'DPA1*01']","['DPB1*14', 'DPB1*03']","['A1', 'A2']","['B17', 'B15']","['Cw16', 'Cw7']","['DR6', 'DR5']","['DQ1', 'DQ2']","['DQ4', 'DQ3']","['DP1', 'DP1']","['DP14', 'DP3']",Bw4/Bw4,nan,R0055,A,POS,Kidney,71,Helsinki,Finland,0,"['A*02', 'A*01']","['B*40', 'B*15']","['C*03', 'C*07']","['DRB1*07', 'DRB1*13']","['DQA1*05:01', 'DQA1*03:01']","['DQB1*04', 'DQB1*05']","['DPA1*01', 'DPA1*01']","['DPB1*05', 'DPB1*04']","['A2', 'A1']","['B40', 'B15']","['Cw3', 'Cw7']","['DR7', 'DR6']","['DQ1', 'DQ3']","['DQ4', 'DQ1']","['DP1', 'DP1']","['DP5', 'DP4']",Bw4/Bw6,[],0.0,0.85,nan,1,1,2,0.0,0.6666666666666667,1.0,603.1672386167969
45,D0062_RK,kidney,True,AllocationPriority.PRIORITY_7,D0062,A,POS,KD,45,Gothenburg,Sweden,45,"['A*02', 'A*02']","['B*48', 'B*35']","['C*05', 'C*08']","['DRB1*04', 'DRB1*03']","['DQA1*05:01', 'DQA1*01:02']","['DQB1*06', 'DQB1*02']","['DPA1*02:02', 'DPA1*01']","['DPB1*04', 'DPB1*04']","['A2', 'A2']","['B48', 'B35']","['Cw5', 'Cw8']","['DR4', 'DR3']","['DQ1', 'DQ1']","['DQ1', 'DQ2']","['DP2', 'DP1']","['DP4', 'DP4']",Bw6/Bw6,nan,R0624,A,POS,Kidney,68,Copenhagen,Denmark,0,"['A*02', 'A*01']","['B*35', 'B*35']","['C*03', 'C*05']","['DRB1*03', 'DRB1*04']","['DQA1*01:03', 'DQA1*03:01']","['DQB1*05', 'DQB1*02']","['DPA1*01', 'DPA1*01']","['DPB1*02', 'DPB1*09']","['A2', 'A1']","['B35', 'B35']","['Cw3', 'Cw5']","['DR3', 'DR4']","['DQ1', 'DQ3']","['DQ1', 'DQ2']","['DP1', 'DP1']","['DP2', 'DP9']",Bw6/Bw6,[],0.0,0.85,nan,0,1,1,228.9232004239295,0.8333333333333334,0.9579354634027974,649.267200588142
46,D0063_LK,kidney,False,AllocationPriority.PAYBACK,D0063,O,NEG,KD,63,Skane,Sweden,46,"['A*02', 'A*03']","['B*15', 'B*51']","['C*16', 'C*07']","['DRB1*04', 'DRB1*15']","['DQA1*01:02', 'DQA1*01:02']","['DQB1*03', 'DQB1*03']","['DPA1*01', 'DPA1*01']","['DPB1*04', 'DPB1*04']","['A2', 'A3']","['B15', 'B5']","['Cw16', 'Cw7']","['DR4', 'DR2']","['DQ1', 'DQ1']","['DQ3', 'DQ3']","['DP1', 'DP1']","['DP4', 'DP4']",Bw4/Bw4,nan,R0792,A,POS,Kidney,49,Copenhagen,Denmark,0,"['A*02', 'A*01']","['B*15', 'B*27']","['C*07', 'C*16']","['DRB1*15', 'DRB1*15']","['DQA1*05:01', 'DQA1*01:03']","['DQB1*02', 'DQB1*06']","['DPA1*01', 'DPA1*01']","['DPB1*05', 'DPB1*01']","['A2', 'A1']","['B15', 'B27']","['Cw7', 'Cw16']","['DR2', 'DR2']","['DQ1', 'DQ1']","['DQ2', 'DQ1']","['DP1', 'DP1']","['DP5', 'DP1']",Bw4/Bw4,"['DRB1*03', 'DQA1*05:01', 'DQA1*01:01', 'C*08', 'B*42', 'DQB1*06', 'A*33', 'B*40']",0.9416,0.0496400000000001,nan
46,D0064_LK,kidney,False,AllocationPriority.LOCAL,D0064,O,POS,KD,86,Helsinki,Finland,46,"['A*01', 'A*23']","['B*07', 'B*27']","['C*12', 'C*05']","['DRB1*12', 'DRB1*15']","['DQA1*05:01', 'DQA1*05:01']","['DQB1*06', 'DQB1*03']","['DPA1*01', 'DPA1*01']","['DPB1*01', 'DPB1*03']","['A1', 'A9']","['B7', 'B27']","['Cw12', 'Cw5']","['DR5', 'DR2']","['DQ1', 'DQ1']","['DQ1', 'DQ3']","['DP1', 'DP1']","['DP1', 'DP3']",Bw4/Bw4,nan,R1084,AB,POS,Kidney,86,Helsinki,Finland,0,"['A*02', 'A*29']","['B*07', 'B*44']","['C*07', 'C*06']","['DRB1*12', 'DRB1*01']","['DQA1*01:02', 'DQA1*03:01']","['DQB1*06', 'DQB1*06']","['DPA1*01', 'DPA1*01']","['DPB1*04', 'DPB1*15']","['A2', 'A19']","['B7', 'B12']","['Cw7', 'Cw6']","['DR5', 'DR1']","['DQ1', 'DQ3']","['DQ1', 'DQ1']","['DP1', 'DP1']","['DP4', 'DP15']",Bw4/Bw4,"['DPB1*35', 'DRB1*01', 'C*07', 'DQB1*04', 'DRB1*13', 'DQA1*01:02', 'DPB1*13', 'C*04', 'DPB1*11']",0.9651,0.0349000000000001,nan,1,3
46,D0065_LK,kidney,False,AllocationPriority.LOCAL,D0065,O,POS,KD,35,Skane,Sweden,46,"['A*02', 'A*02']","['B*51', 'B*40']","['C*03', 'C*05']","['DRB1*13', 'DRB1*04']","['DQA1*05:01', 'DQA1*05:01']","['DQB1*06', 'DQB1*03']","['DPA1*01', 'DPA1*01']","['DPB1*03', 'DPB1*03']","['A2', 'A2']","['B5', 'B40']","['Cw3', 'Cw5']","['DR6', 'DR4']","['DQ1', 'DQ1']","['DQ1', 'DQ3']","['DP1', 'DP1']","['DP3', 'DP3']",Bw4/Bw6,nan,R0949,O,POS,Kidney,73,Skane,Sweden,0,"['A*02', 'A*03']","['B*08', 'B*08']","['C*04', 'C*07']","['DRB1*04', 'DRB1*13']","['DQA1*01:01', 'DQA1*01:01']","['DQB1*02', 'DQB1*03']","['DPA1*01', 'DPA1*02:02']","['DPB1*01', 'DPB1*03']","['A2', 'A3']","['B8', 'B8']","['Cw4', 'Cw7']","['DR4', 'DR6']","['DQ1', 'DQ1']","['DQ2', 'DQ3']","['DP1', 'DP2']","['DP1', 'DP3']",Bw6/Bw6,[],0.0,0.41,nan,0,2
46,D0066_LK,kidney,False,AllocationPriority.LOCAL,D0066,B,POS,KD,64,Gothenburg,Sweden,46,"['A*03', 'A*24']","['B*08', 'B*07']","['C*04', 'C*15']","['DRB1*01', 'DRB1*13']","['DQA1*01:01', 'DQA1*03:01']","['DQB1*03', 'DQB1*03']","['DPA1*01', 'DPA1*01']","['DPB1*02', 'DPB1*02']","['A3', 'A9']","['B8', 'B7']","['Cw4', 'Cw15']","['DR1', 'DR6']","['DQ1', 'DQ3']","['DQ3', 'DQ3']","['DP1', 'DP1']","['DP2', 'DP2']",Bw4/Bw6,nan,R1520,B,POS,Kidney,72,Gothenburg,Sweden,0,"['A*03', 'A*01']","['B*08', 'B*08']","['C*07', 'C*12']","['DRB1*01', 'DRB1*13']","['DQA1*01:02', 'DQA1*01:03']","['DQB1*06', 'DQB1*06']","['DPA1*01', 'DPA1*01']","['DPB1*04', 'DPB1*04']","['A3', 'A1']","['B8', 'B8']","['Cw7', 'Cw12']","['DR1', 'DR6']","['DQ1', 'DQ1']","['DQ1', 'DQ1']","['DP1', 'DP1']","['DP4', 'DP4']",Bw6/Bw6,"['DPA1*02:02', 'DPB1*23', 'DRB1*01', 'B*58', 'B*54', 'B*27', 'DPB1*10', 'DRB1*08', 'C*08']",0.3898,0.317304,nan,0,2
46,D0067_LK,kidney,False,AllocationPriority.LOCAL,D0067,B,POS,KD,21,Oslo,Norway,46,"['A*02', 'A*03']","['B*15', 'B*08']","['C*05', 'C*07']","['DRB1*14', 'DRB1*07']","['DQA1*01:02', 'DQA1*01:02']","['DQB1*02', 'DQB1*02']","['DPA1*01', 'DPA1*01']","['DPB1*01', 'DPB1*04']","['A2', 'A3']","['B15', 'B8']","['Cw5', 'Cw7']","['DR6', 'DR7']","['DQ1', 'DQ1']","['DQ2', 'DQ2']","['DP1', 'DP1']","['DP1', 'DP4']",Bw4/Bw6,nan,R2149,B,POS,Kidney,62,Oslo,Norway,0,"['A*02', 'A*11']","['B*57', 'B*35']","['C*06', 'C*14']","['DRB1*14', 'DRB1*07']","['DQA1*01:03', 'DQA1*03:01']","['DQB1*05', 'DQB1*03']","['DPA1*01', 'DPA1*01']","['DPB1*04', 'DPB1*16']","['A2', 'A11']","['B17', 'B35']","['Cw6', 'Cw14']","['DR6', 'DR7']","['DQ1', 'DQ3']","['DQ1', 'DQ3']","['DP1', 'DP1']","['DP4', 'DP16']",Bw4/Bw6,"['DQA1*02:01', 'A*26', 'C*18', 'C*17', 'C*08', 'DPB1*10', 'DPB1*16', 'DPB1*26', 'B*47']",0.1889,0.421772,nan,0,3
46,D0068_LK,kidney,False,AllocationPriority.LOCAL,D0068,O,POS,KD,20,Oslo,Norway,46,"['A*24', 'A*03']","['B*40', 'B*55']","['C*05', 'C*03']","['DRB1*04', 'DRB1*11']","['DQA1*05:01', 'DQA1*05:01']","['DQB1*06', 'DQB1*06']","['DPA1*01', 'DPA1*01']","['DPB1*04', 'DPB1*03']","['A9', 'A3']","['B40', 'B22']","['Cw5', 'Cw3']","['DR4', 'DR5']","['DQ1', 'DQ1']","['DQ1', 'DQ1']","['DP1', 'DP1']","['DP4', 'DP3']",Bw4/Bw6,nan,R0555,O,POS,Kidney,48,Oslo,Norway,0,"['A*26', 'A*01']","['B*40', 'B*07']","['C*04', 'C*05']","['DRB1*11', 'DRB1*04']","['DQA1*05:01', 'DQA1*01:02']","['DQB1*02', 'DQB1*03']","['DPA1*01', 'DPA1*01']","['DPB1*04', 'DPB1*04']","['A10', 'A1']","['B40', 'B7']","['Cw4', 'Cw5']","['DR5', 'DR4']","['DQ1', 'DQ1']","['DQ2', 'DQ3']","['DP1', 'DP1']","['DP4', 'DP4']",Bw4/Bw6,[],0.0,0.41,nan,0,3
46,D0063_RK,kidney,True,AllocationPriority.PRIORITY_7,D0063,O,NEG,KD,63,Skane,Sweden,46,"['A*02', 'A*03']","['B*15', 'B*51']","['C*16', 'C*07']","['DRB1*04', 'DRB1*15']","['DQA1*01:02', 'DQA1*01:02']","['DQB1*03', 'DQB1*03']","['DPA1*01', 'DPA1*01']","['DPB1*04', 'DPB1*04']","['A2', 'A3']","['B15', 'B5']","['Cw16', 'Cw7']","['DR4', 'DR2']","['DQ1', 'DQ1']","['DQ3', 'DQ3']","['DP1', 'DP1']","['DP4', 'DP4']",Bw4/Bw4,nan,R1994,O,NEG,Kidney,85,Gothenburg,Sweden,0,"['A*03', 'A*02']","['B*15', 'B*44']","['C*07', 'C*03']","['DRB1*04', 'DRB1*15']","['DQA1*01:01', 'DQA1*01:01']","['DQB1*03', 'DQB1*03']","['DPA1*01', 'DPA1*01']","['DPB1*16', 'DPB1*13']","['A3', 'A2']","['B15', 'B12']","['Cw7', 'Cw3']","['DR4', 'DR2']","['DQ1', 'DQ1']","['DQ3', 'DQ3']","['DP1', 'DP1']","['DP16', 'DP13']",Bw4/Bw4,[],0.0,0.41,nan,0,1,1,242.24714531578837,0.8333333333333334,0.9554871944353673,648.3896075574676
46,D0064_RK,kidney,True,AllocationPriority.PRIORITY_7,D0064,O,POS,KD,86,Helsinki,Finland,46,"['A*01', 'A*23']","['B*07', 'B*27']","['C*12', 'C*05']","['DRB1*12', 'DRB1*15']","['DQA1*05:01', 'DQA1*05:01']","['DQB1*06', 'DQB1*03']","['DPA1*01', 'DPA1*01']","['DPB1*01', 'DPB1*03']","['A1', 'A9']","['B7', 'B27']","['Cw12', 'Cw5']","['DR5', 'DR2']","['DQ1', 'DQ1']","['DQ1', 'DQ3']","['DP1', 'DP1']","['DP1', 'DP3']",Bw4/Bw4,nan,R2280,O,POS,Kidney,35,Stockholm,Sweden,22,"['A*03', 'A*01']","['B*27', 'B*07']","['C*07', 'C*07']","['DRB1*15', 'DRB1*01']","['DQA1*01:01', 'DQA1*02:01']","['DQB1*03', 'DQB1*03']","['DPA1*01', 'DPA1*01']","['DPB1*11', 'DPB1*02']","['A3', 'A1']","['B27', 'B7']","['Cw7', 'Cw7']","['DR2', 'DR1']","['DQ1', 'DQ2']","['DQ3', 'DQ3']","['DP1', 'DP1']","['DP11', 'DP2']",Bw4/Bw6,"['C*16', 'C*08', 'B*38', 'DRB1*07', 'DPB1*05']",0.1643,0.3426369999999999,nan,1,1,2,395.64825735091034,0.6666666666666667,0.9272998081009831,577.1075276177072
46,D0065_RK,kidney,True,AllocationPriority.PRIORITY_4,D0065,O,POS,KD,35,Skane,Sweden,46,"['A*02', 'A*02']","['B*51', 'B*40']","['C*03', 'C*05']","['DRB1*13', 'DRB1*04']","['DQA1*05:01', 'DQA1*05:01']","['DQB1*06', 'DQB1*03']","['DPA1*01', 'DPA1*01']","['DPB1*03', 'DPB1*03']","['A2', 'A2']","['B5', 'B40']","['Cw3', 'Cw5']","['DR6', 'DR4']","['DQ1', 'DQ1']","['DQ1', 'DQ3']","['DP1', 'DP1']","['DP3', 'DP3']",Bw4/Bw6,nan,R1081,O,POS,Kidney,10,Skane,Sweden,0,"['A*02', 'A*25']","['B*27', 'B*44']","['C*12', 'C*07']","['DRB1*13', 'DRB1*04']","['DQA1*05:01', 'DQA1*01:03']","['DQB1*02', 'DQB1*05']","['DPA1*01', 'DPA1*01']","['DPB1*05', 'DPB1*03']","['A2', 'A10']","['B27', 'B12']","['Cw12', 'Cw7']","['DR6', 'DR4']","['DQ1', 'DQ1']","['DQ2', 'DQ1']","['DP1', 'DP1']","['DP5', 'DP3']",Bw6/Bw6,[],0.0,0.41,nan
46,D0066_RK,kidney,True,AllocationPriority.PRIORITY_7,D0066,B,POS,KD,64,Gothenburg,Sweden,46,"['A*03', 'A*24']","['B*08', 'B*07']","['C*04', 'C*15']","['DRB1*01', 'DRB1*13']","['DQA1*01:01', 'DQA1*03:01']","['DQB1*03', 'DQB1*03']","['DPA1*01', 'DPA1*01']","['DPB1*02', 'DPB1*02']","['A3', 'A9']","['B8', 'B7']","['Cw4', 'Cw15']","['DR1', 'DR6']","['DQ1', 'DQ3']","['DQ3', 'DQ3']","['DP1', 'DP1']","['DP2', 'DP2']",Bw4/Bw6,nan,R1502,B,POS,Kidney,88,Aarhus,Denmark,0,"['A*24', 'A*11']","['B*08', 'B*07']","['C*04', 'C*07']","['DRB1*13', 'DRB1*01']","['DQA1*03:01', 'DQA1*01:03']","['DQB1*02', 'DQB1*06']","['DPA1*01', 'DPA1*01']","['DPB1*11', 'DPB1*04']","['A9', 'A11']","['B8', 'B7']","['Cw4', 'Cw7']","['DR6', 'DR1']","['DQ3', 'DQ1']","['DQ2', 'DQ1']","['DP1', 'DP1']","['DP11', 'DP4']",Bw4/Bw6,[],0.0,0.52,nan,0,1,1,202.6942002796759,0.8333333333333334,0.9627550305520983,650.9947961249729
46,D0067_RK,kidney,True,AllocationPriority.PRIORITY_7,D0067,B,POS,KD,21,Oslo,Norway,46,"['A*02', 'A*03']","['B*15', 'B*08']","['C*05', 'C*07']","['DRB1*14', 'DRB1*07']","['DQA1*01:02', 'DQA1*01:02']","['DQB1*02', 'DQB1*02']","['DPA1*01', 'DPA1*01']","['DPB1*01', 'DPB1*04']","['A2', 'A3']","['B15', 'B8']","['Cw5', 'Cw7']","['DR6', 'DR7']","['DQ1', 'DQ1']","['DQ2', 'DQ2']","['DP1', 'DP1']","['DP1', 'DP4']",Bw4/Bw6,nan,R2007,B,POS,Kidney,86,Oslo,Norway,0,"['A*02', 'A*03']","['B*08', 'B*15']","['C*07', 'C*03']","['DRB1*04', 'DRB1*08']","['DQA1*01:02', 'DQA1*01:02']","['DQB1*02', 'DQB1*05']","['DPA1*01', 'DPA1*02:02']","['DPB1*04', 'DPB1*04']","['A2', 'A3']","['B8', 'B15']","['Cw7', 'Cw3']","['DR4', 'DR8']","['DQ1', 'DQ1']","['DQ2', 'DQ1']","['DP1', 'DP2']","['DP4', 'DP4']",Bw4/Bw6,"['C*08', 'C*17']",0.0274,0.505752,nan,2,0,2,0.0,0.6666666666666667,1.0,603.1672386167969
46,D0068_RK,kidney,True,AllocationPriority.PRIORITY_7,D0068,O,POS,KD,20,Oslo,Norway,46,"['A*24', 'A*03']","['B*40', 'B*55']","['C*05', 'C*03']","['DRB1*04', 'DRB1*11']","['DQA1*05:01', 'DQA1*05:01']","['DQB1*06', 'DQB1*06']","['DPA1*01', 'DPA1*01']","['DPB1*04', 'DPB1*03']","['A9', 'A3']","['B40', 'B22']","['Cw5', 'Cw3']","['DR4', 'DR5']","['DQ1', 'DQ1']","['DQ1', 'DQ1']","['DP1', 'DP1']","['DP4', 'DP3']",Bw4/Bw6,nan,R0057,O,POS,Kidney,78,Gothenburg,Sweden,0,"['A*24', 'A*02']","['B*44', 'B*40']","['C*14', 'C*02']","['DRB1*11', 'DRB1*04']","['DQA1*05:01', 'DQA1*01:02']","['DQB1*02', 'DQB1*02']","['DPA1*01', 'DPA1*01']","['DPB1*03', 'DPB1*04']","['A9', 'A2']","['B12', 'B40']","['Cw14', 'Cw2']","['DR5', 'DR4']","['DQ1', 'DQ1']","['DQ2', 'DQ2']","['DP1', 'DP1']","['DP3', 'DP4']",Bw4/Bw4,"['A*33', 'DQB1*03', 'DPB1*23', 'DPB1*26', 'DRB1*09', 'B*49']",0.3592,0.262728,nan,0,2,2,255.07748105944097,0.6666666666666667,0.9531296259301052,586.3663420747728
47,D0069_LK,kidney,False,AllocationPriority.PAYBACK,D0069,O,POS,KD,67,Oslo,Norway,47,"['A*01', 'A*33']","['B*40', 'B*40']","['C*14', 'C*03']","['DRB1*04', 'DRB1*09']","['DQA1*03:01', 'DQA1*01:02']","['DQB1*06', 'DQB1*02']","['DPA1*01', 'DPA1*01']","['DPB1*03', 'DPB1*04']","['A1', 'A19']","['B40', 'B40']","['Cw14', 'Cw3']","['DR4', 'DR9']","['DQ3', 'DQ1']","['DQ1', 'DQ2']","['DP1', 'DP1']","['DP3', 'DP4']",Bw4/Bw6,nan,R1388,O,NEG,Kidney,71,Oslo,Norway,0,"['A*11', 'A*32']","['B*40', 'B*57']","['C*03', 'C*06']","['DRB1*09', 'DRB1*04']","['DQA1*03:01', 'DQA1*02:01']","['DQB1*02', 'DQB1*06']","['DPA1*02:02', 'DPA1*01']","['DPB1*04', 'DPB1*06']","['A11', 'A19']","['B40', 'B17']","['Cw3', 'Cw6']","['DR9', 'DR4']","['DQ3', 'DQ2']","['DQ2', 'DQ1']","['DP2', 'DP1']","['DP4', 'DP6']",Bw4/Bw4,[],0.0,0.41,nan,0,1
47,D0069_RK,kidney,True,AllocationPriority.PRIORITY_7,D0069,O,POS,KD,67,Oslo,Norway,47,"['A*01', 'A*33']","['B*40', 'B*40']","['C*14', 'C*03']","['DRB1*04', 'DRB1*09']","['DQA1*03:01', 'DQA1*01:02']","['DQB1*06', 'DQB1*02']","['DPA1*01', 'DPA1*01']","['DPB1*03', 'DPB1*04']","['A1', 'A19']","['B40', 'B40']","['Cw14', 'Cw3']","['DR4', 'DR9']","['DQ3', 'DQ1']","['DQ1', 'DQ2']","['DP1', 'DP1']","['DP3', 'DP4']",Bw4/Bw6,nan,R0223,O,POS,Kidney,83,Oslo,Norway,0,"['A*01', 'A*02']","['B*40', 'B*07']","['C*07', 'C*05']","['DRB1*04', 'DRB1*07']","['DQA1*01:02', 'DQA1*01:02']","['DQB1*06', 'DQB1*03']","['DPA1*01', 'DPA1*02:02']","['DPB1*03', 'DPB1*04']","['A1', 'A2']","['B40', 'B7']","['Cw7', 'Cw5']","['DR4', 'DR7']","['DQ1', 'DQ1']","['DQ1', 'DQ3']","['DP1', 'DP2']","['DP3', 'DP4']",Bw6/Bw6,[],0.0,0.41,nan,1,1,2,0.0,0.6666666666666667,1.0,603.1672386167969
48,D0070_LK,kidney,False,AllocationPriority.LOCAL,D0070,O,POS,KD,17,Odense,Denmark,48,"['A*02', 'A*24']","['B*13', 'B*44']","['C*07', 'C*03']","['DRB1*13', 'DRB1*13']","['DQA1*02:01', 'DQA1*01:02']","['DQB1*03', 'DQB1*02']","['DPA1*01', 'DPA1*01']","['DPB1*03', 'DPB1*02']","['A2', 'A9']","['B13', 'B12']","['Cw7', 'Cw3']","['DR6', 'DR6']","['DQ2', 'DQ1']","['DQ3', 'DQ2']","['DP1', 'DP1']","['DP3', 'DP2']",Bw6/Bw6,nan,R0630,B,POS,Kidney,58,Odense,Denmark,0,"['A*01', 'A*03']","['B*08', 'B*07']","['C*03', 'C*05']","['DRB1*04', 'DRB1*15']","['DQA1*01:01', 'DQA1*01:03']","['DQB1*03', 'DQB1*03']","['DPA1*01', 'DPA1*01']","['DPB1*02', 'DPB1*04']","['A1', 'A3']","['B8', 'B7']","['Cw3', 'Cw5']","['DR4', 'DR2']","['DQ1', 'DQ1']","['DQ3', 'DQ3']","['DP1', 'DP1']","['DP2', 'DP4']",Bw6/Bw6,"['DPB1*04', 'A*69', 'B*51', 'B*15', 'DPB1*31', 'B*55', 'A*03', 'B*49']",0.8813,0.061724,nan
48,D0070_RK,kidney,True,AllocationPriority.PRIORITY_4,D0070,O,POS,KD,17,Odense,Denmark,48,"['A*02', 'A*24']","['B*13', 'B*44']","['C*07', 'C*03']","['DRB1*13', 'DRB1*13']","['DQA1*02:01', 'DQA1*01:02']","['DQB1*03', 'DQB1*02']","['DPA1*01', 'DPA1*01']","['DPB1*03', 'DPB1*02']","['A2', 'A9']","['B13', 'B12']","['Cw7', 'Cw3']","['DR6', 'DR6']","['DQ2', 'DQ1']","['DQ3', 'DQ2']","['DP1', 'DP1']","['DP3', 'DP2']",Bw6/Bw6,nan,R1691,O,POS,Kidney,15,Gothenburg,Sweden,0,"['A*32', 'A*24']","['B*44', 'B*53']","['C*07', 'C*06']","['DRB1*13', 'DRB1*15']","['DQA1*05:01', 'DQA1*01:01']","['DQB1*06', 'DQB1*03']","['DPA1*01', 'DPA1*01']","['DPB1*04', 'DPB1*02']","['A19', 'A9']","['B12', 'B53']","['Cw7', 'Cw6']","['DR6', 'DR2']","['DQ1', 'DQ1']","['DQ1', 'DQ3']","['DP1', 'DP1']","['DP4', 'DP2']",Bw6/Bw6,"['DPB1*24', 'DQB1*06', 'B*73', 'A*68', 'DQB1*03', 'B*35', 'DPB1*06', 'B*41', 'C*14']",0.7666,0.095694,nan
49,D0071_LK,kidney,False,AllocationPriority.PAYBACK,D0071,B,POS,KD,21,Oslo,Norway,49,"['A*03', 'A*24']","['B*35', 'B*07']","['C*07', 'C*03']","['DRB1*04', 'DRB1*13']","['DQA1*05:01', 'DQA1*01:03']","['DQB1*03', 'DQB1*06']","['DPA1*01', 'DPA1*01']","['DPB1*04', 'DPB1*04']","['A3', 'A9']","['B35', 'B7']","['Cw7', 'Cw3']","['DR4', 'DR6']","['DQ1', 'DQ1']","['DQ3', 'DQ1']","['DP1', 'DP1']","['DP4', 'DP4']",Bw4/Bw6,nan,R2277,B,POS,Kidney,88,Oslo,Norway,20,"['A*23', 'A*03']","['B*07', 'B*15']","['C*07', 'C*05']","['DRB1*13', 'DRB1*04']","['DQA1*05:01', 'DQA1*01:02']","['DQB1*03', 'DQB1*02']","['DPA1*02:02', 'DPA1*01']","['DPB1*10', 'DPB1*03']","['A9', 'A3']","['B7', 'B15']","['Cw7', 'Cw5']","['DR6', 'DR4']","['DQ1', 'DQ1']","['DQ3', 'DQ2']","['DP2', 'DP1']","['DP10', 'DP3']",Bw4/Bw4,[],0.0,0.52,nan,0,1
49,D0072_LK,kidney,False,AllocationPriority.LOCAL,D0072,O,POS,KD,60,Skane,Sweden,49,"['A*02', 'A*32']","['B*35', 'B*08']","['C*12', 'C*06']","['DRB1*09', 'DRB1*04']","['DQA1*05:01', 'DQA1*05:01']","['DQB1*05', 'DQB1*06']","['DPA1*01', 'DPA1*02:02']","['DPB1*04', 'DPB1*04']","['A2', 'A19']","['B35', 'B8']","['Cw12', 'Cw6']","['DR9', 'DR4']","['DQ1', 'DQ1']","['DQ1', 'DQ1']","['DP1', 'DP2']","['DP4', 'DP4']",Bw4/Bw6,nan,R1296,O,POS,Kidney,58,Skane,Sweden,0,"['A*24', 'A*01']","['B*35', 'B*08']","['C*05', 'C*07']","['DRB1*09', 'DRB1*04']","['DQA1*03:01', 'DQA1*02:01']","['DQB1*05', 'DQB1*03']","['DPA1*01', 'DPA1*01']","['DPB1*03', 'DPB1*04']","['A9', 'A1']","['B35', 'B8']","['Cw5', 'Cw7']","['DR9', 'DR4']","['DQ3', 'DQ2']","['DQ1', 'DQ3']","['DP1', 'DP1']","['DP3', 'DP4']",Bw4/Bw6,[],0.0,0.41,nan,0,2
49,D0071_RK,kidney,True,AllocationPriority.PRIORITY_4,D0071,B,POS,KD,21,Oslo,Norway,49,"['A*03', 'A*24']","['B*35', 'B*07']","['C*07', 'C*03']","['DRB1*04', 'DRB1*13']","['DQA1*05:01', 'DQA1*01:03']","['DQB1*03', 'DQB1*06']","['DPA1*01', 'DPA1*01']","['DPB1*04', 'DPB1*04']","['A3', 'A9']","['B35', 'B7']","['Cw7', 'Cw3']","['DR4', 'DR6']","['DQ1', 'DQ1']","['DQ3', 'DQ1']","['DP1', 'DP1']","['DP4', 'DP4']",Bw4/Bw6,nan,R0516,B,POS,Kidney,5,Helsinki,Finland,0,"['A*01', 'A*23']","['B*35', 'B*40']","['C*03', 'C*06']","['DRB1*14', 'DRB1*04']","['DQA1*01:01', 'DQA1*05:01']","['DQB1*03', 'DQB1*02']","['DPA1*01', 'DPA1*01']","['DPB1*04', 'DPB1*04']","['A1', 'A9']","['B35', 'B40']","['Cw3', 'Cw6']","['DR6', 'DR4']","['DQ1', 'DQ1']","['DQ3', 'DQ2']","['DP1', 'DP1']","['DP4', 'DP4']",Bw4/Bw6,[],0.0,0.52,nan
49,D0072_RK,kidney,True,AllocationPriority.PRIORITY_7,D0072,O,POS,KD,60,Skane,Sweden,49,"['A*02', 'A*32']","['B*35', 'B*08']","['C*12', 'C*06']","['DRB1*09', 'DRB1*04']","['DQA1*05:01', 'DQA1*05:01']","['DQB1*05', 'DQB1*06']","['DPA1*01', 'DPA1*02:02']","['DPB1*04', 'DPB1*04']","['A2', 'A19']","['B35', 'B8']","['Cw12', 'Cw6']","['DR9', 'DR4']","['DQ1', 'DQ1']","['DQ1', 'DQ1']","['DP1', 'DP2']","['DP4', 'DP4']",Bw4/Bw6,nan,R0902,O,NEG,Kidney,74,Skane,Sweden,0,"['A*01', 'A*02']","['B*08', 'B*35']","['C*07', 'C*07']","['DRB1*04', 'DRB1*03']","['DQA1*03:01', 'DQA1*01:02']","['DQB1*03', 'DQB1*03']","['DPA1*02:02', 'DPA1*02:02']","['DPB1*03', 'DPB1*04']","['A1', 'A2']","['B8', 'B35']","['Cw7', 'Cw7']","['DR4', 'DR3']","['DQ3', 'DQ1']","['DQ3', 'DQ3']","['DP2', 'DP2']","['DP3', 'DP4']",Bw6/Bw6,"['DPB1*09', 'A*24', 'B*38', 'DRB1*08', 'B*42', 'DPB1*23', 'B*58', 'DPB1*20', 'A*68']",0.1987,0.3285329999999999,nan,1,1,2,0.0,0.6666666666666667,1.0,603.1672386167969
50,D0073_LK,kidney,False,AllocationPriority.PAYBACK,D0073,O,POS,KD,78,Oslo,Norway,50,"['A*32', 'A*02']","['B*40', 'B*58']","['C*07', 'C*07']","['DRB1*11', 'DRB1*15']","['DQA1*01:03', 'DQA1*05:01']","['DQB1*02', 'DQB1*03']","['DPA1*01', 'DPA1*01']","['DPB1*03', 'DPB1*03']","['A19', 'A2']","['B40', 'B17']","['Cw7', 'Cw7']","['DR5', 'DR2']","['DQ1', 'DQ1']","['DQ2', 'DQ3']","['DP1', 'DP1']","['DP3', 'DP3']",Bw4/Bw4,nan,R0242,O,POS,Kidney,82,Tartu,Estonia,0,"['A*02', 'A*02']","['B*40', 'B*57']","['C*07', 'C*06']","['DRB1*11', 'DRB1*15']","['DQA1*05:01', 'DQA1*05:01']","['DQB1*02', 'DQB1*06']","['DPA1*01', 'DPA1*01']","['DPB1*04', 'DPB1*05']","['A2', 'A2']","['B40', 'B17']","['Cw7', 'Cw6']","['DR5', 'DR2']","['DQ1', 'DQ1']","['DQ2', 'DQ1']","['DP1', 'DP1']","['DP4', 'DP5']",Bw4/Bw6,[],0.0,0.41,nan,0,1
50,D0074_LK,kidney,False,AllocationPriority.LOCAL,D0074,O,NEG,KD,83,Gothenburg,Sweden,50,"['A*24', 'A*03']","['B*07', 'B*40']","['C*07', 'C*03']","['DRB1*07', 'DRB1*13']","['DQA1*03:01', 'DQA1*01:01']","['DQB1*03', 'DQB1*06']","['DPA1*01', 'DPA1*01']","['DPB1*04', 'DPB1*13']","['A9', 'A3']","['B7', 'B40']","['Cw7', 'Cw3']","['DR7', 'DR6']","['DQ3', 'DQ1']","['DQ3', 'DQ1']","['DP1', 'DP1']","['DP4', 'DP13']",Bw4/Bw6,nan,R0724,O,POS,Kidney,54,Gothenburg,Sweden,0,"['A*03', 'A*23']","['B*44', 'B*40']","['C*17', 'C*02']","['DRB1*07', 'DRB1*13']","['DQA1*05:01', 'DQA1*03:01']","['DQB1*03', 'DQB1*06']","['DPA1*01', 'DPA1*01']","['DPB1*17', 'DPB1*04']","['A3', 'A9']","['B12', 'B40']","['Cw17', 'Cw2']","['DR7', 'DR6']","['DQ1', 'DQ3']","['DQ3', 'DQ1']","['DP1', 'DP1']","['DP17', 'DP4']",Bw4/Bw4,[],0.0,0.41,nan,0,1
50,D0073_RK,kidney,True,AllocationPriority.PRIORITY_7,D0073,O,POS,KD,78,Oslo,Norway,50,"['A*32', 'A*02']","['B*40', 'B*58']","['C*07', 'C*07']","['DRB1*11', 'DRB1*15']","['DQA1*01:03', 'DQA1*05:01']","['DQB1*02', 'DQB1*03']","['DPA1*01', 'DPA1*01']","['DPB1*03', 'DPB1*03']","['A19', 'A2']","['B40', 'B17']","['Cw7', 'Cw7']","['DR5', 'DR2']","['DQ1', 'DQ1']","['DQ2', 'DQ3']","['DP1', 'DP1']","['DP3', 'DP3']",Bw4/Bw4,nan,R0797,O,NEG,Kidney,41,Oslo,Norway,0,"['A*24', 'A*02']","['B*40', 'B*57']","['C*01', 'C*01']","['DRB1*11', 'DRB1*15']","['DQA1*01:01', 'DQA1*01:01']","['DQB1*06', 'DQB1*03']","['DPA1*01', 'DPA1*01']","['DPB1*13', 'DPB1*04']","['A9', 'A2']","['B40', 'B17']","['Cw1', 'Cw1']","['DR5', 'DR2']","['DQ1', 'DQ1']","['DQ1', 'DQ3']","['DP1', 'DP1']","['DP13', 'DP4']",Bw4/Bw4,[],0.0,0.41,nan,0,2,2,0.0,0.6666666666666667,1.0,603.1672386167969
50,D0074_RK,kidney,True,AllocationPriority.PRIORITY_7,D0074,O,NEG,KD,83,Gothenburg,Sweden,50,"['A*24', 'A*03']","['B*07', 'B*40']","['C*07', 'C*03']","['DRB1*07', 'DRB1*13']","['DQA1*03:01', 'DQA1*01:01']","['DQB1*03', 'DQB1*06']","['DPA1*01', 'DPA1*01']","['DPB1*04', 'DPB1*13']","['A9', 'A3']","['B7', 'B40']","['Cw7', 'Cw3']","['DR7', 'DR6']","['DQ3', 'DQ1']","['DQ3', 'DQ1']","['DP1', 'DP1']","['DP4', 'DP13']",Bw4/Bw6,nan,R0922,O,POS,Kidney,74,Stockholm,Sweden,0,"['A*24', 'A*03']","['B*27', 'B*07']","['C*07', 'C*04']","['DRB1*07', 'DRB1*13']","['DQA1*01:02', 'DQA1*03:01']","['DQB1*06', 'DQB1*06']","['DPA1*02:02', 'DPA1*01']","['DPB1*04', 'DPB1*03']","['A9', 'A3']","['B27', 'B7']","['Cw7', 'Cw4']","['DR7', 'DR6']","['DQ1', 'DQ3']","['DQ1', 'DQ1']","['DP2', 'DP1']","['DP4', 'DP3']",Bw4/Bw4,[],0.0,0.41,nan,0,1,1,396.89241836757986,0.8333333333333334,0.9270711940657015,638.2037643287165
51,D0075_LK,kidney,False,AllocationPriority.LOCAL,D0075,O,NEG,KD,52,Oslo,Norway,51,"['A*02', 'A*02']","['B*44', 'B*15']","['C*07', 'C*07']","['DRB1*04', 'DRB1*03']","['DQA1*04:01', 'DQA1*04:01']","['DQB1*06', 'DQB1*02']","['DPA1*01', 'DPA1*02:02']","['DPB1*03', 'DPB1*04']","['A2', 'A2']","['B12', 'B15']","['Cw7', 'Cw7']","['DR4', 'DR3']","['DQ4', 'DQ4']","['DQ1', 'DQ2']","['DP1', 'DP2']","['DP3', 'DP4']",Bw4/Bw4,nan,R0420,O,NEG,Kidney,21,Oslo,Norway,0,"['A*03', 'A*02']","['B*15', 'B*40']","['C*07', 'C*04']","['DRB1*04', 'DRB1*03']","['DQA1*05:01', 'DQA1*01:02']","['DQB1*06', 'DQB1*02']","['DPA1*01', 'DPA1*01']","['DPB1*04', 'DPB1*04']","['A3', 'A2']","['B15', 'B40']","['Cw7', 'Cw4']","['DR4', 'DR3']","['DQ1', 'DQ1']","['DQ1', 'DQ2']","['DP1', 'DP1']","['DP4', 'DP4']",Bw4/Bw6,[],0.0,0.41,nan,0,1
51,D0075_RK,kidney,True,AllocationPriority.PRIORITY_5,D0075,O,NEG,KD,52,Oslo,Norway,51,"['A*02', 'A*02']","['B*44', 'B*15']","['C*07', 'C*07']","['DRB1*04', 'DRB1*03']","['DQA1*04:01', 'DQA1*04:01']","['DQB1*06', 'DQB1*02']","['DPA1*01', 'DPA1*02:02']","['DPB1*03', 'DPB1*04']","['A2', 'A2']","['B12', 'B15']","['Cw7', 'Cw7']","['DR4', 'DR3']","['DQ4', 'DQ4']","['DQ1', 'DQ2']","['DP1', 'DP2']","['DP3', 'DP4']",Bw4/Bw4,nan,R0920,O,POS,Kidney,40,Copenhagen,Denmark,0,"['A*11', 'A*02']","['B*45', 'B*15']","['C*03', 'C*07']","['DRB1*04', 'DRB1*03']","['DQA1*01:02', 'DQA1*03:01']","['DQB1*03', 'DQB1*03']","['DPA1*01', 'DPA1*01']","['DPB1*04', 'DPB1*04']","['A11', 'A2']","['B12', 'B15']","['Cw3', 'Cw7']","['DR4', 'DR3']","['DQ1', 'DQ3']","['DQ3', 'DQ3']","['DP1', 'DP1']","['DP4', 'DP4']",Bw4/Bw4,[],0.0,0.41,nan
52,D0076_LK,kidney,False,AllocationPriority.LOCAL,D0076,O,POS,KD,32,Oslo,Norway,52,"['A*03', 'A*23']","['B*56', 'B*08']","['C*06', 'C*08']","['DRB1*07', 'DRB1*13']","['DQA1*03:01', 'DQA1*01:01']","['DQB1*03', 'DQB1*06']","['DPA1*01', 'DPA1*01']","['DPB1*04', 'DPB1*04']","['A3', 'A9']","['B22', 'B8']","['Cw6', 'Cw8']","['DR7', 'DR6']","['DQ3', 'DQ1']","['DQ3', 'DQ1']","['DP1', 'DP1']","['DP4', 'DP4']",Bw4/Bw6,nan,R0496,O,POS,Kidney,84,Oslo,Norway,0,"['A*02', 'A*03']","['B*44', 'B*40']","['C*03', 'C*04']","['DRB1*13', 'DRB1*07']","['DQA1*01:03', 'DQA1*02:01']","['DQB1*05', 'DQB1*04']","['DPA1*02:02', 'DPA1*01']","['DPB1*04', 'DPB1*04']","['A2', 'A3']","['B12', 'B40']","['Cw3', 'Cw4']","['DR6', 'DR7']","['DQ1', 'DQ2']","['DQ1', 'DQ4']","['DP2', 'DP1']","['DP4', 'DP4']",Bw4/Bw6,[],0.0,0.41,nan,0,3
52,D0076_RK,kidney,True,AllocationPriority.PRIORITY_7,D0076,O,POS,KD,32,Oslo,Norway,52,"['A*03', 'A*23']","['B*56', 'B*08']","['C*06', 'C*08']","['DRB1*07', 'DRB1*13']","['DQA1*03:01', 'DQA1*01:01']","['DQB1*03', 'DQB1*06']","['DPA1*01', 'DPA1*01']","['DPB1*04', 'DPB1*04']","['A3', 'A9']","['B22', 'B8']","['Cw6', 'Cw8']","['DR7', 'DR6']","['DQ3', 'DQ1']","['DQ3', 'DQ1']","['DP1', 'DP1']","['DP4', 'DP4']",Bw4/Bw6,nan,R1954,O,POS,Kidney,77,Tartu,Estonia,0,"['A*03', 'A*01']","['B*08', 'B*07']","['C*03', 'C*08']","['DRB1*13', 'DRB1*07']","['DQA1*02:01', 'DQA1*05:01']","['DQB1*06', 'DQB1*03']","['DPA1*01', 'DPA1*01']","['DPB1*16', 'DPB1*04']","['A3', 'A1']","['B8', 'B7']","['Cw3', 'Cw8']","['DR6', 'DR7']","['DQ2', 'DQ1']","['DQ1', 'DQ3']","['DP1', 'DP1']","['DP16', 'DP4']",Bw6/Bw6,[],0.0,0.41,nan,0,2,2,924.5920287454237,0.6666666666666667,0.8301066245857965,542.2681935344434
53,D0077_LK,kidney,False,AllocationPriority.LOCAL,D0077,B,POS,KD,87,Uppsala,Sweden,53,"['A*02', 'A*31']","['B*40', 'B*51']","['C*07', 'C*07']","['DRB1*15', 'DRB1*04']","['DQA1*03:01', 'DQA1*05:01']","['DQB1*06', 'DQB1*06']","['DPA1*01', 'DPA1*01']","['DPB1*01', 'DPB1*04']","['A2', 'A19']","['B40', 'B5']","['Cw7', 'Cw7']","['DR2', 'DR4']","['DQ3', 'DQ1']","['DQ1', 'DQ1']","['DP1', 'DP1']","['DP1', 'DP4']",Bw4/Bw4,nan,R1540,B,NEG,Kidney,84,Uppsala,Sweden,0,"['A*29', 'A*01']","['B*07', 'B*13']","['C*02', 'C*07']","['DRB1*04', 'DRB1*15']","['DQA1*01:02', 'DQA1*05:01']","['DQB1*05', 'DQB1*04']","['DPA1*01', 'DPA1*01']","['DPB1*16', 'DPB1*04']","['A19', 'A1']","['B7', 'B13']","['Cw2', 'Cw7']","['DR4', 'DR2']","['DQ1', 'DQ1']","['DQ1', 'DQ4']","['DP1', 'DP1']","['DP16', 'DP4']",Bw4/Bw4,[],0.0,0.52,nan,0,3
53,D0077_RK,kidney,True,AllocationPriority.PRIORITY_7,D0077,B,POS,KD,87,Uppsala,Sweden,53,"['A*02', 'A*31']","['B*40', 'B*51']","['C*07', 'C*07']","['DRB1*15', 'DRB1*04']","['DQA1*03:01', 'DQA1*05:01']","['DQB1*06', 'DQB1*06']","['DPA1*01', 'DPA1*01']","['DPB1*01', 'DPB1*04']","['A2', 'A19']","['B40', 'B5']","['Cw7', 'Cw7']","['DR2', 'DR4']","['DQ3', 'DQ1']","['DQ1', 'DQ1']","['DP1', 'DP1']","['DP1', 'DP4']",Bw4/Bw4,nan,R0474,B,POS,Kidney,77,Helsinki,Finland,0,"['A*03', 'A*02']","['B*51', 'B*40']","['C*07', 'C*06']","['DRB1*04', 'DRB1*15']","['DQA1*02:01', 'DQA1*01:02']","['DQB1*02', 'DQB1*03']","['DPA1*01', 'DPA1*01']","['DPB1*04', 'DPB1*03']","['A3', 'A2']","['B5', 'B40']","['Cw7', 'Cw6']","['DR4', 'DR2']","['DQ2', 'DQ1']","['DQ2', 'DQ3']","['DP1', 'DP1']","['DP4', 'DP3']",Bw4/Bw6,[],0.0,0.52,nan,0,1,1,406.75573730697454,0.8333333333333334,0.9252588135829557,637.5541083874177
54,D0078_LK,kidney,False,AllocationPriority.LOCAL,D0078,A,POS,KD,21,Oslo,Norway,54,"['A*02', 'A*02']","['B*07', 'B*08']","['C*05', 'C*03']","['DRB1*04', 'DRB1*13']","['DQA1*03:01', 'DQA1*05:01']","['DQB1*06', 'DQB1*02']","['DPA1*01', 'DPA1*01']","['DPB1*04', 'DPB1*04']","['A2', 'A2']","['B7', 'B8']","['Cw5', 'Cw3']","['DR4', 'DR6']","['DQ3', 'DQ1']","['DQ1', 'DQ2']","['DP1', 'DP1']","['DP4', 'DP4']",Bw6/Bw6,nan,R0346,A,POS,Kidney,68,Oslo,Norway,0,"['A*02', 'A*24']","['B*07', 'B*15']","['C*05', 'C*07']","['DRB1*13', 'DRB1*04']","['DQA1*05:01', 'DQA1*03:01']","['DQB1*06', 'DQB1*03']","['DPA1*01', 'DPA1*01']","['DPB1*04', 'DPB1*04']","['A2', 'A9']","['B7', 'B15']","['Cw5', 'Cw7']","['DR6', 'DR4']","['DQ1', 'DQ3']","['DQ1', 'DQ3']","['DP1', 'DP1']","['DP4', 'DP4']",Bw4/Bw4,"['DQA1*01:01', 'B*27', 'B*58', 'A*24', 'A*30', 'C*01', 'B*38', 'C*14', 'C*02']",0.3987,0.5111049999999999,nan,0,1
54,D0079_LK,kidney,False,AllocationPriority.LOCAL,D0079,O,POS,KD,61,Odense,Denmark,54,"['A*32', 'A*02']","['B*44', 'B*40']","['C*07', 'C*07']","['DRB1*13', 'DRB1*13']","['DQA1*02:01', 'DQA1*04:01']","['DQB1*03', 'DQB1*02']","['DPA1*01', 'DPA1*01']","['DPB1*04', 'DPB1*03']","['A19', 'A2']","['B12', 'B40']","['Cw7', 'Cw7']","['DR6', 'DR6']","['DQ2', 'DQ4']","['DQ3', 'DQ2']","['DP1', 'DP1']","['DP4', 'DP3']",Bw4/Bw4,nan,R0144,O,POS,Kidney,78,Odense,Denmark,0,"['A*01', 'A*32']","['B*40', 'B*40']","['C*01', 'C*04']","['DRB1*03', 'DRB1*13']","['DQA1*01:02', 'DQA1*04:01']","['DQB1*06', 'DQB1*03']","['DPA1*01', 'DPA1*02:02']","['DPB1*01', 'DPB1*04']","['A1', 'A19']","['B40', 'B40']","['Cw1', 'Cw4']","['DR3', 'DR6']","['DQ1', 'DQ4']","['DQ1', 'DQ3']","['DP1', 'DP2']","['DP1', 'DP4']",Bw4/Bw6,[],0.0,0.41,nan,0,2
54,D0080_LK,kidney,False,AllocationPriority.PAYBACK,D0080,A,POS,KD,89,Stockholm,Sweden,54,"['A*02', 'A*02']","['B*07', 'B*44']","['C*02', 'C*07']","['DRB1*04', 'DRB1*13']","['DQA1*01:02', 'DQA1*01:01']","['DQB1*05', 'DQB1*02']","['DPA1*01', 'DPA1*01']","['DPB1*04', 'DPB1*04']","['A2', 'A2']","['B7', 'B12']","['Cw2', 'Cw7']","['DR4', 'DR6']","['DQ1', 'DQ1']","['DQ1', 'DQ2']","['DP1', 'DP1']","['DP4', 'DP4']",Bw4/Bw6,nan,R0124,A,NEG,Kidney,88,Skane,Sweden,0,"['A*02', 'A*01']","['B*40', 'B*44']","['C*03', 'C*07']","['DRB1*14', 'DRB1*04']","['DQA1*02:01', 'DQA1*03:01']","['DQB1*05', 'DQB1*02']","['DPA1*01', 'DPA1*01']","['DPB1*04', 'DPB1*04']","['A2', 'A1']","['B40', 'B12']","['Cw3', 'Cw7']","['DR6', 'DR4']","['DQ2', 'DQ3']","['DQ1', 'DQ2']","['DP1', 'DP1']","['DP4', 'DP4']",Bw4/Bw6,[],0.0,0.85,nan,0,1
54,D0078_RK,kidney,True,AllocationPriority.PRIORITY_5,D0078,A,POS,KD,21,Oslo,Norway,54,"['A*02', 'A*02']","['B*07', 'B*08']","['C*05', 'C*03']","['DRB1*04', 'DRB1*13']","['DQA1*03:01', 'DQA1*05:01']","['DQB1*06', 'DQB1*02']","['DPA1*01', 'DPA1*01']","['DPB1*04', 'DPB1*04']","['A2', 'A2']","['B7', 'B8']","['Cw5', 'Cw3']","['DR4', 'DR6']","['DQ3', 'DQ1']","['DQ1', 'DQ2']","['DP1', 'DP1']","['DP4', 'DP4']",Bw6/Bw6,nan,R2330,A,POS,Kidney,47,Aarhus,Denmark,38,"['A*02', 'A*02']","['B*08', 'B*07']","['C*07', 'C*07']","['DRB1*04', 'DRB1*13']","['DQA1*01:01', 'DQA1*05:01']","['DQB1*02', 'DQB1*06']","['DPA1*01', 'DPA1*01']","['DPB1*09', 'DPB1*04']","['A2', 'A2']","['B8', 'B7']","['Cw7', 'Cw7']","['DR4', 'DR6']","['DQ1', 'DQ1']","['DQ2', 'DQ1']","['DP1', 'DP1']","['DP9', 'DP4']",Bw6/Bw6,[],0.0,0.85,nan
54,D0079_RK,kidney,True,AllocationPriority.PRIORITY_7,D0079,O,POS,KD,61,Odense,Denmark,54,"['A*32', 'A*02']","['B*44', 'B*40']","['C*07', 'C*07']","['DRB1*13', 'DRB1*13']","['DQA1*02:01', 'DQA1*04:01']","['DQB1*03', 'DQB1*02']","['DPA1*01', 'DPA1*01']","['DPB1*04', 'DPB1*03']","['A19', 'A2']","['B12', 'B40']","['Cw7', 'Cw7']","['DR6', 'DR6']","['DQ2', 'DQ4']","['DQ3', 'DQ2']","['DP1', 'DP1']","['DP4', 'DP3']",Bw4/Bw4,nan,R0473,O,POS,Kidney,53,Skane,Sweden,0,"['A*32', 'A*02']","['B*27', 'B*44']","['C*12', 'C*14']","['DRB1*13', 'DRB1*01']","['DQA1*05:01', 'DQA1*01:01']","['DQB1*04', 'DQB1*03']","['DPA1*01', 'DPA1*02:02']","['DPB1*02', 'DPB1*16']","['A19', 'A2']","['B27', 'B12']","['Cw12', 'Cw14']","['DR6', 'DR1']","['DQ1', 'DQ1']","['DQ4', 'DQ3']","['DP1', 'DP2']","['DP2', 'DP16']",Bw6/Bw6,"['B*15', 'B*27', 'C*17', 'B*44', 'C*12', 'DRB1*12', 'DPB1*19', 'DRB1*16']",0.3715,0.257685,nan,0,1,1,165.33340318130047,0.8333333333333334,0.9696200604570402,653.4555969928907
54,D0080_RK,kidney,True,AllocationPriority.PRIORITY_7,D0080,A,POS,KD,89,Stockholm,Sweden,54,"['A*02', 'A*02']","['B*07', 'B*44']","['C*02', 'C*07']","['DRB1*04', 'DRB1*13']","['DQA1*01:02', 'DQA1*01:01']","['DQB1*05', 'DQB1*02']","['DPA1*01', 'DPA1*01']","['DPB1*04', 'DPB1*04']","['A2', 'A2']","['B7', 'B12']","['Cw2', 'Cw7']","['DR4', 'DR6']","['DQ1', 'DQ1']","['DQ1', 'DQ2']","['DP1', 'DP1']","['DP4', 'DP4']",Bw4/Bw6,nan,R0695,A,POS,Kidney,86,Stockholm,Sweden,0,"['A*02', 'A*02']","['B*44', 'B*07']","['C*03', 'C*04']","['DRB1*15', 'DRB1*13']","['DQA1*02:01', 'DQA1*01:01']","['DQB1*03', 'DQB1*03']","['DPA1*01', 'DPA1*01']","['DPB1*14', 'DPB1*03']","['A2', 'A2']","['B12', 'B7']","['Cw3', 'Cw4']","['DR2', 'DR6']","['DQ2', 'DQ1']","['DQ3', 'DQ3']","['DP1', 'DP1']","['DP14', 'DP3']",Bw4/Bw6,[],0.0,0.85,nan,1,0,1,0.0,0.8333333333333334,1.0,664.345423057711
55,D0081_LK,kidney,False,AllocationPriority.LOCAL,D0081,O,POS,KD,87,Helsinki,Finland,55,"['A*02', 'A*03']","['B*27', 'B*46']","['C*05', 'C*03']","['DRB1*15', 'DRB1*04']","['DQA1*01:01', 'DQA1*02:01']","['DQB1*03', 'DQB1*03']","['DPA1*01', 'DPA1*01']","['DPB1*04', 'DPB1*04']","['A2', 'A3']","['B27', 'B46']","['Cw5', 'Cw3']","['DR2', 'DR4']","['DQ1', 'DQ2']","['DQ3', 'DQ3']","['DP1', 'DP1']","['DP4', 'DP4']",Bw4/Bw6,nan,R1623,O,POS,Kidney,68,Helsinki,Finland,0,"['A*02', 'A*02']","['B*15', 'B*27']","['C*03', 'C*07']","['DRB1*15', 'DRB1*04']","['DQA1*01:02', 'DQA1*02:01']","['DQB1*06', 'DQB1*03']","['DPA1*01', 'DPA1*01']","['DPB1*04', 'DPB1*04']","['A2', 'A2']","['B15', 'B27']","['Cw3', 'Cw7']","['DR2', 'DR4']","['DQ1', 'DQ2']","['DQ1', 'DQ3']","['DP1', 'DP1']","['DP4', 'DP4']",Bw4/Bw4,"['B*15', 'B*40', 'C*04', 'DPB1*05', 'DQA1*06:01', 'DQB1*04', 'DRB1*04', 'DRB1*16', 'B*14']",0.6114,0.1593259999999999,nan,0,2
55,D0082_LK,kidney,False,AllocationPriority.PAYBACK,D0082,O,POS,KD,74,Gothenburg,Sweden,55,"['A*23', 'A*01']","['B*44', 'B*15']","['C*06', 'C*07']","['DRB1*13', 'DRB1*13']","['DQA1*01:02', 'DQA1*01:02']","['DQB1*02', 'DQB1*06']","['DPA1*01', 'DPA1*01']","['DPB1*05', 'DPB1*04']","['A9', 'A1']","['B12', 'B15']","['Cw6', 'Cw7']","['DR6', 'DR6']","['DQ1', 'DQ1']","['DQ2', 'DQ1']","['DP1', 'DP1']","['DP5', 'DP4']",Bw6/Bw6,nan,R0099,O,POS,Kidney,80,Uppsala,Sweden,0,"['A*24', 'A*01']","['B*15', 'B*07']","['C*02', 'C*07']","['DRB1*15', 'DRB1*13']","['DQA1*01:02', 'DQA1*05:01']","['DQB1*05', 'DQB1*06']","['DPA1*01', 'DPA1*01']","['DPB1*04', 'DPB1*13']","['A9', 'A1']","['B15', 'B7']","['Cw2', 'Cw7']","['DR2', 'DR6']","['DQ1', 'DQ1']","['DQ1', 'DQ1']","['DP1', 'DP1']","['DP4', 'DP13']",Bw4/Bw4,[],0.0,0.41,nan,0,1
55,D0083_LK,kidney,False,AllocationPriority.LOCAL,D0083,A,POS,KD,18,Skane,Sweden,55,"['A*01', 'A*03']","['B*40', 'B*27']","['C*07', 'C*15']","['DRB1*03', 'DRB1*15']","['DQA1*01:02', 'DQA1*01:02']","['DQB1*02', 'DQB1*04']","['DPA1*01', 'DPA1*01']","['DPB1*04', 'DPB1*04']","['A1', 'A3']","['B40', 'B27']","['Cw7', 'Cw15']","['DR3', 'DR2']","['DQ1', 'DQ1']","['DQ2', 'DQ4']","['DP1', 'DP1']","['DP4', 'DP4']",Bw4/Bw6,nan,R1446,A,NEG,Kidney,77,Skane,Sweden,0,"['A*11', 'A*32']","['B*40', 'B*07']","['C*01', 'C*14']","['DRB1*03', 'DRB1*15']","['DQA1*05:01', 'DQA1*01:03']","['DQB1*06', 'DQB1*06']","['DPA1*01', 'DPA1*01']","['DPB1*03', 'DPB1*04']","['A11', 'A19']","['B40', 'B7']","['Cw1', 'Cw14']","['DR3', 'DR2']","['DQ1', 'DQ1']","['DQ1', 'DQ1']","['DP1', 'DP1']","['DP3', 'DP4']",Bw4/Bw6,[],0.0,0.85,nan,0,3
55,D0081_RK,kidney,True,AllocationPriority.PRIORITY_7,D0081,O,POS,KD,87,Helsinki,Finland,55,"['A*02', 'A*03']","['B*27', 'B*46']","['C*05', 'C*03']","['DRB1*15', 'DRB1*04']","['DQA1*01:01', 'DQA1*02:01']","['DQB1*03', 'DQB1*03']","['DPA1*01', 'DPA1*01']","['DPB1*04', 'DPB1*04']","['A2', 'A3']","['B27', 'B46']","['Cw5', 'Cw3']","['DR2', 'DR4']","['DQ1', 'DQ2']","['DQ3', 'DQ3']","['DP1', 'DP1']","['DP4', 'DP4']",Bw4/Bw6,nan,R1786,O,NEG,Kidney,79,Helsinki,Finland,0,"['A*03', 'A*02']","['B*27', 'B*27']","['C*06', 'C*15']","['DRB1*04', 'DRB1*04']","['DQA1*01:03', 'DQA1*01:03']","['DQB1*03', 'DQB1*03']","['DPA1*01', 'DPA1*02:02']","['DPB1*04', 'DPB1*04']","['A3', 'A2']","['B27', 'B27']","['Cw6', 'Cw15']","['DR4', 'DR4']","['DQ1', 'DQ1']","['DQ3', 'DQ3']","['DP1', 'DP2']","['DP4', 'DP4']",Bw4/Bw4,"['C*08', 'DRB1*09', 'DPB1*23', 'B*46', 'B*52', 'B*48', 'DPB1*16', 'C*06', 'C*18']",0.1182,0.3615379999999999,nan,1,1,2,0.0,0.6666666666666667,1.0,603.1672386167969
55,D0082_RK,kidney,True,AllocationPriority.PAYBACK,D0082,O,POS,KD,74,Gothenburg,Sweden,55,"['A*23', 'A*01']","['B*44', 'B*15']","['C*06', 'C*07']","['DRB1*13', 'DRB1*13']","['DQA1*01:02', 'DQA1*01:02']","['DQB1*02', 'DQB1*06']","['DPA1*01', 'DPA1*01']","['DPB1*05', 'DPB1*04']","['A9', 'A1']","['B12', 'B15']","['Cw6', 'Cw7']","['DR6', 'DR6']","['DQ1', 'DQ1']","['DQ2', 'DQ1']","['DP1', 'DP1']","['DP5', 'DP4']",Bw6/Bw6,nan,R0658,O,POS,Kidney,76,Aarhus,Denmark,0,"['A*01', 'A*24']","['B*44', 'B*07']","['C*05', 'C*07']","['DRB1*04', 'DRB1*13']","['DQA1*05:01', 'DQA1*01:02']","['DQB1*02', 'DQB1*05']","['DPA1*01', 'DPA1*01']","['DPB1*03', 'DPB1*04']","['A1', 'A9']","['B12', 'B7']","['Cw5', 'Cw7']","['DR4', 'DR6']","['DQ1', 'DQ1']","['DQ2', 'DQ1']","['DP1', 'DP1']","['DP3', 'DP4']",Bw4/Bw4,"['DPB1*13', 'C*14', 'DPB1*115', 'DRB1*12', 'DRB1*04']",0.2404,0.311436,nan,0,1
55,D0083_RK,kidney,True,AllocationPriority.PRIORITY_7,D0083,A,POS,KD,18,Skane,Sweden,55,"['A*01', 'A*03']","['B*40', 'B*27']","['C*07', 'C*15']","['DRB1*03', 'DRB1*15']","['DQA1*01:02', 'DQA1*01:02']","['DQB1*02', 'DQB1*04']","['DPA1*01', 'DPA1*01']","['DPB1*04', 'DPB1*04']","['A1', 'A3']","['B40', 'B27']","['Cw7', 'Cw15']","['DR3', 'DR2']","['DQ1', 'DQ1']","['DQ2', 'DQ4']","['DP1', 'DP1']","['DP4', 'DP4']",Bw4/Bw6,nan,R0415,A,NEG,Kidney,78,Copenhagen,Denmark,0,"['A*03', 'A*11']","['B*40', 'B*07']","['C*04', 'C*07']","['DRB1*15', 'DRB1*03']","['DQA1*01:02', 'DQA1*03:01']","['DQB1*02', 'DQB1*05']","['DPA1*01', 'DPA1*01']","['DPB1*01', 'DPB1*02']","['A3', 'A11']","['B40', 'B7']","['Cw4', 'Cw7']","['DR2', 'DR3']","['DQ1', 'DQ3']","['DQ2', 'DQ1']","['DP1', 'DP1']","['DP1', 'DP2']",Bw6/Bw6,[],0.0,0.85,nan,0,2,2,28.452846136850336,0.6666666666666667,0.9947718021353811,601.2931675608735
57,D0084_LK,kidney,False,AllocationPriority.PAYBACK,D0084,A,POS,KD,45,Copenhagen,Denmark,57,"['A*03', 'A*01']","['B*27', 'B*14']","['C*05', 'C*07']","['DRB1*15', 'DRB1*01']","['DQA1*05:01', 'DQA1*02:01']","['DQB1*02', 'DQB1*03']","['DPA1*01', 'DPA1*01']","['DPB1*04', 'DPB1*04']","['A3', 'A1']","['B27', 'B14']","['Cw5', 'Cw7']","['DR2', 'DR1']","['DQ1', 'DQ2']","['DQ2', 'DQ3']","['DP1', 'DP1']","['DP4', 'DP4']",Bw4/Bw6,nan,R0094,A,POS,Kidney,89,Aarhus,Denmark,0,"['A*03', 'A*31']","['B*35', 'B*27']","['C*07', 'C*07']","['DRB1*15', 'DRB1*01']","['DQA1*01:01', 'DQA1*01:01']","['DQB1*06', 'DQB1*06']","['DPA1*01', 'DPA1*01']","['DPB1*04', 'DPB1*04']","['A3', 'A19']","['B35', 'B27']","['Cw7', 'Cw7']","['DR2', 'DR1']","['DQ1', 'DQ1']","['DQ1', 'DQ1']","['DP1', 'DP1']","['DP4', 'DP4']",Bw4/Bw4,"['DQB1*02', 'B*58', 'C*03', 'DQB1*04', 'DPB1*11', 'A*01', 'B*27', 'C*14', 'DRB1*13']",0.8408,0.13532,nan,0,2
57,D0085_LK,kidney,False,AllocationPriority.LOCAL,D0085,A,POS,KD,22,Helsinki,Finland,57,"['A*25', 'A*29']","['B*07', 'B*40']","['C*07', 'C*04']","['DRB1*03', 'DRB1*01']","['DQA1*01:02', 'DQA1*01:02']","['DQB1*05', 'DQB1*06']","['DPA1*01', 'DPA1*01']","['DPB1*03', 'DPB1*23']","['A10', 'A19']","['B7', 'B40']","['Cw7', 'Cw4']","['DR3', 'DR1']","['DQ1', 'DQ1']","['DQ1', 'DQ1']","['DP1', 'DP1']","['DP3', 'DP23']",Bw4/Bw4,nan,R0181,A,POS,Kidney,83,Helsinki,Finland,0,"['A*24', 'A*68']","['B*40', 'B*07']","['C*12', 'C*03']","['DRB1*01', 'DRB1*03']","['DQA1*03:01', 'DQA1*05:01']","['DQB1*02', 'DQB1*03']","['DPA1*01', 'DPA1*01']","['DPB1*01', 'DPB1*05']","['A9', 'A28']","['B40', 'B7']","['Cw12', 'Cw3']","['DR1', 'DR3']","['DQ3', 'DQ1']","['DQ2', 'DQ3']","['DP1', 'DP1']","['DP1', 'DP5']",Bw4/Bw6,"['DPB1*24', 'DQA1*04:01', 'A*31', 'DPB1*06', 'B*08', 'B*57', 'DPB1*31', 'DPB1*19']",0.2569,0.631635,nan,0,2
57,D0084_RK,kidney,True,AllocationPriority.PRIORITY_7,D0084,A,POS,KD,45,Copenhagen,Denmark,57,"['A*03', 'A*01']","['B*27', 'B*14']","['C*05', 'C*07']","['DRB1*15', 'DRB1*01']","['DQA1*05:01', 'DQA1*02:01']","['DQB1*02', 'DQB1*03']","['DPA1*01', 'DPA1*01']","['DPB1*04', 'DPB1*04']","['A3', 'A1']","['B27', 'B14']","['Cw5', 'Cw7']","['DR2', 'DR1']","['DQ1', 'DQ2']","['DQ2', 'DQ3']","['DP1', 'DP1']","['DP4', 'DP4']",Bw4/Bw6,nan,R1632,A,POS,Kidney,83,Aarhus,Denmark,0,"['A*02', 'A*01']","['B*51', 'B*27']","['C*03', 'C*03']","['DRB1*15', 'DRB1*01']","['DQA1*03:01', 'DQA1*05:01']","['DQB1*02', 'DQB1*05']","['DPA1*01', 'DPA1*01']","['DPB1*19', 'DPB1*04']","['A2', 'A1']","['B5', 'B27']","['Cw3', 'Cw3']","['DR2', 'DR1']","['DQ3', 'DQ1']","['DQ2', 'DQ1']","['DP1', 'DP1']","['DP19', 'DP4']",Bw4/Bw4,[],0.0,0.85,nan,0,2,2,156.94272365318082,0.6666666666666667,0.9711618441007791,592.8300718384166
57,D0085_RK,kidney,True,AllocationPriority.PRIORITY_7,D0085,A,POS,KD,22,Helsinki,Finland,57,"['A*25', 'A*29']","['B*07', 'B*40']","['C*07', 'C*04']","['DRB1*03', 'DRB1*01']","['DQA1*01:02', 'DQA1*01:02']","['DQB1*05', 'DQB1*06']","['DPA1*01', 'DPA1*01']","['DPB1*03', 'DPB1*23']","['A10', 'A19']","['B7', 'B40']","['Cw7', 'Cw4']","['DR3', 'DR1']","['DQ1', 'DQ1']","['DQ1', 'DQ1']","['DP1', 'DP1']","['DP3', 'DP23']",Bw4/Bw4,nan,R1988,A,NEG,Kidney,80,Uppsala,Sweden,0,"['A*02', 'A*02']","['B*07', 'B*40']","['C*07', 'C*07']","['DRB1*03', 'DRB1*01']","['DQA1*01:01', 'DQA1*01:02']","['DQB1*03', 'DQB1*03']","['DPA1*02:02', 'DPA1*01']","['DPB1*03', 'DPB1*06']","['A2', 'A2']","['B7', 'B40']","['Cw7', 'Cw7']","['DR3', 'DR1']","['DQ1', 'DQ1']","['DQ3', 'DQ3']","['DP2', 'DP1']","['DP3', 'DP6']",Bw6/Bw6,[],0.0,0.85,nan,0,2,2,406.75573730697454,0.6666666666666667,0.9252588135829557,576.3759239465037
58,D0086_LK,kidney,False,AllocationPriority.LOCAL,D0086,A,NEG,KD,19,Oslo,Norway,58,"['A*32', 'A*24']","['B*08', 'B*18']","['C*07', 'C*04']","['DRB1*04', 'DRB1*15']","['DQA1*01:03', 'DQA1*05:01']","['DQB1*02', 'DQB1*05']","['DPA1*01', 'DPA1*01']","['DPB1*04', 'DPB1*20']","['A19', 'A9']","['B8', 'B18']","['Cw7', 'Cw4']","['DR4', 'DR2']","['DQ1', 'DQ1']","['DQ2', 'DQ1']","['DP1', 'DP1']","['DP4', 'DP20']",Bw4/Bw4,nan,R2042,A,POS,Kidney,62,Oslo,Norway,0,"['A*31', 'A*24']","['B*08', 'B*07']","['C*07', 'C*06']","['DRB1*04', 'DRB1*15']","['DQA1*05:01', 'DQA1*04:01']","['DQB1*02', 'DQB1*06']","['DPA1*01', 'DPA1*01']","['DPB1*02', 'DPB1*04']","['A19', 'A9']","['B8', 'B7']","['Cw7', 'Cw6']","['DR4', 'DR2']","['DQ1', 'DQ4']","['DQ2', 'DQ1']","['DP1', 'DP1']","['DP2', 'DP4']",Bw4/Bw4,"['B*47', 'DQB1*05', 'B*45', 'DPB1*10', 'B*15', 'DPB1*06', 'C*14', 'DRB1*13', 'DQA1*04:01']",0.466,0.4539,nan,0,1
58,D0087_LK,kidney,False,AllocationPriority.LOCAL,D0087,A,POS,KD,20,Reykjavik,Iceland,58,"['A*02', 'A*31']","['B*51', 'B*18']","['C*03', 'C*12']","['DRB1*08', 'DRB1*13']","['DQA1*01:01', 'DQA1*01:03']","['DQB1*06', 'DQB1*02']","['DPA1*01', 'DPA1*01']","['DPB1*04', 'DPB1*14']","['A2', 'A19']","['B5', 'B18']","['Cw3', 'Cw12']","['DR8', 'DR6']","['DQ1', 'DQ1']","['DQ1', 'DQ2']","['DP1', 'DP1']","['DP4', 'DP14']",Bw4/Bw4,nan,R1937,A,NEG,Kidney,55,Reykjavik,Iceland,0,"['A*23', 'A*32']","['B*44', 'B*07']","['C*12', 'C*05']","['DRB1*03', 'DRB1*13']","['DQA1*03:01', 'DQA1*01:02']","['DQB1*03', 'DQB1*06']","['DPA1*01', 'DPA1*01']","['DPB1*16', 'DPB1*04']","['A9', 'A19']","['B12', 'B7']","['Cw12', 'Cw5']","['DR3', 'DR6']","['DQ3', 'DQ1']","['DQ3', 'DQ1']","['DP1', 'DP1']","['DP16', 'DP4']",Bw6/Bw6,"['DRB1*12', 'DPB1*31', 'B*48', 'C*05', 'DPB1*19', 'B*58', 'B*56', 'DPA1*02:02', 'A*34']",0.271,0.6196499999999999,nan,1,3
58,D0088_LK,kidney,False,AllocationPriority.LOCAL,D0088,B,POS,KD,20,Stockholm,Sweden,58,"['A*24', 'A*03']","['B*44', 'B*35']","['C*07', 'C*05']","['DRB1*07', 'DRB1*13']","['DQA1*01:03', 'DQA1*01:01']","['DQB1*06', 'DQB1*03']","['DPA1*02:02', 'DPA1*01']","['DPB1*04', 'DPB1*04']","['A9', 'A3']","['B12', 'B35']","['Cw7', 'Cw5']","['DR7', 'DR6']","['DQ1', 'DQ1']","['DQ1', 'DQ3']","['DP2', 'DP1']","['DP4', 'DP4']",Bw4/Bw4,nan,R0646,B,POS,Kidney,47,Stockholm,Sweden,0,"['A*02', 'A*03']","['B*08', 'B*44']","['C*01', 'C*07']","['DRB1*11', 'DRB1*07']","['DQA1*04:01', 'DQA1*01:03']","['DQB1*02', 'DQB1*05']","['DPA1*01', 'DPA1*01']","['DPB1*02', 'DPB1*01']","['A2', 'A3']","['B8', 'B12']","['Cw1', 'Cw7']","['DR5', 'DR7']","['DQ4', 'DQ1']","['DQ2', 'DQ1']","['DP1', 'DP1']","['DP2', 'DP1']",Bw4/Bw6,[],0.0,0.52,nan,1,2
58,D0086_RK,kidney,True,AllocationPriority.PRIORITY_7,D0086,A,NEG,KD,19,Oslo,Norway,58,"['A*32', 'A*24']","['B*08', 'B*18']","['C*07', 'C*04']","['DRB1*04', 'DRB1*15']","['DQA1*01:03', 'DQA1*05:01']","['DQB1*02', 'DQB1*05']","['DPA1*01', 'DPA1*01']","['DPB1*04', 'DPB1*20']","['A19', 'A9']","['B8', 'B18']","['Cw7', 'Cw4']","['DR4', 'DR2']","['DQ1', 'DQ1']","['DQ2', 'DQ1']","['DP1', 'DP1']","['DP4', 'DP20']",Bw4/Bw4,nan,R0079,A,POS,Kidney,77,Oslo,Norway,0,"['A*24', 'A*24']","['B*08', 'B*18']","['C*05', 'C*03']","['DRB1*03', 'DRB1*04']","['DQA1*03:01', 'DQA1*01:02']","['DQB1*06', 'DQB1*06']","['DPA1*02:02', 'DPA1*01']","['DPB1*04', 'DPB1*02']","['A9', 'A9']","['B8', 'B18']","['Cw5', 'Cw3']","['DR3', 'DR4']","['DQ3', 'DQ1']","['DQ1', 'DQ1']","['DP2', 'DP1']","['DP4', 'DP2']",Bw4/Bw4,"['DPB1*02', 'B*18', 'A*11', 'B*49', 'DRB1*10', 'DRB1*03', 'DRB1*12', 'B*40', 'C*05']",0.6085,0.332775,nan,1,1,2,0.0,0.6666666666666667,1.0,603.1672386167969
58,D0087_RK,kidney,True,AllocationPriority.PRIORITY_7,D0087,A,POS,KD,20,Reykjavik,Iceland,58,"['A*02', 'A*31']","['B*51', 'B*18']","['C*03', 'C*12']","['DRB1*08', 'DRB1*13']","['DQA1*01:01', 'DQA1*01:03']","['DQB1*06', 'DQB1*02']","['DPA1*01', 'DPA1*01']","['DPB1*04', 'DPB1*14']","['A2', 'A19']","['B5', 'B18']","['Cw3', 'Cw12']","['DR8', 'DR6']","['DQ1', 'DQ1']","['DQ1', 'DQ2']","['DP1', 'DP1']","['DP4', 'DP14']",Bw4/Bw4,nan,R2259,A,POS,Kidney,78,Gothenburg,Sweden,15,"['A*31', 'A*02']","['B*51', 'B*08']","['C*05', 'C*07']","['DRB1*13', 'DRB1*01']","['DQA1*03:01', 'DQA1*01:02']","['DQB1*03', 'DQB1*02']","['DPA1*02:02', 'DPA1*01']","['DPB1*04', 'DPB1*04']","['A19', 'A2']","['B5', 'B8']","['Cw5', 'Cw7']","['DR6', 'DR1']","['DQ3', 'DQ1']","['DQ3', 'DQ2']","['DP2', 'DP1']","['DP4', 'DP4']",Bw4/Bw4,[],0.0,0.85,nan,1,1,2,1936.3256330817694,0.6666666666666667,0.6442010232862562,475.62949401481364
58,D0088_RK,kidney,True,AllocationPriority.PRIORITY_7,D0088,B,POS,KD,20,Stockholm,Sweden,58,"['A*24', 'A*03']","['B*44', 'B*35']","['C*07', 'C*05']","['DRB1*07', 'DRB1*13']","['DQA1*01:03', 'DQA1*01:01']","['DQB1*06', 'DQB1*03']","['DPA1*02:02', 'DPA1*01']","['DPB1*04', 'DPB1*04']","['A9', 'A3']","['B12', 'B35']","['Cw7', 'Cw5']","['DR7', 'DR6']","['DQ1', 'DQ1']","['DQ1', 'DQ3']","['DP2', 'DP1']","['DP4', 'DP4']",Bw4/Bw4,nan,R2133,B,POS,Kidney,19,Uppsala,Sweden,0,"['A*01', 'A*24']","['B*44', 'B*44']","['C*07', 'C*07']","['DRB1*13', 'DRB1*07']","['DQA1*01:03', 'DQA1*03:01']","['DQB1*03', 'DQB1*05']","['DPA1*01', 'DPA1*01']","['DPB1*04', 'DPB1*05']","['A1', 'A9']","['B12', 'B12']","['Cw7', 'Cw7']","['DR6', 'DR7']","['DQ1', 'DQ3']","['DQ3', 'DQ1']","['DP1', 'DP1']","['DP4', 'DP5']",Bw6/Bw6,"['B*38', 'C*07', 'A*74', 'B*37', 'DRB1*11', 'DPB1*10', 'B*45', 'B*51', 'DPB1*23']",0.466,0.27768,nan,0,2,2,63.62967887203856,0.6666666666666667,0.9883080747140327,598.9762153744033
61,D0089_LK,kidney,False,AllocationPriority.LOCAL,D0089,B,POS,KD,71,Copenhagen,Denmark,61,"['A*11', 'A*02']","['B*44', 'B*15']","['C*07', 'C*15']","['DRB1*08', 'DRB1*11']","['DQA1*01:02', 'DQA1*01:01']","['DQB1*05', 'DQB1*06']","['DPA1*01', 'DPA1*01']","['DPB1*02', 'DPB1*02']","['A11', 'A2']","['B12', 'B15']","['Cw7', 'Cw15']","['DR8', 'DR5']","['DQ1', 'DQ1']","['DQ1', 'DQ1']","['DP1', 'DP1']","['DP2', 'DP2']",Bw4/Bw4,nan,R1050,B,NEG,Kidney,85,Copenhagen,Denmark,0,"['A*11', 'A*24']","['B*15', 'B*56']","['C*03', 'C*04']","['DRB1*07', 'DRB1*08']","['DQA1*02:01', 'DQA1*01:01']","['DQB1*02', 'DQB1*03']","['DPA1*01', 'DPA1*02:02']","['DPB1*04', 'DPB1*05']","['A11', 'A9']","['B15', 'B22']","['Cw3', 'Cw4']","['DR7', 'DR8']","['DQ2', 'DQ1']","['DQ2', 'DQ3']","['DP1', 'DP2']","['DP4', 'DP5']",Bw4/Bw4,"['B*50', 'A*24', 'C*05', 'C*18', 'DRB1*08', 'C*07', 'B*18', 'DRB1*12']",0.6269,0.194012,nan,1,2
61,D0090_LK,kidney,False,AllocationPriority.PAYBACK,D0090,A,NEG,KD,18,Copenhagen,Denmark,61,"['A*02', 'A*68']","['B*51', 'B*49']","['C*04', 'C*06']","['DRB1*04', 'DRB1*15']","['DQA1*01:02', 'DQA1*01:02']","['DQB1*06', 'DQB1*06']","['DPA1*02:02', 'DPA1*01']","['DPB1*04', 'DPB1*04']","['A2', 'A28']","['B5', 'B21']","['Cw4', 'Cw6']","['DR4', 'DR2']","['DQ1', 'DQ1']","['DQ1', 'DQ1']","['DP2', 'DP1']","['DP4', 'DP4']",Bw4/Bw4,nan,R0842,A,POS,Kidney,66,Copenhagen,Denmark,0,"['A*02', 'A*68']","['B*08', 'B*08']","['C*07', 'C*07']","['DRB1*15', 'DRB1*04']","['DQA1*05:01', 'DQA1*01:01']","['DQB1*02', 'DQB1*02']","['DPA1*01', 'DPA1*01']","['DPB1*04', 'DPB1*04']","['A2', 'A28']","['B8', 'B8']","['Cw7', 'Cw7']","['DR2', 'DR4']","['DQ1', 'DQ1']","['DQ2', 'DQ2']","['DP1', 'DP1']","['DP4', 'DP4']",Bw6/Bw6,"['C*05', 'C*15', 'A*23', 'A*74', 'DPB1*24', 'B*13', 'A*31', 'B*51', 'DRB1*14']",0.2262,0.65773,nan,0,2
61,D0089_RK,kidney,True,AllocationPriority.PRIORITY_7,D0089,B,POS,KD,71,Copenhagen,Denmark,61,"['A*11', 'A*02']","['B*44', 'B*15']","['C*07', 'C*15']","['DRB1*08', 'DRB1*11']","['DQA1*01:02', 'DQA1*01:01']","['DQB1*05', 'DQB1*06']","['DPA1*01', 'DPA1*01']","['DPB1*02', 'DPB1*02']","['A11', 'A2']","['B12', 'B15']","['Cw7', 'Cw15']","['DR8', 'DR5']","['DQ1', 'DQ1']","['DQ1', 'DQ1']","['DP1', 'DP1']","['DP2', 'DP2']",Bw4/Bw4,nan,R0006,B,POS,Kidney,73,Gothenburg,Sweden,0,"['A*11', 'A*02']","['B*44', 'B*44']","['C*01', 'C*03']","['DRB1*11', 'DRB1*11']","['DQA1*04:01', 'DQA1*02:01']","['DQB1*03', 'DQB1*06']","['DPA1*01', 'DPA1*01']","['DPB1*03', 'DPB1*04']","['A11', 'A2']","['B12', 'B12']","['Cw1', 'Cw3']","['DR5', 'DR5']","['DQ4', 'DQ2']","['DQ3', 'DQ1']","['DP1', 'DP1']","['DP3', 'DP4']",Bw4/Bw4,[],0.0,0.52,nan,1,1,2,228.9232004239295,0.6666666666666667,0.9579354634027974,588.089016147228
61,D0090_RK,kidney,True,AllocationPriority.PRIORITY_7,D0090,A,NEG,KD,18,Copenhagen,Denmark,61,"['A*02', 'A*68']","['B*51', 'B*49']","['C*04', 'C*06']","['DRB1*04', 'DRB1*15']","['DQA1*01:02', 'DQA1*01:02']","['DQB1*06', 'DQB1*06']","['DPA1*02:02', 'DPA1*01']","['DPB1*04', 'DPB1*04']","['A2', 'A28']","['B5', 'B21']","['Cw4', 'Cw6']","['DR4', 'DR2']","['DQ1', 'DQ1']","['DQ1', 'DQ1']","['DP2', 'DP1']","['DP4', 'DP4']",Bw4/Bw4,nan,R2063,A,POS,Kidney,86,Skane,Sweden,0,"['A*01', 'A*68']","['B*07', 'B*51']","['C*16', 'C*16']","['DRB1*15', 'DRB1*04']","['DQA1*01:02', 'DQA1*01:02']","['DQB1*02', 'DQB1*03']","['DPA1*01', 'DPA1*01']","['DPB1*02', 'DPB1*04']","['A1', 'A28']","['B7', 'B5']","['Cw16', 'Cw16']","['DR2', 'DR4']","['DQ1', 'DQ1']","['DQ2', 'DQ3']","['DP1', 'DP1']","['DP2', 'DP4']",Bw4/Bw6,[],0.0,0.85,nan,0,2,2,28.452846136850336,0.6666666666666667,0.9947718021353811,601.2931675608735
62,D0091_LK,kidney,False,AllocationPriority.LOCAL,D0091,O,POS,KD,46,Oslo,Norway,62,"['A*03', 'A*01']","['B*07', 'B*08']","['C*12', 'C*07']","['DRB1*03', 'DRB1*15']","['DQA1*05:01', 'DQA1*03:01']","['DQB1*03', 'DQB1*06']","['DPA1*02:02', 'DPA1*01']","['DPB1*04', 'DPB1*01']","['A3', 'A1']","['B7', 'B8']","['Cw12', 'Cw7']","['DR3', 'DR2']","['DQ1', 'DQ3']","['DQ3', 'DQ1']","['DP2', 'DP1']","['DP4', 'DP1']",Bw6/Bw6,nan,R0198,O,NEG,Kidney,35,Oslo,Norway,0,"['A*01', 'A*25']","['B*44', 'B*51']","['C*07', 'C*07']","['DRB1*03', 'DRB1*15']","['DQA1*01:02', 'DQA1*05:01']","['DQB1*02', 'DQB1*06']","['DPA1*01', 'DPA1*01']","['DPB1*01', 'DPB1*03']","['A1', 'A10']","['B12', 'B5']","['Cw7', 'Cw7']","['DR3', 'DR2']","['DQ1', 'DQ1']","['DQ2', 'DQ1']","['DP1', 'DP1']","['DP1', 'DP3']",Bw6/Bw6,"['B*07', 'DPB1*51', 'DQA1*01:01', 'DQA1*03:01', 'B*13', 'DPB1*09', 'DPB1*23', 'C*17', 'B*57']",0.5424,0.1876159999999999,nan,0,3
62,D0092_LK,kidney,False,AllocationPriority.LOCAL,D0092,A,POS,KD,28,Copenhagen,Denmark,62,"['A*02', 'A*02']","['B*07', 'B*44']","['C*05', 'C*03']","['DRB1*15', 'DRB1*15']","['DQA1*05:01', 'DQA1*03:01']","['DQB1*06', 'DQB1*02']","['DPA1*01', 'DPA1*01']","['DPB1*02', 'DPB1*04']","['A2', 'A2']","['B7', 'B12']","['Cw5', 'Cw3']","['DR2', 'DR2']","['DQ1', 'DQ3']","['DQ1', 'DQ2']","['DP1', 'DP1']","['DP2', 'DP4']",Bw4/Bw6,nan,R0320,A,NEG,Kidney,78,Copenhagen,Denmark,0,"['A*02', 'A*02']","['B*08', 'B*07']","['C*07', 'C*07']","['DRB1*15', 'DRB1*15']","['DQA1*01:02', 'DQA1*05:01']","['DQB1*02', 'DQB1*06']","['DPA1*01', 'DPA1*01']","['DPB1*04', 'DPB1*20']","['A2', 'A2']","['B8', 'B7']","['Cw7', 'Cw7']","['DR2', 'DR2']","['DQ1', 'DQ1']","['DQ2', 'DQ1']","['DP1', 'DP1']","['DP4', 'DP20']",Bw6/Bw6,[],0.0,0.85,nan,0,1
62,D0091_RK,kidney,True,AllocationPriority.PRIORITY_7,D0091,O,POS,KD,46,Oslo,Norway,62,"['A*03', 'A*01']","['B*07', 'B*08']","['C*12', 'C*07']","['DRB1*03', 'DRB1*15']","['DQA1*05:01', 'DQA1*03:01']","['DQB1*03', 'DQB1*06']","['DPA1*02:02', 'DPA1*01']","['DPB1*04', 'DPB1*01']","['A3', 'A1']","['B7', 'B8']","['Cw12', 'Cw7']","['DR3', 'DR2']","['DQ1', 'DQ3']","['DQ3', 'DQ1']","['DP2', 'DP1']","['DP4', 'DP1']",Bw6/Bw6,nan,R0461,O,POS,Kidney,59,Oslo,Norway,0,"['A*03', 'A*01']","['B*08', 'B*07']","['C*07', 'C*08']","['DRB1*15', 'DRB1*13']","['DQA1*04:01', 'DQA1*01:03']","['DQB1*02', 'DQB1*06']","['DPA1*01', 'DPA1*01']","['DPB1*03', 'DPB1*06']","['A3', 'A1']","['B8', 'B7']","['Cw7', 'Cw8']","['DR2', 'DR6']","['DQ4', 'DQ1']","['DQ2', 'DQ1']","['DP1', 'DP1']","['DP3', 'DP6']",Bw6/Bw6,[],0.0,0.41,nan,1,0,1,0.0,0.8333333333333334,1.0,664.345423057711
62,D0092_RK,kidney,True,AllocationPriority.PRIORITY_3,D0092,A,POS,KD,28,Copenhagen,Denmark,62,"['A*02', 'A*02']","['B*07', 'B*44']","['C*05', 'C*03']","['DRB1*15', 'DRB1*15']","['DQA1*05:01', 'DQA1*03:01']","['DQB1*06', 'DQB1*02']","['DPA1*01', 'DPA1*01']","['DPB1*02', 'DPB1*04']","['A2', 'A2']","['B7', 'B12']","['Cw5', 'Cw3']","['DR2', 'DR2']","['DQ1', 'DQ3']","['DQ1', 'DQ2']","['DP1', 'DP1']","['DP2', 'DP4']",Bw4/Bw6,nan,R0643,A,POS,Kidney,63,Uppsala,Sweden,0,"['A*02', 'A*01']","['B*07', 'B*44']","['C*14', 'C*03']","['DRB1*15', 'DRB1*13']","['DQA1*04:01', 'DQA1*04:01']","['DQB1*06', 'DQB1*04']","['DPA1*01', 'DPA1*01']","['DPB1*01', 'DPB1*03']","['A2', 'A1']","['B7', 'B12']","['Cw14', 'Cw3']","['DR2', 'DR6']","['DQ4', 'DQ4']","['DQ1', 'DQ4']","['DP1', 'DP1']","['DP1', 'DP3']",Bw4/Bw6,"['A*23', 'A*66', 'DRB1*03', 'B*46', 'C*02']",0.205,0.67575,nan,0,0
63,D0093_LK,kidney,False,AllocationPriority.LOCAL,D0093,O,POS,KD,21,Oslo,Norway,63,"['A*01', 'A*01']","['B*57', 'B*40']","['C*15', 'C*07']","['DRB1*03', 'DRB1*04']","['DQA1*02:01', 'DQA1*01:02']","['DQB1*03', 'DQB1*03']","['DPA1*02:02', 'DPA1*01']","['DPB1*04', 'DPB1*03']","['A1', 'A1']","['B17', 'B40']","['Cw15', 'Cw7']","['DR3', 'DR4']","['DQ2', 'DQ1']","['DQ3', 'DQ3']","['DP2', 'DP1']","['DP4', 'DP3']",Bw4/Bw6,nan,R0622,O,NEG,Kidney,81,Oslo,Norway,0,"['A*01', 'A*01']","['B*44', 'B*51']","['C*03', 'C*03']","['DRB1*03', 'DRB1*04']","['DQA1*02:01', 'DQA1*05:01']","['DQB1*06', 'DQB1*06']","['DPA1*01', 'DPA1*01']","['DPB1*04', 'DPB1*04']","['A1', 'A1']","['B12', 'B5']","['Cw3', 'Cw3']","['DR3', 'DR4']","['DQ2', 'DQ1']","['DQ1', 'DQ1']","['DP1', 'DP1']","['DP4', 'DP4']",Bw4/Bw4,"['DRB1*04', 'A*30', 'DQB1*03', 'DPB1*01', 'B*13', 'B*37', 'DPB1*26', 'DPB1*129']",0.6243,0.1540369999999999,nan,0,2
63,D0093_RK,kidney,True,AllocationPriority.PRIORITY_7,D0093,O,POS,KD,21,Oslo,Norway,63,"['A*01', 'A*01']","['B*57', 'B*40']","['C*15', 'C*07']","['DRB1*03', 'DRB1*04']","['DQA1*02:01', 'DQA1*01:02']","['DQB1*03', 'DQB1*03']","['DPA1*02:02', 'DPA1*01']","['DPB1*04', 'DPB1*03']","['A1', 'A1']","['B17', 'B40']","['Cw15', 'Cw7']","['DR3', 'DR4']","['DQ2', 'DQ1']","['DQ3', 'DQ3']","['DP2', 'DP1']","['DP4', 'DP3']",Bw4/Bw6,nan,R1240,O,POS,Kidney,69,Oslo,Norway,0,"['A*25', 'A*01']","['B*56', 'B*40']","['C*06', 'C*01']","['DRB1*15', 'DRB1*04']","['DQA1*02:01', 'DQA1*02:01']","['DQB1*06', 'DQB1*03']","['DPA1*01', 'DPA1*01']","['DPB1*04', 'DPB1*04']","['A10', 'A1']","['B22', 'B40']","['Cw6', 'Cw1']","['DR2', 'DR4']","['DQ2', 'DQ2']","['DQ1', 'DQ3']","['DP1', 'DP1']","['DP4', 'DP4']",Bw4/Bw6,[],0.0,0.41,nan,1,1,2,0.0,0.6666666666666667,1.0,603.1672386167969
64,D0094_LK,kidney,False,AllocationPriority.LOCAL,D0094,A,NEG,KD,37,Helsinki,Finland,64,"['A*11', 'A*02']","['B*07', 'B*35']","['C*07', 'C*07']","['DRB1*13', 'DRB1*04']","['DQA1*01:01', 'DQA1*01:02']","['DQB1*06', 'DQB1*03']","['DPA1*01', 'DPA1*01']","['DPB1*04', 'DPB1*04']","['A11', 'A2']","['B7', 'B35']","['Cw7', 'Cw7']","['DR6', 'DR4']","['DQ1', 'DQ1']","['DQ1', 'DQ3']","['DP1', 'DP1']","['DP4', 'DP4']",Bw6/Bw6,nan,R0905,A,NEG,Kidney,79,Helsinki,Finland,0,"['A*02', 'A*11']","['B*15', 'B*07']","['C*03', 'C*06']","['DRB1*04', 'DRB1*13']","['DQA1*01:03', 'DQA1*01:01']","['DQB1*03', 'DQB1*06']","['DPA1*02:02', 'DPA1*01']","['DPB1*04', 'DPB1*19']","['A2', 'A11']","['B15', 'B7']","['Cw3', 'Cw6']","['DR4', 'DR6']","['DQ1', 'DQ1']","['DQ3', 'DQ1']","['DP2', 'DP1']","['DP4', 'DP19']",Bw4/Bw6,[],0.0,0.85,nan,0,1
64,D0095_LK,kidney,False,AllocationPriority.PAYBACK,D0095,A,POS,KD,60,Stockholm,Sweden,64,"['A*02', 'A*68']","['B*07', 'B*57']","['C*08', 'C*04']","['DRB1*03', 'DRB1*11']","['DQA1*02:01', 'DQA1*05:01']","['DQB1*05', 'DQB1*03']","['DPA1*01', 'DPA1*01']","['DPB1*04', 'DPB1*06']","['A2', 'A28']","['B7', 'B17']","['Cw8', 'Cw4']","['DR3', 'DR5']","['DQ2', 'DQ1']","['DQ1', 'DQ3']","['DP1', 'DP1']","['DP4', 'DP6']",Bw4/Bw6,nan,R0674,A,POS,Kidney,49,Gothenburg,Sweden,0,"['A*02', 'A*02']","['B*07', 'B*44']","['C*05', 'C*03']","['DRB1*11', 'DRB1*03']","['DQA1*05:01', 'DQA1*01:02']","['DQB1*06', 'DQB1*06']","['DPA1*01', 'DPA1*01']","['DPB1*09', 'DPB1*03']","['A2', 'A2']","['B7', 'B12']","['Cw5', 'Cw3']","['DR5', 'DR3']","['DQ1', 'DQ1']","['DQ1', 'DQ1']","['DP1', 'DP1']","['DP9', 'DP3']",Bw4/Bw6,"['A*25', 'DPB1*09', 'DPB1*129', 'C*17', 'A*31', 'A*03', 'DPB1*35', 'A*29']",0.2447,0.642005,nan,0,2
64,D0096_LK,kidney,False,AllocationPriority.LOCAL,D0096,B,POS,KD,60,Oslo,Norway,64,"['A*03', 'A*26']","['B*44', 'B*51']","['C*03', 'C*03']","['DRB1*04', 'DRB1*07']","['DQA1*02:01', 'DQA1*02:01']","['DQB1*03', 'DQB1*03']","['DPA1*01', 'DPA1*02:02']","['DPB1*04', 'DPB1*02']","['A3', 'A10']","['B12', 'B5']","['Cw3', 'Cw3']","['DR4', 'DR7']","['DQ2', 'DQ2']","['DQ3', 'DQ3']","['DP1', 'DP2']","['DP4', 'DP2']",Bw6/Bw6,nan,R0370,B,NEG,Kidney,34,Oslo,Norway,0,"['A*02', 'A*25']","['B*44', 'B*35']","['C*03', 'C*07']","['DRB1*07', 'DRB1*03']","['DQA1*03:01', 'DQA1*01:02']","['DQB1*05', 'DQB1*05']","['DPA1*01', 'DPA1*01']","['DPB1*04', 'DPB1*02']","['A2', 'A10']","['B12', 'B35']","['Cw3', 'Cw7']","['DR7', 'DR3']","['DQ3', 'DQ1']","['DQ1', 'DQ1']","['DP1', 'DP1']","['DP4', 'DP2']",Bw4/Bw4,"['DQA1*06:01', 'DPB1*19', 'DPA1*02:02', 'B*53', 'DPB1*11', 'DPB1*04', 'B*14', 'B*46', 'A*32']",0.7833,0.1126839999999999,nan,1,2
64,D0094_RK,kidney,True,AllocationPriority.PRIORITY_7,D0094,A,NEG,KD,37,Helsinki,Finland,64,"['A*11', 'A*02']","['B*07', 'B*35']","['C*07', 'C*07']","['DRB1*13', 'DRB1*04']","['DQA1*01:01', 'DQA1*01:02']","['DQB1*06', 'DQB1*03']","['DPA1*01', 'DPA1*01']","['DPB1*04', 'DPB1*04']","['A11', 'A2']","['B7', 'B35']","['Cw7', 'Cw7']","['DR6', 'DR4']","['DQ1', 'DQ1']","['DQ1', 'DQ3']","['DP1', 'DP1']","['DP4', 'DP4']",Bw6/Bw6,nan,R2040,A,POS,Kidney,43,Uppsala,Sweden,0,"['A*02', 'A*02']","['B*35', 'B*07']","['C*03', 'C*07']","['DRB1*13', 'DRB1*04']","['DQA1*02:01', 'DQA1*01:02']","['DQB1*03', 'DQB1*02']","['DPA1*01', 'DPA1*02:02']","['DPB1*04', 'DPB1*04']","['A2', 'A2']","['B35', 'B7']","['Cw3', 'Cw7']","['DR6', 'DR4']","['DQ2', 'DQ1']","['DQ3', 'DQ2']","['DP1', 'DP2']","['DP4', 'DP4']",Bw6/Bw6,"['DPB1*19', 'A*03', 'A*33', 'B*55', 'DQB1*06', 'C*17', 'A*23', 'B*39', 'A*31']",0.5521,0.3807150000000001,nan,0,1,1,406.75573730697454,0.8333333333333334,0.9252588135829557,637.5541083874177
64,D0095_RK,kidney,True,AllocationPriority.PAYBACK,D0095,A,POS,KD,60,Stockholm,Sweden,64,"['A*02', 'A*68']","['B*07', 'B*57']","['C*08', 'C*04']","['DRB1*03', 'DRB1*11']","['DQA1*02:01', 'DQA1*05:01']","['DQB1*05', 'DQB1*03']","['DPA1*01', 'DPA1*01']","['DPB1*04', 'DPB1*06']","['A2', 'A28']","['B7', 'B17']","['Cw8', 'Cw4']","['DR3', 'DR5']","['DQ2', 'DQ1']","['DQ1', 'DQ3']","['DP1', 'DP1']","['DP4', 'DP6']",Bw4/Bw6,nan,R0900,A,POS,Kidney,56,Gothenburg,Sweden,0,"['A*02', 'A*03']","['B*07', 'B*14']","['C*05', 'C*05']","['DRB1*11', 'DRB1*03']","['DQA1*01:03', 'DQA1*01:02']","['DQB1*06', 'DQB1*03']","['DPA1*01', 'DPA1*02:02']","['DPB1*04', 'DPB1*04']","['A2', 'A3']","['B7', 'B14']","['Cw5', 'Cw5']","['DR5', 'DR3']","['DQ1', 'DQ1']","['DQ1', 'DQ3']","['DP1', 'DP2']","['DP4', 'DP4']",Bw6/Bw6,"['DPB1*115', 'DPB1*424', 'B*58', 'B*18', 'B*27', 'B*49', 'DPB1*11', 'B*50', 'DPB1*14']",0.1421,0.729215,nan,0,2
64,D0096_RK,kidney,True,AllocationPriority.PRIORITY_7,D0096,B,POS,KD,60,Oslo,Norway,64,"['A*03', 'A*26']","['B*44', 'B*51']","['C*03', 'C*03']","['DRB1*04', 'DRB1*07']","['DQA1*02:01', 'DQA1*02:01']","['DQB1*03', 'DQB1*03']","['DPA1*01', 'DPA1*02:02']","['DPB1*04', 'DPB1*02']","['A3', 'A10']","['B12', 'B5']","['Cw3', 'Cw3']","['DR4', 'DR7']","['DQ2', 'DQ2']","['DQ3', 'DQ3']","['DP1', 'DP2']","['DP4', 'DP2']",Bw6/Bw6,nan,R1032,B,POS,Kidney,78,Helsinki,Finland,0,"['A*03', 'A*26']","['B*51', 'B*08']","['C*07', 'C*07']","['DRB1*04', 'DRB1*03']","['DQA1*03:01', 'DQA1*01:01']","['DQB1*03', 'DQB1*03']","['DPA1*01', 'DPA1*01']","['DPB1*04', 'DPB1*03']","['A3', 'A10']","['B5', 'B8']","['Cw7', 'Cw7']","['DR4', 'DR3']","['DQ3', 'DQ1']","['DQ3', 'DQ3']","['DP1', 'DP1']","['DP4', 'DP3']",Bw4/Bw4,[],0.0,0.52,nan,1,1,2,786.5519919158309,0.6666666666666667,0.8554714201606649,551.3603186714747
65,D0097_LK,kidney,False,AllocationPriority.LOCAL,D0097,O,POS,KD,37,Helsinki,Finland,65,"['A*11', 'A*24']","['B*44', 'B*40']","['C*07', 'C*07']","['DRB1*11', 'DRB1*07']","['DQA1*03:01', 'DQA1*01:03']","['DQB1*06', 'DQB1*02']","['DPA1*02:02', 'DPA1*01']","['DPB1*05', 'DPB1*04']","['A11', 'A9']","['B12', 'B40']","['Cw7', 'Cw7']","['DR5', 'DR7']","['DQ3', 'DQ1']","['DQ1', 'DQ2']","['DP2', 'DP1']","['DP5', 'DP4']",Bw4/Bw4,nan,R0715,O,POS,Kidney,77,Helsinki,Finland,0,"['A*68', 'A*11']","['B*07', 'B*08']","['C*07', 'C*07']","['DRB1*07', 'DRB1*11']","['DQA1*02:01', 'DQA1*02:01']","['DQB1*02', 'DQB1*05']","['DPA1*01', 'DPA1*01']","['DPB1*04', 'DPB1*04']","['A28', 'A11']","['B7', 'B8']","['Cw7', 'Cw7']","['DR7', 'DR5']","['DQ2', 'DQ2']","['DQ2', 'DQ1']","['DP1', 'DP1']","['DP4', 'DP4']",Bw6/Bw6,"['DPB1*23', 'C*06', 'B*51', 'B*47', 'A*31', 'DRB1*13', 'A*26', 'B*54', 'C*15']",0.3114,0.2823259999999999,nan,0,3
65,D0097_RK,kidney,True,AllocationPriority.PRIORITY_7,D0097,O,POS,KD,37,Helsinki,Finland,65,"['A*11', 'A*24']","['B*44', 'B*40']","['C*07', 'C*07']","['DRB1*11', 'DRB1*07']","['DQA1*03:01', 'DQA1*01:03']","['DQB1*06', 'DQB1*02']","['DPA1*02:02', 'DPA1*01']","['DPB1*05', 'DPB1*04']","['A11', 'A9']","['B12', 'B40']","['Cw7', 'Cw7']","['DR5', 'DR7']","['DQ3', 'DQ1']","['DQ1', 'DQ2']","['DP2', 'DP1']","['DP5', 'DP4']",Bw4/Bw4,nan,R2271,O,POS,Kidney,67,Helsinki,Finland,19,"['A*24', 'A*01']","['B*44', 'B*40']","['C*07', 'C*02']","['DRB1*15', 'DRB1*11']","['DQA1*05:01', 'DQA1*01:01']","['DQB1*05', 'DQB1*06']","['DPA1*01', 'DPA1*01']","['DPB1*04', 'DPB1*04']","['A9', 'A1']","['B12', 'B40']","['Cw7', 'Cw2']","['DR2', 'DR5']","['DQ1', 'DQ1']","['DQ1', 'DQ1']","['DP1', 'DP1']","['DP4', 'DP4']",Bw4/Bw4,[],0.0,0.41,nan,1,1,2,0.0,0.6666666666666667,1.0,603.1672386167969
66,D0098_LK,kidney,False,AllocationPriority.LOCAL,D0098,O,POS,KD,75,Odense,Denmark,66,"['A*66', 'A*03']","['B*07', 'B*35']","['C*05', 'C*07']","['DRB1*01', 'DRB1*03']","['DQA1*01:01', 'DQA1*03:01']","['DQB1*06', 'DQB1*03']","['DPA1*01', 'DPA1*01']","['DPB1*02', 'DPB1*04']","['A10', 'A3']","['B7', 'B35']","['Cw5', 'Cw7']","['DR1', 'DR3']","['DQ1', 'DQ3']","['DQ1', 'DQ3']","['DP1', 'DP1']","['DP2', 'DP4']",Bw4/Bw6,nan,R0868,O,NEG,Kidney,73,Odense,Denmark,0,"['A*24', 'A*02']","['B*40', 'B*57']","['C*07', 'C*07']","['DRB1*01', 'DRB1*03']","['DQA1*04:01', 'DQA1*01:02']","['DQB1*05', 'DQB1*03']","['DPA1*01', 'DPA1*01']","['DPB1*04', 'DPB1*04']","['A9', 'A2']","['B40', 'B17']","['Cw7', 'Cw7']","['DR1', 'DR3']","['DQ4', 'DQ1']","['DQ1', 'DQ3']","['DP1', 'DP1']","['DP4', 'DP4']",Bw4/Bw4,[],0.0,0.41,nan,0,4
66,D0098_RK,kidney,True,AllocationPriority.PRIORITY_7,D0098,O,POS,KD,75,Odense,Denmark,66,"['A*66', 'A*03']","['B*07', 'B*35']","['C*05', 'C*07']","['DRB1*01', 'DRB1*03']","['DQA1*01:01', 'DQA1*03:01']","['DQB1*06', 'DQB1*03']","['DPA1*01', 'DPA1*01']","['DPB1*02', 'DPB1*04']","['A10', 'A3']","['B7', 'B35']","['Cw5', 'Cw7']","['DR1', 'DR3']","['DQ1', 'DQ3']","['DQ1', 'DQ3']","['DP1', 'DP1']","['DP2', 'DP4']",Bw4/Bw6,nan,R0809,O,POS,Kidney,85,Skane,Sweden,0,"['A*01', 'A*03']","['B*35', 'B*14']","['C*07', 'C*12']","['DRB1*03', 'DRB1*01']","['DQA1*02:01', 'DQA1*01:02']","['DQB1*06', 'DQB1*02']","['DPA1*01', 'DPA1*01']","['DPB1*01', 'DPB1*04']","['A1', 'A3']","['B35', 'B14']","['Cw7', 'Cw12']","['DR3', 'DR1']","['DQ2', 'DQ1']","['DQ1', 'DQ2']","['DP1', 'DP1']","['DP1', 'DP4']",Bw6/Bw6,[],0.0,0.41,nan,0,2,2,165.33340318130047,0.6666666666666667,0.9696200604570402,592.2774125519767
68,D0099_LK,kidney,False,AllocationPriority.PAYBACK,D0099,O,POS,KD,54,Stockholm,Sweden,68,"['A*25', 'A*02']","['B*40', 'B*15']","['C*07', 'C*03']","['DRB1*13', 'DRB1*03']","['DQA1*01:02', 'DQA1*05:01']","['DQB1*02', 'DQB1*05']","['DPA1*02:02', 'DPA1*01']","['DPB1*19', 'DPB1*02']","['A10', 'A2']","['B40', 'B15']","['Cw7', 'Cw3']","['DR6', 'DR3']","['DQ1', 'DQ1']","['DQ2', 'DQ1']","['DP2', 'DP1']","['DP19', 'DP2']",Bw4/Bw4,nan,R2093,B,POS,Kidney,86,Helsinki,Finland,0,"['A*02', 'A*11']","['B*07', 'B*08']","['C*04', 'C*02']","['DRB1*15', 'DRB1*15']","['DQA1*05:01', 'DQA1*03:01']","['DQB1*03', 'DQB1*03']","['DPA1*01', 'DPA1*01']","['DPB1*04', 'DPB1*04']","['A2', 'A11']","['B7', 'B8']","['Cw4', 'Cw2']","['DR2', 'DR2']","['DQ1', 'DQ3']","['DQ3', 'DQ3']","['DP1', 'DP1']","['DP4', 'DP4']",Bw6/Bw6,"['A*11', 'DRB1*14', 'B*35', 'DRB1*11', 'DQA1*02:01', 'DQB1*03', 'B*51', 'DPB1*11', 'B*44']",0.8325,0.0871,nan
68,D0099_RK,kidney,True,AllocationPriority.PRIORITY_7,D0099,O,POS,KD,54,Stockholm,Sweden,68,"['A*25', 'A*02']","['B*40', 'B*15']","['C*07', 'C*03']","['DRB1*13', 'DRB1*03']","['DQA1*01:02', 'DQA1*05:01']","['DQB1*02', 'DQB1*05']","['DPA1*02:02', 'DPA1*01']","['DPB1*19', 'DPB1*02']","['A10', 'A2']","['B40', 'B15']","['Cw7', 'Cw3']","['DR6', 'DR3']","['DQ1', 'DQ1']","['DQ2', 'DQ1']","['DP2', 'DP1']","['DP19', 'DP2']",Bw4/Bw4,nan,R0573,O,POS,Kidney,77,Stockholm,Sweden,0,"['A*30', 'A*02']","['B*40', 'B*15']","['C*04', 'C*07']","['DRB1*04', 'DRB1*13']","['DQA1*05:01', 'DQA1*05:01']","['DQB1*03', 'DQB1*02']","['DPA1*01', 'DPA1*01']","['DPB1*04', 'DPB1*10']","['A19', 'A2']","['B40', 'B15']","['Cw4', 'Cw7']","['DR4', 'DR6']","['DQ1', 'DQ1']","['DQ3', 'DQ2']","['DP1', 'DP1']","['DP4', 'DP10']",Bw4/Bw4,[],0.0,0.41,nan,1,1,2,0.0,0.6666666666666667,1.0,603.1672386167969
69,D0100_LK,kidney,False,AllocationPriority.LOCAL,D0100,A,POS,KD,57,Skane,Sweden,69,"['A*24', 'A*01']","['B*57', 'B*08']","['C*06', 'C*02']","['DRB1*07', 'DRB1*15']","['DQA1*05:01', 'DQA1*03:01']","['DQB1*03', 'DQB1*05']","['DPA1*01', 'DPA1*01']","['DPB1*02', 'DPB1*02']","['A9', 'A1']","['B17', 'B8']","['Cw6', 'Cw2']","['DR7', 'DR2']","['DQ1', 'DQ3']","['DQ3', 'DQ1']","['DP1', 'DP1']","['DP2', 'DP2']",Bw4/Bw4,nan,R1799,A,POS,Kidney,64,Skane,Sweden,0,"['A*23', 'A*03']","['B*44', 'B*57']","['C*02', 'C*04']","['DRB1*15', 'DRB1*07']","['DQA1*05:01', 'DQA1*03:01']","['DQB1*06', 'DQB1*02']","['DPA1*01', 'DPA1*01']","['DPB1*31', 'DPB1*01']","['A9', 'A3']","['B12', 'B17']","['Cw2', 'Cw4']","['DR2', 'DR7']","['DQ1', 'DQ3']","['DQ1', 'DQ2']","['DP1', 'DP1']","['DP31', 'DP1']",Bw6/Bw6,"['B*38', 'DPB1*03', 'C*02', 'A*29', 'B*54', 'B*47', 'B*13', 'B*51', 'DPB1*09']",0.242,0.6443,nan,0,2
69,D0101_LK,kidney,False,AllocationPriority.PAYBACK,D0101,B,POS,KD,58,Aarhus,Denmark,69,"['A*01', 'A*03']","['B*35', 'B*44']","['C*03', 'C*04']","['DRB1*04', 'DRB1*04']","['DQA1*01:01', 'DQA1*03:01']","['DQB1*03', 'DQB1*05']","['DPA1*01', 'DPA1*01']","['DPB1*02', 'DPB1*01']","['A1', 'A3']","['B35', 'B12']","['Cw3', 'Cw4']","['DR4', 'DR4']","['DQ1', 'DQ3']","['DQ3', 'DQ1']","['DP1', 'DP1']","['DP2', 'DP1']",Bw4/Bw6,nan,R0118,B,POS,Kidney,78,Helsinki,Finland,0,"['A*03', 'A*01']","['B*08', 'B*44']","['C*07', 'C*07']","['DRB1*04', 'DRB1*11']","['DQA1*01:02', 'DQA1*03:01']","['DQB1*02', 'DQB1*02']","['DPA1*02:02', 'DPA1*01']","['DPB1*04', 'DPB1*09']","['A3', 'A1']","['B8', 'B12']","['Cw7', 'Cw7']","['DR4', 'DR5']","['DQ1', 'DQ3']","['DQ2', 'DQ2']","['DP2', 'DP1']","['DP4', 'DP9']",Bw4/Bw6,[],0.0,0.52,nan,0,1
69,D0100_RK,kidney,True,AllocationPriority.PRIORITY_7,D0100,A,POS,KD,57,Skane,Sweden,69,"['A*24', 'A*01']","['B*57', 'B*08']","['C*06', 'C*02']","['DRB1*07', 'DRB1*15']","['DQA1*05:01', 'DQA1*03:01']","['DQB1*03', 'DQB1*05']","['DPA1*01', 'DPA1*01']","['DPB1*02', 'DPB1*02']","['A9', 'A1']","['B17', 'B8']","['Cw6', 'Cw2']","['DR7', 'DR2']","['DQ1', 'DQ3']","['DQ3', 'DQ1']","['DP1', 'DP1']","['DP2', 'DP2']",Bw4/Bw4,nan,R0116,A,POS,Kidney,76,Helsinki,Finland,0,"['A*01', 'A*24']","['B*57', 'B*08']","['C*06', 'C*03']","['DRB1*14', 'DRB1*15']","['DQA1*05:01', 'DQA1*01:01']","['DQB1*06', 'DQB1*03']","['DPA1*01', 'DPA1*01']","['DPB1*04', 'DPB1*14']","['A1', 'A9']","['B17', 'B8']","['Cw6', 'Cw3']","['DR6', 'DR2']","['DQ1', 'DQ1']","['DQ1', 'DQ3']","['DP1', 'DP1']","['DP4', 'DP14']",Bw4/Bw4,[],0.0,0.85,nan,1,0,1,866.8707084757625,0.8333333333333334,0.8407128915977277,607.2482421230343
69,D0101_RK,kidney,True,AllocationPriority.PRIORITY_7,D0101,B,POS,KD,58,Aarhus,Denmark,69,"['A*01', 'A*03']","['B*35', 'B*44']","['C*03', 'C*04']","['DRB1*04', 'DRB1*04']","['DQA1*01:01', 'DQA1*03:01']","['DQB1*03', 'DQB1*05']","['DPA1*01', 'DPA1*01']","['DPB1*02', 'DPB1*01']","['A1', 'A3']","['B35', 'B12']","['Cw3', 'Cw4']","['DR4', 'DR4']","['DQ1', 'DQ3']","['DQ3', 'DQ1']","['DP1', 'DP1']","['DP2', 'DP1']",Bw4/Bw6,nan,R0853,B,POS,Kidney,79,Aarhus,Denmark,0,"['A*01', 'A*03']","['B*44', 'B*08']","['C*05', 'C*05']","['DRB1*12', 'DRB1*04']","['DQA1*01:02', 'DQA1*04:01']","['DQB1*05', 'DQB1*04']","['DPA1*01', 'DPA1*01']","['DPB1*02', 'DPB1*20']","['A1', 'A3']","['B12', 'B8']","['Cw5', 'Cw5']","['DR5', 'DR4']","['DQ1', 'DQ4']","['DQ1', 'DQ4']","['DP1', 'DP1']","['DP2', 'DP20']",Bw4/Bw6,[],0.0,0.52,nan,0,1,1,0.0,0.8333333333333334,1.0,664.345423057711
71,D0102_LK,kidney,False,AllocationPriority.LOCAL,D0102,O,POS,KD,17,Odense,Denmark,71,"['A*02', 'A*24']","['B*08', 'B*08']","['C*03', 'C*04']","['DRB1*01', 'DRB1*07']","['DQA1*05:01', 'DQA1*01:01']","['DQB1*03', 'DQB1*03']","['DPA1*01', 'DPA1*01']","['DPB1*04', 'DPB1*04']","['A2', 'A9']","['B8', 'B8']","['Cw3', 'Cw4']","['DR1', 'DR7']","['DQ1', 'DQ1']","['DQ3', 'DQ3']","['DP1', 'DP1']","['DP4', 'DP4']",Bw4/Bw6,nan,R0772,O,NEG,Kidney,80,Odense,Denmark,0,"['A*02', 'A*29']","['B*35', 'B*35']","['C*02', 'C*04']","['DRB1*01', 'DRB1*07']","['DQA1*01:01', 'DQA1*03:01']","['DQB1*06', 'DQB1*02']","['DPA1*01', 'DPA1*02:02']","['DPB1*04', 'DPB1*11']","['A2', 'A19']","['B35', 'B35']","['Cw2', 'Cw4']","['DR1', 'DR7']","['DQ1', 'DQ3']","['DQ1', 'DQ2']","['DP1', 'DP2']","['DP4', 'DP11']",Bw4/Bw6,[],0.0,0.41,nan,0,3
71,D0103_LK,kidney,False,AllocationPriority.LOCAL,D0103,B,POS,KD,35,Gothenburg,Sweden,71,"['A*02', 'A*01']","['B*18', 'B*57']","['C*04', 'C*05']","['DRB1*13', 'DRB1*04']","['DQA1*03:01', 'DQA1*01:02']","['DQB1*06', 'DQB1*03']","['DPA1*01', 'DPA1*01']","['DPB1*04', 'DPB1*04']","['A2', 'A1']","['B18', 'B17']","['Cw4', 'Cw5']","['DR6', 'DR4']","['DQ3', 'DQ1']","['DQ1', 'DQ3']","['DP1', 'DP1']","['DP4', 'DP4']",Bw4/Bw6,nan,R1339,B,POS,Kidney,66,Gothenburg,Sweden,0,"['A*01', 'A*02']","['B*40', 'B*49']","['C*07', 'C*05']","['DRB1*04', 'DRB1*15']","['DQA1*05:01', 'DQA1*05:01']","['DQB1*02', 'DQB1*02']","['DPA1*01', 'DPA1*01']","['DPB1*04', 'DPB1*04']","['A1', 'A2']","['B40', 'B21']","['Cw7', 'Cw5']","['DR4', 'DR2']","['DQ1', 'DQ1']","['DQ2', 'DQ2']","['DP1', 'DP1']","['DP4', 'DP4']",Bw4/Bw6,"['DRB1*07', 'C*08', 'DPB1*129', 'B*57']",0.1387,0.447876,nan,1,2
71,D0102_RK,kidney,True,AllocationPriority.PRIORITY_7,D0102,O,POS,KD,17,Odense,Denmark,71,"['A*02', 'A*24']","['B*08', 'B*08']","['C*03', 'C*04']","['DRB1*01', 'DRB1*07']","['DQA1*05:01', 'DQA1*01:01']","['DQB1*03', 'DQB1*03']","['DPA1*01', 'DPA1*01']","['DPB1*04', 'DPB1*04']","['A2', 'A9']","['B8', 'B8']","['Cw3', 'Cw4']","['DR1', 'DR7']","['DQ1', 'DQ1']","['DQ3', 'DQ3']","['DP1', 'DP1']","['DP4', 'DP4']",Bw4/Bw6,nan,R0909,O,POS,Kidney,79,Stockholm,Sweden,0,"['A*02', 'A*24']","['B*07', 'B*08']","['C*07', 'C*07']","['DRB1*01', 'DRB1*07']","['DQA1*04:01', 'DQA1*02:01']","['DQB1*03', 'DQB1*06']","['DPA1*01', 'DPA1*01']","['DPB1*04', 'DPB1*04']","['A2', 'A9']","['B7', 'B8']","['Cw7', 'Cw7']","['DR1', 'DR7']","['DQ4', 'DQ2']","['DQ3', 'DQ1']","['DP1', 'DP1']","['DP4', 'DP4']",Bw4/Bw6,[],0.0,0.41,nan,0,0,0,633.1926037038879,1.0,0.8836511397610359,683.8178348768354
71,D0103_RK,kidney,True,AllocationPriority.PRIORITY_7,D0103,B,POS,KD,35,Gothenburg,Sweden,71,"['A*02', 'A*01']","['B*18', 'B*57']","['C*04', 'C*05']","['DRB1*13', 'DRB1*04']","['DQA1*03:01', 'DQA1*01:02']","['DQB1*06', 'DQB1*03']","['DPA1*01', 'DPA1*01']","['DPB1*04', 'DPB1*04']","['A2', 'A1']","['B18', 'B17']","['Cw4', 'Cw5']","['DR6', 'DR4']","['DQ3', 'DQ1']","['DQ1', 'DQ3']","['DP1', 'DP1']","['DP4', 'DP4']",Bw4/Bw6,nan,R2029,B,POS,Kidney,60,Oslo,Norway,0,"['A*01', 'A*02']","['B*40', 'B*50']","['C*02', 'C*07']","['DRB1*04', 'DRB1*13']","['DQA1*03:01', 'DQA1*03:01']","['DQB1*06', 'DQB1*03']","['DPA1*01', 'DPA1*01']","['DPB1*04', 'DPB1*04']","['A1', 'A2']","['B40', 'B21']","['Cw2', 'Cw7']","['DR4', 'DR6']","['DQ3', 'DQ3']","['DQ1', 'DQ3']","['DP1', 'DP1']","['DP4', 'DP4']",Bw4/Bw6,[],0.0,0.52,nan,0,2,2,255.07748105944097,0.6666666666666667,0.9531296259301052,586.3663420747728
73,D0104_LK,kidney,False,AllocationPriority.LOCAL,D0104,B,POS,KD,88,Oslo,Norway,73,"['A*01', 'A*02']","['B*44', 'B*37']","['C*03', 'C*05']","['DRB1*03', 'DRB1*15']","['DQA1*01:03', 'DQA1*01:01']","['DQB1*06', 'DQB1*02']","['DPA1*01', 'DPA1*01']","['DPB1*04', 'DPB1*04']","['A1', 'A2']","['B12', 'B37']","['Cw3', 'Cw5']","['DR3', 'DR2']","['DQ1', 'DQ1']","['DQ1', 'DQ2']","['DP1', 'DP1']","['DP4', 'DP4']",Bw4/Bw4,nan,R2068,B,NEG,Kidney,74,Oslo,Norway,0,"['A*01', 'A*02']","['B*15', 'B*44']","['C*07', 'C*12']","['DRB1*15', 'DRB1*03']","['DQA1*02:01', 'DQA1*05:01']","['DQB1*03', 'DQB1*06']","['DPA1*01', 'DPA1*01']","['DPB1*02', 'DPB1*04']","['A1', 'A2']","['B15', 'B12']","['Cw7', 'Cw12']","['DR2', 'DR3']","['DQ2', 'DQ1']","['DQ3', 'DQ1']","['DP1', 'DP1']","['DP2', 'DP4']",Bw4/Bw4,"['A*32', 'A*68', 'B*73', 'DQB1*03', 'DPB1*01', 'A*23', 'DQA1*06:01', 'C*15']",0.4975,0.2613,nan,0,1
73,D0104_RK,kidney,True,AllocationPriority.PRIORITY_7,D0104,B,POS,KD,88,Oslo,Norway,73,"['A*01', 'A*02']","['B*44', 'B*37']","['C*03', 'C*05']","['DRB1*03', 'DRB1*15']","['DQA1*01:03', 'DQA1*01:01']","['DQB1*06', 'DQB1*02']","['DPA1*01', 'DPA1*01']","['DPB1*04', 'DPB1*04']","['A1', 'A2']","['B12', 'B37']","['Cw3', 'Cw5']","['DR3', 'DR2']","['DQ1', 'DQ1']","['DQ1', 'DQ2']","['DP1', 'DP1']","['DP4', 'DP4']",Bw4/Bw4,nan,R0825,B,NEG,Kidney,66,Oslo,Norway,0,"['A*02', 'A*03']","['B*08', 'B*44']","['C*03', 'C*04']","['DRB1*03', 'DRB1*15']","['DQA1*03:01', 'DQA1*01:01']","['DQB1*06', 'DQB1*03']","['DPA1*01', 'DPA1*01']","['DPB1*02', 'DPB1*04']","['A2', 'A3']","['B8', 'B12']","['Cw3', 'Cw4']","['DR3', 'DR2']","['DQ3', 'DQ1']","['DQ1', 'DQ3']","['DP1', 'DP1']","['DP2', 'DP4']",Bw4/Bw6,[],0.0,0.52,nan,0,2,2,0.0,0.6666666666666667,1.0,603.1672386167969
74,D0105_LK,kidney,False,AllocationPriority.LOCAL,D0105,A,NEG,KD,82,Odense,Denmark,74,"['A*02', 'A*02']","['B*39', 'B*07']","['C*07', 'C*07']","['DRB1*04', 'DRB1*04']","['DQA1*04:01', 'DQA1*01:01']","['DQB1*04', 'DQB1*05']","['DPA1*01', 'DPA1*01']","['DPB1*04', 'DPB1*04']","['A2', 'A2']","['B16', 'B7']","['Cw7', 'Cw7']","['DR4', 'DR4']","['DQ4', 'DQ1']","['DQ4', 'DQ1']","['DP1', 'DP1']","['DP4', 'DP4']",Bw4/Bw6,nan,R1876,A,NEG,Kidney,73,Odense,Denmark,0,"['A*02', 'A*30']","['B*38', 'B*07']","['C*12', 'C*07']","['DRB1*04', 'DRB1*01']","['DQA1*02:01', 'DQA1*01:02']","['DQB1*02', 'DQB1*06']","['DPA1*01', 'DPA1*01']","['DPB1*03', 'DPB1*03']","['A2', 'A19']","['B16', 'B7']","['Cw12', 'Cw7']","['DR4', 'DR1']","['DQ2', 'DQ1']","['DQ2', 'DQ1']","['DP1', 'DP1']","['DP3', 'DP3']",Bw4/Bw4,[],0.0,0.85,nan,0,0
74,D0106_LK,kidney,False,AllocationPriority.PAYBACK,D0106,A,POS,KD,64,Aarhus,Denmark,74,"['A*02', 'A*02']","['B*47', 'B*08']","['C*07', 'C*02']","['DRB1*03', 'DRB1*04']","['DQA1*03:01', 'DQA1*01:03']","['DQB1*06', 'DQB1*03']","['DPA1*01', 'DPA1*01']","['DPB1*04', 'DPB1*04']","['A2', 'A2']","['B47', 'B8']","['Cw7', 'Cw2']","['DR3', 'DR4']","['DQ3', 'DQ1']","['DQ1', 'DQ3']","['DP1', 'DP1']","['DP4', 'DP4']",Bw4/Bw6,nan,R0404,A,POS,Kidney,72,Stockholm,Sweden,0,"['A*02', 'A*02']","['B*40', 'B*08']","['C*03', 'C*05']","['DRB1*04', 'DRB1*03']","['DQA1*01:03', 'DQA1*01:02']","['DQB1*04', 'DQB1*06']","['DPA1*02:02', 'DPA1*01']","['DPB1*04', 'DPB1*04']","['A2', 'A2']","['B40', 'B8']","['Cw3', 'Cw5']","['DR4', 'DR3']","['DQ1', 'DQ1']","['DQ4', 'DQ1']","['DP2', 'DP1']","['DP4', 'DP4']",Bw6/Bw6,[],0.0,0.85,nan,0,1
74,D0107_LK,kidney,False,AllocationPriority.LOCAL,D0107,O,POS,KD,87,Tartu,Estonia,74,"['A*03', 'A*31']","['B*40', 'B*07']","['C*07', 'C*12']","['DRB1*04', 'DRB1*13']","['DQA1*05:01', 'DQA1*01:01']","['DQB1*03', 'DQB1*06']","['DPA1*01', 'DPA1*01']","['DPB1*04', 'DPB1*04']","['A3', 'A19']","['B40', 'B7']","['Cw7', 'Cw12']","['DR4', 'DR6']","['DQ1', 'DQ1']","['DQ3', 'DQ1']","['DP1', 'DP1']","['DP4', 'DP4']",Bw4/Bw6,nan,R0509,O,POS,Kidney,71,Tartu,Estonia,0,"['A*02', 'A*03']","['B*14', 'B*07']","['C*03', 'C*07']","['DRB1*04', 'DRB1*01']","['DQA1*04:01', 'DQA1*01:02']","['DQB1*03', 'DQB1*06']","['DPA1*01', 'DPA1*01']","['DPB1*03', 'DPB1*04']","['A2', 'A3']","['B14', 'B7']","['Cw3', 'Cw7']","['DR4', 'DR1']","['DQ4', 'DQ1']","['DQ3', 'DQ1']","['DP1', 'DP1']","['DP3', 'DP4']",Bw6/Bw6,[],0.0,0.41,nan,1,2
74,D0105_RK,kidney,True,AllocationPriority.PRIORITY_7,D0105,A,NEG,KD,82,Odense,Denmark,74,"['A*02', 'A*02']","['B*39', 'B*07']","['C*07', 'C*07']","['DRB1*04', 'DRB1*04']","['DQA1*04:01', 'DQA1*01:01']","['DQB1*04', 'DQB1*05']","['DPA1*01', 'DPA1*01']","['DPB1*04', 'DPB1*04']","['A2', 'A2']","['B16', 'B7']","['Cw7', 'Cw7']","['DR4', 'DR4']","['DQ4', 'DQ1']","['DQ4', 'DQ1']","['DP1', 'DP1']","['DP4', 'DP4']",Bw4/Bw6,nan,R0311,A,POS,Kidney,71,Odense,Denmark,0,"['A*25', 'A*02']","['B*44', 'B*07']","['C*06', 'C*06']","['DRB1*04', 'DRB1*03']","['DQA1*04:01', 'DQA1*03:01']","['DQB1*03', 'DQB1*03']","['DPA1*01', 'DPA1*01']","['DPB1*04', 'DPB1*03']","['A10', 'A2']","['B12', 'B7']","['Cw6', 'Cw6']","['DR4', 'DR3']","['DQ4', 'DQ3']","['DQ3', 'DQ3']","['DP1', 'DP1']","['DP4', 'DP3']",Bw4/Bw4,"['A*69', 'DPB1*31', 'DQB1*05', 'A*32', 'B*35', 'A*33', 'C*05', 'DRB1*13']",0.4764,0.4450599999999999,nan,0,1,1,0.0,0.8333333333333334,1.0,664.345423057711
74,D0106_RK,kidney,True,AllocationPriority.PRIORITY_7,D0106,A,POS,KD,64,Aarhus,Denmark,74,"['A*02', 'A*02']","['B*47', 'B*08']","['C*07', 'C*02']","['DRB1*03', 'DRB1*04']","['DQA1*03:01', 'DQA1*01:03']","['DQB1*06', 'DQB1*03']","['DPA1*01', 'DPA1*01']","['DPB1*04', 'DPB1*04']","['A2', 'A2']","['B47', 'B8']","['Cw7', 'Cw2']","['DR3', 'DR4']","['DQ3', 'DQ1']","['DQ1', 'DQ3']","['DP1', 'DP1']","['DP4', 'DP4']",Bw4/Bw6,nan,R1790,A,POS,Kidney,78,Skane,Sweden,0,"['A*02', 'A*25']","['B*44', 'B*08']","['C*07', 'C*01']","['DRB1*04', 'DRB1*03']","['DQA1*03:01', 'DQA1*04:01']","['DQB1*03', 'DQB1*06']","['DPA1*01', 'DPA1*01']","['DPB1*23', 'DPB1*04']","['A2', 'A10']","['B12', 'B8']","['Cw7', 'Cw1']","['DR4', 'DR3']","['DQ3', 'DQ4']","['DQ3', 'DQ1']","['DP1', 'DP1']","['DP23', 'DP4']",Bw4/Bw4,"['C*15', 'B*52', 'B*48', 'DPB1*15']",0.0275,0.826625,nan,0,1,1,185.29664845702274,0.8333333333333334,0.9659518229872491,652.140700761646
74,D0107_RK,kidney,True,AllocationPriority.PRIORITY_5,D0107,O,POS,KD,87,Tartu,Estonia,74,"['A*03', 'A*31']","['B*40', 'B*07']","['C*07', 'C*12']","['DRB1*04', 'DRB1*13']","['DQA1*05:01', 'DQA1*01:01']","['DQB1*03', 'DQB1*06']","['DPA1*01', 'DPA1*01']","['DPB1*04', 'DPB1*04']","['A3', 'A19']","['B40', 'B7']","['Cw7', 'Cw12']","['DR4', 'DR6']","['DQ1', 'DQ1']","['DQ3', 'DQ1']","['DP1', 'DP1']","['DP4', 'DP4']",Bw4/Bw6,nan,R1921,O,NEG,Kidney,53,Gothenburg,Sweden,0,"['A*31', 'A*03']","['B*40', 'B*07']","['C*03', 'C*01']","['DRB1*04', 'DRB1*13']","['DQA1*05:01', 'DQA1*05:01']","['DQB1*03', 'DQB1*03']","['DPA1*01', 'DPA1*01']","['DPB1*04', 'DPB1*11']","['A19', 'A3']","['B40', 'B7']","['Cw3', 'Cw1']","['DR4', 'DR6']","['DQ1', 'DQ1']","['DQ3', 'DQ3']","['DP1', 'DP1']","['DP4', 'DP11']",Bw4/Bw6,[],0.0,0.41,nan
76,D0108_LK,kidney,False,AllocationPriority.PAYBACK,D0108,B,POS,KD,25,Oslo,Norway,76,"['A*01', 'A*02']","['B*40', 'B*40']","['C*07', 'C*03']","['DRB1*15', 'DRB1*04']","['DQA1*03:01', 'DQA1*05:01']","['DQB1*03', 'DQB1*02']","['DPA1*01', 'DPA1*01']","['DPB1*04', 'DPB1*04']","['A1', 'A2']","['B40', 'B40']","['Cw7', 'Cw3']","['DR2', 'DR4']","['DQ3', 'DQ1']","['DQ3', 'DQ2']","['DP1', 'DP1']","['DP4', 'DP4']",Bw6/Bw6,nan,R0983,B,POS,Kidney,81,Gothenburg,Sweden,0,"['A*02', 'A*02']","['B*08', 'B*40']","['C*01', 'C*07']","['DRB1*04', 'DRB1*15']","['DQA1*01:02', 'DQA1*03:01']","['DQB1*06', 'DQB1*02']","['DPA1*01', 'DPA1*02:02']","['DPB1*04', 'DPB1*04']","['A2', 'A2']","['B8', 'B40']","['Cw1', 'Cw7']","['DR4', 'DR2']","['DQ1', 'DQ3']","['DQ1', 'DQ2']","['DP1', 'DP2']","['DP4', 'DP4']",Bw6/Bw6,[],0.0,0.52,nan,0,1
76,D0108_RK,kidney,True,AllocationPriority.PRIORITY_7,D0108,B,POS,KD,25,Oslo,Norway,76,"['A*01', 'A*02']","['B*40', 'B*40']","['C*07', 'C*03']","['DRB1*15', 'DRB1*04']","['DQA1*03:01', 'DQA1*05:01']","['DQB1*03', 'DQB1*02']","['DPA1*01', 'DPA1*01']","['DPB1*04', 'DPB1*04']","['A1', 'A2']","['B40', 'B40']","['Cw7', 'Cw3']","['DR2', 'DR4']","['DQ3', 'DQ1']","['DQ3', 'DQ2']","['DP1', 'DP1']","['DP4', 'DP4']",Bw6/Bw6,nan,R1270,B,NEG,Kidney,83,Oslo,Norway,0,"['A*02', 'A*02']","['B*18', 'B*40']","['C*07', 'C*02']","['DRB1*04', 'DRB1*15']","['DQA1*03:01', 'DQA1*03:01']","['DQB1*02', 'DQB1*06']","['DPA1*02:02', 'DPA1*02:02']","['DPB1*04', 'DPB1*03']","['A2', 'A2']","['B18', 'B40']","['Cw7', 'Cw2']","['DR4', 'DR2']","['DQ3', 'DQ3']","['DQ2', 'DQ1']","['DP2', 'DP2']","['DP4', 'DP3']",Bw6/Bw6,"['B*41', 'B*44', 'B*47', 'B*38', 'B*14', 'DRB1*14', 'DRB1*08', 'DPB1*01']",0.3062,0.360776,nan,0,1,1,0.0,0.8333333333333334,1.0,664.345423057711
77,D0109_LK,kidney,False,AllocationPriority.LOCAL,D0109,A,POS,KD,78,Uppsala,Sweden,77,"['A*01', 'A*02']","['B*44', 'B*27']","['C*05', 'C*12']","['DRB1*11', 'DRB1*13']","['DQA1*01:02', 'DQA1*04:01']","['DQB1*03', 'DQB1*03']","['DPA1*01', 'DPA1*01']","['DPB1*04', 'DPB1*04']","['A1', 'A2']","['B12', 'B27']","['Cw5', 'Cw12']","['DR5', 'DR6']","['DQ1', 'DQ4']","['DQ3', 'DQ3']","['DP1', 'DP1']","['DP4', 'DP4']",Bw4/Bw4,nan,R2216,A,POS,Kidney,78,Uppsala,Sweden,3,"['A*02', 'A*02']","['B*08', 'B*44']","['C*03', 'C*07']","['DRB1*11', 'DRB1*13']","['DQA1*05:01', 'DQA1*01:01']","['DQB1*06', 'DQB1*03']","['DPA1*01', 'DPA1*01']","['DPB1*04', 'DPB1*04']","['A2', 'A2']","['B8', 'B12']","['Cw3', 'Cw7']","['DR5', 'DR6']","['DQ1', 'DQ1']","['DQ1', 'DQ3']","['DP1', 'DP1']","['DP4', 'DP4']",Bw4/Bw6,[],0.0,0.85,nan,0,2
77,D0110_LK,kidney,False,AllocationPriority.LOCAL,D0110,A,POS,KD,17,Helsinki,Finland,77,"['A*11', 'A*03']","['B*15', 'B*15']","['C*07', 'C*05']","['DRB1*15', 'DRB1*14']","['DQA1*05:01', 'DQA1*01:02']","['DQB1*06', 'DQB1*05']","['DPA1*01', 'DPA1*01']","['DPB1*04', 'DPB1*04']","['A11', 'A3']","['B15', 'B15']","['Cw7', 'Cw5']","['DR2', 'DR6']","['DQ1', 'DQ1']","['DQ1', 'DQ1']","['DP1', 'DP1']","['DP4', 'DP4']",Bw4/Bw4,nan,R0899,A,POS,Kidney,79,Helsinki,Finland,0,"['A*03', 'A*31']","['B*35', 'B*44']","['C*04', 'C*05']","['DRB1*14', 'DRB1*15']","['DQA1*01:01', 'DQA1*03:01']","['DQB1*06', 'DQB1*03']","['DPA1*01', 'DPA1*02:02']","['DPB1*03', 'DPB1*04']","['A3', 'A19']","['B35', 'B12']","['Cw4', 'Cw5']","['DR6', 'DR2']","['DQ1', 'DQ3']","['DQ1', 'DQ3']","['DP1', 'DP2']","['DP3', 'DP4']",Bw4/Bw4,[],0.0,0.85,nan,0,3
77,D0109_RK,kidney,True,AllocationPriority.PRIORITY_7,D0109,A,POS,KD,78,Uppsala,Sweden,77,"['A*01', 'A*02']","['B*44', 'B*27']","['C*05', 'C*12']","['DRB1*11', 'DRB1*13']","['DQA1*01:02', 'DQA1*04:01']","['DQB1*03', 'DQB1*03']","['DPA1*01', 'DPA1*01']","['DPB1*04', 'DPB1*04']","['A1', 'A2']","['B12', 'B27']","['Cw5', 'Cw12']","['DR5', 'DR6']","['DQ1', 'DQ4']","['DQ3', 'DQ3']","['DP1', 'DP1']","['DP4', 'DP4']",Bw4/Bw4,nan,R1859,A,POS,Kidney,80,Stockholm,Sweden,0,"['A*01', 'A*02']","['B*40', 'B*08']","['C*07', 'C*04']","['DRB1*13', 'DRB1*11']","['DQA1*02:01', 'DQA1*02:01']","['DQB1*04', 'DQB1*02']","['DPA1*01', 'DPA1*01']","['DPB1*04', 'DPB1*23']","['A1', 'A2']","['B40', 'B8']","['Cw7', 'Cw4']","['DR6', 'DR5']","['DQ2', 'DQ2']","['DQ4', 'DQ2']","['DP1', 'DP1']","['DP4', 'DP23']",Bw6/Bw6,[],0.0,0.85,nan,0,2,2,63.62967887203856,0.6666666666666667,0.9883080747140327,598.9762153744033
77,D0110_RK,kidney,True,AllocationPriority.PRIORITY_7,D0110,A,POS,KD,17,Helsinki,Finland,77,"['A*11', 'A*03']","['B*15', 'B*15']","['C*07', 'C*05']","['DRB1*15', 'DRB1*14']","['DQA1*05:01', 'DQA1*01:02']","['DQB1*06', 'DQB1*05']","['DPA1*01', 'DPA1*01']","['DPB1*04', 'DPB1*04']","['A11', 'A3']","['B15', 'B15']","['Cw7', 'Cw5']","['DR2', 'DR6']","['DQ1', 'DQ1']","['DQ1', 'DQ1']","['DP1', 'DP1']","['DP4', 'DP4']",Bw4/Bw4,nan,R2198,A,POS,Kidney,84,Oslo,Norway,0,"['A*03', 'A*11']","['B*15', 'B*07']","['C*06', 'C*01']","['DRB1*04', 'DRB1*15']","['DQA1*03:01', 'DQA1*03:01']","['DQB1*06', 'DQB1*06']","['DPA1*01', 'DPA1*01']","['DPB1*04', 'DPB1*03']","['A3', 'A11']","['B15', 'B7']","['Cw6', 'Cw1']","['DR4', 'DR2']","['DQ3', 'DQ3']","['DQ1', 'DQ1']","['DP1', 'DP1']","['DP4', 'DP3']",Bw4/Bw6,[],0.0,0.85,nan,1,0,1,786.5519919158309,0.8333333333333334,0.8554714201606649,612.5385031123888
79,D0111_LK,kidney,False,AllocationPriority.LOCAL,D0111,B,POS,KD,33,Aarhus,Denmark,79,"['A*01', 'A*24']","['B*40', 'B*14']","['C*04', 'C*04']","['DRB1*03', 'DRB1*01']","['DQA1*01:01', 'DQA1*01:02']","['DQB1*06', 'DQB1*04']","['DPA1*01', 'DPA1*02:02']","['DPB1*03', 'DPB1*04']","['A1', 'A9']","['B40', 'B14']","['Cw4', 'Cw4']","['DR3', 'DR1']","['DQ1', 'DQ1']","['DQ1', 'DQ4']","['DP1', 'DP2']","['DP3', 'DP4']",Bw4/Bw6,nan,R2440,B,POS,Kidney,89,Aarhus,Denmark,69,"['A*03', 'A*32']","['B*40', 'B*08']","['C*07', 'C*07']","['DRB1*01', 'DRB1*03']","['DQA1*03:01', 'DQA1*03:01']","['DQB1*02', 'DQB1*03']","['DPA1*01', 'DPA1*01']","['DPB1*05', 'DPB1*04']","['A3', 'A19']","['B40', 'B8']","['Cw7', 'Cw7']","['DR1', 'DR3']","['DQ3', 'DQ3']","['DQ2', 'DQ3']","['DP1', 'DP1']","['DP5', 'DP4']",Bw4/Bw6,"['DQB1*03', 'DPB1*17', 'B*46', 'A*66', 'B*13', 'B*37']",0.3567,0.334516,nan,0,3
79,D0112_LK,kidney,False,AllocationPriority.PAYBACK,D0112,O,POS,KD,52,Oslo,Norway,79,"['A*02', 'A*03']","['B*35', 'B*27']","['C*01', 'C*05']","['DRB1*13', 'DRB1*13']","['DQA1*05:01', 'DQA1*01:02']","['DQB1*05', 'DQB1*05']","['DPA1*01', 'DPA1*01']","['DPB1*04', 'DPB1*10']","['A2', 'A3']","['B35', 'B27']","['Cw1', 'Cw5']","['DR6', 'DR6']","['DQ1', 'DQ1']","['DQ1', 'DQ1']","['DP1', 'DP1']","['DP4', 'DP10']",Bw4/Bw6,nan,R1720,O,POS,Kidney,67,Oslo,Norway,0,"['A*02', 'A*02']","['B*35', 'B*51']","['C*15', 'C*07']","['DRB1*13', 'DRB1*03']","['DQA1*05:01', 'DQA1*03:01']","['DQB1*03', 'DQB1*03']","['DPA1*01', 'DPA1*01']","['DPB1*03', 'DPB1*04']","['A2', 'A2']","['B35', 'B5']","['Cw15', 'Cw7']","['DR6', 'DR3']","['DQ1', 'DQ3']","['DQ3', 'DQ3']","['DP1', 'DP1']","['DP3', 'DP4']",Bw4/Bw6,"['DQB1*03', 'DQB1*06', 'DRB1*08', 'DRB1*01', 'B*52', 'B*08', 'B*45', 'C*12']",0.9383,0.025297,nan
79,D0111_RK,kidney,True,AllocationPriority.PRIORITY_7,D0111,B,POS,KD,33,Aarhus,Denmark,79,"['A*01', 'A*24']","['B*40', 'B*14']","['C*04', 'C*04']","['DRB1*03', 'DRB1*01']","['DQA1*01:01', 'DQA1*01:02']","['DQB1*06', 'DQB1*04']","['DPA1*01', 'DPA1*02:02']","['DPB1*03', 'DPB1*04']","['A1', 'A9']","['B40', 'B14']","['Cw4', 'Cw4']","['DR3', 'DR1']","['DQ1', 'DQ1']","['DQ1', 'DQ4']","['DP1', 'DP2']","['DP3', 'DP4']",Bw4/Bw6,nan,R1452,B,POS,Kidney,50,Gothenburg,Sweden,0,"['A*02', 'A*01']","['B*40', 'B*14']","['C*07', 'C*03']","['DRB1*14', 'DRB1*01']","['DQA1*03:01', 'DQA1*01:02']","['DQB1*02', 'DQB1*06']","['DPA1*01', 'DPA1*01']","['DPB1*04', 'DPB1*06']","['A2', 'A1']","['B40', 'B14']","['Cw7', 'Cw3']","['DR6', 'DR1']","['DQ3', 'DQ1']","['DQ2', 'DQ1']","['DP1', 'DP1']","['DP4', 'DP6']",Bw6/Bw6,"['A*69', 'DPB1*17', 'DPB1*26', 'DPB1*20', 'DPB1*13', 'DPB1*23', 'A*33', 'DPB1*16']",0.0428,0.497744,nan,1,1,2,202.6942002796759,0.6666666666666667,0.9627550305520983,589.8166116840588
79,D0112_RK,kidney,True,AllocationPriority.PRIORITY_7,D0112,O,POS,KD,52,Oslo,Norway,79,"['A*02', 'A*03']","['B*35', 'B*27']","['C*01', 'C*05']","['DRB1*13', 'DRB1*13']","['DQA1*05:01', 'DQA1*01:02']","['DQB1*05', 'DQB1*05']","['DPA1*01', 'DPA1*01']","['DPB1*04', 'DPB1*10']","['A2', 'A3']","['B35', 'B27']","['Cw1', 'Cw5']","['DR6', 'DR6']","['DQ1', 'DQ1']","['DQ1', 'DQ1']","['DP1', 'DP1']","['DP4', 'DP10']",Bw4/Bw6,nan,R0991,O,POS,Kidney,67,Oslo,Norway,0,"['A*03', 'A*02']","['B*35', 'B*40']","['C*07', 'C*02']","['DRB1*15', 'DRB1*13']","['DQA1*05:01', 'DQA1*03:01']","['DQB1*02', 'DQB1*05']","['DPA1*01', 'DPA1*01']","['DPB1*04', 'DPB1*01']","['A3', 'A2']","['B35', 'B40']","['Cw7', 'Cw2']","['DR2', 'DR6']","['DQ1', 'DQ3']","['DQ2', 'DQ1']","['DP1', 'DP1']","['DP4', 'DP1']",Bw6/Bw6,"['B*46', 'C*18', 'DPB1*424', 'B*18', 'B*27']",0.0979,0.369861,nan,0,1,1,0.0,0.8333333333333334,1.0,664.345423057711
80,D0113_LK,kidney,False,AllocationPriority.LOCAL,D0113,B,POS,KD,42,Helsinki,Finland,80,"['A*11', 'A*01']","['B*44', 'B*57']","['C*05', 'C*03']","['DRB1*11', 'DRB1*01']","['DQA1*02:01', 'DQA1*03:01']","['DQB1*05', 'DQB1*06']","['DPA1*01', 'DPA1*01']","['DPB1*04', 'DPB1*04']","['A11', 'A1']","['B12', 'B17']","['Cw5', 'Cw3']","['DR5', 'DR1']","['DQ2', 'DQ3']","['DQ1', 'DQ1']","['DP1', 'DP1']","['DP4', 'DP4']",Bw4/Bw4,nan,R0940,B,POS,Kidney,55,Helsinki,Finland,0,"['A*01', 'A*68']","['B*13', 'B*44']","['C*03', 'C*12']","['DRB1*04', 'DRB1*13']","['DQA1*05:01', 'DQA1*01:01']","['DQB1*06', 'DQB1*04']","['DPA1*01', 'DPA1*02:02']","['DPB1*02', 'DPB1*04']","['A1', 'A28']","['B13', 'B12']","['Cw3', 'Cw12']","['DR4', 'DR6']","['DQ1', 'DQ1']","['DQ1', 'DQ4']","['DP1', 'DP2']","['DP2', 'DP4']",Bw4/Bw4,"['DPB1*06', 'B*58', 'DPB1*15', 'A*31', 'C*07', 'A*02', 'C*16', 'C*06', 'DPB1*35']",0.8169,0.0952119999999999,nan
80,D0113_RK,kidney,True,AllocationPriority.PRIORITY_7,D0113,B,POS,KD,42,Helsinki,Finland,80,"['A*11', 'A*01']","['B*44', 'B*57']","['C*05', 'C*03']","['DRB1*11', 'DRB1*01']","['DQA1*02:01', 'DQA1*03:01']","['DQB1*05', 'DQB1*06']","['DPA1*01', 'DPA1*01']","['DPB1*04', 'DPB1*04']","['A11', 'A1']","['B12', 'B17']","['Cw5', 'Cw3']","['DR5', 'DR1']","['DQ2', 'DQ3']","['DQ1', 'DQ1']","['DP1', 'DP1']","['DP4', 'DP4']",Bw4/Bw4,nan,R2074,B,NEG,Kidney,80,Uppsala,Sweden,0,"['A*01', 'A*02']","['B*08', 'B*44']","['C*03', 'C*01']","['DRB1*01', 'DRB1*11']","['DQA1*02:01', 'DQA1*02:01']","['DQB1*03', 'DQB1*05']","['DPA1*01', 'DPA1*01']","['DPB1*04', 'DPB1*04']","['A1', 'A2']","['B8', 'B12']","['Cw3', 'Cw1']","['DR1', 'DR5']","['DQ2', 'DQ2']","['DQ3', 'DQ1']","['DP1', 'DP1']","['DP4', 'DP4']",Bw4/Bw6,[],0.0,0.52,nan,0,2,2,406.75573730697454,0.6666666666666667,0.9252588135829557,576.3759239465037
81,D0114_LK,kidney,False,AllocationPriority.LOCAL,D0114,AB,POS,KD,60,Helsinki,Finland,81,"['A*68', 'A*02']","['B*35', 'B*35']","['C*05', 'C*06']","['DRB1*03', 'DRB1*13']","['DQA1*03:01', 'DQA1*01:01']","['DQB1*06', 'DQB1*05']","['DPA1*01', 'DPA1*01']","['DPB1*04', 'DPB1*04']","['A28', 'A2']","['B35', 'B35']","['Cw5', 'Cw6']","['DR3', 'DR6']","['DQ3', 'DQ1']","['DQ1', 'DQ1']","['DP1', 'DP1']","['DP4', 'DP4']",Bw6/Bw6,nan,R0053,AB,POS,Kidney,71,Helsinki,Finland,0,"['A*02', 'A*03']","['B*15', 'B*08']","['C*03', 'C*17']","['DRB1*15', 'DRB1*13']","['DQA1*05:01', 'DQA1*05:01']","['DQB1*02', 'DQB1*03']","['DPA1*01', 'DPA1*01']","['DPB1*02', 'DPB1*04']","['A2', 'A3']","['B15', 'B8']","['Cw3', 'Cw17']","['DR2', 'DR6']","['DQ1', 'DQ1']","['DQ2', 'DQ3']","['DP1', 'DP1']","['DP2', 'DP4']",Bw4/Bw6,[],0.0,1.0,nan,1,3
81,D0115_LK,kidney,False,AllocationPriority.LOCAL,D0115,A,POS,KD,34,Helsinki,Finland,81,"['A*02', 'A*24']","['B*40', 'B*27']","['C*01', 'C*04']","['DRB1*15', 'DRB1*04']","['DQA1*05:01', 'DQA1*03:01']","['DQB1*06', 'DQB1*03']","['DPA1*01', 'DPA1*02:02']","['DPB1*04', 'DPB1*04']","['A2', 'A9']","['B40', 'B27']","['Cw1', 'Cw4']","['DR2', 'DR4']","['DQ1', 'DQ3']","['DQ1', 'DQ3']","['DP1', 'DP2']","['DP4', 'DP4']",Bw4/Bw4,nan,R2451,A,POS,Kidney,69,Helsinki,Finland,73,"['A*24', 'A*02']","['B*18', 'B*40']","['C*05', 'C*03']","['DRB1*15', 'DRB1*04']","['DQA1*01:02', 'DQA1*02:01']","['DQB1*05', 'DQB1*06']","['DPA1*01', 'DPA1*01']","['DPB1*04', 'DPB1*04']","['A9', 'A2']","['B18', 'B40']","['Cw5', 'Cw3']","['DR2', 'DR4']","['DQ1', 'DQ2']","['DQ1', 'DQ1']","['DP1', 'DP1']","['DP4', 'DP4']",Bw4/Bw6,[],0.0,0.85,nan,0,1
81,D0116_LK,kidney,False,AllocationPriority.LOCAL,D0116,A,POS,KD,57,Gothenburg,Sweden,81,"['A*24', 'A*02']","['B*08', 'B*08']","['C*03', 'C*07']","['DRB1*04', 'DRB1*04']","['DQA1*04:01', 'DQA1*01:02']","['DQB1*03', 'DQB1*04']","['DPA1*01', 'DPA1*01']","['DPB1*04', 'DPB1*04']","['A9', 'A2']","['B8', 'B8']","['Cw3', 'Cw7']","['DR4', 'DR4']","['DQ4', 'DQ1']","['DQ3', 'DQ4']","['DP1', 'DP1']","['DP4', 'DP4']",Bw4/Bw6,nan,R0416,A,NEG,Kidney,67,Gothenburg,Sweden,0,"['A*24', 'A*02']","['B*08', 'B*37']","['C*04', 'C*04']","['DRB1*04', 'DRB1*01']","['DQA1*03:01', 'DQA1*05:01']","['DQB1*03', 'DQB1*02']","['DPA1*01', 'DPA1*01']","['DPB1*04', 'DPB1*03']","['A9', 'A2']","['B8', 'B37']","['Cw4', 'Cw4']","['DR4', 'DR1']","['DQ3', 'DQ1']","['DQ3', 'DQ2']","['DP1', 'DP1']","['DP4', 'DP3']",Bw4/Bw4,[],0.0,0.85,nan,0,0
81,D0114_RK,kidney,True,AllocationPriority.PRIORITY_7,D0114,AB,POS,KD,60,Helsinki,Finland,81,"['A*68', 'A*02']","['B*35', 'B*35']","['C*05', 'C*06']","['DRB1*03', 'DRB1*13']","['DQA1*03:01', 'DQA1*01:01']","['DQB1*06', 'DQB1*05']","['DPA1*01', 'DPA1*01']","['DPB1*04', 'DPB1*04']","['A28', 'A2']","['B35', 'B35']","['Cw5', 'Cw6']","['DR3', 'DR6']","['DQ3', 'DQ1']","['DQ1', 'DQ1']","['DP1', 'DP1']","['DP4', 'DP4']",Bw6/Bw6,nan,R0003,AB,NEG,Kidney,22,Aarhus,Denmark,0,"['A*02', 'A*02']","['B*40', 'B*35']","['C*07', 'C*07']","['DRB1*04', 'DRB1*03']","['DQA1*05:01', 'DQA1*01:01']","['DQB1*03', 'DQB1*06']","['DPA1*02:02', 'DPA1*01']","['DPB1*16', 'DPB1*04']","['A2', 'A2']","['B40', 'B35']","['Cw7', 'Cw7']","['DR4', 'DR3']","['DQ1', 'DQ1']","['DQ3', 'DQ1']","['DP2', 'DP1']","['DP16', 'DP4']",Bw6/Bw6,"['C*01', 'DPB1*03', 'DPB1*31', 'B*45', 'C*18', 'A*66', 'A*33', 'DQA1*05:01', 'DRB1*09']",0.404,0.5960000000000001,nan,1,1,2,969.2067147547523,0.6666666666666667,0.8219086958090857,539.3296090667578
81,D0115_RK,kidney,True,AllocationPriority.PRIORITY_7,D0115,A,POS,KD,34,Helsinki,Finland,81,"['A*02', 'A*24']","['B*40', 'B*27']","['C*01', 'C*04']","['DRB1*15', 'DRB1*04']","['DQA1*05:01', 'DQA1*03:01']","['DQB1*06', 'DQB1*03']","['DPA1*01', 'DPA1*02:02']","['DPB1*04', 'DPB1*04']","['A2', 'A9']","['B40', 'B27']","['Cw1', 'Cw4']","['DR2', 'DR4']","['DQ1', 'DQ3']","['DQ1', 'DQ3']","['DP1', 'DP2']","['DP4', 'DP4']",Bw4/Bw4,nan,R1990,A,POS,Kidney,32,Stockholm,Sweden,0,"['A*02', 'A*24']","['B*15', 'B*40']","['C*06', 'C*05']","['DRB1*04', 'DRB1*15']","['DQA1*01:02', 'DQA1*03:01']","['DQB1*02', 'DQB1*03']","['DPA1*01', 'DPA1*01']","['DPB1*03', 'DPB1*01']","['A2', 'A9']","['B15', 'B40']","['Cw6', 'Cw5']","['DR4', 'DR2']","['DQ1', 'DQ3']","['DQ2', 'DQ3']","['DP1', 'DP1']","['DP3', 'DP1']",Bw4/Bw4,"['A*24', 'B*44', 'C*06', 'DQA1*02:01', 'DPB1*26', 'C*12', 'DRB1*08', 'C*04']",0.5654,0.36941,nan,0,1,1,395.64825735091034,0.8333333333333334,0.9272998081009831,638.2857120586214
81,D0116_RK,kidney,True,AllocationPriority.PRIORITY_3,D0116,A,POS,KD,57,Gothenburg,Sweden,81,"['A*24', 'A*02']","['B*08', 'B*08']","['C*03', 'C*07']","['DRB1*04', 'DRB1*04']","['DQA1*04:01', 'DQA1*01:02']","['DQB1*03', 'DQB1*04']","['DPA1*01', 'DPA1*01']","['DPB1*04', 'DPB1*04']","['A9', 'A2']","['B8', 'B8']","['Cw3', 'Cw7']","['DR4', 'DR4']","['DQ4', 'DQ1']","['DQ3', 'DQ4']","['DP1', 'DP1']","['DP4', 'DP4']",Bw4/Bw6,nan,R1584,A,NEG,Kidney,73,Oslo,Norway,0,"['A*24', 'A*02']","['B*14', 'B*08']","['C*07', 'C*04']","['DRB1*11', 'DRB1*04']","['DQA1*01:02', 'DQA1*01:01']","['DQB1*05', 'DQB1*05']","['DPA1*01', 'DPA1*01']","['DPB1*04', 'DPB1*03']","['A9', 'A2']","['B14', 'B8']","['Cw7', 'Cw4']","['DR5', 'DR4']","['DQ1', 'DQ1']","['DQ1', 'DQ1']","['DP1', 'DP1']","['DP4', 'DP3']",Bw4/Bw6,"['DPB1*424', 'C*02', 'B*07', 'DPB1*20', 'A*33', 'DPB1*10', 'DPB1*23', 'DQA1*03:01', 'DPB1*19']",0.4481,0.469115,nan
82,D0117_LK,kidney,False,AllocationPriority.PAYBACK,D0117,O,NEG,KD,74,Helsinki,Finland,82,"['A*01', 'A*32']","['B*44', 'B*44']","['C*07', 'C*16']","['DRB1*04', 'DRB1*15']","['DQA1*03:01', 'DQA1*02:01']","['DQB1*03', 'DQB1*03']","['DPA1*01', 'DPA1*01']","['DPB1*04', 'DPB1*04']","['A1', 'A19']","['B12', 'B12']","['Cw7', 'Cw16']","['DR4', 'DR2']","['DQ3', 'DQ2']","['DQ3', 'DQ3']","['DP1', 'DP1']","['DP4', 'DP4']",Bw6/Bw6,nan,R0795,O,NEG,Kidney,72,Odense,Denmark,0,"['A*01', 'A*03']","['B*07', 'B*44']","['C*07', 'C*03']","['DRB1*04', 'DRB1*15']","['DQA1*05:01', 'DQA1*01:01']","['DQB1*02', 'DQB1*05']","['DPA1*01', 'DPA1*01']","['DPB1*04', 'DPB1*02']","['A1', 'A3']","['B7', 'B12']","['Cw7', 'Cw3']","['DR4', 'DR2']","['DQ1', 'DQ1']","['DQ2', 'DQ1']","['DP1', 'DP1']","['DP4', 'DP2']",Bw4/Bw6,"['B*44', 'B*41', 'DPB1*35', 'A*68', 'C*02', 'B*55', 'DPB1*19', 'DPB1*16', 'B*07']",0.4227,0.236693,nan,0,1
82,D0118_LK,kidney,False,AllocationPriority.PAYBACK,D0118,A,POS,KD,20,Aarhus,Denmark,82,"['A*02', 'A*24']","['B*07', 'B*15']","['C*06', 'C*08']","['DRB1*03', 'DRB1*04']","['DQA1*05:01', 'DQA1*01:01']","['DQB1*06', 'DQB1*06']","['DPA1*01', 'DPA1*01']","['DPB1*03', 'DPB1*04']","['A2', 'A9']","['B7', 'B15']","['Cw6', 'Cw8']","['DR3', 'DR4']","['DQ1', 'DQ1']","['DQ1', 'DQ1']","['DP1', 'DP1']","['DP3', 'DP4']",Bw4/Bw4,nan,R2279,A,POS,Kidney,53,Skane,Sweden,22,"['A*02', 'A*24']","['B*07', 'B*08']","['C*07', 'C*16']","['DRB1*03', 'DRB1*04']","['DQA1*01:02', 'DQA1*01:02']","['DQB1*05', 'DQB1*03']","['DPA1*01', 'DPA1*02:02']","['DPB1*04', 'DPB1*04']","['A2', 'A9']","['B7', 'B8']","['Cw7', 'Cw16']","['DR3', 'DR4']","['DQ1', 'DQ1']","['DQ1', 'DQ3']","['DP1', 'DP2']","['DP4', 'DP4']",Bw4/Bw6,[],0.0,0.85,nan,0,1
82,D0117_RK,kidney,True,AllocationPriority.PRIORITY_7,D0117,O,NEG,KD,74,Helsinki,Finland,82,"['A*01', 'A*32']","['B*44', 'B*44']","['C*07', 'C*16']","['DRB1*04', 'DRB1*15']","['DQA1*03:01', 'DQA1*02:01']","['DQB1*03', 'DQB1*03']","['DPA1*01', 'DPA1*01']","['DPB1*04', 'DPB1*04']","['A1', 'A19']","['B12', 'B12']","['Cw7', 'Cw16']","['DR4', 'DR2']","['DQ3', 'DQ2']","['DQ3', 'DQ3']","['DP1', 'DP1']","['DP4', 'DP4']",Bw6/Bw6,nan,R2101,O,POS,Kidney,70,Oslo,Norway,0,"['A*01', 'A*68']","['B*40', 'B*44']","['C*05', 'C*07']","['DRB1*15', 'DRB1*04']","['DQA1*05:01', 'DQA1*02:01']","['DQB1*03', 'DQB1*03']","['DPA1*01', 'DPA1*02:02']","['DPB1*03', 'DPB1*14']","['A1', 'A28']","['B40', 'B12']","['Cw5', 'Cw7']","['DR2', 'DR4']","['DQ1', 'DQ2']","['DQ3', 'DQ3']","['DP1', 'DP2']","['DP3', 'DP14']",Bw4/Bw6,[],0.0,0.41,nan,0,1,1,786.5519919158309,0.8333333333333334,0.8554714201606649,612.5385031123888
82,D0118_RK,kidney,True,AllocationPriority.PAYBACK,D0118,A,POS,KD,20,Aarhus,Denmark,82,"['A*02', 'A*24']","['B*07', 'B*15']","['C*06', 'C*08']","['DRB1*03', 'DRB1*04']","['DQA1*05:01', 'DQA1*01:01']","['DQB1*06', 'DQB1*06']","['DPA1*01', 'DPA1*01']","['DPB1*03', 'DPB1*04']","['A2', 'A9']","['B7', 'B15']","['Cw6', 'Cw8']","['DR3', 'DR4']","['DQ1', 'DQ1']","['DQ1', 'DQ1']","['DP1', 'DP1']","['DP3', 'DP4']",Bw4/Bw4,nan,R0027,A,NEG,Kidney,76,Aarhus,Denmark,0,"['A*24', 'A*24']","['B*40', 'B*15']","['C*07', 'C*07']","['DRB1*04', 'DRB1*03']","['DQA1*05:01', 'DQA1*01:01']","['DQB1*05', 'DQB1*02']","['DPA1*01', 'DPA1*01']","['DPB1*04', 'DPB1*15']","['A9', 'A9']","['B40', 'B15']","['Cw7', 'Cw7']","['DR4', 'DR3']","['DQ1', 'DQ1']","['DQ1', 'DQ2']","['DP1', 'DP1']","['DP4', 'DP15']",Bw6/Bw6,[],0.0,0.85,nan,0,2
83,D0119_LK,kidney,False,AllocationPriority.PAYBACK,D0119,O,POS,KD,52,Oslo,Norway,83,"['A*01', 'A*24']","['B*51', 'B*40']","['C*07', 'C*07']","['DRB1*13', 'DRB1*13']","['DQA1*01:01', 'DQA1*05:01']","['DQB1*05', 'DQB1*06']","['DPA1*01', 'DPA1*01']","['DPB1*04', 'DPB1*04']","['A1', 'A9']","['B5', 'B40']","['Cw7', 'Cw7']","['DR6', 'DR6']","['DQ1', 'DQ1']","['DQ1', 'DQ1']","['DP1', 'DP1']","['DP4', 'DP4']",Bw4/Bw4,nan,R0009,O,POS,Kidney,71,Stockholm,Sweden,0,"['A*01', 'A*24']","['B*18', 'B*40']","['C*05', 'C*07']","['DRB1*13', 'DRB1*15']","['DQA1*02:01', 'DQA1*01:02']","['DQB1*06', 'DQB1*05']","['DPA1*01', 'DPA1*01']","['DPB1*03', 'DPB1*04']","['A1', 'A9']","['B18', 'B40']","['Cw5', 'Cw7']","['DR6', 'DR2']","['DQ2', 'DQ1']","['DQ1', 'DQ1']","['DP1', 'DP1']","['DP3', 'DP4']",Bw4/Bw6,[],0.0,0.41,nan,0,1
83,D0120_LK,kidney,False,AllocationPriority.PAYBACK,D0120,AB,POS,KD,45,Gothenburg,Sweden,83,"['A*02', 'A*01']","['B*57', 'B*07']","['C*04', 'C*07']","['DRB1*04', 'DRB1*07']","['DQA1*01:02', 'DQA1*01:02']","['DQB1*03', 'DQB1*02']","['DPA1*02:02', 'DPA1*01']","['DPB1*04', 'DPB1*02']","['A2', 'A1']","['B17', 'B7']","['Cw4', 'Cw7']","['DR4', 'DR7']","['DQ1', 'DQ1']","['DQ3', 'DQ2']","['DP2', 'DP1']","['DP4', 'DP2']",Bw4/Bw6,nan,R0821,AB,POS,Kidney,66,Skane,Sweden,0,"['A*26', 'A*01']","['B*51', 'B*07']","['C*07', 'C*03']","['DRB1*04', 'DRB1*07']","['DQA1*03:01', 'DQA1*04:01']","['DQB1*03', 'DQB1*02']","['DPA1*01', 'DPA1*01']","['DPB1*19', 'DPB1*03']","['A10', 'A1']","['B5', 'B7']","['Cw7', 'Cw3']","['DR4', 'DR7']","['DQ3', 'DQ4']","['DQ3', 'DQ2']","['DP1', 'DP1']","['DP19', 'DP3']",Bw4/Bw4,[],0.0,1.0,nan,0,2
83,D0119_RK,kidney,True,AllocationPriority.PRIORITY_7,D0119,O,POS,KD,52,Oslo,Norway,83,"['A*01', 'A*24']","['B*51', 'B*40']","['C*07', 'C*07']","['DRB1*13', 'DRB1*13']","['DQA1*01:01', 'DQA1*05:01']","['DQB1*05', 'DQB1*06']","['DPA1*01', 'DPA1*01']","['DPB1*04', 'DPB1*04']","['A1', 'A9']","['B5', 'B40']","['Cw7', 'Cw7']","['DR6', 'DR6']","['DQ1', 'DQ1']","['DQ1', 'DQ1']","['DP1', 'DP1']","['DP4', 'DP4']",Bw4/Bw4,nan,R1714,O,POS,Kidney,78,Oslo,Norway,0,"['A*01', 'A*24']","['B*40', 'B*18']","['C*08', 'C*07']","['DRB1*13', 'DRB1*04']","['DQA1*03:01', 'DQA1*03:01']","['DQB1*03', 'DQB1*05']","['DPA1*01', 'DPA1*01']","['DPB1*04', 'DPB1*04']","['A1', 'A9']","['B40', 'B18']","['Cw8', 'Cw7']","['DR6', 'DR4']","['DQ3', 'DQ3']","['DQ3', 'DQ1']","['DP1', 'DP1']","['DP4', 'DP4']",Bw4/Bw6,[],0.0,0.41,nan,0,1,1,0.0,0.8333333333333334,1.0,664.345423057711
83,D0120_RK,kidney,True,AllocationPriority.PRIORITY_7,D0120,AB,POS,KD,45,Gothenburg,Sweden,83,"['A*02', 'A*01']","['B*57', 'B*07']","['C*04', 'C*07']","['DRB1*04', 'DRB1*07']","['DQA1*01:02', 'DQA1*01:02']","['DQB1*03', 'DQB1*02']","['DPA1*02:02', 'DPA1*01']","['DPB1*04', 'DPB1*02']","['A2', 'A1']","['B17', 'B7']","['Cw4', 'Cw7']","['DR4', 'DR7']","['DQ1', 'DQ1']","['DQ3', 'DQ2']","['DP2', 'DP1']","['DP4', 'DP2']",Bw4/Bw6,nan,R2124,AB,NEG,Kidney,85,Tartu,Estonia,0,"['A*02', 'A*01']","['B*07', 'B*44']","['C*03', 'C*03']","['DRB1*03', 'DRB1*04']","['DQA1*03:01', 'DQA1*01:03']","['DQB1*06', 'DQB1*02']","['DPA1*01', 'DPA1*01']","['DPB1*13', 'DPB1*09']","['A2', 'A1']","['B7', 'B12']","['Cw3', 'Cw3']","['DR3', 'DR4']","['DQ3', 'DQ1']","['DQ1', 'DQ2']","['DP1', 'DP1']","['DP13', 'DP9']",Bw4/Bw6,[],0.0,1.0,nan,1,1,2,869.7546924758173,0.6666666666666667,0.8401829608161756,545.8801016083323
84,D0121_LK,kidney,False,AllocationPriority.PAYBACK,D0121,A,POS,KD,19,Oslo,Norway,84,"['A*01', 'A*03']","['B*27', 'B*40']","['C*07', 'C*04']","['DRB1*01', 'DRB1*03']","['DQA1*01:01', 'DQA1*01:02']","['DQB1*06', 'DQB1*06']","['DPA1*01', 'DPA1*01']","['DPB1*04', 'DPB1*01']","['A1', 'A3']","['B27', 'B40']","['Cw7', 'Cw4']","['DR1', 'DR3']","['DQ1', 'DQ1']","['DQ1', 'DQ1']","['DP1', 'DP1']","['DP4', 'DP1']",Bw4/Bw6,nan,R0064,A,POS,Kidney,66,Oslo,Norway,0,"['A*03', 'A*03']","['B*40', 'B*44']","['C*03', 'C*03']","['DRB1*01', 'DRB1*03']","['DQA1*02:01', 'DQA1*05:01']","['DQB1*06', 'DQB1*05']","['DPA1*01', 'DPA1*01']","['DPB1*04', 'DPB1*04']","['A3', 'A3']","['B40', 'B12']","['Cw3', 'Cw3']","['DR1', 'DR3']","['DQ2', 'DQ1']","['DQ1', 'DQ1']","['DP1', 'DP1']","['DP4', 'DP4']",Bw4/Bw6,[],0.0,0.85,nan,0,2
84,D0121_RK,kidney,True,AllocationPriority.PAYBACK,D0121,A,POS,KD,19,Oslo,Norway,84,"['A*01', 'A*03']","['B*27', 'B*40']","['C*07', 'C*04']","['DRB1*01', 'DRB1*03']","['DQA1*01:01', 'DQA1*01:02']","['DQB1*06', 'DQB1*06']","['DPA1*01', 'DPA1*01']","['DPB1*04', 'DPB1*01']","['A1', 'A3']","['B27', 'B40']","['Cw7', 'Cw4']","['DR1', 'DR3']","['DQ1', 'DQ1']","['DQ1', 'DQ1']","['DP1', 'DP1']","['DP4', 'DP1']",Bw4/Bw6,nan,R0154,A,POS,Kidney,84,Copenhagen,Denmark,0,"['A*02', 'A*01']","['B*08', 'B*40']","['C*05', 'C*04']","['DRB1*01', 'DRB1*03']","['DQA1*03:01', 'DQA1*01:02']","['DQB1*03', 'DQB1*02']","['DPA1*01', 'DPA1*01']","['DPB1*01', 'DPB1*04']","['A2', 'A1']","['B8', 'B40']","['Cw5', 'Cw4']","['DR1', 'DR3']","['DQ3', 'DQ1']","['DQ3', 'DQ2']","['DP1', 'DP1']","['DP1', 'DP4']",Bw6/Bw6,"['DRB1*01', 'A*30', 'B*27', 'B*73', 'DPB1*24', 'B*38', 'DPB1*129', 'B*08', 'DPA1*02:02']",0.4467,0.470305,nan,0,2
87,D0122_LK,kidney,False,AllocationPriority.LOCAL,D0122,O,NEG,KD,87,Copenhagen,Denmark,87,"['A*24', 'A*23']","['B*08', 'B*15']","['C*04', 'C*04']","['DRB1*01', 'DRB1*15']","['DQA1*01:01', 'DQA1*01:01']","['DQB1*06', 'DQB1*03']","['DPA1*02:02', 'DPA1*02:02']","['DPB1*02', 'DPB1*05']","['A9', 'A9']","['B8', 'B15']","['Cw4', 'Cw4']","['DR1', 'DR2']","['DQ1', 'DQ1']","['DQ1', 'DQ3']","['DP2', 'DP2']","['DP2', 'DP5']",Bw6/Bw6,nan,R2405,A,POS,Kidney,23,Copenhagen,Denmark,60,"['A*11', 'A*02']","['B*08', 'B*08']","['C*12', 'C*05']","['DRB1*15', 'DRB1*01']","['DQA1*02:01', 'DQA1*03:01']","['DQB1*03', 'DQB1*06']","['DPA1*01', 'DPA1*01']","['DPB1*04', 'DPB1*03']","['A11', 'A2']","['B8', 'B8']","['Cw12', 'Cw5']","['DR2', 'DR1']","['DQ2', 'DQ3']","['DQ3', 'DQ1']","['DP1', 'DP1']","['DP4', 'DP3']",Bw6/Bw6,"['DPB1*13', 'DPA1*01', 'DPB1*424', 'A*74', 'DPB1*51']",0.8716,0.10914,nan,0,3
87,D0122_RK,kidney,True,AllocationPriority.PRIORITY_1,D0122,O,NEG,KD,87,Copenhagen,Denmark,87,"['A*24', 'A*23']","['B*08', 'B*15']","['C*04', 'C*04']","['DRB1*01', 'DRB1*15']","['DQA1*01:01', 'DQA1*01:01']","['DQB1*06', 'DQB1*03']","['DPA1*02:02', 'DPA1*02:02']","['DPB1*02', 'DPB1*05']","['A9', 'A9']","['B8', 'B15']","['Cw4', 'Cw4']","['DR1', 'DR2']","['DQ1', 'DQ1']","['DQ1', 'DQ3']","['DP2', 'DP2']","['DP2', 'DP5']",Bw6/Bw6,nan,R1527,A,POS,Kidney,25,Copenhagen,Denmark,0,"['A*68', 'A*31']","['B*14', 'B*18']","['C*07', 'C*06']","['DRB1*15', 'DRB1*11']","['DQA1*01:03', 'DQA1*01:02']","['DQB1*03', 'DQB1*02']","['DPA1*01', 'DPA1*02:02']","['DPB1*20', 'DPB1*02']","['A28', 'A19']","['B14', 'B18']","['Cw7', 'Cw6']","['DR2', 'DR5']","['DQ1', 'DQ1']","['DQ3', 'DQ2']","['DP1', 'DP2']","['DP20', 'DP2']",Bw4/Bw6,"['B*73', 'B*56', 'DRB1*08', 'DQA1*01:03', 'DPA1*01', 'B*49']",0.9921,0.006715,nan
89,D0123_LK,kidney,False,AllocationPriority.LOCAL,D0123,A,POS,KD,71,Gothenburg,Sweden,89,"['A*02', 'A*02']","['B*27', 'B*38']","['C*05', 'C*03']","['DRB1*15', 'DRB1*12']","['DQA1*02:01', 'DQA1*02:01']","['DQB1*02', 'DQB1*03']","['DPA1*01', 'DPA1*01']","['DPB1*04', 'DPB1*05']","['A2', 'A2']","['B27', 'B16']","['Cw5', 'Cw3']","['DR2', 'DR5']","['DQ2', 'DQ2']","['DQ2', 'DQ3']","['DP1', 'DP1']","['DP4', 'DP5']",Bw4/Bw4,nan,R1842,A,POS,Kidney,87,Gothenburg,Sweden,0,"['A*03', 'A*02']","['B*51', 'B*07']","['C*01', 'C*03']","['DRB1*11', 'DRB1*15']","['DQA1*01:01', 'DQA1*01:02']","['DQB1*06', 'DQB1*02']","['DPA1*01', 'DPA1*01']","['DPB1*04', 'DPB1*04']","['A3', 'A2']","['B5', 'B7']","['Cw1', 'Cw3']","['DR5', 'DR2']","['DQ1', 'DQ1']","['DQ1', 'DQ2']","['DP1', 'DP1']","['DP4', 'DP4']",Bw4/Bw6,[],0.0,0.85,nan,0,2
89,D0124_LK,kidney,False,AllocationPriority.PAYBACK,D0124,O,POS,KD,80,Gothenburg,Sweden,89,"['A*32', 'A*02']","['B*40', 'B*07']","['C*08', 'C*03']","['DRB1*15', 'DRB1*01']","['DQA1*01:01', 'DQA1*01:02']","['DQB1*06', 'DQB1*06']","['DPA1*01', 'DPA1*01']","['DPB1*14', 'DPB1*03']","['A19', 'A2']","['B40', 'B7']","['Cw8', 'Cw3']","['DR2', 'DR1']","['DQ1', 'DQ1']","['DQ1', 'DQ1']","['DP1', 'DP1']","['DP14', 'DP3']",Bw4/Bw6,nan,R0488,O,POS,Kidney,69,Helsinki,Finland,0,"['A*03', 'A*31']","['B*40', 'B*07']","['C*07', 'C*07']","['DRB1*01', 'DRB1*15']","['DQA1*05:01', 'DQA1*04:01']","['DQB1*02', 'DQB1*06']","['DPA1*01', 'DPA1*01']","['DPB1*04', 'DPB1*04']","['A3', 'A19']","['B40', 'B7']","['Cw7', 'Cw7']","['DR1', 'DR2']","['DQ1', 'DQ4']","['DQ2', 'DQ1']","['DP1', 'DP1']","['DP4', 'DP4']",Bw4/Bw6,"['C*07', 'DRB1*12', 'DRB1*03', 'A*23', 'B*51', 'DQA1*05:01', 'DPB1*23', 'DRB1*16', 'C*17']",0.7829,0.089011,nan,0,1
89,D0125_LK,kidney,False,AllocationPriority.LOCAL,D0125,B,POS,KD,28,Tartu,Estonia,89,"['A*68', 'A*24']","['B*57', 'B*08']","['C*02', 'C*07']","['DRB1*01', 'DRB1*12']","['DQA1*02:01', 'DQA1*01:02']","['DQB1*05', 'DQB1*06']","['DPA1*01', 'DPA1*01']","['DPB1*04', 'DPB1*04']","['A28', 'A9']","['B17', 'B8']","['Cw2', 'Cw7']","['DR1', 'DR5']","['DQ2', 'DQ1']","['DQ1', 'DQ1']","['DP1', 'DP1']","['DP4', 'DP4']",Bw4/Bw4,nan,R2052,B,NEG,Kidney,85,Tartu,Estonia,0,"['A*24', 'A*03']","['B*08', 'B*51']","['C*07', 'C*07']","['DRB1*01', 'DRB1*04']","['DQA1*01:02', 'DQA1*04:01']","['DQB1*06', 'DQB1*06']","['DPA1*01', 'DPA1*01']","['DPB1*04', 'DPB1*02']","['A9', 'A3']","['B8', 'B5']","['Cw7', 'Cw7']","['DR1', 'DR4']","['DQ1', 'DQ4']","['DQ1', 'DQ1']","['DP1', 'DP1']","['DP4', 'DP2']",Bw4/Bw4,"['C*07', 'DPB1*03', 'A*74', 'DPB1*10', 'DPB1*20']",0.4733,0.2738839999999999,nan,1,2
89,D0123_RK,kidney,True,AllocationPriority.PRIORITY_7,D0123,A,POS,KD,71,Gothenburg,Sweden,89,"['A*02', 'A*02']","['B*27', 'B*38']","['C*05', 'C*03']","['DRB1*15', 'DRB1*12']","['DQA1*02:01', 'DQA1*02:01']","['DQB1*02', 'DQB1*03']","['DPA1*01', 'DPA1*01']","['DPB1*04', 'DPB1*05']","['A2', 'A2']","['B27', 'B16']","['Cw5', 'Cw3']","['DR2', 'DR5']","['DQ2', 'DQ2']","['DQ2', 'DQ3']","['DP1', 'DP1']","['DP4', 'DP5']",Bw4/Bw4,nan,R1568,A,POS,Kidney,88,Gothenburg,Sweden,0,"['A*02', 'A*11']","['B*18', 'B*27']","['C*02', 'C*03']","['DRB1*15', 'DRB1*08']","['DQA1*05:01', 'DQA1*05:01']","['DQB1*06', 'DQB1*05']","['DPA1*01', 'DPA1*01']","['DPB1*04', 'DPB1*02']","['A2', 'A11']","['B18', 'B27']","['Cw2', 'Cw3']","['DR2', 'DR8']","['DQ1', 'DQ1']","['DQ1', 'DQ1']","['DP1', 'DP1']","['DP4', 'DP2']",Bw4/Bw6,[],0.0,0.85,nan,1,1,2,0.0,0.6666666666666667,1.0,603.1672386167969
89,D0124_RK,kidney,True,AllocationPriority.PRIORITY_7,D0124,O,POS,KD,80,Gothenburg,Sweden,89,"['A*32', 'A*02']","['B*40', 'B*07']","['C*08', 'C*03']","['DRB1*15', 'DRB1*01']","['DQA1*01:01', 'DQA1*01:02']","['DQB1*06', 'DQB1*06']","['DPA1*01', 'DPA1*01']","['DPB1*14', 'DPB1*03']","['A19', 'A2']","['B40', 'B7']","['Cw8', 'Cw3']","['DR2', 'DR1']","['DQ1', 'DQ1']","['DQ1', 'DQ1']","['DP1', 'DP1']","['DP14', 'DP3']",Bw4/Bw6,nan,R1692,O,POS,Kidney,46,Oslo,Norway,0,"['A*02', 'A*02']","['B*07', 'B*40']","['C*03', 'C*07']","['DRB1*01', 'DRB1*15']","['DQA1*03:01', 'DQA1*03:01']","['DQB1*05', 'DQB1*06']","['DPA1*01', 'DPA1*02:02']","['DPB1*04', 'DPB1*02']","['A2', 'A2']","['B7', 'B40']","['Cw3', 'Cw7']","['DR1', 'DR2']","['DQ3', 'DQ3']","['DQ1', 'DQ1']","['DP1', 'DP2']","['DP4', 'DP2']",Bw6/Bw6,[],0.0,0.41,nan,0,1,1,255.07748105944097,0.8333333333333334,0.9531296259301052,647.5445265156868
89,D0125_RK,kidney,True,AllocationPriority.PRIORITY_7,D0125,B,POS,KD,28,Tartu,Estonia,89,"['A*68', 'A*24']","['B*57', 'B*08']","['C*02', 'C*07']","['DRB1*01', 'DRB1*12']","['DQA1*02:01', 'DQA1*01:02']","['DQB1*05', 'DQB1*06']","['DPA1*01', 'DPA1*01']","['DPB1*04', 'DPB1*04']","['A28', 'A9']","['B17', 'B8']","['Cw2', 'Cw7']","['DR1', 'DR5']","['DQ2', 'DQ1']","['DQ1', 'DQ1']","['DP1', 'DP1']","['DP4', 'DP4']",Bw4/Bw4,nan,R1725,B,NEG,Kidney,79,Stockholm,Sweden,0,"['A*02', 'A*24']","['B*08', 'B*27']","['C*04', 'C*16']","['DRB1*11', 'DRB1*01']","['DQA1*03:01', 'DQA1*01:01']","['DQB1*06', 'DQB1*05']","['DPA1*02:02', 'DPA1*01']","['DPB1*01', 'DPB1*01']","['A2', 'A9']","['B8', 'B27']","['Cw4', 'Cw16']","['DR5', 'DR1']","['DQ3', 'DQ1']","['DQ1', 'DQ1']","['DP2', 'DP1']","['DP1', 'DP1']",Bw4/Bw4,"['DPB1*15', 'B*08', 'DRB1*14', 'DQA1*06:01']",0.1604,0.436592,nan,1,2,3,508.81373983816144,0.5,0.9065057008597345,508.47560184494466
91,D0126_LK,kidney,False,AllocationPriority.PAYBACK,D0126,A,POS,KD,66,Copenhagen,Denmark,91,"['A*02', 'A*24']","['B*44', 'B*57']","['C*03', 'C*03']","['DRB1*11', 'DRB1*08']","['DQA1*05:01', 'DQA1*05:01']","['DQB1*06', 'DQB1*03']","['DPA1*01', 'DPA1*01']","['DPB1*01', 'DPB1*16']","['A2', 'A9']","['B12', 'B17']","['Cw3', 'Cw3']","['DR5', 'DR8']","['DQ1', 'DQ1']","['DQ1', 'DQ3']","['DP1', 'DP1']","['DP1', 'DP16']",Bw6/Bw6,nan,R1374,A,POS,Kidney,85,Gothenburg,Sweden,0,"['A*01', 'A*02']","['B*49', 'B*40']","['C*07', 'C*07']","['DRB1*15', 'DRB1*03']","['DQA1*03:01', 'DQA1*05:01']","['DQB1*06', 'DQB1*02']","['DPA1*01', 'DPA1*01']","['DPB1*04', 'DPB1*04']","['A1', 'A2']","['B21', 'B40']","['Cw7', 'Cw7']","['DR2', 'DR3']","['DQ3', 'DQ1']","['DQ1', 'DQ2']","['DP1', 'DP1']","['DP4', 'DP4']",Bw4/Bw6,"['B*07', 'DPB1*06', 'B*48', 'A*23', 'B*58', 'DPB1*04', 'C*04', 'DRB1*01', 'DRB1*14']",0.9708,0.02482,nan
91,D0126_RK,kidney,True,AllocationPriority.PRIORITY_7,D0126,A,POS,KD,66,Copenhagen,Denmark,91,"['A*02', 'A*24']","['B*44', 'B*57']","['C*03', 'C*03']","['DRB1*11', 'DRB1*08']","['DQA1*05:01', 'DQA1*05:01']","['DQB1*06', 'DQB1*03']","['DPA1*01', 'DPA1*01']","['DPB1*01', 'DPB1*16']","['A2', 'A9']","['B12', 'B17']","['Cw3', 'Cw3']","['DR5', 'DR8']","['DQ1', 'DQ1']","['DQ1', 'DQ3']","['DP1', 'DP1']","['DP1', 'DP16']",Bw6/Bw6,nan,R0288,A,POS,Kidney,66,Skane,Sweden,0,"['A*24', 'A*24']","['B*44', 'B*40']","['C*07', 'C*05']","['DRB1*08', 'DRB1*11']","['DQA1*01:03', 'DQA1*01:02']","['DQB1*06', 'DQB1*02']","['DPA1*01', 'DPA1*01']","['DPB1*20', 'DPB1*04']","['A9', 'A9']","['B12', 'B40']","['Cw7', 'Cw5']","['DR8', 'DR5']","['DQ1', 'DQ1']","['DQ1', 'DQ2']","['DP1', 'DP1']","['DP20', 'DP4']",Bw6/Bw6,"['DPB1*26', 'DPB1*115', 'A*30', 'B*14', 'B*54', 'DQB1*03', 'DQA1*02:01', 'DPB1*15', 'A*32']",0.5133,0.413695,nan,0,2,2,28.452846136850336,0.6666666666666667,0.9947718021353811,601.2931675608735
92,D0127_LK,kidney,False,AllocationPriority.PAYBACK,D0127,A,POS,KD,63,Skane,Sweden,92,"['A*30', 'A*24']","['B*07', 'B*35']","['C*07', 'C*05']","['DRB1*01', 'DRB1*15']","['DQA1*03:01', 'DQA1*05:01']","['DQB1*05', 'DQB1*05']","['DPA1*01', 'DPA1*01']","['DPB1*04', 'DPB1*04']","['A19', 'A9']","['B7', 'B35']","['Cw7', 'Cw5']","['DR1', 'DR2']","['DQ3', 'DQ1']","['DQ1', 'DQ1']","['DP1', 'DP1']","['DP4', 'DP4']",Bw4/Bw4,nan,R0584,A,NEG,Kidney,74,Uppsala,Sweden,0,"['A*32', 'A*25']","['B*49', 'B*07']","['C*03', 'C*07']","['DRB1*15', 'DRB1*01']","['DQA1*01:02', 'DQA1*01:01']","['DQB1*05', 'DQB1*06']","['DPA1*01', 'DPA1*01']","['DPB1*04', 'DPB1*03']","['A19', 'A10']","['B21', 'B7']","['Cw3', 'Cw7']","['DR2', 'DR1']","['DQ1', 'DQ1']","['DQ1', 'DQ1']","['DP1', 'DP1']","['DP4', 'DP3']",Bw6/Bw6,[],0.0,0.85,nan,0,2
92,D0127_RK,kidney,True,AllocationPriority.PAYBACK,D0127,A,POS,KD,63,Skane,Sweden,92,"['A*30', 'A*24']","['B*07', 'B*35']","['C*07', 'C*05']","['DRB1*01', 'DRB1*15']","['DQA1*03:01', 'DQA1*05:01']","['DQB1*05', 'DQB1*05']","['DPA1*01', 'DPA1*01']","['DPB1*04', 'DPB1*04']","['A19', 'A9']","['B7', 'B35']","['Cw7', 'Cw5']","['DR1', 'DR2']","['DQ3', 'DQ1']","['DQ1', 'DQ1']","['DP1', 'DP1']","['DP4', 'DP4']",Bw4/Bw4,nan,R0604,A,POS,Kidney,51,Oslo,Norway,0,"['A*32', 'A*24']","['B*40', 'B*37']","['C*15', 'C*16']","['DRB1*01', 'DRB1*15']","['DQA1*02:01', 'DQA1*01:02']","['DQB1*03', 'DQB1*06']","['DPA1*01', 'DPA1*01']","['DPB1*04', 'DPB1*01']","['A19', 'A9']","['B40', 'B37']","['Cw15', 'Cw16']","['DR1', 'DR2']","['DQ2', 'DQ1']","['DQ3', 'DQ1']","['DP1', 'DP1']","['DP4', 'DP1']",Bw6/Bw6,"['B*18', 'C*18', 'DRB1*08', 'B*08', 'DPB1*05', 'DQA1*01:03', 'A*24', 'DRB1*11', 'DPB1*19']",0.4508,0.4668199999999999,nan,0,2
93,D0128_LK,kidney,False,AllocationPriority.LOCAL,D0128,O,POS,KD,51,Tartu,Estonia,93,"['A*02', 'A*02']","['B*44', 'B*27']","['C*02', 'C*03']","['DRB1*07', 'DRB1*01']","['DQA1*04:01', 'DQA1*01:01']","['DQB1*06', 'DQB1*06']","['DPA1*01', 'DPA1*01']","['DPB1*03', 'DPB1*04']","['A2', 'A2']","['B12', 'B27']","['Cw2', 'Cw3']","['DR7', 'DR1']","['DQ4', 'DQ1']","['DQ1', 'DQ1']","['DP1', 'DP1']","['DP3', 'DP4']",Bw4/Bw4,nan,R0221,O,POS,Kidney,76,Tartu,Estonia,0,"['A*24', 'A*02']","['B*35', 'B*07']","['C*03', 'C*05']","['DRB1*07', 'DRB1*01']","['DQA1*03:01', 'DQA1*01:01']","['DQB1*03', 'DQB1*03']","['DPA1*02:02', 'DPA1*01']","['DPB1*04', 'DPB1*06']","['A9', 'A2']","['B35', 'B7']","['Cw3', 'Cw5']","['DR7', 'DR1']","['DQ3', 'DQ1']","['DQ3', 'DQ3']","['DP2', 'DP1']","['DP4', 'DP6']",Bw4/Bw6,"['B*07', 'DQB1*05', 'DPB1*14', 'DQA1*06:01', 'B*51']",0.3421,0.269739,nan,0,2
93,D0128_RK,kidney,True,AllocationPriority.PRIORITY_3,D0128,O,POS,KD,51,Tartu,Estonia,93,"['A*02', 'A*02']","['B*44', 'B*27']","['C*02', 'C*03']","['DRB1*07', 'DRB1*01']","['DQA1*04:01', 'DQA1*01:01']","['DQB1*06', 'DQB1*06']","['DPA1*01', 'DPA1*01']","['DPB1*03', 'DPB1*04']","['A2', 'A2']","['B12', 'B27']","['Cw2', 'Cw3']","['DR7', 'DR1']","['DQ4', 'DQ1']","['DQ1', 'DQ1']","['DP1', 'DP1']","['DP3', 'DP4']",Bw4/Bw4,nan,R0634,O,POS,Kidney,86,Gothenburg,Sweden,0,"['A*02', 'A*31']","['B*27', 'B*44']","['C*01', 'C*07']","['DRB1*01', 'DRB1*07']","['DQA1*01:01', 'DQA1*01:02']","['DQB1*03', 'DQB1*05']","['DPA1*01', 'DPA1*01']","['DPB1*04', 'DPB1*02']","['A2', 'A19']","['B27', 'B12']","['Cw1', 'Cw7']","['DR1', 'DR7']","['DQ1', 'DQ1']","['DQ3', 'DQ1']","['DP1', 'DP1']","['DP4', 'DP2']",Bw6/Bw6,"['A*69', 'DRB1*13', 'A*74', 'DRB1*10', 'B*42', 'A*03', 'B*13', 'DRB1*09', 'DRB1*04']",0.5313,0.1921669999999999,nan
94,D0129_LK,kidney,False,AllocationPriority.LOCAL,D0129,B,POS,KD,25,Aarhus,Denmark,94,"['A*02', 'A*31']","['B*27', 'B*40']","['C*02', 'C*16']","['DRB1*04', 'DRB1*03']","['DQA1*01:02', 'DQA1*01:01']","['DQB1*05', 'DQB1*05']","['DPA1*01', 'DPA1*01']","['DPB1*04', 'DPB1*04']","['A2', 'A19']","['B27', 'B40']","['Cw2', 'Cw16']","['DR4', 'DR3']","['DQ1', 'DQ1']","['DQ1', 'DQ1']","['DP1', 'DP1']","['DP4', 'DP4']",Bw4/Bw4,nan,R2498,B,POS,Kidney,71,Aarhus,Denmark,88,"['A*02', 'A*32']","['B*55', 'B*27']","['C*07', 'C*04']","['DRB1*04', 'DRB1*04']","['DQA1*01:02', 'DQA1*01:02']","['DQB1*05', 'DQB1*02']","['DPA1*01', 'DPA1*01']","['DPB1*01', 'DPB1*04']","['A2', 'A19']","['B22', 'B27']","['Cw7', 'Cw4']","['DR4', 'DR4']","['DQ1', 'DQ1']","['DQ1', 'DQ2']","['DP1', 'DP1']","['DP1', 'DP4']",Bw4/Bw4,[],0.0,0.52,nan,1,1
94,D0130_LK,kidney,False,AllocationPriority.PAYBACK,D0130,A,POS,KD,27,Gothenburg,Sweden,94,"['A*01', 'A*03']","['B*13', 'B*40']","['C*07', 'C*07']","['DRB1*01', 'DRB1*13']","['DQA1*05:01', 'DQA1*01:03']","['DQB1*02', 'DQB1*05']","['DPA1*01', 'DPA1*01']","['DPB1*02', 'DPB1*05']","['A1', 'A3']","['B13', 'B40']","['Cw7', 'Cw7']","['DR1', 'DR6']","['DQ1', 'DQ1']","['DQ2', 'DQ1']","['DP1', 'DP1']","['DP2', 'DP5']",Bw4/Bw6,nan,R0453,A,POS,Kidney,54,Stockholm,Sweden,0,"['A*02', 'A*02']","['B*13', 'B*40']","['C*01', 'C*12']","['DRB1*13', 'DRB1*01']","['DQA1*02:01', 'DQA1*01:02']","['DQB1*06', 'DQB1*02']","['DPA1*01', 'DPA1*01']","['DPB1*05', 'DPB1*01']","['A2', 'A2']","['B13', 'B40']","['Cw1', 'Cw12']","['DR6', 'DR1']","['DQ2', 'DQ1']","['DQ1', 'DQ2']","['DP1', 'DP1']","['DP5', 'DP1']",Bw4/Bw6,[],0.0,0.85,nan,0,2
94,D0131_LK,kidney,False,AllocationPriority.PAYBACK,D0131,A,NEG,KD,71,Helsinki,Finland,94,"['A*02', 'A*02']","['B*57', 'B*40']","['C*05', 'C*07']","['DRB1*07', 'DRB1*13']","['DQA1*01:02', 'DQA1*05:01']","['DQB1*04', 'DQB1*03']","['DPA1*01', 'DPA1*01']","['DPB1*02', 'DPB1*13']","['A2', 'A2']","['B17', 'B40']","['Cw5', 'Cw7']","['DR7', 'DR6']","['DQ1', 'DQ1']","['DQ4', 'DQ3']","['DP1', 'DP1']","['DP2', 'DP13']",Bw4/Bw6,nan,R1013,A,POS,Kidney,88,Helsinki,Finland,0,"['A*02', 'A*02']","['B*40', 'B*07']","['C*03', 'C*07']","['DRB1*07', 'DRB1*13']","['DQA1*01:02', 'DQA1*01:02']","['DQB1*06', 'DQB1*02']","['DPA1*01', 'DPA1*01']","['DPB1*04', 'DPB1*11']","['A2', 'A2']","['B40', 'B7']","['Cw3', 'Cw7']","['DR7', 'DR6']","['DQ1', 'DQ1']","['DQ1', 'DQ2']","['DP1', 'DP1']","['DP4', 'DP11']",Bw6/Bw6,[],0.0,0.85,nan,0,1
94,D0129_RK,kidney,True,AllocationPriority.PRIORITY_7,D0129,B,POS,KD,25,Aarhus,Denmark,94,"['A*02', 'A*31']","['B*27', 'B*40']","['C*02', 'C*16']","['DRB1*04', 'DRB1*03']","['DQA1*01:02', 'DQA1*01:01']","['DQB1*05', 'DQB1*05']","['DPA1*01', 'DPA1*01']","['DPB1*04', 'DPB1*04']","['A2', 'A19']","['B27', 'B40']","['Cw2', 'Cw16']","['DR4', 'DR3']","['DQ1', 'DQ1']","['DQ1', 'DQ1']","['DP1', 'DP1']","['DP4', 'DP4']",Bw4/Bw4,nan,R1198,B,POS,Kidney,40,Gothenburg,Sweden,0,"['A*32', 'A*02']","['B*08', 'B*27']","['C*07', 'C*16']","['DRB1*04', 'DRB1*03']","['DQA1*05:01', 'DQA1*03:01']","['DQB1*05', 'DQB1*02']","['DPA1*01', 'DPA1*01']","['DPB1*04', 'DPB1*02']","['A19', 'A2']","['B8', 'B27']","['Cw7', 'Cw16']","['DR4', 'DR3']","['DQ1', 'DQ3']","['DQ1', 'DQ2']","['DP1', 'DP1']","['DP4', 'DP2']",Bw4/Bw4,[],0.0,0.52,nan,0,2,2,202.6942002796759,0.6666666666666667,0.9627550305520983,589.8166116840588
94,D0130_RK,kidney,True,AllocationPriority.PAYBACK,D0130,A,POS,KD,27,Gothenburg,Sweden,94,"['A*01', 'A*03']","['B*13', 'B*40']","['C*07', 'C*07']","['DRB1*01', 'DRB1*13']","['DQA1*05:01', 'DQA1*01:03']","['DQB1*02', 'DQB1*05']","['DPA1*01', 'DPA1*01']","['DPB1*02', 'DPB1*05']","['A1', 'A3']","['B13', 'B40']","['Cw7', 'Cw7']","['DR1', 'DR6']","['DQ1', 'DQ1']","['DQ2', 'DQ1']","['DP1', 'DP1']","['DP2', 'DP5']",Bw4/Bw6,nan,R0939,A,POS,Kidney,71,Reykjavik,Iceland,0,"['A*03', 'A*01']","['B*15', 'B*08']","['C*07', 'C*05']","['DRB1*13', 'DRB1*01']","['DQA1*01:01', 'DQA1*01:03']","['DQB1*02', 'DQB1*02']","['DPA1*01', 'DPA1*02:02']","['DPB1*04', 'DPB1*05']","['A3', 'A1']","['B15', 'B8']","['Cw7', 'Cw5']","['DR6', 'DR1']","['DQ1', 'DQ1']","['DQ2', 'DQ2']","['DP1', 'DP2']","['DP4', 'DP5']",Bw4/Bw6,"['DRB1*04', 'DPB1*14', 'DRB1*16', 'B*37', 'DPB1*35', 'B*73', 'C*16', 'B*51', 'DPA1*02:02']",0.4246,0.48909,nan,0,2
94,D0131_RK,kidney,True,AllocationPriority.PAYBACK,D0131,A,NEG,KD,71,Helsinki,Finland,94,"['A*02', 'A*02']","['B*57', 'B*40']","['C*05', 'C*07']","['DRB1*07', 'DRB1*13']","['DQA1*01:02', 'DQA1*05:01']","['DQB1*04', 'DQB1*03']","['DPA1*01', 'DPA1*01']","['DPB1*02', 'DPB1*13']","['A2', 'A2']","['B17', 'B40']","['Cw5', 'Cw7']","['DR7', 'DR6']","['DQ1', 'DQ1']","['DQ4', 'DQ3']","['DP1', 'DP1']","['DP2', 'DP13']",Bw4/Bw6,nan,R1017,A,POS,Kidney,77,Aarhus,Denmark,0,"['A*01', 'A*02']","['B*40', 'B*07']","['C*07', 'C*14']","['DRB1*07', 'DRB1*13']","['DQA1*01:01', 'DQA1*05:01']","['DQB1*03', 'DQB1*03']","['DPA1*01', 'DPA1*01']","['DPB1*04', 'DPB1*04']","['A1', 'A2']","['B40', 'B7']","['Cw7', 'Cw14']","['DR7', 'DR6']","['DQ1', 'DQ1']","['DQ3', 'DQ3']","['DP1', 'DP1']","['DP4', 'DP4']",Bw6/Bw6,"['B*48', 'A*68', 'A*34', 'A*66', 'DRB1*16', 'DRB1*09']",0.0676,0.79254,nan,0,1
95,D0132_LK,kidney,False,AllocationPriority.LOCAL,D0132,A,POS,KD,20,Helsinki,Finland,95,"['A*03', 'A*02']","['B*44', 'B*40']","['C*01', 'C*05']","['DRB1*04', 'DRB1*01']","['DQA1*03:01', 'DQA1*01:02']","['DQB1*05', 'DQB1*02']","['DPA1*01', 'DPA1*01']","['DPB1*03', 'DPB1*04']","['A3', 'A2']","['B12', 'B40']","['Cw1', 'Cw5']","['DR4', 'DR1']","['DQ3', 'DQ1']","['DQ1', 'DQ2']","['DP1', 'DP1']","['DP3', 'DP4']",Bw4/Bw6,nan,R2481,A,POS,Kidney,72,Helsinki,Finland,82,"['A*01', 'A*02']","['B*15', 'B*07']","['C*07', 'C*01']","['DRB1*15', 'DRB1*01']","['DQA1*03:01', 'DQA1*01:02']","['DQB1*02', 'DQB1*05']","['DPA1*01', 'DPA1*01']","['DPB1*04', 'DPB1*05']","['A1', 'A2']","['B15', 'B7']","['Cw7', 'Cw1']","['DR2', 'DR1']","['DQ3', 'DQ1']","['DQ2', 'DQ1']","['DP1', 'DP1']","['DP4', 'DP5']",Bw4/Bw6,"['C*07', 'C*03', 'DQB1*06']",0.8655,0.114325,nan
95,D0132_RK,kidney,True,AllocationPriority.PRIORITY_7,D0132,A,POS,KD,20,Helsinki,Finland,95,"['A*03', 'A*02']","['B*44', 'B*40']","['C*01', 'C*05']","['DRB1*04', 'DRB1*01']","['DQA1*03:01', 'DQA1*01:02']","['DQB1*05', 'DQB1*02']","['DPA1*01', 'DPA1*01']","['DPB1*03', 'DPB1*04']","['A3', 'A2']","['B12', 'B40']","['Cw1', 'Cw5']","['DR4', 'DR1']","['DQ3', 'DQ1']","['DQ1', 'DQ2']","['DP1', 'DP1']","['DP3', 'DP4']",Bw4/Bw6,nan,R1250,A,POS,Kidney,77,Helsinki,Finland,0,"['A*03', 'A*02']","['B*35', 'B*44']","['C*03', 'C*06']","['DRB1*04', 'DRB1*01']","['DQA1*01:01', 'DQA1*01:02']","['DQB1*03', 'DQB1*06']","['DPA1*02:02', 'DPA1*01']","['DPB1*14', 'DPB1*04']","['A3', 'A2']","['B35', 'B12']","['Cw3', 'Cw6']","['DR4', 'DR1']","['DQ1', 'DQ1']","['DQ3', 'DQ1']","['DP2', 'DP1']","['DP14', 'DP4']",Bw4/Bw6,"['C*15', 'DPB1*24', 'DPB1*15', 'DPB1*16', 'DPB1*20', 'B*57', 'C*01', 'DRB1*03', 'B*49']",0.2604,0.62866,nan,0,1,1,0.0,0.8333333333333334,1.0,664.345423057711
97,D0133_LK,kidney,False,AllocationPriority.LOCAL,D0133,A,POS,KD,52,Copenhagen,Denmark,97,"['A*03', 'A*02']","['B*40', 'B*37']","['C*07', 'C*03']","['DRB1*01', 'DRB1*03']","['DQA1*03:01', 'DQA1*05:01']","['DQB1*02', 'DQB1*02']","['DPA1*02:02', 'DPA1*02:02']","['DPB1*04', 'DPB1*05']","['A3', 'A2']","['B40', 'B37']","['Cw7', 'Cw3']","['DR1', 'DR3']","['DQ3', 'DQ1']","['DQ2', 'DQ2']","['DP2', 'DP2']","['DP4', 'DP5']",Bw4/Bw6,nan,R2461,A,POS,Kidney,52,Copenhagen,Denmark,75,"['A*02', 'A*01']","['B*08', 'B*15']","['C*07', 'C*15']","['DRB1*01', 'DRB1*15']","['DQA1*03:01', 'DQA1*01:02']","['DQB1*02', 'DQB1*05']","['DPA1*01', 'DPA1*01']","['DPB1*04', 'DPB1*04']","['A2', 'A1']","['B8', 'B15']","['Cw7', 'Cw15']","['DR1', 'DR2']","['DQ3', 'DQ1']","['DQ2', 'DQ1']","['DP1', 'DP1']","['DP4', 'DP4']",Bw4/Bw6,"['DRB1*04', 'DRB1*12', 'DQB1*06', 'B*13', 'DQA1*01:02', 'C*18', 'B*07', 'A*66']",0.9193,0.068595,nan
97,D0133_RK,kidney,True,AllocationPriority.PRIORITY_7,D0133,A,POS,KD,52,Copenhagen,Denmark,97,"['A*03', 'A*02']","['B*40', 'B*37']","['C*07', 'C*03']","['DRB1*01', 'DRB1*03']","['DQA1*03:01', 'DQA1*05:01']","['DQB1*02', 'DQB1*02']","['DPA1*02:02', 'DPA1*02:02']","['DPB1*04', 'DPB1*05']","['A3', 'A2']","['B40', 'B37']","['Cw7', 'Cw3']","['DR1', 'DR3']","['DQ3', 'DQ1']","['DQ2', 'DQ2']","['DP2', 'DP2']","['DP4', 'DP5']",Bw4/Bw6,nan,R0912,A,POS,Kidney,74,Stockholm,Sweden,0,"['A*03', 'A*02']","['B*40', 'B*44']","['C*03', 'C*07']","['DRB1*03', 'DRB1*01']","['DQA1*05:01', 'DQA1*05:01']","['DQB1*02', 'DQB1*02']","['DPA1*01', 'DPA1*01']","['DPB1*04', 'DPB1*04']","['A3', 'A2']","['B40', 'B12']","['Cw3', 'Cw7']","['DR3', 'DR1']","['DQ1', 'DQ1']","['DQ2', 'DQ2']","['DP1', 'DP1']","['DP4', 'DP4']",Bw4/Bw6,[],0.0,0.85,nan,0,1,1,522.1289049932946,0.8333333333333334,0.9040590451650357,629.9549559809701
98,D0134_LK,kidney,False,AllocationPriority.PAYBACK,D0134,O,POS,KD,77,Copenhagen,Denmark,98,"['A*02', 'A*02']","['B*40', 'B*15']","['C*03', 'C*03']","['DRB1*15', 'DRB1*12']","['DQA1*01:02', 'DQA1*01:02']","['DQB1*03', 'DQB1*03']","['DPA1*01', 'DPA1*01']","['DPB1*04', 'DPB1*13']","['A2', 'A2']","['B40', 'B15']","['Cw3', 'Cw3']","['DR2', 'DR5']","['DQ1', 'DQ1']","['DQ3', 'DQ3']","['DP1', 'DP1']","['DP4', 'DP13']",Bw4/Bw6,nan,R1983,O,POS,Kidney,78,Aarhus,Denmark,0,"['A*24', 'A*02']","['B*51', 'B*15']","['C*03', 'C*04']","['DRB1*15', 'DRB1*11']","['DQA1*01:01', 'DQA1*01:02']","['DQB1*06', 'DQB1*03']","['DPA1*01', 'DPA1*01']","['DPB1*04', 'DPB1*04']","['A9', 'A2']","['B5', 'B15']","['Cw3', 'Cw4']","['DR2', 'DR5']","['DQ1', 'DQ1']","['DQ1', 'DQ3']","['DP1', 'DP1']","['DP4', 'DP4']",Bw6/Bw6,[],0.0,0.41,nan,0,1
98,D0135_LK,kidney,False,AllocationPriority.LOCAL,D0135,AB,NEG,KD,72,Copenhagen,Denmark,98,"['A*03', 'A*01']","['B*15', 'B*44']","['C*04', 'C*02']","['DRB1*04', 'DRB1*15']","['DQA1*01:01', 'DQA1*01:02']","['DQB1*06', 'DQB1*06']","['DPA1*01', 'DPA1*01']","['DPB1*04', 'DPB1*03']","['A3', 'A1']","['B15', 'B12']","['Cw4', 'Cw2']","['DR4', 'DR2']","['DQ1', 'DQ1']","['DQ1', 'DQ1']","['DP1', 'DP1']","['DP4', 'DP3']",Bw4/Bw4,nan,R1249,AB,POS,Kidney,27,Copenhagen,Denmark,0,"['A*02', 'A*01']","['B*35', 'B*44']","['C*03', 'C*05']","['DRB1*04', 'DRB1*15']","['DQA1*01:02', 'DQA1*03:01']","['DQB1*06', 'DQB1*02']","['DPA1*02:02', 'DPA1*01']","['DPB1*01', 'DPB1*04']","['A2', 'A1']","['B35', 'B12']","['Cw3', 'Cw5']","['DR4', 'DR2']","['DQ1', 'DQ3']","['DQ1', 'DQ2']","['DP2', 'DP1']","['DP1', 'DP4']",Bw4/Bw6,[],0.0,1.0,nan,0,2
98,D0134_RK,kidney,True,AllocationPriority.PRIORITY_7,D0134,O,POS,KD,77,Copenhagen,Denmark,98,"['A*02', 'A*02']","['B*40', 'B*15']","['C*03', 'C*03']","['DRB1*15', 'DRB1*12']","['DQA1*01:02', 'DQA1*01:02']","['DQB1*03', 'DQB1*03']","['DPA1*01', 'DPA1*01']","['DPB1*04', 'DPB1*13']","['A2', 'A2']","['B40', 'B15']","['Cw3', 'Cw3']","['DR2', 'DR5']","['DQ1', 'DQ1']","['DQ3', 'DQ3']","['DP1', 'DP1']","['DP4', 'DP13']",Bw4/Bw6,nan,R1160,O,NEG,Kidney,29,Copenhagen,Denmark,0,"['A*02', 'A*02']","['B*15', 'B*40']","['C*07', 'C*03']","['DRB1*15', 'DRB1*13']","['DQA1*01:02', 'DQA1*05:01']","['DQB1*06', 'DQB1*03']","['DPA1*01', 'DPA1*01']","['DPB1*10', 'DPB1*04']","['A2', 'A2']","['B15', 'B40']","['Cw7', 'Cw3']","['DR2', 'DR6']","['DQ1', 'DQ1']","['DQ1', 'DQ3']","['DP1', 'DP1']","['DP10', 'DP4']",Bw4/Bw6,[],0.0,0.41,nan,1,0,1,0.0,0.8333333333333334,1.0,664.345423057711
98,D0135_RK,kidney,True,AllocationPriority.PRIORITY_7,D0135,AB,NEG,KD,72,Copenhagen,Denmark,98,"['A*03', 'A*01']","['B*15', 'B*44']","['C*04', 'C*02']","['DRB1*04', 'DRB1*15']","['DQA1*01:01', 'DQA1*01:02']","['DQB1*06', 'DQB1*06']","['DPA1*01', 'DPA1*01']","['DPB1*04', 'DPB1*03']","['A3', 'A1']","['B15', 'B12']","['Cw4', 'Cw2']","['DR4', 'DR2']","['DQ1', 'DQ1']","['DQ1', 'DQ1']","['DP1', 'DP1']","['DP4', 'DP3']",Bw4/Bw4,nan,R2311,AB,POS,Kidney,69,Copenhagen,Denmark,32,"['A*01', 'A*24']","['B*08', 'B*15']","['C*03', 'C*03']","['DRB1*04', 'DRB1*15']","['DQA1*01:01', 'DQA1*05:01']","['DQB1*05', 'DQB1*02']","['DPA1*01', 'DPA1*01']","['DPB1*04', 'DPB1*04']","['A1', 'A9']","['B8', 'B15']","['Cw3', 'Cw3']","['DR4', 'DR2']","['DQ1', 'DQ1']","['DQ1', 'DQ2']","['DP1', 'DP1']","['DP4', 'DP4']",Bw4/Bw4,[],0.0,1.0,nan,0,2,2,0.0,0.6666666666666667,1.0,603.1672386167969
99,D0136_LK,kidney,False,AllocationPriority.PAYBACK,D0136,A,POS,KD,71,Stockholm,Sweden,99,"['A*68', 'A*02']","['B*40', 'B*07']","['C*07', 'C*04']","['DRB1*03', 'DRB1*04']","['DQA1*01:01', 'DQA1*01:03']","['DQB1*03', 'DQB1*03']","['DPA1*01', 'DPA1*02:02']","['DPB1*04', 'DPB1*03']","['A28', 'A2']","['B40', 'B7']","['Cw7', 'Cw4']","['DR3', 'DR4']","['DQ1', 'DQ1']","['DQ3', 'DQ3']","['DP1', 'DP2']","['DP4', 'DP3']",Bw6/Bw6,nan,R0274,A,POS,Kidney,49,Helsinki,Finland,0,"['A*03', 'A*11']","['B*07', 'B*40']","['C*07', 'C*07']","['DRB1*04', 'DRB1*03']","['DQA1*01:02', 'DQA1*05:01']","['DQB1*04', 'DQB1*06']","['DPA1*01', 'DPA1*01']","['DPB1*04', 'DPB1*09']","['A3', 'A11']","['B7', 'B40']","['Cw7', 'Cw7']","['DR4', 'DR3']","['DQ1', 'DQ1']","['DQ4', 'DQ1']","['DP1', 'DP1']","['DP4', 'DP9']",Bw6/Bw6,[],0.0,0.85,nan,0,2
99,D0137_LK,kidney,False,AllocationPriority.PAYBACK,D0137,O,NEG,KD,62,Skane,Sweden,99,"['A*01', 'A*23']","['B*35', 'B*40']","['C*03', 'C*07']","['DRB1*13', 'DRB1*04']","['DQA1*01:02', 'DQA1*01:02']","['DQB1*04', 'DQB1*03']","['DPA1*01', 'DPA1*01']","['DPB1*04', 'DPB1*04']","['A1', 'A9']","['B35', 'B40']","['Cw3', 'Cw7']","['DR6', 'DR4']","['DQ1', 'DQ1']","['DQ4', 'DQ3']","['DP1', 'DP1']","['DP4', 'DP4']",Bw4/Bw6,nan,R0007,O,POS,Kidney,60,Copenhagen,Denmark,0,"['A*02', 'A*23']","['B*18', 'B*40']","['C*07', 'C*05']","['DRB1*13', 'DRB1*04']","['DQA1*04:01', 'DQA1*02:01']","['DQB1*02', 'DQB1*05']","['DPA1*01', 'DPA1*01']","['DPB1*02', 'DPB1*03']","['A2', 'A9']","['B18', 'B40']","['Cw7', 'Cw5']","['DR6', 'DR4']","['DQ4', 'DQ2']","['DQ2', 'DQ1']","['DP1', 'DP1']","['DP2', 'DP3']",Bw4/Bw6,"['B*53', 'C*04', 'DPB1*15', 'A*32', 'B*51', 'DPB1*16', 'B*38', 'C*07', 'B*47']",0.5246,0.194914,nan,0,2
99,D0136_RK,kidney,True,AllocationPriority.PRIORITY_7,D0136,A,POS,KD,71,Stockholm,Sweden,99,"['A*68', 'A*02']","['B*40', 'B*07']","['C*07', 'C*04']","['DRB1*03', 'DRB1*04']","['DQA1*01:01', 'DQA1*01:03']","['DQB1*03', 'DQB1*03']","['DPA1*01', 'DPA1*02:02']","['DPB1*04', 'DPB1*03']","['A28', 'A2']","['B40', 'B7']","['Cw7', 'Cw4']","['DR3', 'DR4']","['DQ1', 'DQ1']","['DQ3', 'DQ3']","['DP1', 'DP2']","['DP4', 'DP3']",Bw6/Bw6,nan,R2117,A,POS,Kidney,88,Stockholm,Sweden,0,"['A*68', 'A*02']","['B*07', 'B*40']","['C*03', 'C*03']","['DRB1*04', 'DRB1*12']","['DQA1*01:03', 'DQA1*03:01']","['DQB1*03', 'DQB1*06']","['DPA1*02:02', 'DPA1*01']","['DPB1*04', 'DPB1*04']","['A28', 'A2']","['B7', 'B40']","['Cw3', 'Cw3']","['DR4', 'DR5']","['DQ1', 'DQ3']","['DQ3', 'DQ1']","['DP2', 'DP1']","['DP4', 'DP4']",Bw6/Bw6,"['A*11', 'B*54', 'DPB1*14', 'B*53', 'DQB1*04', 'C*14', 'DRB1*01', 'DQA1*01:01', 'A*03']",0.5114,0.41531,nan,1,0,1,0.0,0.8333333333333334,1.0,664.345423057711
99,D0137_RK,kidney,True,AllocationPriority.PAYBACK,D0137,O,NEG,KD,62,Skane,Sweden,99,"['A*01', 'A*23']","['B*35', 'B*40']","['C*03', 'C*07']","['DRB1*13', 'DRB1*04']","['DQA1*01:02', 'DQA1*01:02']","['DQB1*04', 'DQB1*03']","['DPA1*01', 'DPA1*01']","['DPB1*04', 'DPB1*04']","['A1', 'A9']","['B35', 'B40']","['Cw3', 'Cw7']","['DR6', 'DR4']","['DQ1', 'DQ1']","['DQ4', 'DQ3']","['DP1', 'DP1']","['DP4', 'DP4']",Bw4/Bw6,nan,R1025,O,POS,Kidney,73,Uppsala,Sweden,0,"['A*24', 'A*01']","['B*08', 'B*44']","['C*07', 'C*07']","['DRB1*13', 'DRB1*04']","['DQA1*03:01', 'DQA1*01:02']","['DQB1*06', 'DQB1*03']","['DPA1*01', 'DPA1*01']","['DPB1*04', 'DPB1*04']","['A9', 'A1']","['B8', 'B12']","['Cw7', 'Cw7']","['DR6', 'DR4']","['DQ3', 'DQ1']","['DQ1', 'DQ3']","['DP1', 'DP1']","['DP4', 'DP4']",Bw4/Bw4,"['DRB1*15', 'DQA1*01:03', 'DPB1*23', 'DQB1*06', 'DPA1*02:02', 'DRB1*09', 'DQA1*04:01']",0.7401,0.1065589999999999,nan,0,2
100,D0138_LK,kidney,False,AllocationPriority.PAYBACK,D0138,B,NEG,KD,48,Gothenburg,Sweden,100,"['A*32', 'A*01']","['B*07', 'B*35']","['C*07', 'C*07']","['DRB1*04', 'DRB1*04']","['DQA1*01:02', 'DQA1*01:02']","['DQB1*03', 'DQB1*02']","['DPA1*01', 'DPA1*01']","['DPB1*01', 'DPB1*04']","['A19', 'A1']","['B7', 'B35']","['Cw7', 'Cw7']","['DR4', 'DR4']","['DQ1', 'DQ1']","['DQ3', 'DQ2']","['DP1', 'DP1']","['DP1', 'DP4']",Bw4/Bw6,nan,R0537,B,POS,Kidney,66,Gothenburg,Sweden,0,"['A*32', 'A*02']","['B*56', 'B*07']","['C*03', 'C*04']","['DRB1*04', 'DRB1*01']","['DQA1*05:01', 'DQA1*05:01']","['DQB1*06', 'DQB1*06']","['DPA1*01', 'DPA1*01']","['DPB1*04', 'DPB1*04']","['A19', 'A2']","['B22', 'B7']","['Cw3', 'Cw4']","['DR4', 'DR1']","['DQ1', 'DQ1']","['DQ1', 'DQ1']","['DP1', 'DP1']","['DP4', 'DP4']",Bw4/Bw6,[],0.0,0.52,nan,0,2
100,D0138_RK,kidney,True,AllocationPriority.PRIORITY_7,D0138,B,NEG,KD,48,Gothenburg,Sweden,100,"['A*32', 'A*01']","['B*07', 'B*35']","['C*07', 'C*07']","['DRB1*04', 'DRB1*04']","['DQA1*01:02', 'DQA1*01:02']","['DQB1*03', 'DQB1*02']","['DPA1*01', 'DPA1*01']","['DPB1*01', 'DPB1*04']","['A19', 'A1']","['B7', 'B35']","['Cw7', 'Cw7']","['DR4', 'DR4']","['DQ1', 'DQ1']","['DQ3', 'DQ2']","['DP1', 'DP1']","['DP1', 'DP4']",Bw4/Bw6,nan,R1765,B,POS,Kidney,46,Gothenburg,Sweden,0,"['A*01', 'A*24']","['B*35', 'B*37']","['C*01', 'C*03']","['DRB1*04', 'DRB1*01']","['DQA1*05:01', 'DQA1*01:02']","['DQB1*03', 'DQB1*03']","['DPA1*01', 'DPA1*02:02']","['DPB1*05', 'DPB1*02']","['A1', 'A9']","['B35', 'B37']","['Cw1', 'Cw3']","['DR4', 'DR1']","['DQ1', 'DQ1']","['DQ3', 'DQ3']","['DP1', 'DP2']","['DP5', 'DP2']",Bw4/Bw4,[],0.0,0.52,nan,0,2,2,0.0,0.6666666666666667,1.0,603.1672386167969
101,D0139_LK,kidney,False,AllocationPriority.PAYBACK,D0139,O,POS,KD,49,Skane,Sweden,101,"['A*30', 'A*02']","['B*15', 'B*40']","['C*04', 'C*17']","['DRB1*03', 'DRB1*03']","['DQA1*01:02', 'DQA1*01:02']","['DQB1*03', 'DQB1*03']","['DPA1*02:02', 'DPA1*02:02']","['DPB1*04', 'DPB1*14']","['A19', 'A2']","['B15', 'B40']","['Cw4', 'Cw17']","['DR3', 'DR3']","['DQ1', 'DQ1']","['DQ3', 'DQ3']","['DP2', 'DP2']","['DP4', 'DP14']",Bw4/Bw4,nan,R0892,O,POS,Kidney,73,Aarhus,Denmark,0,"['A*30', 'A*02']","['B*15', 'B*07']","['C*01', 'C*03']","['DRB1*03', 'DRB1*01']","['DQA1*02:01', 'DQA1*01:01']","['DQB1*05', 'DQB1*06']","['DPA1*02:02', 'DPA1*01']","['DPB1*04', 'DPB1*04']","['A19', 'A2']","['B15', 'B7']","['Cw1', 'Cw3']","['DR3', 'DR1']","['DQ2', 'DQ1']","['DQ1', 'DQ1']","['DP2', 'DP1']","['DP4', 'DP4']",Bw4/Bw4,[],0.0,0.41,nan,0,1
101,D0139_RK,kidney,True,AllocationPriority.PRIORITY_1,D0139,O,POS,KD,49,Skane,Sweden,101,"['A*30', 'A*02']","['B*15', 'B*40']","['C*04', 'C*17']","['DRB1*03', 'DRB1*03']","['DQA1*01:02', 'DQA1*01:02']","['DQB1*03', 'DQB1*03']","['DPA1*02:02', 'DPA1*02:02']","['DPB1*04', 'DPB1*14']","['A19', 'A2']","['B15', 'B40']","['Cw4', 'Cw17']","['DR3', 'DR3']","['DQ1', 'DQ1']","['DQ3', 'DQ3']","['DP2', 'DP2']","['DP4', 'DP14']",Bw4/Bw4,nan,R2282,B,POS,Kidney,76,Helsinki,Finland,22,"['A*02', 'A*02']","['B*14', 'B*55']","['C*06', 'C*06']","['DRB1*15', 'DRB1*04']","['DQA1*01:02', 'DQA1*05:01']","['DQB1*02', 'DQB1*05']","['DPA1*01', 'DPA1*02:02']","['DPB1*04', 'DPB1*20']","['A2', 'A2']","['B14', 'B22']","['Cw6', 'Cw6']","['DR2', 'DR4']","['DQ1', 'DQ1']","['DQ2', 'DQ1']","['DP1', 'DP2']","['DP4', 'DP20']",Bw6/Bw6,"['DRB1*10', 'B*37', 'B*52', 'DPA1*01', 'A*24', 'DRB1*16']",0.9748,0.013104,nan
102,D0140_LK,kidney,False,AllocationPriority.PAYBACK,D0140,O,POS,KD,62,Oslo,Norway,102,"['A*11', 'A*02']","['B*07', 'B*07']","['C*07', 'C*03']","['DRB1*07', 'DRB1*15']","['DQA1*01:02', 'DQA1*01:02']","['DQB1*02', 'DQB1*05']","['DPA1*01', 'DPA1*01']","['DPB1*05', 'DPB1*04']","['A11', 'A2']","['B7', 'B7']","['Cw7', 'Cw3']","['DR7', 'DR2']","['DQ1', 'DQ1']","['DQ2', 'DQ1']","['DP1', 'DP1']","['DP5', 'DP4']",Bw6/Bw6,nan,R0295,O,NEG,Kidney,87,Gothenburg,Sweden,0,"['A*01', 'A*02']","['B*07', 'B*15']","['C*03', 'C*07']","['DRB1*07', 'DRB1*15']","['DQA1*03:01', 'DQA1*04:01']","['DQB1*06', 'DQB1*05']","['DPA1*01', 'DPA1*01']","['DPB1*03', 'DPB1*05']","['A1', 'A2']","['B7', 'B15']","['Cw3', 'Cw7']","['DR7', 'DR2']","['DQ3', 'DQ4']","['DQ1', 'DQ1']","['DP1', 'DP1']","['DP3', 'DP5']",Bw4/Bw6,"['B*13', 'DPB1*26', 'A*34', 'DPB1*31', 'DPB1*05']",0.0381,0.394379,nan,0,1
102,D0141_LK,kidney,False,AllocationPriority.LOCAL,D0141,O,POS,KD,35,Skane,Sweden,102,"['A*11', 'A*02']","['B*35', 'B*07']","['C*03', 'C*03']","['DRB1*14', 'DRB1*04']","['DQA1*01:01', 'DQA1*02:01']","['DQB1*02', 'DQB1*05']","['DPA1*02:02', 'DPA1*01']","['DPB1*04', 'DPB1*01']","['A11', 'A2']","['B35', 'B7']","['Cw3', 'Cw3']","['DR6', 'DR4']","['DQ1', 'DQ2']","['DQ2', 'DQ1']","['DP2', 'DP1']","['DP4', 'DP1']",Bw6/Bw6,nan,R0791,O,POS,Kidney,86,Skane,Sweden,0,"['A*11', 'A*03']","['B*15', 'B*18']","['C*07', 'C*03']","['DRB1*04', 'DRB1*13']","['DQA1*01:02', 'DQA1*01:02']","['DQB1*03', 'DQB1*05']","['DPA1*01', 'DPA1*01']","['DPB1*04', 'DPB1*04']","['A11', 'A3']","['B15', 'B18']","['Cw7', 'Cw3']","['DR4', 'DR6']","['DQ1', 'DQ1']","['DQ3', 'DQ1']","['DP1', 'DP1']","['DP4', 'DP4']",Bw4/Bw6,[],0.0,0.41,nan,0,3
102,D0142_LK,kidney,False,AllocationPriority.PAYBACK,D0142,A,POS,KD,28,Oslo,Norway,102,"['A*01', 'A*01']","['B*39', 'B*08']","['C*06', 'C*07']","['DRB1*04', 'DRB1*13']","['DQA1*01:01', 'DQA1*01:02']","['DQB1*04', 'DQB1*03']","['DPA1*01', 'DPA1*02:02']","['DPB1*14', 'DPB1*04']","['A1', 'A1']","['B16', 'B8']","['Cw6', 'Cw7']","['DR4', 'DR6']","['DQ1', 'DQ1']","['DQ4', 'DQ3']","['DP1', 'DP2']","['DP14', 'DP4']",Bw4/Bw6,nan,R0270,A,POS,Kidney,56,Helsinki,Finland,0,"['A*01', 'A*03']","['B*56', 'B*08']","['C*07', 'C*03']","['DRB1*04', 'DRB1*14']","['DQA1*01:03', 'DQA1*02:01']","['DQB1*03', 'DQB1*05']","['DPA1*01', 'DPA1*01']","['DPB1*04', 'DPB1*03']","['A1', 'A3']","['B22', 'B8']","['Cw7', 'Cw3']","['DR4', 'DR6']","['DQ1', 'DQ2']","['DQ3', 'DQ1']","['DP1', 'DP1']","['DP4', 'DP3']",Bw6/Bw6,[],0.0,0.85,nan,0,1
102,D0140_RK,kidney,True,AllocationPriority.PAYBACK,D0140,O,POS,KD,62,Oslo,Norway,102,"['A*11', 'A*02']","['B*07', 'B*07']","['C*07', 'C*03']","['DRB1*07', 'DRB1*15']","['DQA1*01:02', 'DQA1*01:02']","['DQB1*02', 'DQB1*05']","['DPA1*01', 'DPA1*01']","['DPB1*05', 'DPB1*04']","['A11', 'A2']","['B7', 'B7']","['Cw7', 'Cw3']","['DR7', 'DR2']","['DQ1', 'DQ1']","['DQ2', 'DQ1']","['DP1', 'DP1']","['DP5', 'DP4']",Bw6/Bw6,nan,R1510,O,POS,Kidney,72,Gothenburg,Sweden,0,"['A*02', 'A*02']","['B*07', 'B*15']","['C*02', 'C*01']","['DRB1*15', 'DRB1*07']","['DQA1*04:01', 'DQA1*01:01']","['DQB1*05', 'DQB1*02']","['DPA1*01', 'DPA1*01']","['DPB1*11', 'DPB1*01']","['A2', 'A2']","['B7', 'B15']","['Cw2', 'Cw1']","['DR2', 'DR7']","['DQ4', 'DQ1']","['DQ1', 'DQ2']","['DP1', 'DP1']","['DP11', 'DP1']",Bw4/Bw6,"['B*42', 'DQA1*03:01', 'DRB1*01', 'C*08', 'DQA1*05:01', 'DPB1*19', 'C*16', 'DRB1*08', 'DPB1*09']",0.6289,0.152151,nan,0,1
102,D0141_RK,kidney,True,AllocationPriority.PRIORITY_7,D0141,O,POS,KD,35,Skane,Sweden,102,"['A*11', 'A*02']","['B*35', 'B*07']","['C*03', 'C*03']","['DRB1*14', 'DRB1*04']","['DQA1*01:01', 'DQA1*02:01']","['DQB1*02', 'DQB1*05']","['DPA1*02:02', 'DPA1*01']","['DPB1*04', 'DPB1*01']","['A11', 'A2']","['B35', 'B7']","['Cw3', 'Cw3']","['DR6', 'DR4']","['DQ1', 'DQ2']","['DQ2', 'DQ1']","['DP2', 'DP1']","['DP4', 'DP1']",Bw6/Bw6,nan,R2037,O,POS,Kidney,54,Stockholm,Sweden,0,"['A*02', 'A*11']","['B*35', 'B*15']","['C*07', 'C*03']","['DRB1*14', 'DRB1*04']","['DQA1*01:02', 'DQA1*03:01']","['DQB1*03', 'DQB1*03']","['DPA1*01', 'DPA1*01']","['DPB1*04', 'DPB1*04']","['A2', 'A11']","['B35', 'B15']","['Cw7', 'Cw3']","['DR6', 'DR4']","['DQ1', 'DQ3']","['DQ3', 'DQ3']","['DP1', 'DP1']","['DP4', 'DP4']",Bw4/Bw6,[],0.0,0.41,nan,0,1,1,512.7529968936382,0.8333333333333334,0.9057818641220468,630.5725081902658
102,D0142_RK,kidney,True,AllocationPriority.PRIORITY_7,D0142,A,POS,KD,28,Oslo,Norway,102,"['A*01', 'A*01']","['B*39', 'B*08']","['C*06', 'C*07']","['DRB1*04', 'DRB1*13']","['DQA1*01:01', 'DQA1*01:02']","['DQB1*04', 'DQB1*03']","['DPA1*01', 'DPA1*02:02']","['DPB1*14', 'DPB1*04']","['A1', 'A1']","['B16', 'B8']","['Cw6', 'Cw7']","['DR4', 'DR6']","['DQ1', 'DQ1']","['DQ4', 'DQ3']","['DP1', 'DP2']","['DP14', 'DP4']",Bw4/Bw6,nan,R2191,A,NEG,Kidney,71,Oslo,Norway,0,"['A*01', 'A*24']","['B*35', 'B*08']","['C*07', 'C*05']","['DRB1*04', 'DRB1*13']","['DQA1*01:02', 'DQA1*03:01']","['DQB1*02', 'DQB1*06']","['DPA1*02:02', 'DPA1*01']","['DPB1*01', 'DPB1*04']","['A1', 'A9']","['B35', 'B8']","['Cw7', 'Cw5']","['DR4', 'DR6']","['DQ1', 'DQ3']","['DQ2', 'DQ1']","['DP2', 'DP1']","['DP1', 'DP4']",Bw4/Bw6,[],0.0,0.85,nan,0,1,1,0.0,0.8333333333333334,1.0,664.345423057711
103,D0143_LK,kidney,False,AllocationPriority.LOCAL,D0143,B,POS,KD,87,Copenhagen,Denmark,103,"['A*02', 'A*03']","['B*08', 'B*35']","['C*15', 'C*07']","['DRB1*11', 'DRB1*04']","['DQA1*01:03', 'DQA1*01:02']","['DQB1*03', 'DQB1*06']","['DPA1*01', 'DPA1*01']","['DPB1*04', 'DPB1*04']","['A2', 'A3']","['B8', 'B35']","['Cw15', 'Cw7']","['DR5', 'DR4']","['DQ1', 'DQ1']","['DQ3', 'DQ1']","['DP1', 'DP1']","['DP4', 'DP4']",Bw6/Bw6,nan,R0620,B,NEG,Kidney,71,Copenhagen,Denmark,0,"['A*11', 'A*02']","['B*08', 'B*27']","['C*03', 'C*15']","['DRB1*04', 'DRB1*16']","['DQA1*01:02', 'DQA1*05:01']","['DQB1*06', 'DQB1*03']","['DPA1*01', 'DPA1*01']","['DPB1*02', 'DPB1*03']","['A11', 'A2']","['B8', 'B27']","['Cw3', 'Cw15']","['DR4', 'DR2']","['DQ1', 'DQ1']","['DQ1', 'DQ3']","['DP1', 'DP1']","['DP2', 'DP3']",Bw4/Bw6,"['DRB1*10', 'DPB1*51', 'C*16', 'DPB1*05']",0.0569,0.490412,nan,1,2
103,D0143_RK,kidney,True,AllocationPriority.PRIORITY_7,D0143,B,POS,KD,87,Copenhagen,Denmark,103,"['A*02', 'A*03']","['B*08', 'B*35']","['C*15', 'C*07']","['DRB1*11', 'DRB1*04']","['DQA1*01:03', 'DQA1*01:02']","['DQB1*03', 'DQB1*06']","['DPA1*01', 'DPA1*01']","['DPB1*04', 'DPB1*04']","['A2', 'A3']","['B8', 'B35']","['Cw15', 'Cw7']","['DR5', 'DR4']","['DQ1', 'DQ1']","['DQ3', 'DQ1']","['DP1', 'DP1']","['DP4', 'DP4']",Bw6/Bw6,nan,R0726,B,NEG,Kidney,83,Helsinki,Finland,0,"['A*03', 'A*02']","['B*35', 'B*40']","['C*08', 'C*03']","['DRB1*11', 'DRB1*04']","['DQA1*03:01', 'DQA1*03:01']","['DQB1*05', 'DQB1*02']","['DPA1*01', 'DPA1*01']","['DPB1*04', 'DPB1*04']","['A3', 'A2']","['B35', 'B40']","['Cw8', 'Cw3']","['DR5', 'DR4']","['DQ3', 'DQ3']","['DQ1', 'DQ2']","['DP1', 'DP1']","['DP4', 'DP4']",Bw6/Bw6,[],0.0,0.52,nan,0,1,1,882.6820702465409,0.8333333333333334,0.8378075608814575,606.2068132513205
104,D0144_LK,kidney,False,AllocationPriority.LOCAL,D0144,B,NEG,KD,59,Copenhagen,Denmark,104,"['A*32', 'A*02']","['B*44', 'B*08']","['C*03', 'C*02']","['DRB1*15', 'DRB1*01']","['DQA1*01:02', 'DQA1*04:01']","['DQB1*06', 'DQB1*02']","['DPA1*01', 'DPA1*01']","['DPB1*02', 'DPB1*02']","['A19', 'A2']","['B12', 'B8']","['Cw3', 'Cw2']","['DR2', 'DR1']","['DQ1', 'DQ4']","['DQ1', 'DQ2']","['DP1', 'DP1']","['DP2', 'DP2']",Bw4/Bw4,nan,R1156,B,POS,Kidney,41,Copenhagen,Denmark,0,"['A*02', 'A*02']","['B*08', 'B*08']","['C*07', 'C*07']","['DRB1*01', 'DRB1*15']","['DQA1*01:02', 'DQA1*03:01']","['DQB1*02', 'DQB1*05']","['DPA1*01', 'DPA1*01']","['DPB1*03', 'DPB1*01']","['A2', 'A2']","['B8', 'B8']","['Cw7', 'Cw7']","['DR1', 'DR2']","['DQ1', 'DQ3']","['DQ2', 'DQ1']","['DP1', 'DP1']","['DP3', 'DP1']",Bw6/Bw6,[],0.0,0.52,nan,0,2
104,D0145_LK,kidney,False,AllocationPriority.PAYBACK,D0145,A,POS,KD,62,Gothenburg,Sweden,104,"['A*03', 'A*11']","['B*18', 'B*07']","['C*07', 'C*12']","['DRB1*04', 'DRB1*01']","['DQA1*03:01', 'DQA1*01:02']","['DQB1*06', 'DQB1*05']","['DPA1*01', 'DPA1*02:02']","['DPB1*04', 'DPB1*05']","['A3', 'A11']","['B18', 'B7']","['Cw7', 'Cw12']","['DR4', 'DR1']","['DQ3', 'DQ1']","['DQ1', 'DQ1']","['DP1', 'DP2']","['DP4', 'DP5']",Bw6/Bw6,nan,R0418,A,POS,Kidney,79,Aarhus,Denmark,0,"['A*03', 'A*02']","['B*40', 'B*07']","['C*07', 'C*07']","['DRB1*04', 'DRB1*01']","['DQA1*01:02', 'DQA1*03:01']","['DQB1*06', 'DQB1*03']","['DPA1*01', 'DPA1*01']","['DPB1*04', 'DPB1*06']","['A3', 'A2']","['B40', 'B7']","['Cw7', 'Cw7']","['DR4', 'DR1']","['DQ1', 'DQ3']","['DQ1', 'DQ3']","['DP1', 'DP1']","['DP4', 'DP6']",Bw6/Bw6,[],0.0,0.85,nan,0,2
104,D0144_RK,kidney,True,AllocationPriority.PRIORITY_7,D0144,B,NEG,KD,59,Copenhagen,Denmark,104,"['A*32', 'A*02']","['B*44', 'B*08']","['C*03', 'C*02']","['DRB1*15', 'DRB1*01']","['DQA1*01:02', 'DQA1*04:01']","['DQB1*06', 'DQB1*02']","['DPA1*01', 'DPA1*01']","['DPB1*02', 'DPB1*02']","['A19', 'A2']","['B12', 'B8']","['Cw3', 'Cw2']","['DR2', 'DR1']","['DQ1', 'DQ4']","['DQ1', 'DQ2']","['DP1', 'DP1']","['DP2', 'DP2']",Bw4/Bw4,nan,R1920,B,POS,Kidney,80,Gothenburg,Sweden,0,"['A*01', 'A*02']","['B*08', 'B*44']","['C*07', 'C*07']","['DRB1*01', 'DRB1*15']","['DQA1*03:01', 'DQA1*01:02']","['DQB1*03', 'DQB1*05']","['DPA1*01', 'DPA1*02:02']","['DPB1*04', 'DPB1*02']","['A1', 'A2']","['B8', 'B12']","['Cw7', 'Cw7']","['DR1', 'DR2']","['DQ3', 'DQ1']","['DQ3', 'DQ1']","['DP1', 'DP2']","['DP4', 'DP2']",Bw4/Bw6,[],0.0,0.52,nan,0,1,1,228.9232004239295,0.8333333333333334,0.9579354634027974,649.267200588142
104,D0145_RK,kidney,True,AllocationPriority.PRIORITY_7,D0145,A,POS,KD,62,Gothenburg,Sweden,104,"['A*03', 'A*11']","['B*18', 'B*07']","['C*07', 'C*12']","['DRB1*04', 'DRB1*01']","['DQA1*03:01', 'DQA1*01:02']","['DQB1*06', 'DQB1*05']","['DPA1*01', 'DPA1*02:02']","['DPB1*04', 'DPB1*05']","['A3', 'A11']","['B18', 'B7']","['Cw7', 'Cw12']","['DR4', 'DR1']","['DQ3', 'DQ1']","['DQ1', 'DQ1']","['DP1', 'DP2']","['DP4', 'DP5']",Bw6/Bw6,nan,R2221,A,POS,Kidney,88,Copenhagen,Denmark,5,"['A*01', 'A*11']","['B*07', 'B*55']","['C*07', 'C*12']","['DRB1*04', 'DRB1*01']","['DQA1*02:01', 'DQA1*05:01']","['DQB1*03', 'DQB1*03']","['DPA1*01', 'DPA1*01']","['DPB1*04', 'DPB1*04']","['A1', 'A11']","['B7', 'B22']","['Cw7', 'Cw12']","['DR4', 'DR1']","['DQ2', 'DQ1']","['DQ3', 'DQ3']","['DP1', 'DP1']","['DP4', 'DP4']",Bw6/Bw6,"['DPB1*115', 'B*08', 'B*47', 'C*08']",0.1538,0.7192700000000001,nan,0,2,2,228.9232004239295,0.6666666666666667,0.9579354634027974,588.089016147228
107,D0146_LK,kidney,False,AllocationPriority.PAYBACK,D0146,O,POS,KD,62,Gothenburg,Sweden,107,"['A*02', 'A*32']","['B*08', 'B*27']","['C*03', 'C*03']","['DRB1*08', 'DRB1*11']","['DQA1*05:01', 'DQA1*02:01']","['DQB1*03', 'DQB1*04']","['DPA1*01', 'DPA1*01']","['DPB1*04', 'DPB1*02']","['A2', 'A19']","['B8', 'B27']","['Cw3', 'Cw3']","['DR8', 'DR5']","['DQ1', 'DQ2']","['DQ3', 'DQ4']","['DP1', 'DP1']","['DP4', 'DP2']",Bw4/Bw4,nan,R0265,O,NEG,Kidney,48,Oslo,Norway,0,"['A*02', 'A*26']","['B*08', 'B*35']","['C*03', 'C*05']","['DRB1*08', 'DRB1*11']","['DQA1*03:01', 'DQA1*02:01']","['DQB1*06', 'DQB1*04']","['DPA1*01', 'DPA1*01']","['DPB1*04', 'DPB1*01']","['A2', 'A10']","['B8', 'B35']","['Cw3', 'Cw5']","['DR8', 'DR5']","['DQ3', 'DQ2']","['DQ1', 'DQ4']","['DP1', 'DP1']","['DP4', 'DP1']",Bw4/Bw6,[],0.0,0.41,nan,0,2
107,D0147_LK,kidney,False,AllocationPriority.LOCAL,D0147,A,POS,KD,51,Helsinki,Finland,107,"['A*11', 'A*02']","['B*15', 'B*44']","['C*07', 'C*07']","['DRB1*04', 'DRB1*15']","['DQA1*01:02', 'DQA1*01:02']","['DQB1*05', 'DQB1*02']","['DPA1*01', 'DPA1*02:02']","['DPB1*04', 'DPB1*01']","['A11', 'A2']","['B15', 'B12']","['Cw7', 'Cw7']","['DR4', 'DR2']","['DQ1', 'DQ1']","['DQ1', 'DQ2']","['DP1', 'DP2']","['DP4', 'DP1']",Bw4/Bw4,nan,R0850,A,POS,Kidney,59,Helsinki,Finland,0,"['A*02', 'A*11']","['B*07', 'B*58']","['C*03', 'C*04']","['DRB1*04', 'DRB1*15']","['DQA1*01:02', 'DQA1*05:01']","['DQB1*03', 'DQB1*05']","['DPA1*01', 'DPA1*01']","['DPB1*03', 'DPB1*04']","['A2', 'A11']","['B7', 'B17']","['Cw3', 'Cw4']","['DR4', 'DR2']","['DQ1', 'DQ1']","['DQ3', 'DQ1']","['DP1', 'DP1']","['DP3', 'DP4']",Bw4/Bw6,[],0.0,0.85,nan,0,2
107,D0148_LK,kidney,False,AllocationPriority.PAYBACK,D0148,O,POS,KD,17,Oslo,Norway,107,"['A*02', 'A*02']","['B*57', 'B*15']","['C*03', 'C*04']","['DRB1*07', 'DRB1*13']","['DQA1*01:03', 'DQA1*01:03']","['DQB1*05', 'DQB1*06']","['DPA1*01', 'DPA1*01']","['DPB1*06', 'DPB1*02']","['A2', 'A2']","['B17', 'B15']","['Cw3', 'Cw4']","['DR7', 'DR6']","['DQ1', 'DQ1']","['DQ1', 'DQ1']","['DP1', 'DP1']","['DP6', 'DP2']",Bw4/Bw4,nan,R0001,O,POS,Kidney,67,Gothenburg,Sweden,0,"['A*02', 'A*03']","['B*44', 'B*15']","['C*03', 'C*07']","['DRB1*13', 'DRB1*07']","['DQA1*01:01', 'DQA1*03:01']","['DQB1*03', 'DQB1*03']","['DPA1*01', 'DPA1*01']","['DPB1*04', 'DPB1*04']","['A2', 'A3']","['B12', 'B15']","['Cw3', 'Cw7']","['DR6', 'DR7']","['DQ1', 'DQ3']","['DQ3', 'DQ3']","['DP1', 'DP1']","['DP4', 'DP4']",Bw4/Bw4,[],0.0,0.41,nan,0,1
107,D0146_RK,kidney,True,AllocationPriority.PRIORITY_7,D0146,O,POS,KD,62,Gothenburg,Sweden,107,"['A*02', 'A*32']","['B*08', 'B*27']","['C*03', 'C*03']","['DRB1*08', 'DRB1*11']","['DQA1*05:01', 'DQA1*02:01']","['DQB1*03', 'DQB1*04']","['DPA1*01', 'DPA1*01']","['DPB1*04', 'DPB1*02']","['A2', 'A19']","['B8', 'B27']","['Cw3', 'Cw3']","['DR8', 'DR5']","['DQ1', 'DQ2']","['DQ3', 'DQ4']","['DP1', 'DP1']","['DP4', 'DP2']",Bw4/Bw4,nan,R1239,O,POS,Kidney,85,Copenhagen,Denmark,0,"['A*02', 'A*32']","['B*44', 'B*27']","['C*07', 'C*02']","['DRB1*11', 'DRB1*07']","['DQA1*05:01', 'DQA1*05:01']","['DQB1*03', 'DQB1*05']","['DPA1*02:02', 'DPA1*01']","['DPB1*01', 'DPB1*04']","['A2', 'A19']","['B12', 'B27']","['Cw7', 'Cw2']","['DR5', 'DR7']","['DQ1', 'DQ1']","['DQ3', 'DQ1']","['DP2', 'DP1']","['DP1', 'DP4']",Bw6/Bw6,"['DPB1*11', 'DRB1*11', 'DRB1*08', 'DQA1*01:01', 'A*68', 'B*57', 'B*38', 'B*35', 'DRB1*07']",0.4725,0.2162749999999999,nan,1,1,2,228.9232004239295,0.6666666666666667,0.9579354634027974,588.089016147228
107,D0147_RK,kidney,True,AllocationPriority.PRIORITY_7,D0147,A,POS,KD,51,Helsinki,Finland,107,"['A*11', 'A*02']","['B*15', 'B*44']","['C*07', 'C*07']","['DRB1*04', 'DRB1*15']","['DQA1*01:02', 'DQA1*01:02']","['DQB1*05', 'DQB1*02']","['DPA1*01', 'DPA1*02:02']","['DPB1*04', 'DPB1*01']","['A11', 'A2']","['B15', 'B12']","['Cw7', 'Cw7']","['DR4', 'DR2']","['DQ1', 'DQ1']","['DQ1', 'DQ2']","['DP1', 'DP2']","['DP4', 'DP1']",Bw4/Bw4,nan,R1385,A,POS,Kidney,53,Oslo,Norway,0,"['A*11', 'A*02']","['B*44', 'B*08']","['C*06', 'C*07']","['DRB1*15', 'DRB1*04']","['DQA1*03:01', 'DQA1*01:02']","['DQB1*02', 'DQB1*03']","['DPA1*02:02', 'DPA1*01']","['DPB1*04', 'DPB1*10']","['A11', 'A2']","['B12', 'B8']","['Cw6', 'Cw7']","['DR2', 'DR4']","['DQ3', 'DQ1']","['DQ2', 'DQ3']","['DP2', 'DP1']","['DP4', 'DP10']",Bw4/Bw6,[],0.0,0.85,nan,0,1,1,786.5519919158309,0.8333333333333334,0.8554714201606649,612.5385031123888
107,D0148_RK,kidney,True,AllocationPriority.PRIORITY_7,D0148,O,POS,KD,17,Oslo,Norway,107,"['A*02', 'A*02']","['B*57', 'B*15']","['C*03', 'C*04']","['DRB1*07', 'DRB1*13']","['DQA1*01:03', 'DQA1*01:03']","['DQB1*05', 'DQB1*06']","['DPA1*01', 'DPA1*01']","['DPB1*06', 'DPB1*02']","['A2', 'A2']","['B17', 'B15']","['Cw3', 'Cw4']","['DR7', 'DR6']","['DQ1', 'DQ1']","['DQ1', 'DQ1']","['DP1', 'DP1']","['DP6', 'DP2']",Bw4/Bw4,nan,R2196,O,POS,Kidney,69,Uppsala,Sweden,0,"['A*03', 'A*02']","['B*15', 'B*51']","['C*05', 'C*01']","['DRB1*13', 'DRB1*07']","['DQA1*03:01', 'DQA1*03:01']","['DQB1*03', 'DQB1*02']","['DPA1*01', 'DPA1*01']","['DPB1*03', 'DPB1*04']","['A3', 'A2']","['B15', 'B5']","['Cw5', 'Cw1']","['DR6', 'DR7']","['DQ3', 'DQ3']","['DQ3', 'DQ2']","['DP1', 'DP1']","['DP3', 'DP4']",Bw4/Bw4,[],0.0,0.41,nan,0,1,1,384.0748843519863,0.8333333333333334,0.9294264102591078,639.0480021737251
108,D0149_LK,kidney,False,AllocationPriority.PAYBACK,D0149,A,POS,KD,61,Tartu,Estonia,108,"['A*03', 'A*02']","['B*44', 'B*15']","['C*15', 'C*05']","['DRB1*11', 'DRB1*11']","['DQA1*01:02', 'DQA1*01:02']","['DQB1*04', 'DQB1*06']","['DPA1*01', 'DPA1*01']","['DPB1*13', 'DPB1*04']","['A3', 'A2']","['B12', 'B15']","['Cw15', 'Cw5']","['DR5', 'DR5']","['DQ1', 'DQ1']","['DQ4', 'DQ1']","['DP1', 'DP1']","['DP13', 'DP4']",Bw4/Bw4,nan,R0194,A,POS,Kidney,7,Oslo,Norway,0,"['A*03', 'A*02']","['B*44', 'B*44']","['C*07', 'C*05']","['DRB1*12', 'DRB1*13']","['DQA1*05:01', 'DQA1*01:03']","['DQB1*03', 'DQB1*03']","['DPA1*01', 'DPA1*01']","['DPB1*01', 'DPB1*04']","['A3', 'A2']","['B12', 'B12']","['Cw7', 'Cw5']","['DR5', 'DR6']","['DQ1', 'DQ1']","['DQ3', 'DQ3']","['DP1', 'DP1']","['DP1', 'DP4']",Bw4/Bw4,[],0.0,0.85,nan,0,1
108,D0149_RK,kidney,True,AllocationPriority.PRIORITY_7,D0149,A,POS,KD,61,Tartu,Estonia,108,"['A*03', 'A*02']","['B*44', 'B*15']","['C*15', 'C*05']","['DRB1*11', 'DRB1*11']","['DQA1*01:02', 'DQA1*01:02']","['DQB1*04', 'DQB1*06']","['DPA1*01', 'DPA1*01']","['DPB1*13', 'DPB1*04']","['A3', 'A2']","['B12', 'B15']","['Cw15', 'Cw5']","['DR5', 'DR5']","['DQ1', 'DQ1']","['DQ4', 'DQ1']","['DP1', 'DP1']","['DP13', 'DP4']",Bw4/Bw4,nan,R1273,A,POS,Kidney,88,Helsinki,Finland,0,"['A*02', 'A*03']","['B*15', 'B*40']","['C*03', 'C*06']","['DRB1*11', 'DRB1*01']","['DQA1*03:01', 'DQA1*02:01']","['DQB1*02', 'DQB1*03']","['DPA1*01', 'DPA1*01']","['DPB1*06', 'DPB1*04']","['A2', 'A3']","['B15', 'B40']","['Cw3', 'Cw6']","['DR5', 'DR1']","['DQ3', 'DQ2']","['DQ2', 'DQ3']","['DP1', 'DP1']","['DP6', 'DP4']",Bw4/Bw6,[],0.0,0.85,nan,0,1,1,223.77640682897163,0.8333333333333334,0.958881184444319,649.606198552027
109,D0150_LK,kidney,False,AllocationPriority.LOCAL,D0150,A,POS,KD,63,Skane,Sweden,109,"['A*02', 'A*02']","['B*13', 'B*08']","['C*07', 'C*05']","['DRB1*11', 'DRB1*12']","['DQA1*01:02', 'DQA1*01:01']","['DQB1*06', 'DQB1*05']","['DPA1*02:02', 'DPA1*01']","['DPB1*04', 'DPB1*03']","['A2', 'A2']","['B13', 'B8']","['Cw7', 'Cw5']","['DR5', 'DR5']","['DQ1', 'DQ1']","['DQ1', 'DQ1']","['DP2', 'DP1']","['DP4', 'DP3']",Bw4/Bw6,nan,R2027,A,POS,Kidney,74,Skane,Sweden,0,"['A*68', 'A*02']","['B*07', 'B*57']","['C*07', 'C*07']","['DRB1*13', 'DRB1*13']","['DQA1*01:02', 'DQA1*01:02']","['DQB1*03', 'DQB1*02']","['DPA1*02:02', 'DPA1*01']","['DPB1*04', 'DPB1*04']","['A28', 'A2']","['B7', 'B17']","['Cw7', 'Cw7']","['DR6', 'DR6']","['DQ1', 'DQ1']","['DQ3', 'DQ2']","['DP2', 'DP1']","['DP4', 'DP4']",Bw4/Bw6,"['A*11', 'B*41', 'DRB1*15', 'DRB1*13', 'A*25', 'C*04', 'B*37', 'C*03', 'DQA1*05:01']",0.9344,0.05576,nan
109,D0150_RK,kidney,True,AllocationPriority.PRIORITY_7,D0150,A,POS,KD,63,Skane,Sweden,109,"['A*02', 'A*02']","['B*13', 'B*08']","['C*07', 'C*05']","['DRB1*11', 'DRB1*12']","['DQA1*01:02', 'DQA1*01:01']","['DQB1*06', 'DQB1*05']","['DPA1*02:02', 'DPA1*01']","['DPB1*04', 'DPB1*03']","['A2', 'A2']","['B13', 'B8']","['Cw7', 'Cw5']","['DR5', 'DR5']","['DQ1', 'DQ1']","['DQ1', 'DQ1']","['DP2', 'DP1']","['DP4', 'DP3']",Bw4/Bw6,nan,R0915,A,POS,Kidney,71,Copenhagen,Denmark,0,"['A*02', 'A*26']","['B*35', 'B*08']","['C*07', 'C*07']","['DRB1*12', 'DRB1*11']","['DQA1*05:01', 'DQA1*01:02']","['DQB1*03', 'DQB1*03']","['DPA1*01', 'DPA1*01']","['DPB1*04', 'DPB1*04']","['A2', 'A10']","['B35', 'B8']","['Cw7', 'Cw7']","['DR5', 'DR5']","['DQ1', 'DQ1']","['DQ3', 'DQ3']","['DP1', 'DP1']","['DP4', 'DP4']",Bw4/Bw6,[],0.0,0.85,nan,0,1,1,28.452846136850336,0.8333333333333334,0.9947718021353811,662.4713520017875
110,D0151_LK,kidney,False,AllocationPriority.PAYBACK,D0151,A,POS,KD,19,Aarhus,Denmark,110,"['A*32', 'A*02']","['B*40', 'B*44']","['C*07', 'C*01']","['DRB1*01', 'DRB1*11']","['DQA1*05:01', 'DQA1*03:01']","['DQB1*03', 'DQB1*05']","['DPA1*01', 'DPA1*01']","['DPB1*04', 'DPB1*02']","['A19', 'A2']","['B40', 'B12']","['Cw7', 'Cw1']","['DR1', 'DR5']","['DQ1', 'DQ3']","['DQ3', 'DQ1']","['DP1', 'DP1']","['DP4', 'DP2']",Bw4/Bw4,nan,R1439,A,POS,Kidney,80,Skane,Sweden,0,"['A*01', 'A*02']","['B*40', 'B*44']","['C*01', 'C*12']","['DRB1*12', 'DRB1*01']","['DQA1*05:01', 'DQA1*04:01']","['DQB1*02', 'DQB1*03']","['DPA1*01', 'DPA1*01']","['DPB1*04', 'DPB1*06']","['A1', 'A2']","['B40', 'B12']","['Cw1', 'Cw12']","['DR5', 'DR1']","['DQ1', 'DQ4']","['DQ2', 'DQ3']","['DP1', 'DP1']","['DP4', 'DP6']",Bw4/Bw6,[],0.0,0.85,nan,0,1
110,D0151_RK,kidney,True,AllocationPriority.PAYBACK,D0151,A,POS,KD,19,Aarhus,Denmark,110,"['A*32', 'A*02']","['B*40', 'B*44']","['C*07', 'C*01']","['DRB1*01', 'DRB1*11']","['DQA1*05:01', 'DQA1*03:01']","['DQB1*03', 'DQB1*05']","['DPA1*01', 'DPA1*01']","['DPB1*04', 'DPB1*02']","['A19', 'A2']","['B40', 'B12']","['Cw7', 'Cw1']","['DR1', 'DR5']","['DQ1', 'DQ3']","['DQ3', 'DQ1']","['DP1', 'DP1']","['DP4', 'DP2']",Bw4/Bw4,nan,R0218,A,POS,Kidney,88,Oslo,Norway,0,"['A*01', 'A*29']","['B*40', 'B*51']","['C*12', 'C*04']","['DRB1*11', 'DRB1*01']","['DQA1*03:01', 'DQA1*01:03']","['DQB1*03', 'DQB1*02']","['DPA1*02:02', 'DPA1*01']","['DPB1*04', 'DPB1*04']","['A1', 'A19']","['B40', 'B5']","['Cw12', 'Cw4']","['DR5', 'DR1']","['DQ3', 'DQ1']","['DQ3', 'DQ2']","['DP2', 'DP1']","['DP4', 'DP4']",Bw4/Bw4,[],0.0,0.85,nan,0,2
111,D0152_LK,kidney,False,AllocationPriority.LOCAL,D0152,A,NEG,KD,57,Uppsala,Sweden,111,"['A*02', 'A*03']","['B*08', 'B*44']","['C*03', 'C*07']","['DRB1*03', 'DRB1*15']","['DQA1*03:01', 'DQA1*01:03']","['DQB1*04', 'DQB1*03']","['DPA1*01', 'DPA1*01']","['DPB1*04', 'DPB1*04']","['A2', 'A3']","['B8', 'B12']","['Cw3', 'Cw7']","['DR3', 'DR2']","['DQ3', 'DQ1']","['DQ4', 'DQ3']","['DP1', 'DP1']","['DP4', 'DP4']",Bw4/Bw6,nan,R0255,A,NEG,Kidney,77,Uppsala,Sweden,0,"['A*02', 'A*01']","['B*44', 'B*08']","['C*03', 'C*06']","['DRB1*15', 'DRB1*03']","['DQA1*05:01', 'DQA1*02:01']","['DQB1*03', 'DQB1*04']","['DPA1*01', 'DPA1*01']","['DPB1*04', 'DPB1*04']","['A2', 'A1']","['B12', 'B8']","['Cw3', 'Cw6']","['DR2', 'DR3']","['DQ1', 'DQ2']","['DQ3', 'DQ4']","['DP1', 'DP1']","['DP4', 'DP4']",Bw4/Bw6,[],0.0,0.85,nan,0,1
111,D0152_RK,kidney,True,AllocationPriority.PRIORITY_7,D0152,A,NEG,KD,57,Uppsala,Sweden,111,"['A*02', 'A*03']","['B*08', 'B*44']","['C*03', 'C*07']","['DRB1*03', 'DRB1*15']","['DQA1*03:01', 'DQA1*01:03']","['DQB1*04', 'DQB1*03']","['DPA1*01', 'DPA1*01']","['DPB1*04', 'DPB1*04']","['A2', 'A3']","['B8', 'B12']","['Cw3', 'Cw7']","['DR3', 'DR2']","['DQ3', 'DQ1']","['DQ4', 'DQ3']","['DP1', 'DP1']","['DP4', 'DP4']",Bw4/Bw6,nan,R2314,A,POS,Kidney,81,Uppsala,Sweden,33,"['A*03', 'A*02']","['B*08', 'B*07']","['C*07', 'C*03']","['DRB1*03', 'DRB1*15']","['DQA1*03:01', 'DQA1*01:02']","['DQB1*03', 'DQB1*06']","['DPA1*01', 'DPA1*01']","['DPB1*04', 'DPB1*03']","['A3', 'A2']","['B8', 'B7']","['Cw7', 'Cw3']","['DR3', 'DR2']","['DQ3', 'DQ1']","['DQ3', 'DQ1']","['DP1', 'DP1']","['DP4', 'DP3']",Bw6/Bw6,"['A*26', 'C*15', 'DRB1*04', 'B*54', 'B*49', 'B*42', 'B*27', 'A*31']",0.3417,0.559555,nan,0,1,1,0.0,0.8333333333333334,1.0,664.345423057711
112,D0153_LK,kidney,False,AllocationPriority.LOCAL,D0153,AB,POS,KD,73,Gothenburg,Sweden,112,"['A*02', 'A*02']","['B*51', 'B*18']","['C*07', 'C*03']","['DRB1*04', 'DRB1*04']","['DQA1*01:02', 'DQA1*01:02']","['DQB1*02', 'DQB1*06']","['DPA1*01', 'DPA1*01']","['DPB1*04', 'DPB1*23']","['A2', 'A2']","['B5', 'B18']","['Cw7', 'Cw3']","['DR4', 'DR4']","['DQ1', 'DQ1']","['DQ2', 'DQ1']","['DP1', 'DP1']","['DP4', 'DP23']",Bw4/Bw6,nan,R0082,AB,POS,Kidney,69,Gothenburg,Sweden,0,"['A*26', 'A*02']","['B*27', 'B*37']","['C*03', 'C*07']","['DRB1*04', 'DRB1*03']","['DQA1*01:02', 'DQA1*01:01']","['DQB1*02', 'DQB1*06']","['DPA1*01', 'DPA1*01']","['DPB1*04', 'DPB1*04']","['A10', 'A2']","['B27', 'B37']","['Cw3', 'Cw7']","['DR4', 'DR3']","['DQ1', 'DQ1']","['DQ2', 'DQ1']","['DP1', 'DP1']","['DP4', 'DP4']",Bw6/Bw6,[],0.0,1.0,nan,0,2
112,D0154_LK,kidney,False,AllocationPriority.LOCAL,D0154,A,POS,KD,84,Tartu,Estonia,112,"['A*02', 'A*02']","['B*15', 'B*44']","['C*03', 'C*12']","['DRB1*13', 'DRB1*08']","['DQA1*02:01', 'DQA1*01:02']","['DQB1*05', 'DQB1*06']","['DPA1*01', 'DPA1*01']","['DPB1*04', 'DPB1*04']","['A2', 'A2']","['B15', 'B12']","['Cw3', 'Cw12']","['DR6', 'DR8']","['DQ2', 'DQ1']","['DQ1', 'DQ1']","['DP1', 'DP1']","['DP4', 'DP4']",Bw4/Bw4,nan,R1345,A,POS,Kidney,72,Tartu,Estonia,0,"['A*32', 'A*02']","['B*15', 'B*27']","['C*03', 'C*07']","['DRB1*13', 'DRB1*08']","['DQA1*01:02', 'DQA1*05:01']","['DQB1*06', 'DQB1*05']","['DPA1*01', 'DPA1*01']","['DPB1*04', 'DPB1*04']","['A19', 'A2']","['B15', 'B27']","['Cw3', 'Cw7']","['DR6', 'DR8']","['DQ1', 'DQ1']","['DQ1', 'DQ1']","['DP1', 'DP1']","['DP4', 'DP4']",Bw6/Bw6,"['DPB1*05', 'DPA1*01', 'B*58', 'DRB1*10', 'C*04', 'B*52']",0.9875,0.0106250000000001,nan,0,1
112,D0153_RK,kidney,True,AllocationPriority.PRIORITY_7,D0153,AB,POS,KD,73,Gothenburg,Sweden,112,"['A*02', 'A*02']","['B*51', 'B*18']","['C*07', 'C*03']","['DRB1*04', 'DRB1*04']","['DQA1*01:02', 'DQA1*01:02']","['DQB1*02', 'DQB1*06']","['DPA1*01', 'DPA1*01']","['DPB1*04', 'DPB1*23']","['A2', 'A2']","['B5', 'B18']","['Cw7', 'Cw3']","['DR4', 'DR4']","['DQ1', 'DQ1']","['DQ2', 'DQ1']","['DP1', 'DP1']","['DP4', 'DP23']",Bw4/Bw6,nan,R1661,AB,POS,Kidney,77,Helsinki,Finland,0,"['A*02', 'A*24']","['B*07', 'B*18']","['C*07', 'C*03']","['DRB1*04', 'DRB1*08']","['DQA1*01:03', 'DQA1*05:01']","['DQB1*06', 'DQB1*02']","['DPA1*01', 'DPA1*01']","['DPB1*04', 'DPB1*04']","['A2', 'A9']","['B7', 'B18']","['Cw7', 'Cw3']","['DR4', 'DR8']","['DQ1', 'DQ1']","['DQ1', 'DQ2']","['DP1', 'DP1']","['DP4', 'DP4']",Bw4/Bw6,[],0.0,1.0,nan,0,1,1,790.7219255251106,0.8333333333333334,0.8547051967084739,612.2638468672917
112,D0154_RK,kidney,True,AllocationPriority.PRIORITY_7,D0154,A,POS,KD,84,Tartu,Estonia,112,"['A*02', 'A*02']","['B*15', 'B*44']","['C*03', 'C*12']","['DRB1*13', 'DRB1*08']","['DQA1*02:01', 'DQA1*01:02']","['DQB1*05', 'DQB1*06']","['DPA1*01', 'DPA1*01']","['DPB1*04', 'DPB1*04']","['A2', 'A2']","['B15', 'B12']","['Cw3', 'Cw12']","['DR6', 'DR8']","['DQ2', 'DQ1']","['DQ1', 'DQ1']","['DP1', 'DP1']","['DP4', 'DP4']",Bw4/Bw4,nan,R0280,A,POS,Kidney,42,Helsinki,Finland,0,"['A*02', 'A*32']","['B*44', 'B*15']","['C*05', 'C*03']","['DRB1*13', 'DRB1*04']","['DQA1*01:01', 'DQA1*05:01']","['DQB1*03', 'DQB1*06']","['DPA1*02:02', 'DPA1*01']","['DPB1*04', 'DPB1*04']","['A2', 'A19']","['B12', 'B15']","['Cw5', 'Cw3']","['DR6', 'DR4']","['DQ1', 'DQ1']","['DQ3', 'DQ1']","['DP2', 'DP1']","['DP4', 'DP4']",Bw6/Bw6,"['DPB1*03', 'A*69', 'DPB1*16', 'B*46', 'B*42', 'DPB1*424', 'B*49', 'DPB1*51', 'B*58']",0.1377,0.732955,nan,1,0,1,223.77640682897163,0.8333333333333334,0.958881184444319,649.606198552027
113,D0155_LK,kidney,False,AllocationPriority.PAYBACK,D0155,A,POS,KD,61,Uppsala,Sweden,113,"['A*02', 'A*01']","['B*15', 'B*40']","['C*07', 'C*12']","['DRB1*04', 'DRB1*07']","['DQA1*05:01', 'DQA1*05:01']","['DQB1*06', 'DQB1*02']","['DPA1*01', 'DPA1*01']","['DPB1*02', 'DPB1*04']","['A2', 'A1']","['B15', 'B40']","['Cw7', 'Cw12']","['DR4', 'DR7']","['DQ1', 'DQ1']","['DQ1', 'DQ2']","['DP1', 'DP1']","['DP2', 'DP4']",Bw4/Bw6,nan,R0040,A,POS,Kidney,74,Helsinki,Finland,0,"['A*01', 'A*02']","['B*51', 'B*15']","['C*07', 'C*12']","['DRB1*04', 'DRB1*07']","['DQA1*03:01', 'DQA1*05:01']","['DQB1*02', 'DQB1*06']","['DPA1*01', 'DPA1*01']","['DPB1*03', 'DPB1*04']","['A1', 'A2']","['B5', 'B15']","['Cw7', 'Cw12']","['DR4', 'DR7']","['DQ3', 'DQ1']","['DQ2', 'DQ1']","['DP1', 'DP1']","['DP3', 'DP4']",Bw4/Bw4,[],0.0,0.85,nan,0,1
113,D0156_LK,kidney,False,AllocationPriority.PAYBACK,D0156,O,NEG,KD,29,Stockholm,Sweden,113,"['A*24', 'A*11']","['B*40', 'B*44']","['C*05', 'C*05']","['DRB1*13', 'DRB1*04']","['DQA1*02:01', 'DQA1*02:01']","['DQB1*03', 'DQB1*06']","['DPA1*01', 'DPA1*02:02']","['DPB1*04', 'DPB1*04']","['A9', 'A11']","['B40', 'B12']","['Cw5', 'Cw5']","['DR6', 'DR4']","['DQ2', 'DQ2']","['DQ3', 'DQ1']","['DP1', 'DP2']","['DP4', 'DP4']",Bw4/Bw4,nan,R0202,O,NEG,Kidney,78,Copenhagen,Denmark,0,"['A*11', 'A*11']","['B*40', 'B*08']","['C*03', 'C*06']","['DRB1*13', 'DRB1*04']","['DQA1*03:01', 'DQA1*01:01']","['DQB1*05', 'DQB1*06']","['DPA1*01', 'DPA1*01']","['DPB1*03', 'DPB1*01']","['A11', 'A11']","['B40', 'B8']","['Cw3', 'Cw6']","['DR6', 'DR4']","['DQ3', 'DQ1']","['DQ1', 'DQ1']","['DP1', 'DP1']","['DP3', 'DP1']",Bw6/Bw6,"['C*15', 'DPB1*35', 'C*05', 'A*23', 'DRB1*13', 'C*04', 'DQA1*05:01', 'DPB1*19', 'B*45']",0.5817,0.171503,nan,0,2
113,D0157_LK,kidney,False,AllocationPriority.LOCAL,D0157,AB,POS,KD,44,Oslo,Norway,113,"['A*68', 'A*29']","['B*44', 'B*51']","['C*03', 'C*01']","['DRB1*01', 'DRB1*03']","['DQA1*01:02', 'DQA1*01:01']","['DQB1*03', 'DQB1*05']","['DPA1*01', 'DPA1*02:02']","['DPB1*01', 'DPB1*04']","['A28', 'A19']","['B12', 'B5']","['Cw3', 'Cw1']","['DR1', 'DR3']","['DQ1', 'DQ1']","['DQ3', 'DQ1']","['DP1', 'DP2']","['DP1', 'DP4']",Bw6/Bw6,nan,R0395,AB,POS,Kidney,55,Oslo,Norway,0,"['A*11', 'A*26']","['B*40', 'B*40']","['C*02', 'C*05']","['DRB1*01', 'DRB1*13']","['DQA1*03:01', 'DQA1*05:01']","['DQB1*06', 'DQB1*06']","['DPA1*01', 'DPA1*01']","['DPB1*04', 'DPB1*02']","['A11', 'A10']","['B40', 'B40']","['Cw2', 'Cw5']","['DR1', 'DR6']","['DQ3', 'DQ1']","['DQ1', 'DQ1']","['DP1', 'DP1']","['DP4', 'DP2']",Bw4/Bw6,[],0.0,1.0,nan,1,4
113,D0155_RK,kidney,True,AllocationPriority.PRIORITY_7,D0155,A,POS,KD,61,Uppsala,Sweden,113,"['A*02', 'A*01']","['B*15', 'B*40']","['C*07', 'C*12']","['DRB1*04', 'DRB1*07']","['DQA1*05:01', 'DQA1*05:01']","['DQB1*06', 'DQB1*02']","['DPA1*01', 'DPA1*01']","['DPB1*02', 'DPB1*04']","['A2', 'A1']","['B15', 'B40']","['Cw7', 'Cw12']","['DR4', 'DR7']","['DQ1', 'DQ1']","['DQ1', 'DQ2']","['DP1', 'DP1']","['DP2', 'DP4']",Bw4/Bw6,nan,R0966,A,NEG,Kidney,89,Stockholm,Sweden,0,"['A*02', 'A*01']","['B*40', 'B*08']","['C*03', 'C*06']","['DRB1*07', 'DRB1*04']","['DQA1*01:03', 'DQA1*01:01']","['DQB1*06', 'DQB1*04']","['DPA1*01', 'DPA1*01']","['DPB1*02', 'DPB1*04']","['A2', 'A1']","['B40', 'B8']","['Cw3', 'Cw6']","['DR7', 'DR4']","['DQ1', 'DQ1']","['DQ1', 'DQ4']","['DP1', 'DP1']","['DP2', 'DP4']",Bw6/Bw6,[],0.0,0.85,nan,0,1,1,63.62967887203856,0.8333333333333334,0.9883080747140327,660.1543998153173
113,D0156_RK,kidney,True,AllocationPriority.PAYBACK,D0156,O,NEG,KD,29,Stockholm,Sweden,113,"['A*24', 'A*11']","['B*40', 'B*44']","['C*05', 'C*05']","['DRB1*13', 'DRB1*04']","['DQA1*02:01', 'DQA1*02:01']","['DQB1*03', 'DQB1*06']","['DPA1*01', 'DPA1*02:02']","['DPB1*04', 'DPB1*04']","['A9', 'A11']","['B40', 'B12']","['Cw5', 'Cw5']","['DR6', 'DR4']","['DQ2', 'DQ2']","['DQ3', 'DQ1']","['DP1', 'DP2']","['DP4', 'DP4']",Bw4/Bw4,nan,R0337,O,NEG,Kidney,73,Oslo,Norway,0,"['A*23', 'A*02']","['B*44', 'B*37']","['C*04', 'C*03']","['DRB1*04', 'DRB1*13']","['DQA1*05:01', 'DQA1*01:03']","['DQB1*03', 'DQB1*06']","['DPA1*01', 'DPA1*01']","['DPB1*03', 'DPB1*04']","['A9', 'A2']","['B12', 'B37']","['Cw4', 'Cw3']","['DR4', 'DR6']","['DQ1', 'DQ1']","['DQ3', 'DQ1']","['DP1', 'DP1']","['DP3', 'DP4']",Bw6/Bw6,[],0.0,0.41,nan,0,2
113,D0157_RK,kidney,True,AllocationPriority.PRIORITY_7,D0157,AB,POS,KD,44,Oslo,Norway,113,"['A*68', 'A*29']","['B*44', 'B*51']","['C*03', 'C*01']","['DRB1*01', 'DRB1*03']","['DQA1*01:02', 'DQA1*01:01']","['DQB1*03', 'DQB1*05']","['DPA1*01', 'DPA1*02:02']","['DPB1*01', 'DPB1*04']","['A28', 'A19']","['B12', 'B5']","['Cw3', 'Cw1']","['DR1', 'DR3']","['DQ1', 'DQ1']","['DQ3', 'DQ1']","['DP1', 'DP2']","['DP1', 'DP4']",Bw6/Bw6,nan,R2346,AB,POS,Kidney,69,Odense,Denmark,42,"['A*33', 'A*68']","['B*44', 'B*15']","['C*03', 'C*06']","['DRB1*01', 'DRB1*03']","['DQA1*01:02', 'DQA1*01:03']","['DQB1*04', 'DQB1*06']","['DPA1*01', 'DPA1*01']","['DPB1*04', 'DPB1*02']","['A19', 'A28']","['B12', 'B15']","['Cw3', 'Cw6']","['DR1', 'DR3']","['DQ1', 'DQ1']","['DQ4', 'DQ1']","['DP1', 'DP1']","['DP4', 'DP2']",Bw6/Bw6,"['DPB1*35', 'B*55', 'DPB1*01', 'DPB1*51', 'DPB1*14', 'DPB1*26', 'C*12']",0.1207,0.8793,nan,0,2,2,501.9298300705601,0.6666666666666667,0.9077706162279229,570.1072008927842
114,D0158_LK,kidney,False,AllocationPriority.LOCAL,D0158,O,POS,KD,17,Oslo,Norway,114,"['A*02', 'A*11']","['B*27', 'B*44']","['C*05', 'C*07']","['DRB1*04', 'DRB1*04']","['DQA1*05:01', 'DQA1*05:01']","['DQB1*02', 'DQB1*05']","['DPA1*01', 'DPA1*01']","['DPB1*03', 'DPB1*04']","['A2', 'A11']","['B27', 'B12']","['Cw5', 'Cw7']","['DR4', 'DR4']","['DQ1', 'DQ1']","['DQ2', 'DQ1']","['DP1', 'DP1']","['DP3', 'DP4']",Bw4/Bw4,nan,R0512,O,POS,Kidney,77,Oslo,Norway,0,"['A*11', 'A*02']","['B*44', 'B*51']","['C*01', 'C*03']","['DRB1*13', 'DRB1*04']","['DQA1*01:01', 'DQA1*01:02']","['DQB1*03', 'DQB1*06']","['DPA1*01', 'DPA1*02:02']","['DPB1*01', 'DPB1*04']","['A11', 'A2']","['B12', 'B5']","['Cw1', 'Cw3']","['DR6', 'DR4']","['DQ1', 'DQ1']","['DQ3', 'DQ1']","['DP1', 'DP2']","['DP1', 'DP4']",Bw4/Bw4,[],0.0,0.41,nan,0,1
114,D0158_RK,kidney,True,AllocationPriority.PRIORITY_4,D0158,O,POS,KD,17,Oslo,Norway,114,"['A*02', 'A*11']","['B*27', 'B*44']","['C*05', 'C*07']","['DRB1*04', 'DRB1*04']","['DQA1*05:01', 'DQA1*05:01']","['DQB1*02', 'DQB1*05']","['DPA1*01', 'DPA1*01']","['DPB1*03', 'DPB1*04']","['A2', 'A11']","['B27', 'B12']","['Cw5', 'Cw7']","['DR4', 'DR4']","['DQ1', 'DQ1']","['DQ2', 'DQ1']","['DP1', 'DP1']","['DP3', 'DP4']",Bw4/Bw4,nan,R1872,O,POS,Kidney,5,Helsinki,Finland,0,"['A*03', 'A*02']","['B*18', 'B*44']","['C*06', 'C*07']","['DRB1*15', 'DRB1*04']","['DQA1*01:02', 'DQA1*01:01']","['DQB1*06', 'DQB1*02']","['DPA1*02:02', 'DPA1*01']","['DPB1*02', 'DPB1*04']","['A3', 'A2']","['B18', 'B12']","['Cw6', 'Cw7']","['DR2', 'DR4']","['DQ1', 'DQ1']","['DQ1', 'DQ2']","['DP2', 'DP1']","['DP2', 'DP4']",Bw4/Bw6,[],0.0,0.41,nan
115,D0159_LK,kidney,False,AllocationPriority.LOCAL,D0159,A,POS,KD,59,Gothenburg,Sweden,115,"['A*25', 'A*11']","['B*07', 'B*57']","['C*02', 'C*03']","['DRB1*14', 'DRB1*03']","['DQA1*01:01', 'DQA1*05:01']","['DQB1*06', 'DQB1*06']","['DPA1*01', 'DPA1*01']","['DPB1*20', 'DPB1*04']","['A10', 'A11']","['B7', 'B17']","['Cw2', 'Cw3']","['DR6', 'DR3']","['DQ1', 'DQ1']","['DQ1', 'DQ1']","['DP1', 'DP1']","['DP20', 'DP4']",Bw4/Bw4,nan,R0402,A,POS,Kidney,70,Gothenburg,Sweden,0,"['A*24', 'A*24']","['B*07', 'B*08']","['C*03', 'C*03']","['DRB1*13', 'DRB1*03']","['DQA1*01:02', 'DQA1*05:01']","['DQB1*02', 'DQB1*02']","['DPA1*01', 'DPA1*01']","['DPB1*04', 'DPB1*02']","['A9', 'A9']","['B7', 'B8']","['Cw3', 'Cw3']","['DR6', 'DR3']","['DQ1', 'DQ1']","['DQ2', 'DQ2']","['DP1', 'DP1']","['DP4', 'DP2']",Bw4/Bw4,[],0.0,0.85,nan,0,3
115,D0160_LK,kidney,False,AllocationPriority.LOCAL,D0160,O,POS,KD,17,Copenhagen,Denmark,115,"['A*03', 'A*01']","['B*44', 'B*07']","['C*07', 'C*16']","['DRB1*03', 'DRB1*15']","['DQA1*03:01', 'DQA1*03:01']","['DQB1*03', 'DQB1*02']","['DPA1*01', 'DPA1*01']","['DPB1*10', 'DPB1*04']","['A3', 'A1']","['B12', 'B7']","['Cw7', 'Cw16']","['DR3', 'DR2']","['DQ3', 'DQ3']","['DQ3', 'DQ2']","['DP1', 'DP1']","['DP10', 'DP4']",Bw4/Bw6,nan,R0704,O,POS,Kidney,89,Copenhagen,Denmark,0,"['A*03', 'A*01']","['B*08', 'B*40']","['C*04', 'C*07']","['DRB1*03', 'DRB1*15']","['DQA1*01:02', 'DQA1*02:01']","['DQB1*03', 'DQB1*06']","['DPA1*01', 'DPA1*01']","['DPB1*17', 'DPB1*04']","['A3', 'A1']","['B8', 'B40']","['Cw4', 'Cw7']","['DR3', 'DR2']","['DQ1', 'DQ2']","['DQ3', 'DQ1']","['DP1', 'DP1']","['DP17', 'DP4']",Bw6/Bw6,"['DQB1*05', 'DPB1*115', 'DRB1*15', 'A*25']",0.3301,0.274659,nan,0,2
115,D0161_LK,kidney,False,AllocationPriority.LOCAL,D0161,A,POS,KD,61,Gothenburg,Sweden,115,"['A*03', 'A*24']","['B*44', 'B*40']","['C*15', 'C*07']","['DRB1*13', 'DRB1*10']","['DQA1*03:01', 'DQA1*05:01']","['DQB1*06', 'DQB1*06']","['DPA1*01', 'DPA1*01']","['DPB1*04', 'DPB1*01']","['A3', 'A9']","['B12', 'B40']","['Cw15', 'Cw7']","['DR6', 'DR10']","['DQ3', 'DQ1']","['DQ1', 'DQ1']","['DP1', 'DP1']","['DP4', 'DP1']",Bw4/Bw4,nan,R0220,A,POS,Kidney,37,Gothenburg,Sweden,0,"['A*01', 'A*03']","['B*45', 'B*44']","['C*07', 'C*06']","['DRB1*13', 'DRB1*15']","['DQA1*01:02', 'DQA1*02:01']","['DQB1*03', 'DQB1*03']","['DPA1*01', 'DPA1*01']","['DPB1*05', 'DPB1*04']","['A1', 'A3']","['B12', 'B12']","['Cw7', 'Cw6']","['DR6', 'DR2']","['DQ1', 'DQ2']","['DQ3', 'DQ3']","['DP1', 'DP1']","['DP5', 'DP4']",Bw4/Bw4,[],0.0,0.85,nan,1,2
115,D0159_RK,kidney,True,AllocationPriority.PRIORITY_7,D0159,A,POS,KD,59,Gothenburg,Sweden,115,"['A*25', 'A*11']","['B*07', 'B*57']","['C*02', 'C*03']","['DRB1*14', 'DRB1*03']","['DQA1*01:01', 'DQA1*05:01']","['DQB1*06', 'DQB1*06']","['DPA1*01', 'DPA1*01']","['DPB1*20', 'DPB1*04']","['A10', 'A11']","['B7', 'B17']","['Cw2', 'Cw3']","['DR6', 'DR3']","['DQ1', 'DQ1']","['DQ1', 'DQ1']","['DP1', 'DP1']","['DP20', 'DP4']",Bw4/Bw4,nan,R0410,A,POS,Kidney,71,Gothenburg,Sweden,0,"['A*11', 'A*25']","['B*40', 'B*07']","['C*05', 'C*04']","['DRB1*09', 'DRB1*11']","['DQA1*02:01', 'DQA1*01:02']","['DQB1*03', 'DQB1*06']","['DPA1*01', 'DPA1*01']","['DPB1*02', 'DPB1*02']","['A11', 'A10']","['B40', 'B7']","['Cw5', 'Cw4']","['DR9', 'DR5']","['DQ2', 'DQ1']","['DQ3', 'DQ1']","['DP1', 'DP1']","['DP2', 'DP2']",Bw4/Bw6,[],0.0,0.85,nan,2,1,3,0.0,0.5,1.0,541.9890541758828
115,D0160_RK,kidney,True,AllocationPriority.PRIORITY_7,D0160,O,POS,KD,17,Copenhagen,Denmark,115,"['A*03', 'A*01']","['B*44', 'B*07']","['C*07', 'C*16']","['DRB1*03', 'DRB1*15']","['DQA1*03:01', 'DQA1*03:01']","['DQB1*03', 'DQB1*02']","['DPA1*01', 'DPA1*01']","['DPB1*10', 'DPB1*04']","['A3', 'A1']","['B12', 'B7']","['Cw7', 'Cw16']","['DR3', 'DR2']","['DQ3', 'DQ3']","['DQ3', 'DQ2']","['DP1', 'DP1']","['DP10', 'DP4']",Bw4/Bw6,nan,R1220,O,POS,Kidney,49,Gothenburg,Sweden,0,"['A*03', 'A*01']","['B*44', 'B*07']","['C*03', 'C*15']","['DRB1*15', 'DRB1*03']","['DQA1*05:01', 'DQA1*03:01']","['DQB1*02', 'DQB1*06']","['DPA1*01', 'DPA1*02:02']","['DPB1*01', 'DPB1*02']","['A3', 'A1']","['B12', 'B7']","['Cw3', 'Cw15']","['DR2', 'DR3']","['DQ1', 'DQ3']","['DQ2', 'DQ1']","['DP1', 'DP2']","['DP1', 'DP2']",Bw4/Bw6,[],0.0,0.41,nan,0,0,0,228.9232004239295,1.0,0.9579354634027974,710.4453850290561
115,D0161_RK,kidney,True,AllocationPriority.PAYBACK,D0161,A,POS,KD,61,Gothenburg,Sweden,115,"['A*03', 'A*24']","['B*44', 'B*40']","['C*15', 'C*07']","['DRB1*13', 'DRB1*10']","['DQA1*03:01', 'DQA1*05:01']","['DQB1*06', 'DQB1*06']","['DPA1*01', 'DPA1*01']","['DPB1*04', 'DPB1*01']","['A3', 'A9']","['B12', 'B40']","['Cw15', 'Cw7']","['DR6', 'DR10']","['DQ3', 'DQ1']","['DQ1', 'DQ1']","['DP1', 'DP1']","['DP4', 'DP1']",Bw4/Bw4,nan,R0458,A,POS,Kidney,71,Helsinki,Finland,0,"['A*29', 'A*03']","['B*40', 'B*07']","['C*03', 'C*07']","['DRB1*10', 'DRB1*13']","['DQA1*01:03', 'DQA1*05:01']","['DQB1*03', 'DQB1*03']","['DPA1*02:02', 'DPA1*01']","['DPB1*04', 'DPB1*01']","['A19', 'A3']","['B40', 'B7']","['Cw3', 'Cw7']","['DR10', 'DR6']","['DQ1', 'DQ1']","['DQ3', 'DQ3']","['DP2', 'DP1']","['DP4', 'DP1']",Bw4/Bw6,[],0.0,0.85,nan,0,2
116,D0162_LK,kidney,False,AllocationPriority.LOCAL,D0162,A,POS,KD,39,Helsinki,Finland,116,"['A*02', 'A*01']","['B*07', 'B*07']","['C*07', 'C*07']","['DRB1*09', 'DRB1*01']","['DQA1*02:01', 'DQA1*01:03']","['DQB1*02', 'DQB1*02']","['DPA1*01', 'DPA1*01']","['DPB1*04', 'DPB1*02']","['A2', 'A1']","['B7', 'B7']","['Cw7', 'Cw7']","['DR9', 'DR1']","['DQ2', 'DQ1']","['DQ2', 'DQ2']","['DP1', 'DP1']","['DP4', 'DP2']",Bw6/Bw6,nan,R0298,A,POS,Kidney,70,Helsinki,Finland,0,"['A*02', 'A*03']","['B*40', 'B*07']","['C*03', 'C*17']","['DRB1*09', 'DRB1*15']","['DQA1*01:02', 'DQA1*03:01']","['DQB1*06', 'DQB1*03']","['DPA1*01', 'DPA1*01']","['DPB1*04', 'DPB1*04']","['A2', 'A3']","['B40', 'B7']","['Cw3', 'Cw17']","['DR9', 'DR2']","['DQ1', 'DQ3']","['DQ1', 'DQ3']","['DP1', 'DP1']","['DP4', 'DP4']",Bw6/Bw6,"['B*44', 'DPB1*26', 'B*50', 'DPB1*02', 'A*29', 'DRB1*15', 'DRB1*07', 'DPB1*03', 'B*18']",0.6819,0.2703850000000001,nan,1,1
116,D0162_RK,kidney,True,AllocationPriority.PRIORITY_7,D0162,A,POS,KD,39,Helsinki,Finland,116,"['A*02', 'A*01']","['B*07', 'B*07']","['C*07', 'C*07']","['DRB1*09', 'DRB1*01']","['DQA1*02:01', 'DQA1*01:03']","['DQB1*02', 'DQB1*02']","['DPA1*01', 'DPA1*01']","['DPB1*04', 'DPB1*02']","['A2', 'A1']","['B7', 'B7']","['Cw7', 'Cw7']","['DR9', 'DR1']","['DQ2', 'DQ1']","['DQ2', 'DQ2']","['DP1', 'DP1']","['DP4', 'DP2']",Bw6/Bw6,nan,R1753,A,POS,Kidney,69,Uppsala,Sweden,0,"['A*02', 'A*01']","['B*07', 'B*35']","['C*03', 'C*03']","['DRB1*01', 'DRB1*11']","['DQA1*05:01', 'DQA1*02:01']","['DQB1*02', 'DQB1*03']","['DPA1*01', 'DPA1*01']","['DPB1*04', 'DPB1*04']","['A2', 'A1']","['B7', 'B35']","['Cw3', 'Cw3']","['DR1', 'DR5']","['DQ1', 'DQ2']","['DQ2', 'DQ3']","['DP1', 'DP1']","['DP4', 'DP4']",Bw6/Bw6,[],0.0,0.85,nan,1,0,1,406.75573730697454,0.8333333333333334,0.9252588135829557,637.5541083874177
117,D0163_LK,kidney,False,AllocationPriority.LOCAL,D0163,B,POS,KD,39,Helsinki,Finland,117,"['A*02', 'A*02']","['B*07', 'B*39']","['C*04', 'C*03']","['DRB1*13', 'DRB1*04']","['DQA1*03:01', 'DQA1*03:01']","['DQB1*06', 'DQB1*03']","['DPA1*01', 'DPA1*01']","['DPB1*04', 'DPB1*04']","['A2', 'A2']","['B7', 'B16']","['Cw4', 'Cw3']","['DR6', 'DR4']","['DQ3', 'DQ3']","['DQ1', 'DQ3']","['DP1', 'DP1']","['DP4', 'DP4']",Bw4/Bw6,nan,R1772,B,POS,Kidney,70,Helsinki,Finland,0,"['A*02', 'A*11']","['B*51', 'B*44']","['C*08', 'C*02']","['DRB1*13', 'DRB1*04']","['DQA1*05:01', 'DQA1*03:01']","['DQB1*06', 'DQB1*05']","['DPA1*01', 'DPA1*01']","['DPB1*04', 'DPB1*04']","['A2', 'A11']","['B5', 'B12']","['Cw8', 'Cw2']","['DR6', 'DR4']","['DQ1', 'DQ3']","['DQ1', 'DQ1']","['DP1', 'DP1']","['DP4', 'DP4']",Bw4/Bw4,"['DRB1*16', 'C*05', 'B*35']",0.163,0.43524,nan,0,2
117,D0164_LK,kidney,False,AllocationPriority.LOCAL,D0164,O,POS,KD,22,Stockholm,Sweden,117,"['A*02', 'A*32']","['B*44', 'B*18']","['C*06', 'C*07']","['DRB1*07', 'DRB1*03']","['DQA1*01:01', 'DQA1*03:01']","['DQB1*06', 'DQB1*03']","['DPA1*01', 'DPA1*01']","['DPB1*04', 'DPB1*03']","['A2', 'A19']","['B12', 'B18']","['Cw6', 'Cw7']","['DR7', 'DR3']","['DQ1', 'DQ3']","['DQ1', 'DQ3']","['DP1', 'DP1']","['DP4', 'DP3']",Bw4/Bw4,nan,R0173,O,POS,Kidney,89,Stockholm,Sweden,0,"['A*32', 'A*02']","['B*44', 'B*08']","['C*05', 'C*05']","['DRB1*03', 'DRB1*07']","['DQA1*03:01', 'DQA1*02:01']","['DQB1*03', 'DQB1*05']","['DPA1*01', 'DPA1*01']","['DPB1*02', 'DPB1*04']","['A19', 'A2']","['B12', 'B8']","['Cw5', 'Cw5']","['DR3', 'DR7']","['DQ3', 'DQ2']","['DQ3', 'DQ1']","['DP1', 'DP1']","['DP2', 'DP4']",Bw4/Bw4,[],0.0,0.41,nan,0,1
117,D0163_RK,kidney,True,AllocationPriority.PRIORITY_7,D0163,B,POS,KD,39,Helsinki,Finland,117,"['A*02', 'A*02']","['B*07', 'B*39']","['C*04', 'C*03']","['DRB1*13', 'DRB1*04']","['DQA1*03:01', 'DQA1*03:01']","['DQB1*06', 'DQB1*03']","['DPA1*01', 'DPA1*01']","['DPB1*04', 'DPB1*04']","['A2', 'A2']","['B7', 'B16']","['Cw4', 'Cw3']","['DR6', 'DR4']","['DQ3', 'DQ3']","['DQ1', 'DQ3']","['DP1', 'DP1']","['DP4', 'DP4']",Bw4/Bw6,nan,R0748,B,POS,Kidney,72,Helsinki,Finland,0,"['A*02', 'A*02']","['B*07', 'B*08']","['C*02', 'C*07']","['DRB1*04', 'DRB1*07']","['DQA1*03:01', 'DQA1*01:03']","['DQB1*02', 'DQB1*05']","['DPA1*01', 'DPA1*01']","['DPB1*04', 'DPB1*04']","['A2', 'A2']","['B7', 'B8']","['Cw2', 'Cw7']","['DR4', 'DR7']","['DQ3', 'DQ1']","['DQ2', 'DQ1']","['DP1', 'DP1']","['DP4', 'DP4']",Bw6/Bw6,[],0.0,0.52,nan,1,1,2,0.0,0.6666666666666667,1.0,603.1672386167969
117,D0164_RK,kidney,True,AllocationPriority.PRIORITY_7,D0164,O,POS,KD,22,Stockholm,Sweden,117,"['A*02', 'A*32']","['B*44', 'B*18']","['C*06', 'C*07']","['DRB1*07', 'DRB1*03']","['DQA1*01:01', 'DQA1*03:01']","['DQB1*06', 'DQB1*03']","['DPA1*01', 'DPA1*01']","['DPB1*04', 'DPB1*03']","['A2', 'A19']","['B12', 'B18']","['Cw6', 'Cw7']","['DR7', 'DR3']","['DQ1', 'DQ3']","['DQ1', 'DQ3']","['DP1', 'DP1']","['DP4', 'DP3']",Bw4/Bw4,nan,R1667,O,POS,Kidney,60,Uppsala,Sweden,0,"['A*02', 'A*02']","['B*07', 'B*44']","['C*03', 'C*03']","['DRB1*03', 'DRB1*07']","['DQA1*01:02', 'DQA1*03:01']","['DQB1*03', 'DQB1*03']","['DPA1*01', 'DPA1*01']","['DPB1*11', 'DPB1*04']","['A2', 'A2']","['B7', 'B12']","['Cw3', 'Cw3']","['DR3', 'DR7']","['DQ1', 'DQ3']","['DQ3', 'DQ3']","['DP1', 'DP1']","['DP11', 'DP4']",Bw4/Bw6,[],0.0,0.41,nan,0,2,2,63.62967887203856,0.6666666666666667,0.9883080747140327,598.9762153744033
118,D0165_LK,kidney,False,AllocationPriority.LOCAL,D0165,O,POS,KD,64,Gothenburg,Sweden,118,"['A*32', 'A*32']","['B*15', 'B*08']","['C*07', 'C*06']","['DRB1*03', 'DRB1*15']","['DQA1*01:02', 'DQA1*01:01']","['DQB1*03', 'DQB1*03']","['DPA1*01', 'DPA1*01']","['DPB1*04', 'DPB1*03']","['A19', 'A19']","['B15', 'B8']","['Cw7', 'Cw6']","['DR3', 'DR2']","['DQ1', 'DQ1']","['DQ3', 'DQ3']","['DP1', 'DP1']","['DP4', 'DP3']",Bw6/Bw6,nan,R2429,O,POS,Kidney,55,Gothenburg,Sweden,67,"['A*01', 'A*02']","['B*07', 'B*08']","['C*07', 'C*07']","['DRB1*03', 'DRB1*01']","['DQA1*01:03', 'DQA1*01:02']","['DQB1*03', 'DQB1*05']","['DPA1*01', 'DPA1*01']","['DPB1*03', 'DPB1*04']","['A1', 'A2']","['B7', 'B8']","['Cw7', 'Cw7']","['DR3', 'DR1']","['DQ1', 'DQ1']","['DQ3', 'DQ1']","['DP1', 'DP1']","['DP3', 'DP4']",Bw6/Bw6,"['C*17', 'C*14', 'B*47', 'A*02', 'DQA1*03:01', 'A*03', 'B*07', 'DPB1*20']",0.8661,0.0548989999999999,nan
118,D0166_LK,kidney,False,AllocationPriority.PAYBACK,D0166,B,POS,KD,82,Gothenburg,Sweden,118,"['A*29', 'A*02']","['B*18', 'B*44']","['C*16', 'C*03']","['DRB1*03', 'DRB1*15']","['DQA1*01:01', 'DQA1*05:01']","['DQB1*05', 'DQB1*02']","['DPA1*01', 'DPA1*01']","['DPB1*04', 'DPB1*03']","['A19', 'A2']","['B18', 'B12']","['Cw16', 'Cw3']","['DR3', 'DR2']","['DQ1', 'DQ1']","['DQ1', 'DQ2']","['DP1', 'DP1']","['DP4', 'DP3']",Bw4/Bw4,nan,R1901,B,POS,Kidney,35,Gothenburg,Sweden,0,"['A*32', 'A*02']","['B*44', 'B*18']","['C*07', 'C*05']","['DRB1*15', 'DRB1*03']","['DQA1*03:01', 'DQA1*01:01']","['DQB1*03', 'DQB1*03']","['DPA1*02:02', 'DPA1*02:02']","['DPB1*02', 'DPB1*03']","['A19', 'A2']","['B12', 'B18']","['Cw7', 'Cw5']","['DR2', 'DR3']","['DQ3', 'DQ1']","['DQ3', 'DQ3']","['DP2', 'DP2']","['DP2', 'DP3']",Bw4/Bw4,[],0.0,0.52,nan,0,0
118,D0165_RK,kidney,True,AllocationPriority.PRIORITY_7,D0165,O,POS,KD,64,Gothenburg,Sweden,118,"['A*32', 'A*32']","['B*15', 'B*08']","['C*07', 'C*06']","['DRB1*03', 'DRB1*15']","['DQA1*01:02', 'DQA1*01:01']","['DQB1*03', 'DQB1*03']","['DPA1*01', 'DPA1*01']","['DPB1*04', 'DPB1*03']","['A19', 'A19']","['B15', 'B8']","['Cw7', 'Cw6']","['DR3', 'DR2']","['DQ1', 'DQ1']","['DQ3', 'DQ3']","['DP1', 'DP1']","['DP4', 'DP3']",Bw6/Bw6,nan,R0875,O,NEG,Kidney,89,Aarhus,Denmark,0,"['A*01', 'A*32']","['B*08', 'B*40']","['C*06', 'C*07']","['DRB1*15', 'DRB1*03']","['DQA1*02:01', 'DQA1*05:01']","['DQB1*02', 'DQB1*05']","['DPA1*02:02', 'DPA1*01']","['DPB1*04', 'DPB1*04']","['A1', 'A19']","['B8', 'B40']","['Cw6', 'Cw7']","['DR2', 'DR3']","['DQ2', 'DQ1']","['DQ2', 'DQ1']","['DP2', 'DP1']","['DP4', 'DP4']",Bw4/Bw6,"['B*51', 'DQA1*01:02', 'DPB1*424', 'A*32', 'DPB1*15', 'A*24', 'B*35', 'B*45', 'DPB1*05']",0.4838,0.211642,nan,0,1,1,202.6942002796759,0.8333333333333334,0.9627550305520983,650.9947961249729
118,D0166_RK,kidney,True,AllocationPriority.PRIORITY_7,D0166,B,POS,KD,82,Gothenburg,Sweden,118,"['A*29', 'A*02']","['B*18', 'B*44']","['C*16', 'C*03']","['DRB1*03', 'DRB1*15']","['DQA1*01:01', 'DQA1*05:01']","['DQB1*05', 'DQB1*02']","['DPA1*01', 'DPA1*01']","['DPB1*04', 'DPB1*03']","['A19', 'A2']","['B18', 'B12']","['Cw16', 'Cw3']","['DR3', 'DR2']","['DQ1', 'DQ1']","['DQ1', 'DQ2']","['DP1', 'DP1']","['DP4', 'DP3']",Bw4/Bw4,nan,R1734,B,POS,Kidney,81,Gothenburg,Sweden,0,"['A*24', 'A*02']","['B*39', 'B*44']","['C*07', 'C*04']","['DRB1*15', 'DRB1*03']","['DQA1*01:01', 'DQA1*01:03']","['DQB1*06', 'DQB1*03']","['DPA1*01', 'DPA1*01']","['DPB1*04', 'DPB1*04']","['A9', 'A2']","['B16', 'B12']","['Cw7', 'Cw4']","['DR2', 'DR3']","['DQ1', 'DQ1']","['DQ1', 'DQ3']","['DP1', 'DP1']","['DP4', 'DP4']",Bw6/Bw6,"['A*32', 'DRB1*16', 'DPB1*03', 'DPB1*51', 'DPB1*19', 'DQA1*01:02', 'C*16', 'B*27', 'B*44']",0.5951,0.210548,nan,0,2,2,0.0,0.6666666666666667,1.0,603.1672386167969
119,D0167_LK,kidney,False,AllocationPriority.PAYBACK,D0167,B,POS,KD,57,Gothenburg,Sweden,119,"['A*29', 'A*24']","['B*13', 'B*27']","['C*04', 'C*12']","['DRB1*08', 'DRB1*04']","['DQA1*01:03', 'DQA1*02:01']","['DQB1*04', 'DQB1*02']","['DPA1*01', 'DPA1*01']","['DPB1*04', 'DPB1*04']","['A19', 'A9']","['B13', 'B27']","['Cw4', 'Cw12']","['DR8', 'DR4']","['DQ1', 'DQ2']","['DQ4', 'DQ2']","['DP1', 'DP1']","['DP4', 'DP4']",Bw6/Bw6,nan,R1306,B,POS,Kidney,80,Stockholm,Sweden,0,"['A*24', 'A*03']","['B*07', 'B*07']","['C*07', 'C*15']","['DRB1*08', 'DRB1*04']","['DQA1*03:01', 'DQA1*02:01']","['DQB1*03', 'DQB1*06']","['DPA1*01', 'DPA1*01']","['DPB1*02', 'DPB1*03']","['A9', 'A3']","['B7', 'B7']","['Cw7', 'Cw15']","['DR8', 'DR4']","['DQ3', 'DQ2']","['DQ3', 'DQ1']","['DP1', 'DP1']","['DP2', 'DP3']",Bw4/Bw6,[],0.0,0.52,nan,0,3
119,D0168_LK,kidney,False,AllocationPriority.LOCAL,D0168,B,POS,KD,60,Copenhagen,Denmark,119,"['A*01', 'A*32']","['B*07', 'B*08']","['C*04', 'C*03']","['DRB1*15', 'DRB1*07']","['DQA1*01:02', 'DQA1*05:01']","['DQB1*06', 'DQB1*06']","['DPA1*01', 'DPA1*01']","['DPB1*10', 'DPB1*04']","['A1', 'A19']","['B7', 'B8']","['Cw4', 'Cw3']","['DR2', 'DR7']","['DQ1', 'DQ1']","['DQ1', 'DQ1']","['DP1', 'DP1']","['DP10', 'DP4']",Bw4/Bw6,nan,R2303,B,POS,Kidney,69,Copenhagen,Denmark,30,"['A*11', 'A*02']","['B*41', 'B*44']","['C*06', 'C*05']","['DRB1*07', 'DRB1*15']","['DQA1*01:01', 'DQA1*01:02']","['DQB1*06', 'DQB1*06']","['DPA1*02:02', 'DPA1*01']","['DPB1*04', 'DPB1*04']","['A11', 'A2']","['B41', 'B12']","['Cw6', 'Cw5']","['DR7', 'DR2']","['DQ1', 'DQ1']","['DQ1', 'DQ1']","['DP2', 'DP1']","['DP4', 'DP4']",Bw4/Bw6,"['DPB1*26', 'DPB1*06', 'B*50', 'C*12', 'B*53', 'C*01']",0.0963,0.469924,nan,0,4
119,D0167_RK,kidney,True,AllocationPriority.PAYBACK,D0167,B,POS,KD,57,Gothenburg,Sweden,119,"['A*29', 'A*24']","['B*13', 'B*27']","['C*04', 'C*12']","['DRB1*08', 'DRB1*04']","['DQA1*01:03', 'DQA1*02:01']","['DQB1*04', 'DQB1*02']","['DPA1*01', 'DPA1*01']","['DPB1*04', 'DPB1*04']","['A19', 'A9']","['B13', 'B27']","['Cw4', 'Cw12']","['DR8', 'DR4']","['DQ1', 'DQ2']","['DQ4', 'DQ2']","['DP1', 'DP1']","['DP4', 'DP4']",Bw6/Bw6,nan,R1930,B,POS,Kidney,51,Gothenburg,Sweden,0,"['A*23', 'A*02']","['B*39', 'B*14']","['C*07', 'C*03']","['DRB1*04', 'DRB1*08']","['DQA1*02:01', 'DQA1*05:01']","['DQB1*06', 'DQB1*06']","['DPA1*02:02', 'DPA1*02:02']","['DPB1*04', 'DPB1*03']","['A9', 'A2']","['B16', 'B14']","['Cw7', 'Cw3']","['DR4', 'DR8']","['DQ2', 'DQ1']","['DQ1', 'DQ1']","['DP2', 'DP2']","['DP4', 'DP3']",Bw4/Bw4,[],0.0,0.52,nan,0,3
119,D0168_RK,kidney,True,AllocationPriority.PRIORITY_7,D0168,B,POS,KD,60,Copenhagen,Denmark,119,"['A*01', 'A*32']","['B*07', 'B*08']","['C*04', 'C*03']","['DRB1*15', 'DRB1*07']","['DQA1*01:02', 'DQA1*05:01']","['DQB1*06', 'DQB1*06']","['DPA1*01', 'DPA1*01']","['DPB1*10', 'DPB1*04']","['A1', 'A19']","['B7', 'B8']","['Cw4', 'Cw3']","['DR2', 'DR7']","['DQ1', 'DQ1']","['DQ1', 'DQ1']","['DP1', 'DP1']","['DP10', 'DP4']",Bw4/Bw6,nan,R2581,B,POS,Kidney,74,Oslo,Norway,118,"['A*02', 'A*01']","['B*08', 'B*07']","['C*14', 'C*07']","['DRB1*04', 'DRB1*15']","['DQA1*05:01', 'DQA1*01:02']","['DQB1*02', 'DQB1*06']","['DPA1*02:02', 'DPA1*01']","['DPB1*04', 'DPB1*01']","['A2', 'A1']","['B8', 'B7']","['Cw14', 'Cw7']","['DR4', 'DR2']","['DQ1', 'DQ1']","['DQ2', 'DQ1']","['DP2', 'DP1']","['DP4', 'DP1']",Bw6/Bw6,"['DPB1*19', 'B*18', 'C*08', 'DPB1*17', 'B*42', 'DQB1*03', 'DRB1*04', 'DQA1*01:01', 'B*45']",0.734,0.13832,nan,1,1,2,483.3085545859356,0.6666666666666667,0.9111922673434893,571.3337071355082
120,D0169_LK,kidney,False,AllocationPriority.PAYBACK,D0169,A,POS,KD,19,Uppsala,Sweden,120,"['A*26', 'A*02']","['B*07', 'B*35']","['C*03', 'C*08']","['DRB1*03', 'DRB1*13']","['DQA1*01:03', 'DQA1*01:03']","['DQB1*03', 'DQB1*06']","['DPA1*02:02', 'DPA1*01']","['DPB1*04', 'DPB1*04']","['A10', 'A2']","['B7', 'B35']","['Cw3', 'Cw8']","['DR3', 'DR6']","['DQ1', 'DQ1']","['DQ3', 'DQ1']","['DP2', 'DP1']","['DP4', 'DP4']",Bw4/Bw6,nan,R0857,A,POS,Kidney,74,Tartu,Estonia,0,"['A*02', 'A*25']","['B*35', 'B*27']","['C*05', 'C*05']","['DRB1*13', 'DRB1*03']","['DQA1*03:01', 'DQA1*01:02']","['DQB1*03', 'DQB1*05']","['DPA1*01', 'DPA1*01']","['DPB1*04', 'DPB1*04']","['A2', 'A10']","['B35', 'B27']","['Cw5', 'Cw5']","['DR6', 'DR3']","['DQ3', 'DQ1']","['DQ3', 'DQ1']","['DP1', 'DP1']","['DP4', 'DP4']",Bw4/Bw4,"['B*54', 'B*13', 'DPA1*02:02', 'C*01', 'DPB1*129', 'DPB1*115', 'DPB1*26', 'B*15', 'DPB1*14']",0.3099,0.586585,nan,0,1
120,D0170_LK,kidney,False,AllocationPriority.PAYBACK,D0170,O,POS,KD,61,Helsinki,Finland,120,"['A*02', 'A*11']","['B*13', 'B*27']","['C*12', 'C*07']","['DRB1*15', 'DRB1*04']","['DQA1*03:01', 'DQA1*02:01']","['DQB1*02', 'DQB1*02']","['DPA1*01', 'DPA1*01']","['DPB1*04', 'DPB1*02']","['A2', 'A11']","['B13', 'B27']","['Cw12', 'Cw7']","['DR2', 'DR4']","['DQ3', 'DQ2']","['DQ2', 'DQ2']","['DP1', 'DP1']","['DP4', 'DP2']",Bw4/Bw4,nan,R1014,O,POS,Kidney,86,Odense,Denmark,0,"['A*11', 'A*02']","['B*18', 'B*40']","['C*03', 'C*03']","['DRB1*04', 'DRB1*15']","['DQA1*05:01', 'DQA1*01:02']","['DQB1*03', 'DQB1*06']","['DPA1*01', 'DPA1*01']","['DPB1*03', 'DPB1*04']","['A11', 'A2']","['B18', 'B40']","['Cw3', 'Cw3']","['DR4', 'DR2']","['DQ1', 'DQ1']","['DQ3', 'DQ1']","['DP1', 'DP1']","['DP3', 'DP4']",Bw6/Bw6,[],0.0,0.41,nan,0,2
120,D0169_RK,kidney,True,AllocationPriority.PAYBACK,D0169,A,POS,KD,19,Uppsala,Sweden,120,"['A*26', 'A*02']","['B*07', 'B*35']","['C*03', 'C*08']","['DRB1*03', 'DRB1*13']","['DQA1*01:03', 'DQA1*01:03']","['DQB1*03', 'DQB1*06']","['DPA1*02:02', 'DPA1*01']","['DPB1*04', 'DPB1*04']","['A10', 'A2']","['B7', 'B35']","['Cw3', 'Cw8']","['DR3', 'DR6']","['DQ1', 'DQ1']","['DQ3', 'DQ1']","['DP2', 'DP1']","['DP4', 'DP4']",Bw4/Bw6,nan,R1292,A,NEG,Kidney,70,Tartu,Estonia,0,"['A*03', 'A*25']","['B*40', 'B*35']","['C*03', 'C*07']","['DRB1*03', 'DRB1*13']","['DQA1*01:01', 'DQA1*01:02']","['DQB1*03', 'DQB1*06']","['DPA1*01', 'DPA1*01']","['DPB1*04', 'DPB1*02']","['A3', 'A10']","['B40', 'B35']","['Cw3', 'Cw7']","['DR3', 'DR6']","['DQ1', 'DQ1']","['DQ3', 'DQ1']","['DP1', 'DP1']","['DP4', 'DP2']",Bw4/Bw6,"['A*66', 'DRB1*14', 'B*18', 'DPB1*35', 'DQB1*06', 'A*32', 'A*24', 'DPB1*14', 'C*17']",0.5044,0.4212599999999999,nan,0,2
120,D0170_RK,kidney,True,AllocationPriority.PRIORITY_7,D0170,O,POS,KD,61,Helsinki,Finland,120,"['A*02', 'A*11']","['B*13', 'B*27']","['C*12', 'C*07']","['DRB1*15', 'DRB1*04']","['DQA1*03:01', 'DQA1*02:01']","['DQB1*02', 'DQB1*02']","['DPA1*01', 'DPA1*01']","['DPB1*04', 'DPB1*02']","['A2', 'A11']","['B13', 'B27']","['Cw12', 'Cw7']","['DR2', 'DR4']","['DQ3', 'DQ2']","['DQ2', 'DQ2']","['DP1', 'DP1']","['DP4', 'DP2']",Bw4/Bw4,nan,R2348,O,POS,Kidney,74,Stockholm,Sweden,43,"['A*02', 'A*24']","['B*27', 'B*13']","['C*06', 'C*07']","['DRB1*04', 'DRB1*14']","['DQA1*01:02', 'DQA1*02:01']","['DQB1*06', 'DQB1*05']","['DPA1*01', 'DPA1*01']","['DPB1*04', 'DPB1*04']","['A2', 'A9']","['B27', 'B13']","['Cw6', 'Cw7']","['DR4', 'DR6']","['DQ1', 'DQ2']","['DQ1', 'DQ1']","['DP1', 'DP1']","['DP4', 'DP4']",Bw6/Bw6,[],0.0,0.41,nan,1,1,2,395.64825735091034,0.6666666666666667,0.9272998081009831,577.1075276177072
121,D0171_LK,kidney,False,AllocationPriority.LOCAL,D0171,A,POS,KD,62,Reykjavik,Iceland,121,"['A*02', 'A*23']","['B*44', 'B*08']","['C*07', 'C*04']","['DRB1*13', 'DRB1*15']","['DQA1*03:01', 'DQA1*05:01']","['DQB1*06', 'DQB1*06']","['DPA1*01', 'DPA1*02:02']","['DPB1*14', 'DPB1*04']","['A2', 'A9']","['B12', 'B8']","['Cw7', 'Cw4']","['DR6', 'DR2']","['DQ3', 'DQ1']","['DQ1', 'DQ1']","['DP1', 'DP2']","['DP14', 'DP4']",Bw4/Bw4,nan,R0485,A,NEG,Kidney,72,Reykjavik,Iceland,0,"['A*24', 'A*03']","['B*08', 'B*57']","['C*04', 'C*08']","['DRB1*11', 'DRB1*15']","['DQA1*03:01', 'DQA1*05:01']","['DQB1*02', 'DQB1*05']","['DPA1*01', 'DPA1*01']","['DPB1*02', 'DPB1*04']","['A9', 'A3']","['B8', 'B17']","['Cw4', 'Cw8']","['DR5', 'DR2']","['DQ3', 'DQ1']","['DQ2', 'DQ1']","['DP1', 'DP1']","['DP2', 'DP4']",Bw4/Bw4,[],0.0,0.85,nan,1,2
121,D0171_RK,kidney,True,AllocationPriority.PRIORITY_3,D0171,A,POS,KD,62,Reykjavik,Iceland,121,"['A*02', 'A*23']","['B*44', 'B*08']","['C*07', 'C*04']","['DRB1*13', 'DRB1*15']","['DQA1*03:01', 'DQA1*05:01']","['DQB1*06', 'DQB1*06']","['DPA1*01', 'DPA1*02:02']","['DPB1*14', 'DPB1*04']","['A2', 'A9']","['B12', 'B8']","['Cw7', 'Cw4']","['DR6', 'DR2']","['DQ3', 'DQ1']","['DQ1', 'DQ1']","['DP1', 'DP2']","['DP14', 'DP4']",Bw4/Bw4,nan,R2038,A,POS,Kidney,73,Oslo,Norway,0,"['A*23', 'A*02']","['B*08', 'B*44']","['C*04', 'C*08']","['DRB1*14', 'DRB1*15']","['DQA1*03:01', 'DQA1*03:01']","['DQB1*02', 'DQB1*02']","['DPA1*01', 'DPA1*01']","['DPB1*05', 'DPB1*04']","['A9', 'A2']","['B8', 'B12']","['Cw4', 'Cw8']","['DR6', 'DR2']","['DQ3', 'DQ3']","['DQ2', 'DQ2']","['DP1', 'DP1']","['DP5', 'DP4']",Bw4/Bw4,"['A*34', 'DPB1*09', 'B*49', 'DPB1*51', 'B*13', 'B*58', 'DRB1*11', 'DQA1*06:01', 'C*05']",0.1671,0.707965,nan
122,D0172_LK,kidney,False,AllocationPriority.PAYBACK,D0172,O,POS,KD,86,Skane,Sweden,122,"['A*02', 'A*03']","['B*40', 'B*07']","['C*02', 'C*12']","['DRB1*07', 'DRB1*03']","['DQA1*01:03', 'DQA1*04:01']","['DQB1*03', 'DQB1*03']","['DPA1*01', 'DPA1*01']","['DPB1*26', 'DPB1*04']","['A2', 'A3']","['B40', 'B7']","['Cw2', 'Cw12']","['DR7', 'DR3']","['DQ1', 'DQ4']","['DQ3', 'DQ3']","['DP1', 'DP1']","['DP26', 'DP4']",Bw6/Bw6,nan,R0303,O,POS,Kidney,48,Skane,Sweden,0,"['A*02', 'A*03']","['B*07', 'B*07']","['C*06', 'C*04']","['DRB1*03', 'DRB1*07']","['DQA1*05:01', 'DQA1*02:01']","['DQB1*02', 'DQB1*06']","['DPA1*01', 'DPA1*01']","['DPB1*04', 'DPB1*02']","['A2', 'A3']","['B7', 'B7']","['Cw6', 'Cw4']","['DR3', 'DR7']","['DQ1', 'DQ2']","['DQ2', 'DQ1']","['DP1', 'DP1']","['DP4', 'DP2']",Bw6/Bw6,[],0.0,0.41,nan,0,1
122,D0173_LK,kidney,False,AllocationPriority.LOCAL,D0173,O,POS,KD,22,Stockholm,Sweden,122,"['A*03', 'A*01']","['B*40', 'B*07']","['C*07', 'C*05']","['DRB1*15', 'DRB1*04']","['DQA1*01:03', 'DQA1*01:01']","['DQB1*03', 'DQB1*06']","['DPA1*01', 'DPA1*01']","['DPB1*04', 'DPB1*03']","['A3', 'A1']","['B40', 'B7']","['Cw7', 'Cw5']","['DR2', 'DR4']","['DQ1', 'DQ1']","['DQ3', 'DQ1']","['DP1', 'DP1']","['DP4', 'DP3']",Bw6/Bw6,nan,R1044,O,POS,Kidney,84,Stockholm,Sweden,0,"['A*02', 'A*01']","['B*08', 'B*40']","['C*03', 'C*03']","['DRB1*04', 'DRB1*16']","['DQA1*02:01', 'DQA1*01:02']","['DQB1*03', 'DQB1*02']","['DPA1*01', 'DPA1*02:02']","['DPB1*04', 'DPB1*03']","['A2', 'A1']","['B8', 'B40']","['Cw3', 'Cw3']","['DR4', 'DR2']","['DQ2', 'DQ1']","['DQ3', 'DQ2']","['DP1', 'DP2']","['DP4', 'DP3']",Bw6/Bw6,[],0.0,0.41,nan,0,2
122,D0174_LK,kidney,False,AllocationPriority.PAYBACK,D0174,B,NEG,KD,46,Uppsala,Sweden,122,"['A*33', 'A*68']","['B*46', 'B*07']","['C*07', 'C*07']","['DRB1*01', 'DRB1*15']","['DQA1*05:01', 'DQA1*05:01']","['DQB1*02', 'DQB1*05']","['DPA1*02:02', 'DPA1*01']","['DPB1*04', 'DPB1*04']","['A19', 'A28']","['B46', 'B7']","['Cw7', 'Cw7']","['DR1', 'DR2']","['DQ1', 'DQ1']","['DQ2', 'DQ1']","['DP2', 'DP1']","['DP4', 'DP4']",Bw4/Bw6,nan,R1621,B,POS,Kidney,68,Helsinki,Finland,0,"['A*68', 'A*30']","['B*35', 'B*15']","['C*01', 'C*02']","['DRB1*01', 'DRB1*15']","['DQA1*01:03', 'DQA1*05:01']","['DQB1*03', 'DQB1*03']","['DPA1*01', 'DPA1*02:02']","['DPB1*04', 'DPB1*14']","['A28', 'A19']","['B35', 'B15']","['Cw1', 'Cw2']","['DR1', 'DR2']","['DQ1', 'DQ1']","['DQ3', 'DQ3']","['DP1', 'DP2']","['DP4', 'DP14']",Bw4/Bw4,[],0.0,0.52,nan,0,2
122,D0172_RK,kidney,True,AllocationPriority.PRIORITY_7,D0172,O,POS,KD,86,Skane,Sweden,122,"['A*02', 'A*03']","['B*40', 'B*07']","['C*02', 'C*12']","['DRB1*07', 'DRB1*03']","['DQA1*01:03', 'DQA1*04:01']","['DQB1*03', 'DQB1*03']","['DPA1*01', 'DPA1*01']","['DPB1*26', 'DPB1*04']","['A2', 'A3']","['B40', 'B7']","['Cw2', 'Cw12']","['DR7', 'DR3']","['DQ1', 'DQ4']","['DQ3', 'DQ3']","['DP1', 'DP1']","['DP26', 'DP4']",Bw6/Bw6,nan,R1085,O,POS,Kidney,47,Skane,Sweden,0,"['A*02', 'A*03']","['B*07', 'B*40']","['C*02', 'C*07']","['DRB1*03', 'DRB1*04']","['DQA1*01:02', 'DQA1*05:01']","['DQB1*06', 'DQB1*03']","['DPA1*01', 'DPA1*02:02']","['DPB1*04', 'DPB1*04']","['A2', 'A3']","['B7', 'B40']","['Cw2', 'Cw7']","['DR3', 'DR4']","['DQ1', 'DQ1']","['DQ1', 'DQ3']","['DP1', 'DP2']","['DP4', 'DP4']",Bw6/Bw6,[],0.0,0.41,nan,1,0,1,0.0,0.8333333333333334,1.0,664.345423057711
122,D0173_RK,kidney,True,AllocationPriority.PRIORITY_7,D0173,O,POS,KD,22,Stockholm,Sweden,122,"['A*03', 'A*01']","['B*40', 'B*07']","['C*07', 'C*05']","['DRB1*15', 'DRB1*04']","['DQA1*01:03', 'DQA1*01:01']","['DQB1*03', 'DQB1*06']","['DPA1*01', 'DPA1*01']","['DPB1*04', 'DPB1*03']","['A3', 'A1']","['B40', 'B7']","['Cw7', 'Cw5']","['DR2', 'DR4']","['DQ1', 'DQ1']","['DQ3', 'DQ1']","['DP1', 'DP1']","['DP4', 'DP3']",Bw6/Bw6,nan,R1338,O,POS,Kidney,66,Helsinki,Finland,0,"['A*01', 'A*02']","['B*40', 'B*07']","['C*04', 'C*07']","['DRB1*04', 'DRB1*15']","['DQA1*04:01', 'DQA1*03:01']","['DQB1*02', 'DQB1*06']","['DPA1*01', 'DPA1*01']","['DPB1*13', 'DPB1*04']","['A1', 'A2']","['B40', 'B7']","['Cw4', 'Cw7']","['DR4', 'DR2']","['DQ4', 'DQ3']","['DQ2', 'DQ1']","['DP1', 'DP1']","['DP13', 'DP4']",Bw6/Bw6,[],0.0,0.41,nan,0,1,1,395.64825735091034,0.8333333333333334,0.9272998081009831,638.2857120586214
122,D0174_RK,kidney,True,AllocationPriority.PAYBACK,D0174,B,NEG,KD,46,Uppsala,Sweden,122,"['A*33', 'A*68']","['B*46', 'B*07']","['C*07', 'C*07']","['DRB1*01', 'DRB1*15']","['DQA1*05:01', 'DQA1*05:01']","['DQB1*02', 'DQB1*05']","['DPA1*02:02', 'DPA1*01']","['DPB1*04', 'DPB1*04']","['A19', 'A28']","['B46', 'B7']","['Cw7', 'Cw7']","['DR1', 'DR2']","['DQ1', 'DQ1']","['DQ2', 'DQ1']","['DP2', 'DP1']","['DP4', 'DP4']",Bw4/Bw6,nan,R0396,B,POS,Kidney,74,Helsinki,Finland,0,"['A*02', 'A*29']","['B*58', 'B*15']","['C*03', 'C*03']","['DRB1*01', 'DRB1*15']","['DQA1*03:01', 'DQA1*03:01']","['DQB1*03', 'DQB1*03']","['DPA1*01', 'DPA1*01']","['DPB1*20', 'DPB1*03']","['A2', 'A19']","['B17', 'B15']","['Cw3', 'Cw3']","['DR1', 'DR2']","['DQ3', 'DQ3']","['DQ3', 'DQ3']","['DP1', 'DP1']","['DP20', 'DP3']",Bw6/Bw6,[],0.0,0.52,nan,0,3
123,D0175_LK,kidney,False,AllocationPriority.LOCAL,D0175,O,NEG,KD,53,Odense,Denmark,123,"['A*24', 'A*02']","['B*44', 'B*35']","['C*06', 'C*01']","['DRB1*13', 'DRB1*07']","['DQA1*01:02', 'DQA1*01:01']","['DQB1*05', 'DQB1*06']","['DPA1*01', 'DPA1*01']","['DPB1*03', 'DPB1*05']","['A9', 'A2']","['B12', 'B35']","['Cw6', 'Cw1']","['DR6', 'DR7']","['DQ1', 'DQ1']","['DQ1', 'DQ1']","['DP1', 'DP1']","['DP3', 'DP5']",Bw4/Bw4,nan,R0970,O,POS,Kidney,79,Odense,Denmark,0,"['A*02', 'A*29']","['B*18', 'B*15']","['C*07', 'C*02']","['DRB1*13', 'DRB1*13']","['DQA1*02:01', 'DQA1*01:02']","['DQB1*03', 'DQB1*06']","['DPA1*01', 'DPA1*01']","['DPB1*04', 'DPB1*01']","['A2', 'A19']","['B18', 'B15']","['Cw7', 'Cw2']","['DR6', 'DR6']","['DQ2', 'DQ1']","['DQ3', 'DQ1']","['DP1', 'DP1']","['DP4', 'DP1']",Bw4/Bw4,"['DPB1*26', 'B*08', 'B*46', 'B*07', 'C*05', 'DQA1*01:03', 'A*25', 'B*48', 'C*07']",0.8168,0.075112,nan
123,D0175_RK,kidney,True,AllocationPriority.PRIORITY_7,D0175,O,NEG,KD,53,Odense,Denmark,123,"['A*24', 'A*02']","['B*44', 'B*35']","['C*06', 'C*01']","['DRB1*13', 'DRB1*07']","['DQA1*01:02', 'DQA1*01:01']","['DQB1*05', 'DQB1*06']","['DPA1*01', 'DPA1*01']","['DPB1*03', 'DPB1*05']","['A9', 'A2']","['B12', 'B35']","['Cw6', 'Cw1']","['DR6', 'DR7']","['DQ1', 'DQ1']","['DQ1', 'DQ1']","['DP1', 'DP1']","['DP3', 'DP5']",Bw4/Bw4,nan,R2289,O,POS,Kidney,37,Gothenburg,Sweden,25,"['A*02', 'A*24']","['B*44', 'B*40']","['C*16', 'C*05']","['DRB1*07', 'DRB1*13']","['DQA1*01:02', 'DQA1*03:01']","['DQB1*06', 'DQB1*02']","['DPA1*01', 'DPA1*02:02']","['DPB1*13', 'DPB1*02']","['A2', 'A9']","['B12', 'B40']","['Cw16', 'Cw5']","['DR7', 'DR6']","['DQ1', 'DQ3']","['DQ1', 'DQ2']","['DP1', 'DP2']","['DP13', 'DP2']",Bw4/Bw4,"['B*50', 'DRB1*14', 'A*30', 'DPB1*19', 'C*01']",0.095,0.37105,nan,0,1,1,273.8064818437349,0.8333333333333334,0.9496881803384787,646.3109248539271
124,D0176_LK,kidney,False,AllocationPriority.LOCAL,D0176,A,POS,KD,21,Aarhus,Denmark,124,"['A*03', 'A*02']","['B*07', 'B*15']","['C*01', 'C*04']","['DRB1*07', 'DRB1*08']","['DQA1*04:01', 'DQA1*05:01']","['DQB1*05', 'DQB1*03']","['DPA1*01', 'DPA1*02:02']","['DPB1*04', 'DPB1*04']","['A3', 'A2']","['B7', 'B15']","['Cw1', 'Cw4']","['DR7', 'DR8']","['DQ4', 'DQ1']","['DQ1', 'DQ3']","['DP1', 'DP2']","['DP4', 'DP4']",Bw4/Bw6,nan,R0000,A,POS,Kidney,70,Aarhus,Denmark,0,"['A*02', 'A*03']","['B*14', 'B*08']","['C*02', 'C*07']","['DRB1*04', 'DRB1*07']","['DQA1*02:01', 'DQA1*01:01']","['DQB1*05', 'DQB1*06']","['DPA1*01', 'DPA1*01']","['DPB1*04', 'DPB1*06']","['A2', 'A3']","['B14', 'B8']","['Cw2', 'Cw7']","['DR4', 'DR7']","['DQ2', 'DQ1']","['DQ1', 'DQ1']","['DP1', 'DP1']","['DP4', 'DP6']",Bw6/Bw6,[],0.0,0.85,nan,1,2
124,D0176_RK,kidney,True,AllocationPriority.PRIORITY_7,D0176,A,POS,KD,21,Aarhus,Denmark,124,"['A*03', 'A*02']","['B*07', 'B*15']","['C*01', 'C*04']","['DRB1*07', 'DRB1*08']","['DQA1*04:01', 'DQA1*05:01']","['DQB1*05', 'DQB1*03']","['DPA1*01', 'DPA1*02:02']","['DPB1*04', 'DPB1*04']","['A3', 'A2']","['B7', 'B15']","['Cw1', 'Cw4']","['DR7', 'DR8']","['DQ4', 'DQ1']","['DQ1', 'DQ3']","['DP1', 'DP2']","['DP4', 'DP4']",Bw4/Bw6,nan,R0284,A,POS,Kidney,84,Copenhagen,Denmark,0,"['A*03', 'A*02']","['B*15', 'B*07']","['C*07', 'C*07']","['DRB1*08', 'DRB1*13']","['DQA1*01:02', 'DQA1*03:01']","['DQB1*05', 'DQB1*03']","['DPA1*01', 'DPA1*01']","['DPB1*04', 'DPB1*03']","['A3', 'A2']","['B15', 'B7']","['Cw7', 'Cw7']","['DR8', 'DR6']","['DQ1', 'DQ3']","['DQ1', 'DQ3']","['DP1', 'DP1']","['DP4', 'DP3']",Bw4/Bw6,[],0.0,0.85,nan,1,0,1,156.94272365318082,0.8333333333333334,0.9711618441007791,654.0082562793307
125,D0177_LK,kidney,False,AllocationPriority.PAYBACK,D0177,O,POS,KD,42,Helsinki,Finland,125,"['A*68', 'A*29']","['B*08', 'B*27']","['C*07', 'C*02']","['DRB1*01', 'DRB1*13']","['DQA1*05:01', 'DQA1*05:01']","['DQB1*05', 'DQB1*06']","['DPA1*01', 'DPA1*01']","['DPB1*04', 'DPB1*03']","['A28', 'A19']","['B8', 'B27']","['Cw7', 'Cw2']","['DR1', 'DR6']","['DQ1', 'DQ1']","['DQ1', 'DQ1']","['DP1', 'DP1']","['DP4', 'DP3']",Bw4/Bw4,nan,R1809,O,NEG,Kidney,70,Skane,Sweden,0,"['A*31', 'A*01']","['B*08', 'B*44']","['C*03', 'C*05']","['DRB1*13', 'DRB1*01']","['DQA1*01:02', 'DQA1*04:01']","['DQB1*06', 'DQB1*03']","['DPA1*01', 'DPA1*01']","['DPB1*04', 'DPB1*04']","['A19', 'A1']","['B8', 'B12']","['Cw3', 'Cw5']","['DR6', 'DR1']","['DQ1', 'DQ4']","['DQ1', 'DQ3']","['DP1', 'DP1']","['DP4', 'DP4']",Bw4/Bw4,[],0.0,0.41,nan,0,2
125,D0177_RK,kidney,True,AllocationPriority.PRIORITY_7,D0177,O,POS,KD,42,Helsinki,Finland,125,"['A*68', 'A*29']","['B*08', 'B*27']","['C*07', 'C*02']","['DRB1*01', 'DRB1*13']","['DQA1*05:01', 'DQA1*05:01']","['DQB1*05', 'DQB1*06']","['DPA1*01', 'DPA1*01']","['DPB1*04', 'DPB1*03']","['A28', 'A19']","['B8', 'B27']","['Cw7', 'Cw2']","['DR1', 'DR6']","['DQ1', 'DQ1']","['DQ1', 'DQ1']","['DP1', 'DP1']","['DP4', 'DP3']",Bw4/Bw4,nan,R0130,O,POS,Kidney,88,Helsinki,Finland,0,"['A*29', 'A*68']","['B*15', 'B*15']","['C*07', 'C*01']","['DRB1*03', 'DRB1*13']","['DQA1*05:01', 'DQA1*01:02']","['DQB1*05', 'DQB1*03']","['DPA1*01', 'DPA1*02:02']","['DPB1*04', 'DPB1*02']","['A19', 'A28']","['B15', 'B15']","['Cw7', 'Cw1']","['DR3', 'DR6']","['DQ1', 'DQ1']","['DQ1', 'DQ3']","['DP1', 'DP2']","['DP4', 'DP2']",Bw6/Bw6,[],0.0,0.41,nan,1,2,3,0.0,0.5,1.0,541.9890541758828
126,D0178_LK,kidney,False,AllocationPriority.LOCAL,D0178,O,POS,KD,81,Uppsala,Sweden,126,"['A*02', 'A*23']","['B*08', 'B*57']","['C*07', 'C*16']","['DRB1*07', 'DRB1*09']","['DQA1*02:01', 'DQA1*01:01']","['DQB1*02', 'DQB1*02']","['DPA1*01', 'DPA1*01']","['DPB1*05', 'DPB1*15']","['A2', 'A9']","['B8', 'B17']","['Cw7', 'Cw16']","['DR7', 'DR9']","['DQ2', 'DQ1']","['DQ2', 'DQ2']","['DP1', 'DP1']","['DP5', 'DP15']",Bw4/Bw4,nan,R0183,A,POS,Kidney,59,Uppsala,Sweden,0,"['A*01', 'A*01']","['B*14', 'B*40']","['C*07', 'C*04']","['DRB1*13', 'DRB1*04']","['DQA1*05:01', 'DQA1*02:01']","['DQB1*02', 'DQB1*03']","['DPA1*01', 'DPA1*01']","['DPB1*04', 'DPB1*04']","['A1', 'A1']","['B14', 'B40']","['Cw7', 'Cw4']","['DR6', 'DR4']","['DQ1', 'DQ2']","['DQ2', 'DQ3']","['DP1', 'DP1']","['DP4', 'DP4']",Bw6/Bw6,"['A*24', 'B*51', 'C*05', 'DRB1*04', 'B*07', 'DPB1*51', 'DQB1*03', 'B*37']",0.9057,0.0801549999999999,nan
126,D0179_LK,kidney,False,AllocationPriority.LOCAL,D0179,O,POS,KD,54,Uppsala,Sweden,126,"['A*02', 'A*02']","['B*07', 'B*40']","['C*07', 'C*06']","['DRB1*08', 'DRB1*15']","['DQA1*05:01', 'DQA1*01:03']","['DQB1*02', 'DQB1*04']","['DPA1*01', 'DPA1*01']","['DPB1*04', 'DPB1*04']","['A2', 'A2']","['B7', 'B40']","['Cw7', 'Cw6']","['DR8', 'DR2']","['DQ1', 'DQ1']","['DQ2', 'DQ4']","['DP1', 'DP1']","['DP4', 'DP4']",Bw6/Bw6,nan,R0987,O,NEG,Kidney,67,Uppsala,Sweden,0,"['A*02', 'A*68']","['B*15', 'B*44']","['C*05', 'C*07']","['DRB1*08', 'DRB1*15']","['DQA1*05:01', 'DQA1*01:03']","['DQB1*03', 'DQB1*03']","['DPA1*01', 'DPA1*01']","['DPB1*04', 'DPB1*04']","['A2', 'A28']","['B15', 'B12']","['Cw5', 'Cw7']","['DR8', 'DR2']","['DQ1', 'DQ1']","['DQ3', 'DQ3']","['DP1', 'DP1']","['DP4', 'DP4']",Bw4/Bw4,[],0.0,0.41,nan,0,2
126,D0178_RK,kidney,True,AllocationPriority.PRIORITY_7,D0178,O,POS,KD,81,Uppsala,Sweden,126,"['A*02', 'A*23']","['B*08', 'B*57']","['C*07', 'C*16']","['DRB1*07', 'DRB1*09']","['DQA1*02:01', 'DQA1*01:01']","['DQB1*02', 'DQB1*02']","['DPA1*01', 'DPA1*01']","['DPB1*05', 'DPB1*15']","['A2', 'A9']","['B8', 'B17']","['Cw7', 'Cw16']","['DR7', 'DR9']","['DQ2', 'DQ1']","['DQ2', 'DQ2']","['DP1', 'DP1']","['DP5', 'DP15']",Bw4/Bw4,nan,R1367,O,POS,Kidney,74,Tartu,Estonia,0,"['A*32', 'A*02']","['B*57', 'B*08']","['C*03', 'C*07']","['DRB1*15', 'DRB1*07']","['DQA1*01:01', 'DQA1*01:01']","['DQB1*05', 'DQB1*03']","['DPA1*01', 'DPA1*01']","['DPB1*04', 'DPB1*01']","['A19', 'A2']","['B17', 'B8']","['Cw3', 'Cw7']","['DR2', 'DR7']","['DQ1', 'DQ1']","['DQ1', 'DQ3']","['DP1', 'DP1']","['DP4', 'DP1']",Bw4/Bw4,"['B*55', 'C*17', 'DPB1*31', 'B*50', 'B*15', 'DPB1*15']",0.1311,0.356249,nan,1,1,2,543.7978089024515,0.6666666666666667,0.9000773936774623,567.3495306435068
126,D0179_RK,kidney,True,AllocationPriority.PRIORITY_7,D0179,O,POS,KD,54,Uppsala,Sweden,126,"['A*02', 'A*02']","['B*07', 'B*40']","['C*07', 'C*06']","['DRB1*08', 'DRB1*15']","['DQA1*05:01', 'DQA1*01:03']","['DQB1*02', 'DQB1*04']","['DPA1*01', 'DPA1*01']","['DPB1*04', 'DPB1*04']","['A2', 'A2']","['B7', 'B40']","['Cw7', 'Cw6']","['DR8', 'DR2']","['DQ1', 'DQ1']","['DQ2', 'DQ4']","['DP1', 'DP1']","['DP4', 'DP4']",Bw6/Bw6,nan,R1449,O,POS,Kidney,88,Gothenburg,Sweden,0,"['A*02', 'A*01']","['B*40', 'B*07']","['C*03', 'C*03']","['DRB1*15', 'DRB1*08']","['DQA1*01:01', 'DQA1*01:02']","['DQB1*02', 'DQB1*03']","['DPA1*01', 'DPA1*01']","['DPB1*03', 'DPB1*04']","['A2', 'A1']","['B40', 'B7']","['Cw3', 'Cw3']","['DR2', 'DR8']","['DQ1', 'DQ1']","['DQ2', 'DQ3']","['DP1', 'DP1']","['DP3', 'DP4']",Bw6/Bw6,[],0.0,0.41,nan,0,0,0,404.3699331806153,1.0,0.9256972040335572,698.889435858481
128,D0180_LK,kidney,False,AllocationPriority.PAYBACK,D0180,A,POS,KD,31,Uppsala,Sweden,128,"['A*02', 'A*29']","['B*44', 'B*51']","['C*05', 'C*16']","['DRB1*13', 'DRB1*13']","['DQA1*03:01', 'DQA1*05:01']","['DQB1*03', 'DQB1*03']","['DPA1*01', 'DPA1*01']","['DPB1*04', 'DPB1*04']","['A2', 'A19']","['B12', 'B5']","['Cw5', 'Cw16']","['DR6', 'DR6']","['DQ3', 'DQ1']","['DQ3', 'DQ3']","['DP1', 'DP1']","['DP4', 'DP4']",Bw6/Bw6,nan,R0302,A,POS,Kidney,88,Gothenburg,Sweden,0,"['A*29', 'A*24']","['B*51', 'B*44']","['C*07', 'C*07']","['DRB1*07', 'DRB1*13']","['DQA1*02:01', 'DQA1*05:01']","['DQB1*05', 'DQB1*02']","['DPA1*01', 'DPA1*01']","['DPB1*04', 'DPB1*04']","['A19', 'A9']","['B5', 'B12']","['Cw7', 'Cw7']","['DR7', 'DR6']","['DQ2', 'DQ1']","['DQ1', 'DQ2']","['DP1', 'DP1']","['DP4', 'DP4']",Bw6/Bw6,[],0.0,0.85,nan,0,1
128,D0181_LK,kidney,False,AllocationPriority.PAYBACK,D0181,A,NEG,KD,21,Helsinki,Finland,128,"['A*03', 'A*02']","['B*07', 'B*40']","['C*05', 'C*07']","['DRB1*01', 'DRB1*04']","['DQA1*03:01', 'DQA1*05:01']","['DQB1*02', 'DQB1*02']","['DPA1*01', 'DPA1*01']","['DPB1*04', 'DPB1*05']","['A3', 'A2']","['B7', 'B40']","['Cw5', 'Cw7']","['DR1', 'DR4']","['DQ3', 'DQ1']","['DQ2', 'DQ2']","['DP1', 'DP1']","['DP4', 'DP5']",Bw6/Bw6,nan,R0676,A,POS,Kidney,71,Uppsala,Sweden,0,"['A*02', 'A*03']","['B*55', 'B*40']","['C*15', 'C*03']","['DRB1*04', 'DRB1*01']","['DQA1*01:01', 'DQA1*01:01']","['DQB1*06', 'DQB1*02']","['DPA1*01', 'DPA1*01']","['DPB1*04', 'DPB1*04']","['A2', 'A3']","['B22', 'B40']","['Cw15', 'Cw3']","['DR4', 'DR1']","['DQ1', 'DQ1']","['DQ1', 'DQ2']","['DP1', 'DP1']","['DP4', 'DP4']",Bw6/Bw6,[],0.0,0.85,nan,0,1
128,D0180_RK,kidney,True,AllocationPriority.PAYBACK,D0180,A,POS,KD,31,Uppsala,Sweden,128,"['A*02', 'A*29']","['B*44', 'B*51']","['C*05', 'C*16']","['DRB1*13', 'DRB1*13']","['DQA1*03:01', 'DQA1*05:01']","['DQB1*03', 'DQB1*03']","['DPA1*01', 'DPA1*01']","['DPB1*04', 'DPB1*04']","['A2', 'A19']","['B12', 'B5']","['Cw5', 'Cw16']","['DR6', 'DR6']","['DQ3', 'DQ1']","['DQ3', 'DQ3']","['DP1', 'DP1']","['DP4', 'DP4']",Bw6/Bw6,nan,R0529,A,POS,Kidney,74,Tartu,Estonia,0,"['A*02', 'A*29']","['B*44', 'B*40']","['C*15', 'C*18']","['DRB1*03', 'DRB1*13']","['DQA1*01:02', 'DQA1*05:01']","['DQB1*03', 'DQB1*06']","['DPA1*01', 'DPA1*01']","['DPB1*04', 'DPB1*04']","['A2', 'A19']","['B12', 'B40']","['Cw15', 'Cw18']","['DR3', 'DR6']","['DQ1', 'DQ1']","['DQ3', 'DQ1']","['DP1', 'DP1']","['DP4', 'DP4']",Bw4/Bw4,[],0.0,0.85,nan,0,1
128,D0181_RK,kidney,True,AllocationPriority.PRIORITY_7,D0181,A,NEG,KD,21,Helsinki,Finland,128,"['A*03', 'A*02']","['B*07', 'B*40']","['C*05', 'C*07']","['DRB1*01', 'DRB1*04']","['DQA1*03:01', 'DQA1*05:01']","['DQB1*02', 'DQB1*02']","['DPA1*01', 'DPA1*01']","['DPB1*04', 'DPB1*05']","['A3', 'A2']","['B7', 'B40']","['Cw5', 'Cw7']","['DR1', 'DR4']","['DQ3', 'DQ1']","['DQ2', 'DQ2']","['DP1', 'DP1']","['DP4', 'DP5']",Bw6/Bw6,nan,R1547,A,POS,Kidney,74,Oslo,Norway,0,"['A*03', 'A*02']","['B*07', 'B*40']","['C*07', 'C*07']","['DRB1*01', 'DRB1*13']","['DQA1*01:02', 'DQA1*05:01']","['DQB1*04', 'DQB1*03']","['DPA1*02:02', 'DPA1*01']","['DPB1*23', 'DPB1*04']","['A3', 'A2']","['B7', 'B40']","['Cw7', 'Cw7']","['DR1', 'DR6']","['DQ1', 'DQ1']","['DQ4', 'DQ3']","['DP2', 'DP1']","['DP23', 'DP4']",Bw6/Bw6,[],0.0,0.85,nan,1,0,1,786.5519919158309,0.8333333333333334,0.8554714201606649,612.5385031123888
130,D0182_LK,kidney,False,AllocationPriority.PAYBACK,D0182,O,POS,KD,37,Helsinki,Finland,130,"['A*03', 'A*26']","['B*07', 'B*51']","['C*07', 'C*06']","['DRB1*13', 'DRB1*13']","['DQA1*01:03', 'DQA1*05:01']","['DQB1*06', 'DQB1*06']","['DPA1*01', 'DPA1*01']","['DPB1*15', 'DPB1*04']","['A3', 'A10']","['B7', 'B5']","['Cw7', 'Cw6']","['DR6', 'DR6']","['DQ1', 'DQ1']","['DQ1', 'DQ1']","['DP1', 'DP1']","['DP15', 'DP4']",Bw4/Bw4,nan,R0499,O,POS,Kidney,56,Odense,Denmark,0,"['A*03', 'A*26']","['B*07', 'B*40']","['C*03', 'C*07']","['DRB1*13', 'DRB1*13']","['DQA1*01:02', 'DQA1*01:01']","['DQB1*03', 'DQB1*02']","['DPA1*01', 'DPA1*02:02']","['DPB1*02', 'DPB1*04']","['A3', 'A10']","['B7', 'B40']","['Cw3', 'Cw7']","['DR6', 'DR6']","['DQ1', 'DQ1']","['DQ3', 'DQ2']","['DP1', 'DP2']","['DP2', 'DP4']",Bw4/Bw6,[],0.0,0.41,nan,0,1
130,D0183_LK,kidney,False,AllocationPriority.PAYBACK,D0183,A,POS,KD,66,Oslo,Norway,130,"['A*11', 'A*02']","['B*07', 'B*07']","['C*07', 'C*03']","['DRB1*04', 'DRB1*15']","['DQA1*05:01', 'DQA1*05:01']","['DQB1*05', 'DQB1*06']","['DPA1*01', 'DPA1*02:02']","['DPB1*23', 'DPB1*04']","['A11', 'A2']","['B7', 'B7']","['Cw7', 'Cw3']","['DR4', 'DR2']","['DQ1', 'DQ1']","['DQ1', 'DQ1']","['DP1', 'DP2']","['DP23', 'DP4']",Bw6/Bw6,nan,R1005,A,POS,Kidney,73,Stockholm,Sweden,0,"['A*02', 'A*31']","['B*07', 'B*37']","['C*07', 'C*06']","['DRB1*04', 'DRB1*15']","['DQA1*03:01', 'DQA1*02:01']","['DQB1*03', 'DQB1*05']","['DPA1*02:02', 'DPA1*01']","['DPB1*20', 'DPB1*04']","['A2', 'A19']","['B7', 'B37']","['Cw7', 'Cw6']","['DR4', 'DR2']","['DQ3', 'DQ2']","['DQ3', 'DQ1']","['DP2', 'DP1']","['DP20', 'DP4']",Bw4/Bw4,"['B*58', 'B*54', 'A*66', 'DRB1*04', 'DQA1*02:01', 'DPB1*02', 'A*68', 'DRB1*09']",0.5083,0.417945,nan,0,1
130,D0182_RK,kidney,True,AllocationPriority.PAYBACK,D0182,O,POS,KD,37,Helsinki,Finland,130,"['A*03', 'A*26']","['B*07', 'B*51']","['C*07', 'C*06']","['DRB1*13', 'DRB1*13']","['DQA1*01:03', 'DQA1*05:01']","['DQB1*06', 'DQB1*06']","['DPA1*01', 'DPA1*01']","['DPB1*15', 'DPB1*04']","['A3', 'A10']","['B7', 'B5']","['Cw7', 'Cw6']","['DR6', 'DR6']","['DQ1', 'DQ1']","['DQ1', 'DQ1']","['DP1', 'DP1']","['DP15', 'DP4']",Bw4/Bw4,nan,R0125,O,POS,Kidney,60,Copenhagen,Denmark,0,"['A*03', 'A*02']","['B*07', 'B*07']","['C*06', 'C*08']","['DRB1*13', 'DRB1*04']","['DQA1*03:01', 'DQA1*01:01']","['DQB1*06', 'DQB1*03']","['DPA1*01', 'DPA1*01']","['DPB1*04', 'DPB1*05']","['A3', 'A2']","['B7', 'B7']","['Cw6', 'Cw8']","['DR6', 'DR4']","['DQ3', 'DQ1']","['DQ1', 'DQ3']","['DP1', 'DP1']","['DP4', 'DP5']",Bw6/Bw6,"['DPB1*06', 'A*66', 'B*47', 'A*32', 'B*15', 'A*68', 'DPB1*09', 'DQA1*01:01']",0.3393,0.270887,nan,0,2
130,D0183_RK,kidney,True,AllocationPriority.PAYBACK,D0183,A,POS,KD,66,Oslo,Norway,130,"['A*11', 'A*02']","['B*07', 'B*07']","['C*07', 'C*03']","['DRB1*04', 'DRB1*15']","['DQA1*05:01', 'DQA1*05:01']","['DQB1*05', 'DQB1*06']","['DPA1*01', 'DPA1*02:02']","['DPB1*23', 'DPB1*04']","['A11', 'A2']","['B7', 'B7']","['Cw7', 'Cw3']","['DR4', 'DR2']","['DQ1', 'DQ1']","['DQ1', 'DQ1']","['DP1', 'DP2']","['DP23', 'DP4']",Bw6/Bw6,nan,R1396,A,POS,Kidney,40,Helsinki,Finland,0,"['A*02', 'A*32']","['B*57', 'B*07']","['C*07', 'C*12']","['DRB1*04', 'DRB1*15']","['DQA1*03:01', 'DQA1*01:02']","['DQB1*03', 'DQB1*02']","['DPA1*01', 'DPA1*01']","['DPB1*04', 'DPB1*03']","['A2', 'A19']","['B17', 'B7']","['Cw7', 'Cw12']","['DR4', 'DR2']","['DQ3', 'DQ1']","['DQ3', 'DQ2']","['DP1', 'DP1']","['DP4', 'DP3']",Bw4/Bw4,[],0.0,0.85,nan,0,1
131,D0184_LK,kidney,False,AllocationPriority.LOCAL,D0184,O,POS,KD,64,Helsinki,Finland,131,"['A*01', 'A*01']","['B*27', 'B*15']","['C*03', 'C*05']","['DRB1*15', 'DRB1*11']","['DQA1*03:01', 'DQA1*01:02']","['DQB1*06', 'DQB1*03']","['DPA1*02:02', 'DPA1*01']","['DPB1*02', 'DPB1*04']","['A1', 'A1']","['B27', 'B15']","['Cw3', 'Cw5']","['DR2', 'DR5']","['DQ3', 'DQ1']","['DQ1', 'DQ3']","['DP2', 'DP1']","['DP2', 'DP4']",Bw4/Bw4,nan,R0618,O,POS,Kidney,72,Helsinki,Finland,0,"['A*01', 'A*24']","['B*40', 'B*08']","['C*06', 'C*07']","['DRB1*15', 'DRB1*12']","['DQA1*01:02', 'DQA1*01:01']","['DQB1*02', 'DQB1*03']","['DPA1*01', 'DPA1*01']","['DPB1*04', 'DPB1*04']","['A1', 'A9']","['B40', 'B8']","['Cw6', 'Cw7']","['DR2', 'DR5']","['DQ1', 'DQ1']","['DQ2', 'DQ3']","['DP1', 'DP1']","['DP4', 'DP4']",Bw4/Bw6,[],0.0,0.41,nan,0,2
131,D0184_RK,kidney,True,AllocationPriority.PRIORITY_7,D0184,O,POS,KD,64,Helsinki,Finland,131,"['A*01', 'A*01']","['B*27', 'B*15']","['C*03', 'C*05']","['DRB1*15', 'DRB1*11']","['DQA1*03:01', 'DQA1*01:02']","['DQB1*06', 'DQB1*03']","['DPA1*02:02', 'DPA1*01']","['DPB1*02', 'DPB1*04']","['A1', 'A1']","['B27', 'B15']","['Cw3', 'Cw5']","['DR2', 'DR5']","['DQ3', 'DQ1']","['DQ1', 'DQ3']","['DP2', 'DP1']","['DP2', 'DP4']",Bw4/Bw4,nan,R0572,O,POS,Kidney,89,Helsinki,Finland,0,"['A*01', 'A*02']","['B*15', 'B*27']","['C*01', 'C*03']","['DRB1*13', 'DRB1*15']","['DQA1*01:02', 'DQA1*05:01']","['DQB1*03', 'DQB1*03']","['DPA1*01', 'DPA1*01']","['DPB1*02', 'DPB1*04']","['A1', 'A2']","['B15', 'B27']","['Cw1', 'Cw3']","['DR6', 'DR2']","['DQ1', 'DQ1']","['DQ3', 'DQ3']","['DP1', 'DP1']","['DP2', 'DP4']",Bw4/Bw4,[],0.0,0.41,nan,1,0,1,0.0,0.8333333333333334,1.0,664.345423057711
133,D0185_LK,kidney,False,AllocationPriority.PAYBACK,D0185,A,POS,KD,38,Stockholm,Sweden,133,"['A*02', 'A*03']","['B*40', 'B*40']","['C*07', 'C*12']","['DRB1*13', 'DRB1*07']","['DQA1*01:02', 'DQA1*02:01']","['DQB1*03', 'DQB1*06']","['DPA1*01', 'DPA1*01']","['DPB1*06', 'DPB1*01']","['A2', 'A3']","['B40', 'B40']","['Cw7', 'Cw12']","['DR6', 'DR7']","['DQ1', 'DQ2']","['DQ3', 'DQ1']","['DP1', 'DP1']","['DP6', 'DP1']",Bw6/Bw6,nan,R2286,A,POS,Kidney,57,Oslo,Norway,24,"['A*68', 'A*26']","['B*27', 'B*07']","['C*16', 'C*06']","['DRB1*07', 'DRB1*13']","['DQA1*03:01', 'DQA1*01:02']","['DQB1*03', 'DQB1*06']","['DPA1*01', 'DPA1*01']","['DPB1*02', 'DPB1*04']","['A28', 'A10']","['B27', 'B7']","['Cw16', 'Cw6']","['DR7', 'DR6']","['DQ3', 'DQ1']","['DQ3', 'DQ1']","['DP1', 'DP1']","['DP2', 'DP4']",Bw4/Bw4,"['DPB1*04', 'B*58', 'DPB1*19', 'C*04', 'DQA1*01:01', 'B*35']",0.8618,0.1174700000000001,nan
133,D0185_RK,kidney,True,AllocationPriority.PAYBACK,D0185,A,POS,KD,38,Stockholm,Sweden,133,"['A*02', 'A*03']","['B*40', 'B*40']","['C*07', 'C*12']","['DRB1*13', 'DRB1*07']","['DQA1*01:02', 'DQA1*02:01']","['DQB1*03', 'DQB1*06']","['DPA1*01', 'DPA1*01']","['DPB1*06', 'DPB1*01']","['A2', 'A3']","['B40', 'B40']","['Cw7', 'Cw12']","['DR6', 'DR7']","['DQ1', 'DQ2']","['DQ3', 'DQ1']","['DP1', 'DP1']","['DP6', 'DP1']",Bw6/Bw6,nan,R1615,A,POS,Kidney,84,Copenhagen,Denmark,0,"['A*24', 'A*02']","['B*40', 'B*08']","['C*07', 'C*05']","['DRB1*13', 'DRB1*07']","['DQA1*04:01', 'DQA1*01:02']","['DQB1*02', 'DQB1*02']","['DPA1*01', 'DPA1*01']","['DPB1*05', 'DPB1*02']","['A9', 'A2']","['B40', 'B8']","['Cw7', 'Cw5']","['DR6', 'DR7']","['DQ4', 'DQ1']","['DQ2', 'DQ2']","['DP1', 'DP1']","['DP5', 'DP2']",Bw4/Bw6,"['B*27', 'DQB1*03', 'B*35', 'DRB1*08', 'DPB1*424', 'C*04', 'DQA1*03:01', 'A*25', 'A*01']",0.9686,0.02669,nan,0,1
134,D0186_LK,kidney,False,AllocationPriority.PAYBACK,D0186,A,POS,KD,86,Helsinki,Finland,134,"['A*68', 'A*68']","['B*57', 'B*07']","['C*03', 'C*03']","['DRB1*04', 'DRB1*04']","['DQA1*02:01', 'DQA1*03:01']","['DQB1*02', 'DQB1*06']","['DPA1*01', 'DPA1*01']","['DPB1*01', 'DPB1*02']","['A28', 'A28']","['B17', 'B7']","['Cw3', 'Cw3']","['DR4', 'DR4']","['DQ2', 'DQ3']","['DQ2', 'DQ1']","['DP1', 'DP1']","['DP1', 'DP2']",Bw4/Bw6,nan,R0613,A,POS,Kidney,74,Stockholm,Sweden,0,"['A*11', 'A*68']","['B*07', 'B*57']","['C*07', 'C*04']","['DRB1*04', 'DRB1*13']","['DQA1*01:02', 'DQA1*05:01']","['DQB1*05', 'DQB1*06']","['DPA1*01', 'DPA1*02:02']","['DPB1*04', 'DPB1*04']","['A11', 'A28']","['B7', 'B17']","['Cw7', 'Cw4']","['DR4', 'DR6']","['DQ1', 'DQ1']","['DQ1', 'DQ1']","['DP1', 'DP2']","['DP4', 'DP4']",Bw4/Bw6,[],0.0,0.85,nan,0,0
134,D0187_LK,kidney,False,AllocationPriority.PAYBACK,D0187,A,NEG,KD,45,Stockholm,Sweden,134,"['A*02', 'A*03']","['B*35', 'B*40']","['C*04', 'C*04']","['DRB1*07', 'DRB1*04']","['DQA1*05:01', 'DQA1*02:01']","['DQB1*02', 'DQB1*06']","['DPA1*01', 'DPA1*01']","['DPB1*04', 'DPB1*04']","['A2', 'A3']","['B35', 'B40']","['Cw4', 'Cw4']","['DR7', 'DR4']","['DQ1', 'DQ2']","['DQ2', 'DQ1']","['DP1', 'DP1']","['DP4', 'DP4']",Bw6/Bw6,nan,R0800,A,POS,Kidney,90,Helsinki,Finland,0,"['A*03', 'A*02']","['B*27', 'B*35']","['C*07', 'C*16']","['DRB1*04', 'DRB1*07']","['DQA1*03:01', 'DQA1*03:01']","['DQB1*04', 'DQB1*03']","['DPA1*01', 'DPA1*01']","['DPB1*03', 'DPB1*02']","['A3', 'A2']","['B27', 'B35']","['Cw7', 'Cw16']","['DR4', 'DR7']","['DQ3', 'DQ3']","['DQ4', 'DQ3']","['DP1', 'DP1']","['DP3', 'DP2']",Bw4/Bw6,"['B*44', 'DRB1*04']",0.3336,0.5664399999999999,nan,0,1
134,D0186_RK,kidney,True,AllocationPriority.PRIORITY_7,D0186,A,POS,KD,86,Helsinki,Finland,134,"['A*68', 'A*68']","['B*57', 'B*07']","['C*03', 'C*03']","['DRB1*04', 'DRB1*04']","['DQA1*02:01', 'DQA1*03:01']","['DQB1*02', 'DQB1*06']","['DPA1*01', 'DPA1*01']","['DPB1*01', 'DPB1*02']","['A28', 'A28']","['B17', 'B7']","['Cw3', 'Cw3']","['DR4', 'DR4']","['DQ2', 'DQ3']","['DQ2', 'DQ1']","['DP1', 'DP1']","['DP1', 'DP2']",Bw4/Bw6,nan,R1104,A,POS,Kidney,87,Helsinki,Finland,0,"['A*68', 'A*29']","['B*07', 'B*15']","['C*03', 'C*01']","['DRB1*08', 'DRB1*04']","['DQA1*01:02', 'DQA1*01:02']","['DQB1*06', 'DQB1*02']","['DPA1*01', 'DPA1*01']","['DPB1*02', 'DPB1*01']","['A28', 'A19']","['B7', 'B15']","['Cw3', 'Cw1']","['DR8', 'DR4']","['DQ1', 'DQ1']","['DQ1', 'DQ2']","['DP1', 'DP1']","['DP2', 'DP1']",Bw4/Bw4,"['DPB1*115', 'C*17', 'B*13', 'A*26']",0.032,0.8228,nan,0,1,1,0.0,0.8333333333333334,1.0,664.345423057711
134,D0187_RK,kidney,True,AllocationPriority.PRIORITY_7,D0187,A,NEG,KD,45,Stockholm,Sweden,134,"['A*02', 'A*03']","['B*35', 'B*40']","['C*04', 'C*04']","['DRB1*07', 'DRB1*04']","['DQA1*05:01', 'DQA1*02:01']","['DQB1*02', 'DQB1*06']","['DPA1*01', 'DPA1*01']","['DPB1*04', 'DPB1*04']","['A2', 'A3']","['B35', 'B40']","['Cw4', 'Cw4']","['DR7', 'DR4']","['DQ1', 'DQ2']","['DQ2', 'DQ1']","['DP1', 'DP1']","['DP4', 'DP4']",Bw6/Bw6,nan,R1123,A,POS,Kidney,22,Uppsala,Sweden,0,"['A*03', 'A*02']","['B*35', 'B*07']","['C*05', 'C*16']","['DRB1*04', 'DRB1*07']","['DQA1*03:01', 'DQA1*03:01']","['DQB1*02', 'DQB1*05']","['DPA1*01', 'DPA1*01']","['DPB1*04', 'DPB1*04']","['A3', 'A2']","['B35', 'B7']","['Cw5', 'Cw16']","['DR4', 'DR7']","['DQ3', 'DQ3']","['DQ2', 'DQ1']","['DP1', 'DP1']","['DP4', 'DP4']",Bw6/Bw6,[],0.0,0.85,nan,0,1,1,63.62967887203856,0.8333333333333334,0.9883080747140327,660.1543998153173
135,D0188_LK,kidney,False,AllocationPriority.LOCAL,D0188,A,POS,KD,44,Copenhagen,Denmark,135,"['A*02', 'A*30']","['B*27', 'B*08']","['C*07', 'C*07']","['DRB1*03', 'DRB1*01']","['DQA1*01:02', 'DQA1*02:01']","['DQB1*02', 'DQB1*03']","['DPA1*01', 'DPA1*01']","['DPB1*04', 'DPB1*04']","['A2', 'A19']","['B27', 'B8']","['Cw7', 'Cw7']","['DR3', 'DR1']","['DQ1', 'DQ2']","['DQ2', 'DQ3']","['DP1', 'DP1']","['DP4', 'DP4']",Bw4/Bw4,nan,R0466,A,POS,Kidney,54,Copenhagen,Denmark,0,"['A*02', 'A*30']","['B*49', 'B*27']","['C*05', 'C*01']","['DRB1*03', 'DRB1*01']","['DQA1*04:01', 'DQA1*03:01']","['DQB1*03', 'DQB1*03']","['DPA1*01', 'DPA1*01']","['DPB1*04', 'DPB1*04']","['A2', 'A19']","['B21', 'B27']","['Cw5', 'Cw1']","['DR3', 'DR1']","['DQ4', 'DQ3']","['DQ3', 'DQ3']","['DP1', 'DP1']","['DP4', 'DP4']",Bw6/Bw6,"['B*37', 'DRB1*13', 'B*39', 'B*14']",0.1889,0.689435,nan,0,1
135,D0189_LK,kidney,False,AllocationPriority.PAYBACK,D0189,A,NEG,KD,82,Oslo,Norway,135,"['A*02', 'A*02']","['B*07', 'B*18']","['C*07', 'C*03']","['DRB1*03', 'DRB1*15']","['DQA1*05:01', 'DQA1*01:02']","['DQB1*06', 'DQB1*03']","['DPA1*01', 'DPA1*01']","['DPB1*04', 'DPB1*04']","['A2', 'A2']","['B7', 'B18']","['Cw7', 'Cw3']","['DR3', 'DR2']","['DQ1', 'DQ1']","['DQ1', 'DQ3']","['DP1', 'DP1']","['DP4', 'DP4']",Bw6/Bw6,nan,R0644,A,POS,Kidney,78,Tartu,Estonia,0,"['A*02', 'A*02']","['B*18', 'B*07']","['C*03', 'C*07']","['DRB1*03', 'DRB1*15']","['DQA1*01:01', 'DQA1*03:01']","['DQB1*03', 'DQB1*02']","['DPA1*01', 'DPA1*01']","['DPB1*03', 'DPB1*04']","['A2', 'A2']","['B18', 'B7']","['Cw3', 'Cw7']","['DR3', 'DR2']","['DQ1', 'DQ3']","['DQ3', 'DQ2']","['DP1', 'DP1']","['DP3', 'DP4']",Bw6/Bw6,[],0.0,0.85,nan,0,0
135,D0188_RK,kidney,True,AllocationPriority.PRIORITY_7,D0188,A,POS,KD,44,Copenhagen,Denmark,135,"['A*02', 'A*30']","['B*27', 'B*08']","['C*07', 'C*07']","['DRB1*03', 'DRB1*01']","['DQA1*01:02', 'DQA1*02:01']","['DQB1*02', 'DQB1*03']","['DPA1*01', 'DPA1*01']","['DPB1*04', 'DPB1*04']","['A2', 'A19']","['B27', 'B8']","['Cw7', 'Cw7']","['DR3', 'DR1']","['DQ1', 'DQ2']","['DQ2', 'DQ3']","['DP1', 'DP1']","['DP4', 'DP4']",Bw4/Bw4,nan,R1051,A,POS,Kidney,80,Odense,Denmark,0,"['A*30', 'A*02']","['B*14', 'B*08']","['C*07', 'C*07']","['DRB1*01', 'DRB1*03']","['DQA1*02:01', 'DQA1*05:01']","['DQB1*02', 'DQB1*03']","['DPA1*01', 'DPA1*02:02']","['DPB1*14', 'DPB1*03']","['A19', 'A2']","['B14', 'B8']","['Cw7', 'Cw7']","['DR1', 'DR3']","['DQ2', 'DQ1']","['DQ2', 'DQ3']","['DP1', 'DP2']","['DP14', 'DP3']",Bw4/Bw6,[],0.0,0.85,nan,0,1,1,139.59013480576982,0.8333333333333334,0.9743503746091611,655.1511993911677
135,D0189_RK,kidney,True,AllocationPriority.PRIORITY_7,D0189,A,NEG,KD,82,Oslo,Norway,135,"['A*02', 'A*02']","['B*07', 'B*18']","['C*07', 'C*03']","['DRB1*03', 'DRB1*15']","['DQA1*05:01', 'DQA1*01:02']","['DQB1*06', 'DQB1*03']","['DPA1*01', 'DPA1*01']","['DPB1*04', 'DPB1*04']","['A2', 'A2']","['B7', 'B18']","['Cw7', 'Cw3']","['DR3', 'DR2']","['DQ1', 'DQ1']","['DQ1', 'DQ3']","['DP1', 'DP1']","['DP4', 'DP4']",Bw6/Bw6,nan,R0115,A,POS,Kidney,88,Oslo,Norway,0,"['A*24', 'A*02']","['B*15', 'B*07']","['C*05', 'C*07']","['DRB1*03', 'DRB1*15']","['DQA1*02:01', 'DQA1*01:01']","['DQB1*03', 'DQB1*02']","['DPA1*01', 'DPA1*01']","['DPB1*04', 'DPB1*04']","['A9', 'A2']","['B15', 'B7']","['Cw5', 'Cw7']","['DR3', 'DR2']","['DQ2', 'DQ1']","['DQ3', 'DQ2']","['DP1', 'DP1']","['DP4', 'DP4']",Bw4/Bw4,"['A*32', 'B*13', 'DPB1*17', 'B*47', 'B*51', 'DPB1*19', 'B*42', 'DPB1*13']",0.11,0.7565,nan,0,1,1,0.0,0.8333333333333334,1.0,664.345423057711
136,D0190_LK,kidney,False,AllocationPriority.LOCAL,D0190,A,POS,KD,63,Aarhus,Denmark,136,"['A*02', 'A*01']","['B*07', 'B*07']","['C*03', 'C*01']","['DRB1*01', 'DRB1*09']","['DQA1*01:01', 'DQA1*05:01']","['DQB1*02', 'DQB1*02']","['DPA1*01', 'DPA1*01']","['DPB1*03', 'DPB1*02']","['A2', 'A1']","['B7', 'B7']","['Cw3', 'Cw1']","['DR1', 'DR9']","['DQ1', 'DQ1']","['DQ2', 'DQ2']","['DP1', 'DP1']","['DP3', 'DP2']",Bw6/Bw6,nan,R2137,A,POS,Kidney,73,Aarhus,Denmark,0,"['A*02', 'A*01']","['B*27', 'B*07']","['C*07', 'C*12']","['DRB1*04', 'DRB1*01']","['DQA1*01:02', 'DQA1*03:01']","['DQB1*03', 'DQB1*06']","['DPA1*01', 'DPA1*01']","['DPB1*04', 'DPB1*03']","['A2', 'A1']","['B27', 'B7']","['Cw7', 'Cw12']","['DR4', 'DR1']","['DQ1', 'DQ3']","['DQ3', 'DQ1']","['DP1', 'DP1']","['DP4', 'DP3']",Bw4/Bw6,"['DPB1*24', 'A*74', 'DQB1*04', 'DQA1*06:01', 'C*16', 'DPB1*06', 'B*53', 'B*18', 'A*23']",0.1339,0.736185,nan,1,0
136,D0190_RK,kidney,True,AllocationPriority.PRIORITY_7,D0190,A,POS,KD,63,Aarhus,Denmark,136,"['A*02', 'A*01']","['B*07', 'B*07']","['C*03', 'C*01']","['DRB1*01', 'DRB1*09']","['DQA1*01:01', 'DQA1*05:01']","['DQB1*02', 'DQB1*02']","['DPA1*01', 'DPA1*01']","['DPB1*03', 'DPB1*02']","['A2', 'A1']","['B7', 'B7']","['Cw3', 'Cw1']","['DR1', 'DR9']","['DQ1', 'DQ1']","['DQ2', 'DQ2']","['DP1', 'DP1']","['DP3', 'DP2']",Bw6/Bw6,nan,R2297,A,POS,Kidney,76,Aarhus,Denmark,27,"['A*01', 'A*02']","['B*35', 'B*07']","['C*03', 'C*03']","['DRB1*01', 'DRB1*04']","['DQA1*05:01', 'DQA1*03:01']","['DQB1*06', 'DQB1*04']","['DPA1*01', 'DPA1*01']","['DPB1*02', 'DPB1*04']","['A1', 'A2']","['B35', 'B7']","['Cw3', 'Cw3']","['DR1', 'DR4']","['DQ1', 'DQ3']","['DQ1', 'DQ4']","['DP1', 'DP1']","['DP2', 'DP4']",Bw6/Bw6,"['DPB1*424', 'B*55', 'B*52', 'A*25', 'C*17', 'DPB1*19', 'DRB1*07']",0.1393,0.731595,nan,1,0,1,0.0,0.8333333333333334,1.0,664.345423057711
137,D0191_LK,kidney,False,AllocationPriority.PAYBACK,D0191,O,POS,KD,53,Gothenburg,Sweden,137,"['A*31', 'A*02']","['B*40', 'B*40']","['C*03', 'C*07']","['DRB1*03', 'DRB1*04']","['DQA1*04:01', 'DQA1*03:01']","['DQB1*05', 'DQB1*03']","['DPA1*01', 'DPA1*01']","['DPB1*04', 'DPB1*06']","['A19', 'A2']","['B40', 'B40']","['Cw3', 'Cw7']","['DR3', 'DR4']","['DQ4', 'DQ3']","['DQ1', 'DQ3']","['DP1', 'DP1']","['DP4', 'DP6']",Bw4/Bw6,nan,R0025,O,POS,Kidney,60,Helsinki,Finland,0,"['A*03', 'A*29']","['B*40', 'B*07']","['C*03', 'C*02']","['DRB1*03', 'DRB1*04']","['DQA1*03:01', 'DQA1*01:02']","['DQB1*05', 'DQB1*02']","['DPA1*01', 'DPA1*01']","['DPB1*04', 'DPB1*04']","['A3', 'A19']","['B40', 'B7']","['Cw3', 'Cw2']","['DR3', 'DR4']","['DQ3', 'DQ1']","['DQ1', 'DQ2']","['DP1', 'DP1']","['DP4', 'DP4']",Bw4/Bw6,"['DQA1*05:01', 'A*02', 'DPB1*26', 'DQA1*03:01', 'A*29', 'DPB1*16', 'DPB1*115', 'B*18', 'DPB1*19']",0.8277,0.070643,nan,0,1
137,D0191_RK,kidney,True,AllocationPriority.PAYBACK,D0191,O,POS,KD,53,Gothenburg,Sweden,137,"['A*31', 'A*02']","['B*40', 'B*40']","['C*03', 'C*07']","['DRB1*03', 'DRB1*04']","['DQA1*04:01', 'DQA1*03:01']","['DQB1*05', 'DQB1*03']","['DPA1*01', 'DPA1*01']","['DPB1*04', 'DPB1*06']","['A19', 'A2']","['B40', 'B40']","['Cw3', 'Cw7']","['DR3', 'DR4']","['DQ4', 'DQ3']","['DQ1', 'DQ3']","['DP1', 'DP1']","['DP4', 'DP6']",Bw4/Bw6,nan,R0569,O,POS,Kidney,70,Copenhagen,Denmark,0,"['A*02', 'A*03']","['B*07', 'B*40']","['C*07', 'C*01']","['DRB1*04', 'DRB1*03']","['DQA1*03:01', 'DQA1*05:01']","['DQB1*04', 'DQB1*03']","['DPA1*01', 'DPA1*01']","['DPB1*03', 'DPB1*02']","['A2', 'A3']","['B7', 'B40']","['Cw7', 'Cw1']","['DR4', 'DR3']","['DQ3', 'DQ1']","['DQ4', 'DQ3']","['DP1', 'DP1']","['DP3', 'DP2']",Bw6/Bw6,[],0.0,0.41,nan,0,1
138,D0192_LK,kidney,False,AllocationPriority.PAYBACK,D0192,O,POS,KD,64,Stockholm,Sweden,138,"['A*03', 'A*24']","['B*08', 'B*44']","['C*08', 'C*03']","['DRB1*04', 'DRB1*03']","['DQA1*01:03', 'DQA1*05:01']","['DQB1*06', 'DQB1*03']","['DPA1*01', 'DPA1*01']","['DPB1*04', 'DPB1*01']","['A3', 'A9']","['B8', 'B12']","['Cw8', 'Cw3']","['DR4', 'DR3']","['DQ1', 'DQ1']","['DQ1', 'DQ3']","['DP1', 'DP1']","['DP4', 'DP1']",Bw4/Bw4,nan,R0858,O,POS,Kidney,48,Copenhagen,Denmark,0,"['A*24', 'A*03']","['B*08', 'B*49']","['C*07', 'C*05']","['DRB1*03', 'DRB1*04']","['DQA1*01:01', 'DQA1*02:01']","['DQB1*05', 'DQB1*03']","['DPA1*02:02', 'DPA1*01']","['DPB1*04', 'DPB1*02']","['A9', 'A3']","['B8', 'B21']","['Cw7', 'Cw5']","['DR3', 'DR4']","['DQ1', 'DQ2']","['DQ1', 'DQ3']","['DP2', 'DP1']","['DP4', 'DP2']",Bw4/Bw4,[],0.0,0.41,nan,0,1
138,D0192_RK,kidney,True,AllocationPriority.PAYBACK,D0192,O,POS,KD,64,Stockholm,Sweden,138,"['A*03', 'A*24']","['B*08', 'B*44']","['C*08', 'C*03']","['DRB1*04', 'DRB1*03']","['DQA1*01:03', 'DQA1*05:01']","['DQB1*06', 'DQB1*03']","['DPA1*01', 'DPA1*01']","['DPB1*04', 'DPB1*01']","['A3', 'A9']","['B8', 'B12']","['Cw8', 'Cw3']","['DR4', 'DR3']","['DQ1', 'DQ1']","['DQ1', 'DQ3']","['DP1', 'DP1']","['DP4', 'DP1']",Bw4/Bw4,nan,R1126,O,POS,Kidney,74,Gothenburg,Sweden,0,"['A*66', 'A*24']","['B*08', 'B*44']","['C*07', 'C*07']","['DRB1*04', 'DRB1*03']","['DQA1*01:03', 'DQA1*02:01']","['DQB1*06', 'DQB1*05']","['DPA1*02:02', 'DPA1*01']","['DPB1*04', 'DPB1*04']","['A10', 'A9']","['B8', 'B12']","['Cw7', 'Cw7']","['DR4', 'DR3']","['DQ1', 'DQ2']","['DQ1', 'DQ1']","['DP2', 'DP1']","['DP4', 'DP4']",Bw6/Bw6,[],0.0,0.41,nan,0,1
139,D0193_LK,kidney,False,AllocationPriority.PAYBACK,D0193,B,NEG,KD,48,Helsinki,Finland,139,"['A*02', 'A*32']","['B*27', 'B*07']","['C*12', 'C*03']","['DRB1*04', 'DRB1*13']","['DQA1*01:01', 'DQA1*01:02']","['DQB1*06', 'DQB1*03']","['DPA1*01', 'DPA1*01']","['DPB1*03', 'DPB1*04']","['A2', 'A19']","['B27', 'B7']","['Cw12', 'Cw3']","['DR4', 'DR6']","['DQ1', 'DQ1']","['DQ1', 'DQ3']","['DP1', 'DP1']","['DP3', 'DP4']",Bw4/Bw4,nan,R1209,B,NEG,Kidney,88,Odense,Denmark,0,"['A*29', 'A*02']","['B*27', 'B*07']","['C*01', 'C*07']","['DRB1*13', 'DRB1*04']","['DQA1*01:02', 'DQA1*02:01']","['DQB1*02', 'DQB1*03']","['DPA1*01', 'DPA1*01']","['DPB1*02', 'DPB1*02']","['A19', 'A2']","['B27', 'B7']","['Cw1', 'Cw7']","['DR6', 'DR4']","['DQ1', 'DQ2']","['DQ2', 'DQ3']","['DP1', 'DP1']","['DP2', 'DP2']",Bw4/Bw4,[],0.0,0.52,nan,0,0
139,D0194_LK,kidney,False,AllocationPriority.PAYBACK,D0194,AB,POS,KD,59,Aarhus,Denmark,139,"['A*11', 'A*02']","['B*27', 'B*40']","['C*01', 'C*07']","['DRB1*01', 'DRB1*09']","['DQA1*03:01', 'DQA1*02:01']","['DQB1*03', 'DQB1*03']","['DPA1*01', 'DPA1*01']","['DPB1*04', 'DPB1*04']","['A11', 'A2']","['B27', 'B40']","['Cw1', 'Cw7']","['DR1', 'DR9']","['DQ3', 'DQ2']","['DQ3', 'DQ3']","['DP1', 'DP1']","['DP4', 'DP4']",Bw4/Bw6,nan,R0307,AB,POS,Kidney,90,Aarhus,Denmark,0,"['A*02', 'A*02']","['B*15', 'B*27']","['C*03', 'C*07']","['DRB1*04', 'DRB1*01']","['DQA1*01:01', 'DQA1*04:01']","['DQB1*05', 'DQB1*06']","['DPA1*01', 'DPA1*01']","['DPB1*04', 'DPB1*04']","['A2', 'A2']","['B15', 'B27']","['Cw3', 'Cw7']","['DR4', 'DR1']","['DQ1', 'DQ4']","['DQ1', 'DQ1']","['DP1', 'DP1']","['DP4', 'DP4']",Bw4/Bw4,[],0.0,1.0,nan,1,2
139,D0195_LK,kidney,False,AllocationPriority.PAYBACK,D0195,A,POS,KD,50,Helsinki,Finland,139,"['A*01', 'A*02']","['B*07', 'B*51']","['C*04', 'C*01']","['DRB1*03', 'DRB1*15']","['DQA1*02:01', 'DQA1*03:01']","['DQB1*03', 'DQB1*06']","['DPA1*01', 'DPA1*01']","['DPB1*04', 'DPB1*01']","['A1', 'A2']","['B7', 'B5']","['Cw4', 'Cw1']","['DR3', 'DR2']","['DQ2', 'DQ3']","['DQ3', 'DQ1']","['DP1', 'DP1']","['DP4', 'DP1']",Bw4/Bw6,nan,R1480,A,POS,Kidney,87,Helsinki,Finland,0,"['A*02', 'A*01']","['B*07', 'B*14']","['C*15', 'C*07']","['DRB1*15', 'DRB1*03']","['DQA1*04:01', 'DQA1*02:01']","['DQB1*03', 'DQB1*05']","['DPA1*01', 'DPA1*01']","['DPB1*01', 'DPB1*02']","['A2', 'A1']","['B7', 'B14']","['Cw15', 'Cw7']","['DR2', 'DR3']","['DQ4', 'DQ2']","['DQ3', 'DQ1']","['DP1', 'DP1']","['DP1', 'DP2']",Bw6/Bw6,[],0.0,0.85,nan,0,1
139,D0193_RK,kidney,True,AllocationPriority.PAYBACK,D0193,B,NEG,KD,48,Helsinki,Finland,139,"['A*02', 'A*32']","['B*27', 'B*07']","['C*12', 'C*03']","['DRB1*04', 'DRB1*13']","['DQA1*01:01', 'DQA1*01:02']","['DQB1*06', 'DQB1*03']","['DPA1*01', 'DPA1*01']","['DPB1*03', 'DPB1*04']","['A2', 'A19']","['B27', 'B7']","['Cw12', 'Cw3']","['DR4', 'DR6']","['DQ1', 'DQ1']","['DQ1', 'DQ3']","['DP1', 'DP1']","['DP3', 'DP4']",Bw4/Bw4,nan,R0946,B,NEG,Kidney,69,Tartu,Estonia,0,"['A*02', 'A*02']","['B*18', 'B*27']","['C*07', 'C*07']","['DRB1*04', 'DRB1*13']","['DQA1*01:02', 'DQA1*03:01']","['DQB1*02', 'DQB1*02']","['DPA1*02:02', 'DPA1*01']","['DPB1*05', 'DPB1*01']","['A2', 'A2']","['B18', 'B27']","['Cw7', 'Cw7']","['DR4', 'DR6']","['DQ1', 'DQ3']","['DQ2', 'DQ2']","['DP2', 'DP1']","['DP5', 'DP1']",Bw4/Bw6,"['DPB1*26', 'DPB1*15', 'B*56', 'B*49', 'DPB1*13', 'DPB1*14', 'A*25', 'DPB1*20', 'B*39']",0.0878,0.474344,nan,0,2
139,D0194_RK,kidney,True,AllocationPriority.PRIORITY_7,D0194,AB,POS,KD,59,Aarhus,Denmark,139,"['A*11', 'A*02']","['B*27', 'B*40']","['C*01', 'C*07']","['DRB1*01', 'DRB1*09']","['DQA1*03:01', 'DQA1*02:01']","['DQB1*03', 'DQB1*03']","['DPA1*01', 'DPA1*01']","['DPB1*04', 'DPB1*04']","['A11', 'A2']","['B27', 'B40']","['Cw1', 'Cw7']","['DR1', 'DR9']","['DQ3', 'DQ2']","['DQ3', 'DQ3']","['DP1', 'DP1']","['DP4', 'DP4']",Bw4/Bw6,nan,R0879,AB,POS,Kidney,86,Aarhus,Denmark,0,"['A*11', 'A*02']","['B*15', 'B*44']","['C*01', 'C*02']","['DRB1*15', 'DRB1*09']","['DQA1*05:01', 'DQA1*02:01']","['DQB1*02', 'DQB1*03']","['DPA1*01', 'DPA1*02:02']","['DPB1*04', 'DPB1*04']","['A11', 'A2']","['B15', 'B12']","['Cw1', 'Cw2']","['DR2', 'DR9']","['DQ1', 'DQ2']","['DQ2', 'DQ3']","['DP1', 'DP2']","['DP4', 'DP4']",Bw4/Bw4,[],0.0,1.0,nan,1,2,3,0.0,0.5,1.0,541.9890541758828
139,D0195_RK,kidney,True,AllocationPriority.PRIORITY_7,D0195,A,POS,KD,50,Helsinki,Finland,139,"['A*01', 'A*02']","['B*07', 'B*51']","['C*04', 'C*01']","['DRB1*03', 'DRB1*15']","['DQA1*02:01', 'DQA1*03:01']","['DQB1*03', 'DQB1*06']","['DPA1*01', 'DPA1*01']","['DPB1*04', 'DPB1*01']","['A1', 'A2']","['B7', 'B5']","['Cw4', 'Cw1']","['DR3', 'DR2']","['DQ2', 'DQ3']","['DQ3', 'DQ1']","['DP1', 'DP1']","['DP4', 'DP1']",Bw4/Bw6,nan,R2157,A,POS,Kidney,82,Helsinki,Finland,0,"['A*01', 'A*02']","['B*07', 'B*44']","['C*07', 'C*14']","['DRB1*15', 'DRB1*03']","['DQA1*05:01', 'DQA1*05:01']","['DQB1*03', 'DQB1*06']","['DPA1*01', 'DPA1*02:02']","['DPB1*04', 'DPB1*04']","['A1', 'A2']","['B7', 'B12']","['Cw7', 'Cw14']","['DR2', 'DR3']","['DQ1', 'DQ1']","['DQ3', 'DQ1']","['DP1', 'DP2']","['DP4', 'DP4']",Bw4/Bw6,[],0.0,0.85,nan,0,1,1,0.0,0.8333333333333334,1.0,664.345423057711
140,D0196_LK,kidney,False,AllocationPriority.LOCAL,D0196,A,POS,KD,37,Skane,Sweden,140,"['A*11', 'A*02']","['B*40', 'B*27']","['C*06', 'C*02']","['DRB1*04', 'DRB1*11']","['DQA1*01:03', 'DQA1*05:01']","['DQB1*03', 'DQB1*06']","['DPA1*01', 'DPA1*01']","['DPB1*04', 'DPB1*04']","['A11', 'A2']","['B40', 'B27']","['Cw6', 'Cw2']","['DR4', 'DR5']","['DQ1', 'DQ1']","['DQ3', 'DQ1']","['DP1', 'DP1']","['DP4', 'DP4']",Bw4/Bw6,nan,R2542,A,POS,Kidney,83,Skane,Sweden,107,"['A*02', 'A*02']","['B*08', 'B*07']","['C*07', 'C*02']","['DRB1*04', 'DRB1*12']","['DQA1*01:01', 'DQA1*01:02']","['DQB1*02', 'DQB1*02']","['DPA1*01', 'DPA1*01']","['DPB1*03', 'DPB1*09']","['A2', 'A2']","['B8', 'B7']","['Cw7', 'Cw2']","['DR4', 'DR5']","['DQ1', 'DQ1']","['DQ2', 'DQ2']","['DP1', 'DP1']","['DP3', 'DP9']",Bw6/Bw6,[],0.0,0.85,nan,0,3
140,D0196_RK,kidney,True,AllocationPriority.PRIORITY_7,D0196,A,POS,KD,37,Skane,Sweden,140,"['A*11', 'A*02']","['B*40', 'B*27']","['C*06', 'C*02']","['DRB1*04', 'DRB1*11']","['DQA1*01:03', 'DQA1*05:01']","['DQB1*03', 'DQB1*06']","['DPA1*01', 'DPA1*01']","['DPB1*04', 'DPB1*04']","['A11', 'A2']","['B40', 'B27']","['Cw6', 'Cw2']","['DR4', 'DR5']","['DQ1', 'DQ1']","['DQ3', 'DQ1']","['DP1', 'DP1']","['DP4', 'DP4']",Bw4/Bw6,nan,R1815,A,POS,Kidney,86,Aarhus,Denmark,0,"['A*11', 'A*01']","['B*40', 'B*49']","['C*03', 'C*03']","['DRB1*04', 'DRB1*11']","['DQA1*05:01', 'DQA1*01:02']","['DQB1*02', 'DQB1*06']","['DPA1*01', 'DPA1*01']","['DPB1*04', 'DPB1*02']","['A11', 'A1']","['B40', 'B21']","['Cw3', 'Cw3']","['DR4', 'DR5']","['DQ1', 'DQ1']","['DQ2', 'DQ1']","['DP1', 'DP1']","['DP4', 'DP2']",Bw4/Bw6,[],0.0,0.85,nan,0,2,2,185.29664845702274,0.6666666666666667,0.9659518229872491,590.9625163207319
141,D0197_LK,kidney,False,AllocationPriority.PAYBACK,D0197,A,POS,KD,57,Helsinki,Finland,141,"['A*01', 'A*01']","['B*35', 'B*07']","['C*07', 'C*07']","['DRB1*13', 'DRB1*13']","['DQA1*04:01', 'DQA1*01:01']","['DQB1*06', 'DQB1*03']","['DPA1*01', 'DPA1*01']","['DPB1*02', 'DPB1*04']","['A1', 'A1']","['B35', 'B7']","['Cw7', 'Cw7']","['DR6', 'DR6']","['DQ4', 'DQ1']","['DQ1', 'DQ3']","['DP1', 'DP1']","['DP2', 'DP4']",Bw6/Bw6,nan,R0942,A,POS,Kidney,69,Copenhagen,Denmark,0,"['A*01', 'A*01']","['B*07', 'B*35']","['C*04', 'C*01']","['DRB1*01', 'DRB1*13']","['DQA1*05:01', 'DQA1*01:02']","['DQB1*06', 'DQB1*03']","['DPA1*01', 'DPA1*01']","['DPB1*04', 'DPB1*02']","['A1', 'A1']","['B7', 'B35']","['Cw4', 'Cw1']","['DR1', 'DR6']","['DQ1', 'DQ1']","['DQ1', 'DQ3']","['DP1', 'DP1']","['DP4', 'DP2']",Bw6/Bw6,[],0.0,0.85,nan,0,0
141,D0197_RK,kidney,True,AllocationPriority.PRIORITY_5,D0197,A,POS,KD,57,Helsinki,Finland,141,"['A*01', 'A*01']","['B*35', 'B*07']","['C*07', 'C*07']","['DRB1*13', 'DRB1*13']","['DQA1*04:01', 'DQA1*01:01']","['DQB1*06', 'DQB1*03']","['DPA1*01', 'DPA1*01']","['DPB1*02', 'DPB1*04']","['A1', 'A1']","['B35', 'B7']","['Cw7', 'Cw7']","['DR6', 'DR6']","['DQ4', 'DQ1']","['DQ1', 'DQ3']","['DP1', 'DP1']","['DP2', 'DP4']",Bw6/Bw6,nan,R2619,A,POS,Kidney,52,Helsinki,Finland,128,"['A*01', 'A*30']","['B*35', 'B*07']","['C*07', 'C*07']","['DRB1*04', 'DRB1*13']","['DQA1*05:01', 'DQA1*01:02']","['DQB1*02', 'DQB1*02']","['DPA1*02:02', 'DPA1*01']","['DPB1*03', 'DPB1*04']","['A1', 'A19']","['B35', 'B7']","['Cw7', 'Cw7']","['DR4', 'DR6']","['DQ1', 'DQ1']","['DQ2', 'DQ2']","['DP2', 'DP1']","['DP3', 'DP4']",Bw4/Bw6,[],0.0,0.85,nan
142,D0198_LK,kidney,False,AllocationPriority.PAYBACK,D0198,A,POS,KD,81,Oslo,Norway,142,"['A*02', 'A*32']","['B*49', 'B*44']","['C*03', 'C*03']","['DRB1*04', 'DRB1*04']","['DQA1*01:01', 'DQA1*03:01']","['DQB1*05', 'DQB1*03']","['DPA1*01', 'DPA1*01']","['DPB1*03', 'DPB1*03']","['A2', 'A19']","['B21', 'B12']","['Cw3', 'Cw3']","['DR4', 'DR4']","['DQ1', 'DQ3']","['DQ1', 'DQ3']","['DP1', 'DP1']","['DP3', 'DP3']",Bw6/Bw6,nan,R2604,A,POS,Kidney,72,Oslo,Norway,124,"['A*31', 'A*32']","['B*40', 'B*07']","['C*03', 'C*07']","['DRB1*13', 'DRB1*15']","['DQA1*05:01', 'DQA1*02:01']","['DQB1*05', 'DQB1*06']","['DPA1*01', 'DPA1*01']","['DPB1*04', 'DPB1*01']","['A19', 'A19']","['B40', 'B7']","['Cw3', 'Cw7']","['DR6', 'DR2']","['DQ1', 'DQ2']","['DQ1', 'DQ1']","['DP1', 'DP1']","['DP4', 'DP1']",Bw4/Bw4,"['C*01', 'DPB1*20', 'DPB1*04', 'DPB1*31', 'DPB1*10', 'DRB1*03', 'DPB1*01', 'DRB1*08']",0.8691,0.1112650000000001,nan
142,D0199_LK,kidney,False,AllocationPriority.LOCAL,D0199,A,POS,KD,28,Stockholm,Sweden,142,"['A*01', 'A*25']","['B*40', 'B*08']","['C*16', 'C*03']","['DRB1*04', 'DRB1*11']","['DQA1*01:02', 'DQA1*01:01']","['DQB1*02', 'DQB1*05']","['DPA1*01', 'DPA1*01']","['DPB1*03', 'DPB1*04']","['A1', 'A10']","['B40', 'B8']","['Cw16', 'Cw3']","['DR4', 'DR5']","['DQ1', 'DQ1']","['DQ2', 'DQ1']","['DP1', 'DP1']","['DP3', 'DP4']",Bw4/Bw6,nan,R2579,A,POS,Kidney,73,Stockholm,Sweden,118,"['A*24', 'A*03']","['B*40', 'B*07']","['C*04', 'C*04']","['DRB1*11', 'DRB1*04']","['DQA1*05:01', 'DQA1*02:01']","['DQB1*03', 'DQB1*02']","['DPA1*01', 'DPA1*01']","['DPB1*02', 'DPB1*04']","['A9', 'A3']","['B40', 'B7']","['Cw4', 'Cw4']","['DR5', 'DR4']","['DQ1', 'DQ2']","['DQ3', 'DQ2']","['DP1', 'DP1']","['DP2', 'DP4']",Bw4/Bw6,[],0.0,0.85,nan,0,3
142,D0200_LK,kidney,False,AllocationPriority.PAYBACK,D0200,A,POS,KD,87,Helsinki,Finland,142,"['A*03', 'A*03']","['B*57', 'B*27']","['C*05', 'C*07']","['DRB1*04', 'DRB1*13']","['DQA1*01:01', 'DQA1*01:03']","['DQB1*05', 'DQB1*05']","['DPA1*01', 'DPA1*01']","['DPB1*02', 'DPB1*04']","['A3', 'A3']","['B17', 'B27']","['Cw5', 'Cw7']","['DR4', 'DR6']","['DQ1', 'DQ1']","['DQ1', 'DQ1']","['DP1', 'DP1']","['DP2', 'DP4']",Bw4/Bw4,nan,R1535,A,POS,Kidney,88,Gothenburg,Sweden,0,"['A*24', 'A*03']","['B*57', 'B*27']","['C*06', 'C*03']","['DRB1*04', 'DRB1*13']","['DQA1*04:01', 'DQA1*03:01']","['DQB1*06', 'DQB1*03']","['DPA1*01', 'DPA1*02:02']","['DPB1*01', 'DPB1*04']","['A9', 'A3']","['B17', 'B27']","['Cw6', 'Cw3']","['DR4', 'DR6']","['DQ4', 'DQ3']","['DQ1', 'DQ3']","['DP1', 'DP2']","['DP1', 'DP4']",Bw6/Bw6,"['DPB1*26', 'B*14', 'DPB1*11']",0.0382,0.81753,nan,0,0
142,D0198_RK,kidney,True,AllocationPriority.PRIORITY_7,D0198,A,POS,KD,81,Oslo,Norway,142,"['A*02', 'A*32']","['B*49', 'B*44']","['C*03', 'C*03']","['DRB1*04', 'DRB1*04']","['DQA1*01:01', 'DQA1*03:01']","['DQB1*05', 'DQB1*03']","['DPA1*01', 'DPA1*01']","['DPB1*03', 'DPB1*03']","['A2', 'A19']","['B21', 'B12']","['Cw3', 'Cw3']","['DR4', 'DR4']","['DQ1', 'DQ3']","['DQ1', 'DQ3']","['DP1', 'DP1']","['DP3', 'DP3']",Bw6/Bw6,nan,R2366,A,POS,Kidney,60,Helsinki,Finland,49,"['A*02', 'A*24']","['B*44', 'B*49']","['C*04', 'C*06']","['DRB1*04', 'DRB1*15']","['DQA1*05:01', 'DQA1*05:01']","['DQB1*06', 'DQB1*05']","['DPA1*01', 'DPA1*01']","['DPB1*04', 'DPB1*04']","['A2', 'A9']","['B12', 'B21']","['Cw4', 'Cw6']","['DR4', 'DR2']","['DQ1', 'DQ1']","['DQ1', 'DQ1']","['DP1', 'DP1']","['DP4', 'DP4']",Bw6/Bw6,[],0.0,0.85,nan,0,1,1,786.5519919158309,0.8333333333333334,0.8554714201606649,612.5385031123888
142,D0199_RK,kidney,True,AllocationPriority.PRIORITY_7,D0199,A,POS,KD,28,Stockholm,Sweden,142,"['A*01', 'A*25']","['B*40', 'B*08']","['C*16', 'C*03']","['DRB1*04', 'DRB1*11']","['DQA1*01:02', 'DQA1*01:01']","['DQB1*02', 'DQB1*05']","['DPA1*01', 'DPA1*01']","['DPB1*03', 'DPB1*04']","['A1', 'A10']","['B40', 'B8']","['Cw16', 'Cw3']","['DR4', 'DR5']","['DQ1', 'DQ1']","['DQ2', 'DQ1']","['DP1', 'DP1']","['DP3', 'DP4']",Bw4/Bw6,nan,R1613,A,POS,Kidney,81,Stockholm,Sweden,0,"['A*01', 'A*03']","['B*08', 'B*40']","['C*03', 'C*05']","['DRB1*01', 'DRB1*04']","['DQA1*03:01', 'DQA1*01:02']","['DQB1*02', 'DQB1*06']","['DPA1*01', 'DPA1*02:02']","['DPB1*04', 'DPB1*04']","['A1', 'A3']","['B8', 'B40']","['Cw3', 'Cw5']","['DR1', 'DR4']","['DQ3', 'DQ1']","['DQ2', 'DQ1']","['DP1', 'DP2']","['DP4', 'DP4']",Bw6/Bw6,"['C*04', 'B*38', 'DRB1*08', 'B*56', 'A*34', 'DPB1*01', 'A*25', 'DPB1*15', 'DPB1*16']",0.2502,0.63733,nan,1,1,2,0.0,0.6666666666666667,1.0,603.1672386167969
142,D0200_RK,kidney,True,AllocationPriority.PAYBACK,D0200,A,POS,KD,87,Helsinki,Finland,142,"['A*03', 'A*03']","['B*57', 'B*27']","['C*05', 'C*07']","['DRB1*04', 'DRB1*13']","['DQA1*01:01', 'DQA1*01:03']","['DQB1*05', 'DQB1*05']","['DPA1*01', 'DPA1*01']","['DPB1*02', 'DPB1*04']","['A3', 'A3']","['B17', 'B27']","['Cw5', 'Cw7']","['DR4', 'DR6']","['DQ1', 'DQ1']","['DQ1', 'DQ1']","['DP1', 'DP1']","['DP2', 'DP4']",Bw4/Bw4,nan,R0062,A,POS,Kidney,51,Helsinki,Finland,0,"['A*03', 'A*11']","['B*27', 'B*51']","['C*05', 'C*07']","['DRB1*04', 'DRB1*13']","['DQA1*05:01', 'DQA1*03:01']","['DQB1*03', 'DQB1*02']","['DPA1*01', 'DPA1*01']","['DPB1*10', 'DPB1*04']","['A3', 'A11']","['B27', 'B5']","['Cw5', 'Cw7']","['DR4', 'DR6']","['DQ1', 'DQ3']","['DQ3', 'DQ2']","['DP1', 'DP1']","['DP10', 'DP4']",Bw4/Bw4,[],0.0,0.85,nan,0,1
143,D0201_LK,kidney,False,AllocationPriority.LOCAL,D0201,B,NEG,KD,59,Uppsala,Sweden,143,"['A*26', 'A*01']","['B*49', 'B*40']","['C*05', 'C*16']","['DRB1*07', 'DRB1*01']","['DQA1*05:01', 'DQA1*01:02']","['DQB1*06', 'DQB1*03']","['DPA1*01', 'DPA1*01']","['DPB1*03', 'DPB1*04']","['A10', 'A1']","['B21', 'B40']","['Cw5', 'Cw16']","['DR7', 'DR1']","['DQ1', 'DQ1']","['DQ1', 'DQ3']","['DP1', 'DP1']","['DP3', 'DP4']",Bw4/Bw4,nan,R0614,B,POS,Kidney,88,Uppsala,Sweden,0,"['A*01', 'A*02']","['B*07', 'B*45']","['C*07', 'C*05']","['DRB1*15', 'DRB1*07']","['DQA1*03:01', 'DQA1*01:03']","['DQB1*02', 'DQB1*06']","['DPA1*01', 'DPA1*01']","['DPB1*04', 'DPB1*05']","['A1', 'A2']","['B7', 'B12']","['Cw7', 'Cw5']","['DR2', 'DR7']","['DQ3', 'DQ1']","['DQ2', 'DQ1']","['DP1', 'DP1']","['DP4', 'DP5']",Bw4/Bw6,"['B*07', 'DPB1*06', 'B*57', 'DPA1*02:02', 'C*18', 'C*12', 'DPB1*20', 'DRB1*16', 'B*40']",0.5089,0.255372,nan,1,3
143,D0201_RK,kidney,True,AllocationPriority.PRIORITY_7,D0201,B,NEG,KD,59,Uppsala,Sweden,143,"['A*26', 'A*01']","['B*49', 'B*40']","['C*05', 'C*16']","['DRB1*07', 'DRB1*01']","['DQA1*05:01', 'DQA1*01:02']","['DQB1*06', 'DQB1*03']","['DPA1*01', 'DPA1*01']","['DPB1*03', 'DPB1*04']","['A10', 'A1']","['B21', 'B40']","['Cw5', 'Cw16']","['DR7', 'DR1']","['DQ1', 'DQ1']","['DQ1', 'DQ3']","['DP1', 'DP1']","['DP3', 'DP4']",Bw4/Bw4,nan,R2083,B,NEG,Kidney,82,Copenhagen,Denmark,0,"['A*30', 'A*26']","['B*55', 'B*40']","['C*07', 'C*05']","['DRB1*07', 'DRB1*01']","['DQA1*03:01', 'DQA1*05:01']","['DQB1*06', 'DQB1*06']","['DPA1*01', 'DPA1*01']","['DPB1*04', 'DPB1*01']","['A19', 'A10']","['B22', 'B40']","['Cw7', 'Cw5']","['DR7', 'DR1']","['DQ3', 'DQ1']","['DQ1', 'DQ1']","['DP1', 'DP1']","['DP4', 'DP1']",Bw4/Bw4,[],0.0,0.52,nan,0,2,2,553.4801094897842,0.6666666666666667,0.8982982752366632,566.7117976308515
144,D0202_LK,kidney,False,AllocationPriority.LOCAL,D0202,O,NEG,KD,27,Oslo,Norway,144,"['A*02', 'A*02']","['B*44', 'B*08']","['C*05', 'C*01']","['DRB1*07', 'DRB1*03']","['DQA1*02:01', 'DQA1*03:01']","['DQB1*03', 'DQB1*04']","['DPA1*01', 'DPA1*01']","['DPB1*01', 'DPB1*02']","['A2', 'A2']","['B12', 'B8']","['Cw5', 'Cw1']","['DR7', 'DR3']","['DQ2', 'DQ3']","['DQ3', 'DQ4']","['DP1', 'DP1']","['DP1', 'DP2']",Bw4/Bw6,nan,R1179,O,POS,Kidney,42,Oslo,Norway,0,"['A*02', 'A*01']","['B*07', 'B*08']","['C*06', 'C*01']","['DRB1*03', 'DRB1*07']","['DQA1*05:01', 'DQA1*05:01']","['DQB1*06', 'DQB1*06']","['DPA1*01', 'DPA1*01']","['DPB1*13', 'DPB1*01']","['A2', 'A1']","['B7', 'B8']","['Cw6', 'Cw1']","['DR3', 'DR7']","['DQ1', 'DQ1']","['DQ1', 'DQ1']","['DP1', 'DP1']","['DP13', 'DP1']",Bw6/Bw6,"['DQB1*05', 'B*46', 'A*66', 'DPB1*115']",0.1421,0.3517389999999999,nan,0,1
144,D0202_RK,kidney,True,AllocationPriority.PRIORITY_7,D0202,O,NEG,KD,27,Oslo,Norway,144,"['A*02', 'A*02']","['B*44', 'B*08']","['C*05', 'C*01']","['DRB1*07', 'DRB1*03']","['DQA1*02:01', 'DQA1*03:01']","['DQB1*03', 'DQB1*04']","['DPA1*01', 'DPA1*01']","['DPB1*01', 'DPB1*02']","['A2', 'A2']","['B12', 'B8']","['Cw5', 'Cw1']","['DR7', 'DR3']","['DQ2', 'DQ3']","['DQ3', 'DQ4']","['DP1', 'DP1']","['DP1', 'DP2']",Bw4/Bw6,nan,R1722,O,POS,Kidney,90,Copenhagen,Denmark,0,"['A*02', 'A*11']","['B*44', 'B*08']","['C*05', 'C*08']","['DRB1*07', 'DRB1*03']","['DQA1*01:02', 'DQA1*02:01']","['DQB1*03', 'DQB1*04']","['DPA1*01', 'DPA1*01']","['DPB1*04', 'DPB1*04']","['A2', 'A11']","['B12', 'B8']","['Cw5', 'Cw8']","['DR7', 'DR3']","['DQ1', 'DQ2']","['DQ3', 'DQ4']","['DP1', 'DP1']","['DP4', 'DP4']",Bw4/Bw6,[],0.0,0.41,nan,0,0,0,483.3085545859356,1.0,0.9111922673434893,693.6900760173364
145,D0203_LK,kidney,False,AllocationPriority.LOCAL,D0203,O,POS,KD,25,Oslo,Norway,145,"['A*03', 'A*03']","['B*51', 'B*40']","['C*07', 'C*06']","['DRB1*15', 'DRB1*15']","['DQA1*05:01', 'DQA1*03:01']","['DQB1*06', 'DQB1*06']","['DPA1*01', 'DPA1*01']","['DPB1*03', 'DPB1*04']","['A3', 'A3']","['B5', 'B40']","['Cw7', 'Cw6']","['DR2', 'DR2']","['DQ1', 'DQ3']","['DQ1', 'DQ1']","['DP1', 'DP1']","['DP3', 'DP4']",Bw4/Bw6,nan,R0088,O,POS,Kidney,51,Oslo,Norway,0,"['A*03', 'A*01']","['B*51', 'B*14']","['C*05', 'C*07']","['DRB1*08', 'DRB1*15']","['DQA1*02:01', 'DQA1*04:01']","['DQB1*03', 'DQB1*06']","['DPA1*01', 'DPA1*01']","['DPB1*02', 'DPB1*04']","['A3', 'A1']","['B5', 'B14']","['Cw5', 'Cw7']","['DR8', 'DR2']","['DQ2', 'DQ4']","['DQ3', 'DQ1']","['DP1', 'DP1']","['DP2', 'DP4']",Bw4/Bw6,[],0.0,0.41,nan,0,1
145,D0204_LK,kidney,False,AllocationPriority.PAYBACK,D0204,O,POS,KD,47,Gothenburg,Sweden,145,"['A*02', 'A*02']","['B*08', 'B*07']","['C*03', 'C*03']","['DRB1*03', 'DRB1*01']","['DQA1*01:02', 'DQA1*01:02']","['DQB1*02', 'DQB1*02']","['DPA1*01', 'DPA1*01']","['DPB1*04', 'DPB1*04']","['A2', 'A2']","['B8', 'B7']","['Cw3', 'Cw3']","['DR3', 'DR1']","['DQ1', 'DQ1']","['DQ2', 'DQ2']","['DP1', 'DP1']","['DP4', 'DP4']",Bw6/Bw6,nan,R0084,O,POS,Kidney,71,Gothenburg,Sweden,0,"['A*02', 'A*01']","['B*40', 'B*07']","['C*02', 'C*03']","['DRB1*03', 'DRB1*01']","['DQA1*03:01', 'DQA1*01:02']","['DQB1*05', 'DQB1*05']","['DPA1*01', 'DPA1*01']","['DPB1*04', 'DPB1*04']","['A2', 'A1']","['B40', 'B7']","['Cw2', 'Cw3']","['DR3', 'DR1']","['DQ3', 'DQ1']","['DQ1', 'DQ1']","['DP1', 'DP1']","['DP4', 'DP4']",Bw6/Bw6,[],0.0,0.41,nan,0,1
145,D0205_LK,kidney,False,AllocationPriority.LOCAL,D0205,O,POS,KD,69,Uppsala,Sweden,145,"['A*02', 'A*03']","['B*08', 'B*08']","['C*04', 'C*12']","['DRB1*14', 'DRB1*03']","['DQA1*01:02', 'DQA1*05:01']","['DQB1*02', 'DQB1*03']","['DPA1*01', 'DPA1*01']","['DPB1*13', 'DPB1*16']","['A2', 'A3']","['B8', 'B8']","['Cw4', 'Cw12']","['DR6', 'DR3']","['DQ1', 'DQ1']","['DQ2', 'DQ3']","['DP1', 'DP1']","['DP13', 'DP16']",Bw6/Bw6,nan,R1731,O,POS,Kidney,71,Uppsala,Sweden,0,"['A*02', 'A*02']","['B*40', 'B*08']","['C*06', 'C*03']","['DRB1*03', 'DRB1*13']","['DQA1*05:01', 'DQA1*02:01']","['DQB1*05', 'DQB1*02']","['DPA1*01', 'DPA1*01']","['DPB1*04', 'DPB1*02']","['A2', 'A2']","['B40', 'B8']","['Cw6', 'Cw3']","['DR3', 'DR6']","['DQ1', 'DQ2']","['DQ1', 'DQ2']","['DP1', 'DP1']","['DP4', 'DP2']",Bw6/Bw6,[],0.0,0.41,nan,0,1
145,D0203_RK,kidney,True,AllocationPriority.PRIORITY_4,D0203,O,POS,KD,25,Oslo,Norway,145,"['A*03', 'A*03']","['B*51', 'B*40']","['C*07', 'C*06']","['DRB1*15', 'DRB1*15']","['DQA1*05:01', 'DQA1*03:01']","['DQB1*06', 'DQB1*06']","['DPA1*01', 'DPA1*01']","['DPB1*03', 'DPB1*04']","['A3', 'A3']","['B5', 'B40']","['Cw7', 'Cw6']","['DR2', 'DR2']","['DQ1', 'DQ3']","['DQ1', 'DQ1']","['DP1', 'DP1']","['DP3', 'DP4']",Bw4/Bw6,nan,R1822,O,POS,Kidney,10,Stockholm,Sweden,0,"['A*03', 'A*31']","['B*35', 'B*44']","['C*01', 'C*07']","['DRB1*15', 'DRB1*13']","['DQA1*02:01', 'DQA1*01:02']","['DQB1*03', 'DQB1*06']","['DPA1*01', 'DPA1*01']","['DPB1*02', 'DPB1*04']","['A3', 'A19']","['B35', 'B12']","['Cw1', 'Cw7']","['DR2', 'DR6']","['DQ2', 'DQ1']","['DQ3', 'DQ1']","['DP1', 'DP1']","['DP2', 'DP4']",Bw4/Bw4,[],0.0,0.41,nan
145,D0204_RK,kidney,True,AllocationPriority.PRIORITY_7,D0204,O,POS,KD,47,Gothenburg,Sweden,145,"['A*02', 'A*02']","['B*08', 'B*07']","['C*03', 'C*03']","['DRB1*03', 'DRB1*01']","['DQA1*01:02', 'DQA1*01:02']","['DQB1*02', 'DQB1*02']","['DPA1*01', 'DPA1*01']","['DPB1*04', 'DPB1*04']","['A2', 'A2']","['B8', 'B7']","['Cw3', 'Cw3']","['DR3', 'DR1']","['DQ1', 'DQ1']","['DQ2', 'DQ2']","['DP1', 'DP1']","['DP4', 'DP4']",Bw6/Bw6,nan,R0354,O,POS,Kidney,78,Aarhus,Denmark,0,"['A*02', 'A*02']","['B*40', 'B*07']","['C*16', 'C*02']","['DRB1*03', 'DRB1*01']","['DQA1*05:01', 'DQA1*03:01']","['DQB1*06', 'DQB1*02']","['DPA1*01', 'DPA1*01']","['DPB1*04', 'DPB1*04']","['A2', 'A2']","['B40', 'B7']","['Cw16', 'Cw2']","['DR3', 'DR1']","['DQ1', 'DQ3']","['DQ1', 'DQ2']","['DP1', 'DP1']","['DP4', 'DP4']",Bw6/Bw6,"['B*52', 'A*03', 'B*53', 'C*12', 'DRB1*07', 'DPB1*20', 'A*32', 'B*47', 'B*35']",0.3906,0.2498539999999999,nan,0,1,1,202.6942002796759,0.8333333333333334,0.9627550305520983,650.9947961249729
145,D0205_RK,kidney,True,AllocationPriority.PRIORITY_5,D0205,O,POS,KD,69,Uppsala,Sweden,145,"['A*02', 'A*03']","['B*08', 'B*08']","['C*04', 'C*12']","['DRB1*14', 'DRB1*03']","['DQA1*01:02', 'DQA1*05:01']","['DQB1*02', 'DQB1*03']","['DPA1*01', 'DPA1*01']","['DPB1*13', 'DPB1*16']","['A2', 'A3']","['B8', 'B8']","['Cw4', 'Cw12']","['DR6', 'DR3']","['DQ1', 'DQ1']","['DQ2', 'DQ3']","['DP1', 'DP1']","['DP13', 'DP16']",Bw6/Bw6,nan,R0252,O,POS,Kidney,39,Aarhus,Denmark,0,"['A*03', 'A*02']","['B*08', 'B*08']","['C*07', 'C*05']","['DRB1*03', 'DRB1*13']","['DQA1*03:01', 'DQA1*05:01']","['DQB1*04', 'DQB1*03']","['DPA1*01', 'DPA1*01']","['DPB1*03', 'DPB1*09']","['A3', 'A2']","['B8', 'B8']","['Cw7', 'Cw5']","['DR3', 'DR6']","['DQ3', 'DQ1']","['DQ4', 'DQ3']","['DP1', 'DP1']","['DP3', 'DP9']",Bw6/Bw6,[],0.0,0.41,nan
146,D0206_LK,kidney,False,AllocationPriority.LOCAL,D0206,A,POS,KD,39,Tartu,Estonia,146,"['A*03', 'A*29']","['B*15', 'B*18']","['C*03', 'C*05']","['DRB1*11', 'DRB1*04']","['DQA1*03:01', 'DQA1*01:01']","['DQB1*06', 'DQB1*02']","['DPA1*02:02', 'DPA1*02:02']","['DPB1*03', 'DPB1*16']","['A3', 'A19']","['B15', 'B18']","['Cw3', 'Cw5']","['DR5', 'DR4']","['DQ3', 'DQ1']","['DQ1', 'DQ2']","['DP2', 'DP2']","['DP3', 'DP16']",Bw4/Bw4,nan,R0585,A,POS,Kidney,72,Tartu,Estonia,0,"['A*29', 'A*02']","['B*27', 'B*27']","['C*07', 'C*02']","['DRB1*04', 'DRB1*12']","['DQA1*05:01', 'DQA1*01:03']","['DQB1*05', 'DQB1*03']","['DPA1*01', 'DPA1*02:02']","['DPB1*16', 'DPB1*04']","['A19', 'A2']","['B27', 'B27']","['Cw7', 'Cw2']","['DR4', 'DR5']","['DQ1', 'DQ1']","['DQ1', 'DQ3']","['DP1', 'DP2']","['DP16', 'DP4']",Bw6/Bw6,[],0.0,0.85,nan,0,3
146,D0207_LK,kidney,False,AllocationPriority.PAYBACK,D0207,A,POS,KD,69,Helsinki,Finland,146,"['A*02', 'A*03']","['B*07', 'B*40']","['C*07', 'C*05']","['DRB1*14', 'DRB1*01']","['DQA1*01:01', 'DQA1*01:02']","['DQB1*06', 'DQB1*02']","['DPA1*01', 'DPA1*01']","['DPB1*04', 'DPB1*04']","['A2', 'A3']","['B7', 'B40']","['Cw7', 'Cw5']","['DR6', 'DR1']","['DQ1', 'DQ1']","['DQ1', 'DQ2']","['DP1', 'DP1']","['DP4', 'DP4']",Bw6/Bw6,nan,R0977,A,POS,Kidney,55,Stockholm,Sweden,0,"['A*02', 'A*03']","['B*44', 'B*07']","['C*07', 'C*16']","['DRB1*01', 'DRB1*13']","['DQA1*02:01', 'DQA1*05:01']","['DQB1*03', 'DQB1*02']","['DPA1*01', 'DPA1*01']","['DPB1*13', 'DPB1*04']","['A2', 'A3']","['B12', 'B7']","['Cw7', 'Cw16']","['DR1', 'DR6']","['DQ2', 'DQ1']","['DQ3', 'DQ2']","['DP1', 'DP1']","['DP13', 'DP4']",Bw4/Bw6,[],0.0,0.85,nan,0,1
146,D0208_LK,kidney,False,AllocationPriority.PAYBACK,D0208,O,POS,KD,23,Stockholm,Sweden,146,"['A*26', 'A*02']","['B*40', 'B*44']","['C*03', 'C*07']","['DRB1*03', 'DRB1*13']","['DQA1*01:02', 'DQA1*01:02']","['DQB1*06', 'DQB1*03']","['DPA1*01', 'DPA1*01']","['DPB1*04', 'DPB1*02']","['A10', 'A2']","['B40', 'B12']","['Cw3', 'Cw7']","['DR3', 'DR6']","['DQ1', 'DQ1']","['DQ1', 'DQ3']","['DP1', 'DP1']","['DP4', 'DP2']",Bw4/Bw4,nan,R1462,O,POS,Kidney,62,Helsinki,Finland,0,"['A*02', 'A*03']","['B*40', 'B*44']","['C*07', 'C*02']","['DRB1*14', 'DRB1*03']","['DQA1*01:02', 'DQA1*05:01']","['DQB1*02', 'DQB1*05']","['DPA1*01', 'DPA1*02:02']","['DPB1*04', 'DPB1*02']","['A2', 'A3']","['B40', 'B12']","['Cw7', 'Cw2']","['DR6', 'DR3']","['DQ1', 'DQ1']","['DQ2', 'DQ1']","['DP1', 'DP2']","['DP4', 'DP2']",Bw4/Bw6,[],0.0,0.41,nan,0,1
146,D0209_LK,kidney,False,AllocationPriority.LOCAL,D0209,O,NEG,KD,50,Stockholm,Sweden,146,"['A*01', 'A*02']","['B*15', 'B*07']","['C*03', 'C*07']","['DRB1*01', 'DRB1*15']","['DQA1*01:02', 'DQA1*03:01']","['DQB1*03', 'DQB1*03']","['DPA1*01', 'DPA1*01']","['DPB1*03', 'DPB1*04']","['A1', 'A2']","['B15', 'B7']","['Cw3', 'Cw7']","['DR1', 'DR2']","['DQ1', 'DQ3']","['DQ3', 'DQ3']","['DP1', 'DP1']","['DP3', 'DP4']",Bw4/Bw6,nan,R1622,O,NEG,Kidney,53,Stockholm,Sweden,0,"['A*01', 'A*02']","['B*57', 'B*41']","['C*17', 'C*02']","['DRB1*15', 'DRB1*01']","['DQA1*01:02', 'DQA1*02:01']","['DQB1*02', 'DQB1*06']","['DPA1*01', 'DPA1*01']","['DPB1*04', 'DPB1*05']","['A1', 'A2']","['B17', 'B41']","['Cw17', 'Cw2']","['DR2', 'DR1']","['DQ1', 'DQ2']","['DQ2', 'DQ1']","['DP1', 'DP1']","['DP4', 'DP5']",Bw4/Bw6,[],0.0,0.41,nan,0,2
146,D0210_LK,kidney,False,AllocationPriority.LOCAL,D0210,B,NEG,KD,19,Aarhus,Denmark,146,"['A*03', 'A*02']","['B*08', 'B*41']","['C*03', 'C*03']","['DRB1*04', 'DRB1*08']","['DQA1*02:01', 'DQA1*02:01']","['DQB1*06', 'DQB1*05']","['DPA1*01', 'DPA1*01']","['DPB1*04', 'DPB1*02']","['A3', 'A2']","['B8', 'B41']","['Cw3', 'Cw3']","['DR4', 'DR8']","['DQ2', 'DQ2']","['DQ1', 'DQ1']","['DP1', 'DP1']","['DP4', 'DP2']",Bw6/Bw6,nan,R0880,B,NEG,Kidney,87,Aarhus,Denmark,0,"['A*25', 'A*02']","['B*15', 'B*48']","['C*05', 'C*03']","['DRB1*03', 'DRB1*08']","['DQA1*02:01', 'DQA1*03:01']","['DQB1*04', 'DQB1*02']","['DPA1*01', 'DPA1*01']","['DPB1*16', 'DPB1*02']","['A10', 'A2']","['B15', 'B48']","['Cw5', 'Cw3']","['DR3', 'DR8']","['DQ2', 'DQ3']","['DQ4', 'DQ2']","['DP1', 'DP1']","['DP16', 'DP2']",Bw4/Bw4,[],0.0,0.52,nan,1,3
146,D0206_RK,kidney,True,AllocationPriority.PRIORITY_7,D0206,A,POS,KD,39,Tartu,Estonia,146,"['A*03', 'A*29']","['B*15', 'B*18']","['C*03', 'C*05']","['DRB1*11', 'DRB1*04']","['DQA1*03:01', 'DQA1*01:01']","['DQB1*06', 'DQB1*02']","['DPA1*02:02', 'DPA1*02:02']","['DPB1*03', 'DPB1*16']","['A3', 'A19']","['B15', 'B18']","['Cw3', 'Cw5']","['DR5', 'DR4']","['DQ3', 'DQ1']","['DQ1', 'DQ2']","['DP2', 'DP2']","['DP3', 'DP16']",Bw4/Bw4,nan,R1943,A,POS,Kidney,50,Helsinki,Finland,0,"['A*03', 'A*29']","['B*08', 'B*18']","['C*05', 'C*07']","['DRB1*15', 'DRB1*04']","['DQA1*01:01', 'DQA1*01:03']","['DQB1*03', 'DQB1*06']","['DPA1*01', 'DPA1*01']","['DPB1*01', 'DPB1*04']","['A3', 'A19']","['B8', 'B18']","['Cw5', 'Cw7']","['DR2', 'DR4']","['DQ1', 'DQ1']","['DQ3', 'DQ1']","['DP1', 'DP1']","['DP1', 'DP4']",Bw4/Bw6,"['DPB1*19', 'DPB1*115', 'DRB1*11', 'DPB1*14', 'DQA1*01:02', 'C*15', 'C*06', 'DPB1*35', 'A*34']",0.3665,0.5384749999999999,nan,1,1,2,223.77640682897163,0.6666666666666667,0.958881184444319,588.4280141111129
146,D0207_RK,kidney,True,AllocationPriority.PRIORITY_7,D0207,A,POS,KD,69,Helsinki,Finland,146,"['A*02', 'A*03']","['B*07', 'B*40']","['C*07', 'C*05']","['DRB1*14', 'DRB1*01']","['DQA1*01:01', 'DQA1*01:02']","['DQB1*06', 'DQB1*02']","['DPA1*01', 'DPA1*01']","['DPB1*04', 'DPB1*04']","['A2', 'A3']","['B7', 'B40']","['Cw7', 'Cw5']","['DR6', 'DR1']","['DQ1', 'DQ1']","['DQ1', 'DQ2']","['DP1', 'DP1']","['DP4', 'DP4']",Bw6/Bw6,nan,R2488,A,POS,Kidney,74,Gothenburg,Sweden,84,"['A*02', 'A*03']","['B*40', 'B*07']","['C*15', 'C*07']","['DRB1*14', 'DRB1*08']","['DQA1*01:01', 'DQA1*03:01']","['DQB1*02', 'DQB1*03']","['DPA1*01', 'DPA1*01']","['DPB1*04', 'DPB1*04']","['A2', 'A3']","['B40', 'B7']","['Cw15', 'Cw7']","['DR6', 'DR8']","['DQ1', 'DQ3']","['DQ2', 'DQ3']","['DP1', 'DP1']","['DP4', 'DP4']",Bw6/Bw6,[],0.0,0.85,nan,1,0,1,790.7219255251106,0.8333333333333334,0.8547051967084739,612.2638468672917
146,D0208_RK,kidney,True,AllocationPriority.PRIORITY_7,D0208,O,POS,KD,23,Stockholm,Sweden,146,"['A*26', 'A*02']","['B*40', 'B*44']","['C*03', 'C*07']","['DRB1*03', 'DRB1*13']","['DQA1*01:02', 'DQA1*01:02']","['DQB1*06', 'DQB1*03']","['DPA1*01', 'DPA1*01']","['DPB1*04', 'DPB1*02']","['A10', 'A2']","['B40', 'B12']","['Cw3', 'Cw7']","['DR3', 'DR6']","['DQ1', 'DQ1']","['DQ1', 'DQ3']","['DP1', 'DP1']","['DP4', 'DP2']",Bw4/Bw4,nan,R1333,O,POS,Kidney,77,Stockholm,Sweden,0,"['A*02', 'A*24']","['B*44', 'B*40']","['C*05', 'C*07']","['DRB1*01', 'DRB1*13']","['DQA1*01:03', 'DQA1*03:01']","['DQB1*02', 'DQB1*03']","['DPA1*01', 'DPA1*01']","['DPB1*02', 'DPB1*04']","['A2', 'A9']","['B12', 'B40']","['Cw5', 'Cw7']","['DR1', 'DR6']","['DQ1', 'DQ3']","['DQ2', 'DQ3']","['DP1', 'DP1']","['DP2', 'DP4']",Bw4/Bw4,"['DQA1*01:03', 'B*07', 'B*08', 'DPB1*02', 'DPB1*13', 'DPB1*129', 'C*08', 'DRB1*12', 'DPB1*51']",0.5365,0.190035,nan,1,1,2,0.0,0.6666666666666667,1.0,603.1672386167969
146,D0209_RK,kidney,True,AllocationPriority.PRIORITY_7,D0209,O,NEG,KD,50,Stockholm,Sweden,146,"['A*01', 'A*02']","['B*15', 'B*07']","['C*03', 'C*07']","['DRB1*01', 'DRB1*15']","['DQA1*01:02', 'DQA1*03:01']","['DQB1*03', 'DQB1*03']","['DPA1*01', 'DPA1*01']","['DPB1*03', 'DPB1*04']","['A1', 'A2']","['B15', 'B7']","['Cw3', 'Cw7']","['DR1', 'DR2']","['DQ1', 'DQ3']","['DQ3', 'DQ3']","['DP1', 'DP1']","['DP3', 'DP4']",Bw4/Bw6,nan,R0230,O,POS,Kidney,71,Stockholm,Sweden,0,"['A*01', 'A*02']","['B*07', 'B*15']","['C*01', 'C*07']","['DRB1*01', 'DRB1*04']","['DQA1*03:01', 'DQA1*02:01']","['DQB1*03', 'DQB1*02']","['DPA1*01', 'DPA1*01']","['DPB1*04', 'DPB1*19']","['A1', 'A2']","['B7', 'B15']","['Cw1', 'Cw7']","['DR1', 'DR4']","['DQ3', 'DQ2']","['DQ3', 'DQ2']","['DP1', 'DP1']","['DP4', 'DP19']",Bw4/Bw6,[],0.0,0.41,nan,1,0,1,0.0,0.8333333333333334,1.0,664.345423057711
146,D0210_RK,kidney,True,AllocationPriority.PRIORITY_7,D0210,B,NEG,KD,19,Aarhus,Denmark,146,"['A*03', 'A*02']","['B*08', 'B*41']","['C*03', 'C*03']","['DRB1*04', 'DRB1*08']","['DQA1*02:01', 'DQA1*02:01']","['DQB1*06', 'DQB1*05']","['DPA1*01', 'DPA1*01']","['DPB1*04', 'DPB1*02']","['A3', 'A2']","['B8', 'B41']","['Cw3', 'Cw3']","['DR4', 'DR8']","['DQ2', 'DQ2']","['DQ1', 'DQ1']","['DP1', 'DP1']","['DP4', 'DP2']",Bw6/Bw6,nan,R1745,B,POS,Kidney,49,Odense,Denmark,0,"['A*03', 'A*02']","['B*27', 'B*08']","['C*05', 'C*03']","['DRB1*04', 'DRB1*15']","['DQA1*05:01', 'DQA1*02:01']","['DQB1*03', 'DQB1*06']","['DPA1*01', 'DPA1*01']","['DPB1*04', 'DPB1*04']","['A3', 'A2']","['B27', 'B8']","['Cw5', 'Cw3']","['DR4', 'DR2']","['DQ1', 'DQ2']","['DQ3', 'DQ1']","['DP1', 'DP1']","['DP4', 'DP4']",Bw4/Bw6,"['DRB1*08', 'A*25', 'A*26', 'DPB1*16', 'DPB1*01', 'B*40', 'B*15', 'DRB1*07', 'B*73']",0.4782,0.271336,nan,1,1,2,85.31562476063671,0.6666666666666667,0.9843232917702917,597.5478519932965
147,D0211_LK,kidney,False,AllocationPriority.LOCAL,D0211,A,POS,KD,80,Skane,Sweden,147,"['A*02', 'A*02']","['B*15', 'B*57']","['C*12', 'C*05']","['DRB1*04', 'DRB1*11']","['DQA1*05:01', 'DQA1*03:01']","['DQB1*02', 'DQB1*03']","['DPA1*01', 'DPA1*02:02']","['DPB1*03', 'DPB1*04']","['A2', 'A2']","['B15', 'B17']","['Cw12', 'Cw5']","['DR4', 'DR5']","['DQ1', 'DQ3']","['DQ2', 'DQ3']","['DP1', 'DP2']","['DP3', 'DP4']",Bw4/Bw4,nan,R0100,A,POS,Kidney,50,Skane,Sweden,0,"['A*02', 'A*03']","['B*15', 'B*14']","['C*04', 'C*02']","['DRB1*01', 'DRB1*04']","['DQA1*01:02', 'DQA1*01:01']","['DQB1*06', 'DQB1*02']","['DPA1*01', 'DPA1*01']","['DPB1*04', 'DPB1*04']","['A2', 'A3']","['B15', 'B14']","['Cw4', 'Cw2']","['DR1', 'DR4']","['DQ1', 'DQ1']","['DQ1', 'DQ2']","['DP1', 'DP1']","['DP4', 'DP4']",Bw4/Bw6,[],0.0,0.85,nan,1,1
147,D0212_LK,kidney,False,AllocationPriority.PAYBACK,D0212,A,POS,KD,52,Helsinki,Finland,147,"['A*03', 'A*02']","['B*51', 'B*18']","['C*04', 'C*07']","['DRB1*01', 'DRB1*01']","['DQA1*03:01', 'DQA1*01:03']","['DQB1*06', 'DQB1*03']","['DPA1*01', 'DPA1*01']","['DPB1*04', 'DPB1*02']","['A3', 'A2']","['B5', 'B18']","['Cw4', 'Cw7']","['DR1', 'DR1']","['DQ3', 'DQ1']","['DQ1', 'DQ3']","['DP1', 'DP1']","['DP4', 'DP2']",Bw4/Bw6,nan,R2372,A,POS,Kidney,70,Helsinki,Finland,49,"['A*02', 'A*03']","['B*52', 'B*18']","['C*07', 'C*07']","['DRB1*01', 'DRB1*15']","['DQA1*03:01', 'DQA1*02:01']","['DQB1*03', 'DQB1*03']","['DPA1*01', 'DPA1*01']","['DPB1*04', 'DPB1*13']","['A2', 'A3']","['B5', 'B18']","['Cw7', 'Cw7']","['DR1', 'DR2']","['DQ3', 'DQ2']","['DQ3', 'DQ3']","['DP1', 'DP1']","['DP4', 'DP13']",Bw4/Bw6,"['A*32', 'DPB1*03', 'C*06', 'B*57', 'B*54', 'B*53', 'DQA1*01:02', 'C*12', 'DQA1*05:01']",0.7077,0.2484549999999999,nan,0,0
147,D0211_RK,kidney,True,AllocationPriority.PRIORITY_7,D0211,A,POS,KD,80,Skane,Sweden,147,"['A*02', 'A*02']","['B*15', 'B*57']","['C*12', 'C*05']","['DRB1*04', 'DRB1*11']","['DQA1*05:01', 'DQA1*03:01']","['DQB1*02', 'DQB1*03']","['DPA1*01', 'DPA1*02:02']","['DPB1*03', 'DPB1*04']","['A2', 'A2']","['B15', 'B17']","['Cw12', 'Cw5']","['DR4', 'DR5']","['DQ1', 'DQ3']","['DQ2', 'DQ3']","['DP1', 'DP2']","['DP3', 'DP4']",Bw4/Bw4,nan,R1094,A,POS,Kidney,80,Gothenburg,Sweden,0,"['A*03', 'A*02']","['B*15', 'B*57']","['C*05', 'C*03']","['DRB1*04', 'DRB1*03']","['DQA1*04:01', 'DQA1*05:01']","['DQB1*02', 'DQB1*03']","['DPA1*01', 'DPA1*02:02']","['DPB1*04', 'DPB1*20']","['A3', 'A2']","['B15', 'B17']","['Cw5', 'Cw3']","['DR4', 'DR3']","['DQ4', 'DQ1']","['DQ2', 'DQ3']","['DP1', 'DP2']","['DP4', 'DP20']",Bw4/Bw4,[],0.0,0.85,nan,1,0,1,242.24714531578837,0.8333333333333334,0.9554871944353673,648.3896075574676
147,D0212_RK,kidney,True,AllocationPriority.PRIORITY_7,D0212,A,POS,KD,52,Helsinki,Finland,147,"['A*03', 'A*02']","['B*51', 'B*18']","['C*04', 'C*07']","['DRB1*01', 'DRB1*01']","['DQA1*03:01', 'DQA1*01:03']","['DQB1*06', 'DQB1*03']","['DPA1*01', 'DPA1*01']","['DPB1*04', 'DPB1*02']","['A3', 'A2']","['B5', 'B18']","['Cw4', 'Cw7']","['DR1', 'DR1']","['DQ3', 'DQ1']","['DQ1', 'DQ3']","['DP1', 'DP1']","['DP4', 'DP2']",Bw4/Bw6,nan,R2250,A,POS,Kidney,85,Tartu,Estonia,13,"['A*02', 'A*03']","['B*15', 'B*18']","['C*07', 'C*07']","['DRB1*01', 'DRB1*03']","['DQA1*02:01', 'DQA1*03:01']","['DQB1*05', 'DQB1*06']","['DPA1*01', 'DPA1*01']","['DPB1*03', 'DPB1*04']","['A2', 'A3']","['B15', 'B18']","['Cw7', 'Cw7']","['DR1', 'DR3']","['DQ2', 'DQ3']","['DQ1', 'DQ1']","['DP1', 'DP1']","['DP3', 'DP4']",Bw4/Bw6,[],0.0,0.85,nan,0,1,1,223.77640682897163,0.8333333333333334,0.958881184444319,649.606198552027
148,D0213_LK,kidney,False,AllocationPriority.LOCAL,D0213,A,POS,KD,71,Tartu,Estonia,148,"['A*01', 'A*29']","['B*08', 'B*08']","['C*07', 'C*07']","['DRB1*04', 'DRB1*03']","['DQA1*04:01', 'DQA1*05:01']","['DQB1*02', 'DQB1*03']","['DPA1*01', 'DPA1*01']","['DPB1*04', 'DPB1*01']","['A1', 'A19']","['B8', 'B8']","['Cw7', 'Cw7']","['DR4', 'DR3']","['DQ4', 'DQ1']","['DQ2', 'DQ3']","['DP1', 'DP1']","['DP4', 'DP1']",Bw4/Bw6,nan,R2353,A,POS,Kidney,73,Tartu,Estonia,45,"['A*01', 'A*03']","['B*56', 'B*40']","['C*04', 'C*12']","['DRB1*03', 'DRB1*04']","['DQA1*01:02', 'DQA1*05:01']","['DQB1*06', 'DQB1*06']","['DPA1*01', 'DPA1*01']","['DPB1*04', 'DPB1*04']","['A1', 'A3']","['B22', 'B40']","['Cw4', 'Cw12']","['DR3', 'DR4']","['DQ1', 'DQ1']","['DQ1', 'DQ1']","['DP1', 'DP1']","['DP4', 'DP4']",Bw6/Bw6,[],0.0,0.85,nan,0,3
148,D0213_RK,kidney,True,AllocationPriority.PRIORITY_7,D0213,A,POS,KD,71,Tartu,Estonia,148,"['A*01', 'A*29']","['B*08', 'B*08']","['C*07', 'C*07']","['DRB1*04', 'DRB1*03']","['DQA1*04:01', 'DQA1*05:01']","['DQB1*02', 'DQB1*03']","['DPA1*01', 'DPA1*01']","['DPB1*04', 'DPB1*01']","['A1', 'A19']","['B8', 'B8']","['Cw7', 'Cw7']","['DR4', 'DR3']","['DQ4', 'DQ1']","['DQ2', 'DQ3']","['DP1', 'DP1']","['DP4', 'DP1']",Bw4/Bw6,nan,R0077,A,POS,Kidney,69,Tartu,Estonia,0,"['A*01', 'A*29']","['B*08', 'B*44']","['C*06', 'C*04']","['DRB1*03', 'DRB1*14']","['DQA1*05:01', 'DQA1*04:01']","['DQB1*03', 'DQB1*06']","['DPA1*01', 'DPA1*02:02']","['DPB1*03', 'DPB1*03']","['A1', 'A19']","['B8', 'B12']","['Cw6', 'Cw4']","['DR3', 'DR6']","['DQ1', 'DQ4']","['DQ3', 'DQ1']","['DP1', 'DP2']","['DP3', 'DP3']",Bw4/Bw4,[],0.0,0.85,nan,1,0,1,0.0,0.8333333333333334,1.0,664.345423057711
149,D0214_LK,kidney,False,AllocationPriority.PAYBACK,D0214,A,POS,KD,34,Uppsala,Sweden,149,"['A*02', 'A*02']","['B*55', 'B*07']","['C*07', 'C*15']","['DRB1*15', 'DRB1*04']","['DQA1*02:01', 'DQA1*02:01']","['DQB1*02', 'DQB1*06']","['DPA1*01', 'DPA1*01']","['DPB1*03', 'DPB1*04']","['A2', 'A2']","['B22', 'B7']","['Cw7', 'Cw15']","['DR2', 'DR4']","['DQ2', 'DQ2']","['DQ2', 'DQ1']","['DP1', 'DP1']","['DP3', 'DP4']",Bw6/Bw6,nan,R1538,A,NEG,Kidney,78,Aarhus,Denmark,0,"['A*03', 'A*02']","['B*55', 'B*07']","['C*07', 'C*06']","['DRB1*15', 'DRB1*04']","['DQA1*05:01', 'DQA1*05:01']","['DQB1*05', 'DQB1*05']","['DPA1*01', 'DPA1*01']","['DPB1*16', 'DPB1*04']","['A3', 'A2']","['B22', 'B7']","['Cw7', 'Cw6']","['DR2', 'DR4']","['DQ1', 'DQ1']","['DQ1', 'DQ1']","['DP1', 'DP1']","['DP16', 'DP4']",Bw6/Bw6,[],0.0,0.85,nan,0,0
149,D0215_LK,kidney,False,AllocationPriority.LOCAL,D0215,O,POS,KD,54,Oslo,Norway,149,"['A*02', 'A*25']","['B*15', 'B*07']","['C*07', 'C*02']","['DRB1*04', 'DRB1*04']","['DQA1*01:02', 'DQA1*03:01']","['DQB1*06', 'DQB1*04']","['DPA1*02:02', 'DPA1*01']","['DPB1*04', 'DPB1*03']","['A2', 'A10']","['B15', 'B7']","['Cw7', 'Cw2']","['DR4', 'DR4']","['DQ1', 'DQ3']","['DQ1', 'DQ4']","['DP2', 'DP1']","['DP4', 'DP3']",Bw4/Bw4,nan,R0536,O,POS,Kidney,89,Oslo,Norway,0,"['A*02', 'A*01']","['B*15', 'B*07']","['C*07', 'C*04']","['DRB1*13', 'DRB1*04']","['DQA1*04:01', 'DQA1*03:01']","['DQB1*06', 'DQB1*02']","['DPA1*01', 'DPA1*01']","['DPB1*04', 'DPB1*02']","['A2', 'A1']","['B15', 'B7']","['Cw7', 'Cw4']","['DR6', 'DR4']","['DQ4', 'DQ3']","['DQ1', 'DQ2']","['DP1', 'DP1']","['DP4', 'DP2']",Bw4/Bw6,"['C*14', 'B*51', 'B*46', 'DPB1*23', 'A*68', 'DQB1*04', 'DPB1*31', 'DQA1*06:01']",0.1332,0.355388,nan,0,1
149,D0214_RK,kidney,True,AllocationPriority.PRIORITY_7,D0214,A,POS,KD,34,Uppsala,Sweden,149,"['A*02', 'A*02']","['B*55', 'B*07']","['C*07', 'C*15']","['DRB1*15', 'DRB1*04']","['DQA1*02:01', 'DQA1*02:01']","['DQB1*02', 'DQB1*06']","['DPA1*01', 'DPA1*01']","['DPB1*03', 'DPB1*04']","['A2', 'A2']","['B22', 'B7']","['Cw7', 'Cw15']","['DR2', 'DR4']","['DQ2', 'DQ2']","['DQ2', 'DQ1']","['DP1', 'DP1']","['DP3', 'DP4']",Bw6/Bw6,nan,R1785,A,POS,Kidney,72,Stockholm,Sweden,0,"['A*02', 'A*03']","['B*07', 'B*15']","['C*02', 'C*07']","['DRB1*04', 'DRB1*15']","['DQA1*01:01', 'DQA1*03:01']","['DQB1*06', 'DQB1*03']","['DPA1*01', 'DPA1*01']","['DPB1*01', 'DPB1*04']","['A2', 'A3']","['B7', 'B15']","['Cw2', 'Cw7']","['DR4', 'DR2']","['DQ1', 'DQ3']","['DQ1', 'DQ3']","['DP1', 'DP1']","['DP1', 'DP4']",Bw4/Bw6,[],0.0,0.85,nan,0,1,1,63.62967887203856,0.8333333333333334,0.9883080747140327,660.1543998153173
149,D0215_RK,kidney,True,AllocationPriority.PRIORITY_7,D0215,O,POS,KD,54,Oslo,Norway,149,"['A*02', 'A*25']","['B*15', 'B*07']","['C*07', 'C*02']","['DRB1*04', 'DRB1*04']","['DQA1*01:02', 'DQA1*03:01']","['DQB1*06', 'DQB1*04']","['DPA1*02:02', 'DPA1*01']","['DPB1*04', 'DPB1*03']","['A2', 'A10']","['B15', 'B7']","['Cw7', 'Cw2']","['DR4', 'DR4']","['DQ1', 'DQ3']","['DQ1', 'DQ4']","['DP2', 'DP1']","['DP4', 'DP3']",Bw4/Bw4,nan,R1057,O,POS,Kidney,52,Gothenburg,Sweden,0,"['A*02', 'A*11']","['B*15', 'B*07']","['C*07', 'C*07']","['DRB1*04', 'DRB1*15']","['DQA1*03:01', 'DQA1*02:01']","['DQB1*03', 'DQB1*06']","['DPA1*01', 'DPA1*01']","['DPB1*04', 'DPB1*02']","['A2', 'A11']","['B15', 'B7']","['Cw7', 'Cw7']","['DR4', 'DR2']","['DQ3', 'DQ2']","['DQ3', 'DQ1']","['DP1', 'DP1']","['DP4', 'DP2']",Bw4/Bw6,[],0.0,0.41,nan,0,1,1,255.07748105944097,0.8333333333333334,0.9531296259301052,647.5445265156868
151,D0216_LK,kidney,False,AllocationPriority.PAYBACK,D0216,A,POS,KD,44,Oslo,Norway,151,"['A*02', 'A*11']","['B*40', 'B*45']","['C*02', 'C*04']","['DRB1*01', 'DRB1*14']","['DQA1*01:02', 'DQA1*05:01']","['DQB1*03', 'DQB1*05']","['DPA1*01', 'DPA1*01']","['DPB1*04', 'DPB1*04']","['A2', 'A11']","['B40', 'B12']","['Cw2', 'Cw4']","['DR1', 'DR6']","['DQ1', 'DQ1']","['DQ3', 'DQ1']","['DP1', 'DP1']","['DP4', 'DP4']",Bw4/Bw6,nan,R0989,A,POS,Kidney,61,Oslo,Norway,0,"['A*02', 'A*03']","['B*40', 'B*44']","['C*03', 'C*04']","['DRB1*01', 'DRB1*13']","['DQA1*03:01', 'DQA1*01:02']","['DQB1*03', 'DQB1*03']","['DPA1*01', 'DPA1*01']","['DPB1*13', 'DPB1*04']","['A2', 'A3']","['B40', 'B12']","['Cw3', 'Cw4']","['DR1', 'DR6']","['DQ3', 'DQ1']","['DQ3', 'DQ3']","['DP1', 'DP1']","['DP13', 'DP4']",Bw4/Bw6,[],0.0,0.85,nan,0,1
151,D0217_LK,kidney,False,AllocationPriority.LOCAL,D0217,A,POS,KD,38,Helsinki,Finland,151,"['A*24', 'A*03']","['B*08', 'B*35']","['C*07', 'C*03']","['DRB1*11', 'DRB1*13']","['DQA1*03:01', 'DQA1*01:01']","['DQB1*03', 'DQB1*03']","['DPA1*01', 'DPA1*01']","['DPB1*04', 'DPB1*02']","['A9', 'A3']","['B8', 'B35']","['Cw7', 'Cw3']","['DR5', 'DR6']","['DQ3', 'DQ1']","['DQ3', 'DQ3']","['DP1', 'DP1']","['DP4', 'DP2']",Bw4/Bw6,nan,R2140,A,POS,Kidney,86,Helsinki,Finland,0,"['A*23', 'A*01']","['B*40', 'B*08']","['C*03', 'C*01']","['DRB1*12', 'DRB1*13']","['DQA1*03:01', 'DQA1*05:01']","['DQB1*02', 'DQB1*06']","['DPA1*01', 'DPA1*01']","['DPB1*01', 'DPB1*35']","['A9', 'A1']","['B40', 'B8']","['Cw3', 'Cw1']","['DR5', 'DR6']","['DQ3', 'DQ1']","['DQ2', 'DQ1']","['DP1', 'DP1']","['DP1', 'DP35']",Bw4/Bw6,"['DPB1*31', 'C*15', 'DRB1*08', 'DPB1*129', 'DPB1*51', 'C*17', 'DPB1*15', 'C*12', 'B*58']",0.1074,0.7587099999999999,nan,0,2
151,D0218_LK,kidney,False,AllocationPriority.PAYBACK,D0218,O,POS,KD,25,Copenhagen,Denmark,151,"['A*02', 'A*24']","['B*44', 'B*44']","['C*08', 'C*16']","['DRB1*04', 'DRB1*15']","['DQA1*05:01', 'DQA1*01:02']","['DQB1*02', 'DQB1*03']","['DPA1*01', 'DPA1*01']","['DPB1*01', 'DPB1*03']","['A2', 'A9']","['B12', 'B12']","['Cw8', 'Cw16']","['DR4', 'DR2']","['DQ1', 'DQ1']","['DQ2', 'DQ3']","['DP1', 'DP1']","['DP1', 'DP3']",Bw6/Bw6,nan,R1575,O,POS,Kidney,48,Helsinki,Finland,0,"['A*24', 'A*03']","['B*40', 'B*08']","['C*07', 'C*03']","['DRB1*01', 'DRB1*13']","['DQA1*01:03', 'DQA1*01:01']","['DQB1*03', 'DQB1*02']","['DPA1*01', 'DPA1*02:02']","['DPB1*04', 'DPB1*04']","['A9', 'A3']","['B40', 'B8']","['Cw7', 'Cw3']","['DR1', 'DR6']","['DQ1', 'DQ1']","['DQ3', 'DQ2']","['DP1', 'DP2']","['DP4', 'DP4']",Bw4/Bw6,"['B*15', 'DPB1*129', 'C*14', 'DPB1*04', 'A*31', 'DRB1*12', 'A*11', 'DQA1*04:01', 'DPB1*17']",0.8357,0.0673629999999999,nan
151,D0219_LK,kidney,False,AllocationPriority.PAYBACK,D0219,O,NEG,KD,59,Gothenburg,Sweden,151,"['A*11', 'A*68']","['B*57', 'B*08']","['C*03', 'C*05']","['DRB1*04', 'DRB1*04']","['DQA1*02:01', 'DQA1*01:02']","['DQB1*02', 'DQB1*03']","['DPA1*01', 'DPA1*01']","['DPB1*04', 'DPB1*04']","['A11', 'A28']","['B17', 'B8']","['Cw3', 'Cw5']","['DR4', 'DR4']","['DQ2', 'DQ1']","['DQ2', 'DQ3']","['DP1', 'DP1']","['DP4', 'DP4']",Bw4/Bw6,nan,R0769,O,POS,Kidney,74,Stockholm,Sweden,0,"['A*11', 'A*68']","['B*08', 'B*35']","['C*04', 'C*03']","['DRB1*04', 'DRB1*08']","['DQA1*05:01', 'DQA1*02:01']","['DQB1*02', 'DQB1*03']","['DPA1*01', 'DPA1*01']","['DPB1*04', 'DPB1*04']","['A11', 'A28']","['B8', 'B35']","['Cw4', 'Cw3']","['DR4', 'DR8']","['DQ1', 'DQ2']","['DQ2', 'DQ3']","['DP1', 'DP1']","['DP4', 'DP4']",Bw6/Bw6,"['A*03', 'DPB1*01', 'B*45', 'DRB1*16', 'B*42', 'DQA1*01:03', 'DQA1*05:01', 'DPB1*16']",0.5323,0.1917569999999999,nan,0,1
151,D0216_RK,kidney,True,AllocationPriority.PRIORITY_7,D0216,A,POS,KD,44,Oslo,Norway,151,"['A*02', 'A*11']","['B*40', 'B*45']","['C*02', 'C*04']","['DRB1*01', 'DRB1*14']","['DQA1*01:02', 'DQA1*05:01']","['DQB1*03', 'DQB1*05']","['DPA1*01', 'DPA1*01']","['DPB1*04', 'DPB1*04']","['A2', 'A11']","['B40', 'B12']","['Cw2', 'Cw4']","['DR1', 'DR6']","['DQ1', 'DQ1']","['DQ3', 'DQ1']","['DP1', 'DP1']","['DP4', 'DP4']",Bw4/Bw6,nan,R0785,A,POS,Kidney,84,Aarhus,Denmark,0,"['A*11', 'A*24']","['B*08', 'B*40']","['C*07', 'C*03']","['DRB1*14', 'DRB1*01']","['DQA1*03:01', 'DQA1*01:02']","['DQB1*06', 'DQB1*03']","['DPA1*01', 'DPA1*01']","['DPB1*01', 'DPB1*03']","['A11', 'A9']","['B8', 'B40']","['Cw7', 'Cw3']","['DR6', 'DR1']","['DQ3', 'DQ1']","['DQ1', 'DQ3']","['DP1', 'DP1']","['DP1', 'DP3']",Bw4/Bw6,[],0.0,0.85,nan,0,2,2,418.3350508270757,0.6666666666666667,0.9231311198566982,575.6132425538898
151,D0217_RK,kidney,True,AllocationPriority.PRIORITY_7,D0217,A,POS,KD,38,Helsinki,Finland,151,"['A*24', 'A*03']","['B*08', 'B*35']","['C*07', 'C*03']","['DRB1*11', 'DRB1*13']","['DQA1*03:01', 'DQA1*01:01']","['DQB1*03', 'DQB1*03']","['DPA1*01', 'DPA1*01']","['DPB1*04', 'DPB1*02']","['A9', 'A3']","['B8', 'B35']","['Cw7', 'Cw3']","['DR5', 'DR6']","['DQ3', 'DQ1']","['DQ3', 'DQ3']","['DP1', 'DP1']","['DP4', 'DP2']",Bw4/Bw6,nan,R0369,A,POS,Kidney,73,Uppsala,Sweden,0,"['A*03', 'A*02']","['B*35', 'B*08']","['C*05', 'C*01']","['DRB1*13', 'DRB1*07']","['DQA1*03:01', 'DQA1*02:01']","['DQB1*06', 'DQB1*05']","['DPA1*01', 'DPA1*01']","['DPB1*01', 'DPB1*11']","['A3', 'A2']","['B35', 'B8']","['Cw5', 'Cw1']","['DR6', 'DR7']","['DQ3', 'DQ2']","['DQ1', 'DQ1']","['DP1', 'DP1']","['DP1', 'DP11']",Bw6/Bw6,"['DQA1*03:01', 'B*39', 'DQA1*01:01', 'DPB1*19', 'DQA1*06:01', 'B*47', 'DPB1*51', 'DRB1*04']",0.5569,0.376635,nan,1,1,2,406.75573730697454,0.6666666666666667,0.9252588135829557,576.3759239465037
151,D0218_RK,kidney,True,AllocationPriority.PAYBACK,D0218,O,POS,KD,25,Copenhagen,Denmark,151,"['A*02', 'A*24']","['B*44', 'B*44']","['C*08', 'C*16']","['DRB1*04', 'DRB1*15']","['DQA1*05:01', 'DQA1*01:02']","['DQB1*02', 'DQB1*03']","['DPA1*01', 'DPA1*01']","['DPB1*01', 'DPB1*03']","['A2', 'A9']","['B12', 'B12']","['Cw8', 'Cw16']","['DR4', 'DR2']","['DQ1', 'DQ1']","['DQ2', 'DQ3']","['DP1', 'DP1']","['DP1', 'DP3']",Bw6/Bw6,nan,R2449,O,POS,Kidney,53,Oslo,Norway,71,"['A*02', 'A*02']","['B*27', 'B*07']","['C*14', 'C*04']","['DRB1*13', 'DRB1*04']","['DQA1*03:01', 'DQA1*05:01']","['DQB1*05', 'DQB1*06']","['DPA1*01', 'DPA1*01']","['DPB1*11', 'DPB1*04']","['A2', 'A2']","['B27', 'B7']","['Cw14', 'Cw4']","['DR6', 'DR4']","['DQ3', 'DQ1']","['DQ1', 'DQ1']","['DP1', 'DP1']","['DP11', 'DP4']",Bw4/Bw6,"['DPB1*20', 'DPB1*04', 'B*15', 'DQA1*02:01', 'DPB1*17', 'C*12']",0.8296,0.069864,nan,1,3
151,D0219_RK,kidney,True,AllocationPriority.PRIORITY_7,D0219,O,NEG,KD,59,Gothenburg,Sweden,151,"['A*11', 'A*68']","['B*57', 'B*08']","['C*03', 'C*05']","['DRB1*04', 'DRB1*04']","['DQA1*02:01', 'DQA1*01:02']","['DQB1*02', 'DQB1*03']","['DPA1*01', 'DPA1*01']","['DPB1*04', 'DPB1*04']","['A11', 'A28']","['B17', 'B8']","['Cw3', 'Cw5']","['DR4', 'DR4']","['DQ2', 'DQ1']","['DQ2', 'DQ3']","['DP1', 'DP1']","['DP4', 'DP4']",Bw4/Bw6,nan,R0393,O,POS,Kidney,82,Gothenburg,Sweden,0,"['A*11', 'A*03']","['B*08', 'B*35']","['C*03', 'C*15']","['DRB1*07', 'DRB1*04']","['DQA1*03:01', 'DQA1*05:01']","['DQB1*02', 'DQB1*02']","['DPA1*01', 'DPA1*02:02']","['DPB1*04', 'DPB1*01']","['A11', 'A3']","['B8', 'B35']","['Cw3', 'Cw15']","['DR7', 'DR4']","['DQ3', 'DQ1']","['DQ2', 'DQ2']","['DP1', 'DP2']","['DP4', 'DP1']",Bw6/Bw6,"['DPB1*15', 'C*17', 'DRB1*07', 'DRB1*12', 'B*41', 'DRB1*04', 'DPB1*11', 'B*39', 'DQB1*03']",0.6728,0.134152,nan,0,2,2,0.0,0.6666666666666667,1.0,603.1672386167969
152,D0220_LK,kidney,False,AllocationPriority.LOCAL,D0220,O,POS,KD,83,Odense,Denmark,152,"['A*32', 'A*03']","['B*37', 'B*08']","['C*06', 'C*02']","['DRB1*13', 'DRB1*07']","['DQA1*03:01', 'DQA1*01:02']","['DQB1*06', 'DQB1*02']","['DPA1*01', 'DPA1*01']","['DPB1*20', 'DPB1*04']","['A19', 'A3']","['B37', 'B8']","['Cw6', 'Cw2']","['DR6', 'DR7']","['DQ3', 'DQ1']","['DQ1', 'DQ2']","['DP1', 'DP1']","['DP20', 'DP4']",Bw4/Bw4,nan,R2503,O,POS,Kidney,89,Odense,Denmark,91,"['A*03', 'A*32']","['B*35', 'B*08']","['C*17', 'C*07']","['DRB1*07', 'DRB1*11']","['DQA1*01:03', 'DQA1*01:01']","['DQB1*03', 'DQB1*03']","['DPA1*01', 'DPA1*01']","['DPB1*04', 'DPB1*03']","['A3', 'A19']","['B35', 'B8']","['Cw17', 'Cw7']","['DR7', 'DR5']","['DQ1', 'DQ1']","['DQ3', 'DQ3']","['DP1', 'DP1']","['DP4', 'DP3']",Bw4/Bw6,[],0.0,0.41,nan,1,1
152,D0220_RK,kidney,True,AllocationPriority.PRIORITY_7,D0220,O,POS,KD,83,Odense,Denmark,152,"['A*32', 'A*03']","['B*37', 'B*08']","['C*06', 'C*02']","['DRB1*13', 'DRB1*07']","['DQA1*03:01', 'DQA1*01:02']","['DQB1*06', 'DQB1*02']","['DPA1*01', 'DPA1*01']","['DPB1*20', 'DPB1*04']","['A19', 'A3']","['B37', 'B8']","['Cw6', 'Cw2']","['DR6', 'DR7']","['DQ3', 'DQ1']","['DQ1', 'DQ2']","['DP1', 'DP1']","['DP20', 'DP4']",Bw4/Bw4,nan,R1010,O,POS,Kidney,70,Oslo,Norway,0,"['A*02', 'A*32']","['B*08', 'B*37']","['C*08', 'C*07']","['DRB1*13', 'DRB1*03']","['DQA1*03:01', 'DQA1*01:01']","['DQB1*02', 'DQB1*06']","['DPA1*01', 'DPA1*01']","['DPB1*04', 'DPB1*01']","['A2', 'A19']","['B8', 'B37']","['Cw8', 'Cw7']","['DR6', 'DR3']","['DQ3', 'DQ1']","['DQ2', 'DQ1']","['DP1', 'DP1']","['DP4', 'DP1']",Bw4/Bw4,[],0.0,0.41,nan,1,1,2,501.9298300705601,0.6666666666666667,0.9077706162279229,570.1072008927842
153,D0221_LK,kidney,False,AllocationPriority.LOCAL,D0221,O,NEG,KD,21,Oslo,Norway,153,"['A*03', 'A*24']","['B*07', 'B*40']","['C*03', 'C*07']","['DRB1*01', 'DRB1*15']","['DQA1*05:01', 'DQA1*01:01']","['DQB1*03', 'DQB1*03']","['DPA1*02:02', 'DPA1*01']","['DPB1*04', 'DPB1*03']","['A3', 'A9']","['B7', 'B40']","['Cw3', 'Cw7']","['DR1', 'DR2']","['DQ1', 'DQ1']","['DQ3', 'DQ3']","['DP2', 'DP1']","['DP4', 'DP3']",Bw4/Bw6,nan,R0306,O,POS,Kidney,89,Oslo,Norway,0,"['A*03', 'A*03']","['B*07', 'B*07']","['C*07', 'C*08']","['DRB1*15', 'DRB1*01']","['DQA1*04:01', 'DQA1*03:01']","['DQB1*03', 'DQB1*02']","['DPA1*01', 'DPA1*01']","['DPB1*04', 'DPB1*06']","['A3', 'A3']","['B7', 'B7']","['Cw7', 'Cw8']","['DR2', 'DR1']","['DQ4', 'DQ3']","['DQ3', 'DQ2']","['DP1', 'DP1']","['DP4', 'DP6']",Bw6/Bw6,"['DQA1*06:01', 'DQA1*01:03', 'B*56', 'C*06', 'A*66', 'B*54', 'DQB1*02', 'C*08', 'B*58']",0.3601,0.2623589999999999,nan,0,2
153,D0221_RK,kidney,True,AllocationPriority.PRIORITY_7,D0221,O,NEG,KD,21,Oslo,Norway,153,"['A*03', 'A*24']","['B*07', 'B*40']","['C*03', 'C*07']","['DRB1*01', 'DRB1*15']","['DQA1*05:01', 'DQA1*01:01']","['DQB1*03', 'DQB1*03']","['DPA1*02:02', 'DPA1*01']","['DPB1*04', 'DPB1*03']","['A3', 'A9']","['B7', 'B40']","['Cw3', 'Cw7']","['DR1', 'DR2']","['DQ1', 'DQ1']","['DQ3', 'DQ3']","['DP2', 'DP1']","['DP4', 'DP3']",Bw4/Bw6,nan,R0729,O,POS,Kidney,19,Oslo,Norway,0,"['A*24', 'A*68']","['B*40', 'B*40']","['C*12', 'C*08']","['DRB1*15', 'DRB1*01']","['DQA1*03:01', 'DQA1*05:01']","['DQB1*03', 'DQB1*06']","['DPA1*01', 'DPA1*02:02']","['DPB1*04', 'DPB1*06']","['A9', 'A28']","['B40', 'B40']","['Cw12', 'Cw8']","['DR2', 'DR1']","['DQ3', 'DQ1']","['DQ3', 'DQ1']","['DP1', 'DP2']","['DP4', 'DP6']",Bw4/Bw6,[],0.0,0.41,nan,0,2,2,0.0,0.6666666666666667,1.0,603.1672386167969
154,D0222_LK,kidney,False,AllocationPriority.PAYBACK,D0222,A,NEG,KD,57,Copenhagen,Denmark,154,"['A*02', 'A*02']","['B*15', 'B*07']","['C*03', 'C*03']","['DRB1*11', 'DRB1*09']","['DQA1*01:01', 'DQA1*01:01']","['DQB1*02', 'DQB1*02']","['DPA1*01', 'DPA1*02:02']","['DPB1*06', 'DPB1*04']","['A2', 'A2']","['B15', 'B7']","['Cw3', 'Cw3']","['DR5', 'DR9']","['DQ1', 'DQ1']","['DQ2', 'DQ2']","['DP1', 'DP2']","['DP6', 'DP4']",Bw4/Bw6,nan,R1978,A,POS,Kidney,83,Copenhagen,Denmark,0,"['A*01', 'A*02']","['B*07', 'B*15']","['C*07', 'C*02']","['DRB1*12', 'DRB1*09']","['DQA1*01:02', 'DQA1*03:01']","['DQB1*06', 'DQB1*02']","['DPA1*01', 'DPA1*01']","['DPB1*02', 'DPB1*03']","['A1', 'A2']","['B7', 'B15']","['Cw7', 'Cw2']","['DR5', 'DR9']","['DQ1', 'DQ3']","['DQ1', 'DQ2']","['DP1', 'DP1']","['DP2', 'DP3']",Bw4/Bw6,[],0.0,0.85,nan,0,0
154,D0223_LK,kidney,False,AllocationPriority.LOCAL,D0223,O,POS,KD,21,Copenhagen,Denmark,154,"['A*25', 'A*11']","['B*57', 'B*18']","['C*03', 'C*04']","['DRB1*03', 'DRB1*12']","['DQA1*05:01', 'DQA1*01:02']","['DQB1*03', 'DQB1*02']","['DPA1*01', 'DPA1*01']","['DPB1*04', 'DPB1*04']","['A10', 'A11']","['B17', 'B18']","['Cw3', 'Cw4']","['DR3', 'DR5']","['DQ1', 'DQ1']","['DQ3', 'DQ2']","['DP1', 'DP1']","['DP4', 'DP4']",Bw4/Bw4,nan,R0639,O,POS,Kidney,67,Copenhagen,Denmark,0,"['A*11', 'A*03']","['B*07', 'B*44']","['C*07', 'C*07']","['DRB1*03', 'DRB1*11']","['DQA1*05:01', 'DQA1*04:01']","['DQB1*02', 'DQB1*05']","['DPA1*01', 'DPA1*01']","['DPB1*04', 'DPB1*04']","['A11', 'A3']","['B7', 'B12']","['Cw7', 'Cw7']","['DR3', 'DR5']","['DQ1', 'DQ4']","['DQ2', 'DQ1']","['DP1', 'DP1']","['DP4', 'DP4']",Bw4/Bw6,[],0.0,0.41,nan,0,3
154,D0224_LK,kidney,False,AllocationPriority.PAYBACK,D0224,A,POS,KD,46,Tartu,Estonia,154,"['A*02', 'A*02']","['B*14', 'B*44']","['C*03', 'C*03']","['DRB1*03', 'DRB1*11']","['DQA1*02:01', 'DQA1*03:01']","['DQB1*06', 'DQB1*05']","['DPA1*01', 'DPA1*01']","['DPB1*04', 'DPB1*04']","['A2', 'A2']","['B14', 'B12']","['Cw3', 'Cw3']","['DR3', 'DR5']","['DQ2', 'DQ3']","['DQ1', 'DQ1']","['DP1', 'DP1']","['DP4', 'DP4']",Bw4/Bw6,nan,R0237,A,NEG,Kidney,56,Copenhagen,Denmark,0,"['A*02', 'A*02']","['B*15', 'B*44']","['C*06', 'C*07']","['DRB1*11', 'DRB1*03']","['DQA1*01:02', 'DQA1*05:01']","['DQB1*03', 'DQB1*06']","['DPA1*02:02', 'DPA1*01']","['DPB1*02', 'DPB1*03']","['A2', 'A2']","['B15', 'B12']","['Cw6', 'Cw7']","['DR5', 'DR3']","['DQ1', 'DQ1']","['DQ3', 'DQ1']","['DP2', 'DP1']","['DP2', 'DP3']",Bw4/Bw4,"['A*69', 'A*03', 'A*31', 'DRB1*12', 'B*57', 'DPB1*26', 'DPB1*14', 'DQB1*05']",0.389,0.51935,nan,0,1
154,D0225_LK,kidney,False,AllocationPriority.PAYBACK,D0225,O,POS,KD,59,Gothenburg,Sweden,154,"['A*11', 'A*11']","['B*35', 'B*44']","['C*07', 'C*01']","['DRB1*15', 'DRB1*07']","['DQA1*05:01', 'DQA1*04:01']","['DQB1*06', 'DQB1*06']","['DPA1*01', 'DPA1*01']","['DPB1*04', 'DPB1*04']","['A11', 'A11']","['B35', 'B12']","['Cw7', 'Cw1']","['DR2', 'DR7']","['DQ1', 'DQ4']","['DQ1', 'DQ1']","['DP1', 'DP1']","['DP4', 'DP4']",Bw4/Bw6,nan,R0448,O,POS,Kidney,78,Helsinki,Finland,0,"['A*01', 'A*11']","['B*15', 'B*44']","['C*07', 'C*02']","['DRB1*07', 'DRB1*15']","['DQA1*05:01', 'DQA1*01:02']","['DQB1*06', 'DQB1*02']","['DPA1*01', 'DPA1*02:02']","['DPB1*04', 'DPB1*04']","['A1', 'A11']","['B15', 'B12']","['Cw7', 'Cw2']","['DR7', 'DR2']","['DQ1', 'DQ1']","['DQ1', 'DQ2']","['DP1', 'DP2']","['DP4', 'DP4']",Bw4/Bw4,"['B*14', 'B*35', 'A*74', 'A*33', 'B*47', 'B*52', 'A*24', 'C*16', 'B*27']",0.2736,0.297824,nan,0,1
154,D0222_RK,kidney,True,AllocationPriority.PAYBACK,D0222,A,NEG,KD,57,Copenhagen,Denmark,154,"['A*02', 'A*02']","['B*15', 'B*07']","['C*03', 'C*03']","['DRB1*11', 'DRB1*09']","['DQA1*01:01', 'DQA1*01:01']","['DQB1*02', 'DQB1*02']","['DPA1*01', 'DPA1*02:02']","['DPB1*06', 'DPB1*04']","['A2', 'A2']","['B15', 'B7']","['Cw3', 'Cw3']","['DR5', 'DR9']","['DQ1', 'DQ1']","['DQ2', 'DQ2']","['DP1', 'DP2']","['DP6', 'DP4']",Bw4/Bw6,nan,R0289,A,POS,Kidney,6,Tartu,Estonia,0,"['A*02', 'A*23']","['B*15', 'B*15']","['C*03', 'C*07']","['DRB1*09', 'DRB1*12']","['DQA1*05:01', 'DQA1*01:02']","['DQB1*03', 'DQB1*06']","['DPA1*01', 'DPA1*01']","['DPB1*20', 'DPB1*04']","['A2', 'A9']","['B15', 'B15']","['Cw3', 'Cw7']","['DR9', 'DR5']","['DQ1', 'DQ1']","['DQ3', 'DQ1']","['DP1', 'DP1']","['DP20', 'DP4']",Bw6/Bw6,[],0.0,0.85,nan,0,1
154,D0223_RK,kidney,True,AllocationPriority.PRIORITY_7,D0223,O,POS,KD,21,Copenhagen,Denmark,154,"['A*25', 'A*11']","['B*57', 'B*18']","['C*03', 'C*04']","['DRB1*03', 'DRB1*12']","['DQA1*05:01', 'DQA1*01:02']","['DQB1*03', 'DQB1*02']","['DPA1*01', 'DPA1*01']","['DPB1*04', 'DPB1*04']","['A10', 'A11']","['B17', 'B18']","['Cw3', 'Cw4']","['DR3', 'DR5']","['DQ1', 'DQ1']","['DQ3', 'DQ2']","['DP1', 'DP1']","['DP4', 'DP4']",Bw4/Bw4,nan,R1242,O,NEG,Kidney,34,Oslo,Norway,0,"['A*25', 'A*11']","['B*40', 'B*18']","['C*03', 'C*03']","['DRB1*03', 'DRB1*11']","['DQA1*03:01', 'DQA1*01:02']","['DQB1*03', 'DQB1*03']","['DPA1*01', 'DPA1*02:02']","['DPB1*03', 'DPB1*05']","['A10', 'A11']","['B40', 'B18']","['Cw3', 'Cw3']","['DR3', 'DR5']","['DQ3', 'DQ1']","['DQ3', 'DQ3']","['DP1', 'DP2']","['DP3', 'DP5']",Bw4/Bw6,"['DPB1*35', 'DQB1*03', 'B*13', 'DRB1*07', 'C*06', 'A*23', 'DQA1*01:02', 'DQA1*01:03', 'A*74']",0.7835,0.088765,nan,1,1,2,483.3085545859356,0.6666666666666667,0.9111922673434893,571.3337071355082
154,D0224_RK,kidney,True,AllocationPriority.PRIORITY_7,D0224,A,POS,KD,46,Tartu,Estonia,154,"['A*02', 'A*02']","['B*14', 'B*44']","['C*03', 'C*03']","['DRB1*03', 'DRB1*11']","['DQA1*02:01', 'DQA1*03:01']","['DQB1*06', 'DQB1*05']","['DPA1*01', 'DPA1*01']","['DPB1*04', 'DPB1*04']","['A2', 'A2']","['B14', 'B12']","['Cw3', 'Cw3']","['DR3', 'DR5']","['DQ2', 'DQ3']","['DQ1', 'DQ1']","['DP1', 'DP1']","['DP4', 'DP4']",Bw4/Bw6,nan,R1973,A,POS,Kidney,26,Stockholm,Sweden,0,"['A*02', 'A*03']","['B*14', 'B*44']","['C*03', 'C*07']","['DRB1*04', 'DRB1*03']","['DQA1*01:02', 'DQA1*05:01']","['DQB1*06', 'DQB1*06']","['DPA1*01', 'DPA1*01']","['DPB1*04', 'DPB1*04']","['A2', 'A3']","['B14', 'B12']","['Cw3', 'Cw7']","['DR4', 'DR3']","['DQ1', 'DQ1']","['DQ1', 'DQ1']","['DP1', 'DP1']","['DP4', 'DP4']",Bw4/Bw6,[],0.0,0.85,nan,1,0,1,508.81373983816144,0.8333333333333334,0.9065057008597345,630.8319707267729
154,D0225_RK,kidney,True,AllocationPriority.PRIORITY_7,D0225,O,POS,KD,59,Gothenburg,Sweden,154,"['A*11', 'A*11']","['B*35', 'B*44']","['C*07', 'C*01']","['DRB1*15', 'DRB1*07']","['DQA1*05:01', 'DQA1*04:01']","['DQB1*06', 'DQB1*06']","['DPA1*01', 'DPA1*01']","['DPB1*04', 'DPB1*04']","['A11', 'A11']","['B35', 'B12']","['Cw7', 'Cw1']","['DR2', 'DR7']","['DQ1', 'DQ4']","['DQ1', 'DQ1']","['DP1', 'DP1']","['DP4', 'DP4']",Bw4/Bw6,nan,R2654,O,POS,Kidney,56,Copenhagen,Denmark,138,"['A*11', 'A*03']","['B*44', 'B*44']","['C*07', 'C*07']","['DRB1*07', 'DRB1*15']","['DQA1*01:02', 'DQA1*01:02']","['DQB1*05', 'DQB1*06']","['DPA1*01', 'DPA1*01']","['DPB1*02', 'DPB1*04']","['A11', 'A3']","['B12', 'B12']","['Cw7', 'Cw7']","['DR7', 'DR2']","['DQ1', 'DQ1']","['DQ1', 'DQ1']","['DP1', 'DP1']","['DP2', 'DP4']",Bw4/Bw4,[],0.0,0.41,nan,0,1,1,228.9232004239295,0.8333333333333334,0.9579354634027974,649.267200588142
155,D0226_LK,kidney,False,AllocationPriority.PAYBACK,D0226,B,POS,KD,19,Helsinki,Finland,155,"['A*02', 'A*31']","['B*49', 'B*44']","['C*05', 'C*03']","['DRB1*14', 'DRB1*11']","['DQA1*05:01', 'DQA1*03:01']","['DQB1*05', 'DQB1*03']","['DPA1*01', 'DPA1*01']","['DPB1*05', 'DPB1*04']","['A2', 'A19']","['B21', 'B12']","['Cw5', 'Cw3']","['DR6', 'DR5']","['DQ1', 'DQ3']","['DQ1', 'DQ3']","['DP1', 'DP1']","['DP5', 'DP4']",Bw6/Bw6,nan,R0534,B,NEG,Kidney,89,Tartu,Estonia,0,"['A*02', 'A*02']","['B*44', 'B*40']","['C*03', 'C*16']","['DRB1*13', 'DRB1*11']","['DQA1*03:01', 'DQA1*01:02']","['DQB1*02', 'DQB1*02']","['DPA1*01', 'DPA1*01']","['DPB1*05', 'DPB1*04']","['A2', 'A2']","['B12', 'B40']","['Cw3', 'Cw16']","['DR6', 'DR5']","['DQ3', 'DQ1']","['DQ2', 'DQ2']","['DP1', 'DP1']","['DP5', 'DP4']",Bw4/Bw6,[],0.0,0.52,nan,0,2
155,D0227_LK,kidney,False,AllocationPriority.PAYBACK,D0227,O,POS,KD,61,Helsinki,Finland,155,"['A*02', 'A*02']","['B*57', 'B*08']","['C*06', 'C*03']","['DRB1*15', 'DRB1*03']","['DQA1*05:01', 'DQA1*01:02']","['DQB1*06', 'DQB1*06']","['DPA1*02:02', 'DPA1*01']","['DPB1*04', 'DPB1*03']","['A2', 'A2']","['B17', 'B8']","['Cw6', 'Cw3']","['DR2', 'DR3']","['DQ1', 'DQ1']","['DQ1', 'DQ1']","['DP2', 'DP1']","['DP4', 'DP3']",Bw4/Bw6,nan,R0068,O,POS,Kidney,80,Uppsala,Sweden,0,"['A*03', 'A*02']","['B*08', 'B*07']","['C*07', 'C*03']","['DRB1*03', 'DRB1*15']","['DQA1*01:01', 'DQA1*05:01']","['DQB1*06', 'DQB1*03']","['DPA1*01', 'DPA1*01']","['DPB1*04', 'DPB1*04']","['A3', 'A2']","['B8', 'B7']","['Cw7', 'Cw3']","['DR3', 'DR2']","['DQ1', 'DQ1']","['DQ1', 'DQ3']","['DP1', 'DP1']","['DP4', 'DP4']",Bw6/Bw6,[],0.0,0.41,nan,0,1
155,D0226_RK,kidney,True,AllocationPriority.PRIORITY_7,D0226,B,POS,KD,19,Helsinki,Finland,155,"['A*02', 'A*31']","['B*49', 'B*44']","['C*05', 'C*03']","['DRB1*14', 'DRB1*11']","['DQA1*05:01', 'DQA1*03:01']","['DQB1*05', 'DQB1*03']","['DPA1*01', 'DPA1*01']","['DPB1*05', 'DPB1*04']","['A2', 'A19']","['B21', 'B12']","['Cw5', 'Cw3']","['DR6', 'DR5']","['DQ1', 'DQ3']","['DQ1', 'DQ3']","['DP1', 'DP1']","['DP5', 'DP4']",Bw6/Bw6,nan,R0908,B,NEG,Kidney,74,Stockholm,Sweden,0,"['A*31', 'A*02']","['B*07', 'B*44']","['C*04', 'C*03']","['DRB1*13', 'DRB1*15']","['DQA1*05:01', 'DQA1*01:02']","['DQB1*02', 'DQB1*06']","['DPA1*01', 'DPA1*01']","['DPB1*01', 'DPB1*04']","['A19', 'A2']","['B7', 'B12']","['Cw4', 'Cw3']","['DR6', 'DR2']","['DQ1', 'DQ1']","['DQ2', 'DQ1']","['DP1', 'DP1']","['DP1', 'DP4']",Bw4/Bw4,[],0.0,0.52,nan,2,1,3,395.64825735091034,0.5,0.9272998081009831,515.929343176793
155,D0227_RK,kidney,True,AllocationPriority.PRIORITY_7,D0227,O,POS,KD,61,Helsinki,Finland,155,"['A*02', 'A*02']","['B*57', 'B*08']","['C*06', 'C*03']","['DRB1*15', 'DRB1*03']","['DQA1*05:01', 'DQA1*01:02']","['DQB1*06', 'DQB1*06']","['DPA1*02:02', 'DPA1*01']","['DPB1*04', 'DPB1*03']","['A2', 'A2']","['B17', 'B8']","['Cw6', 'Cw3']","['DR2', 'DR3']","['DQ1', 'DQ1']","['DQ1', 'DQ1']","['DP2', 'DP1']","['DP4', 'DP3']",Bw4/Bw6,nan,R0271,O,POS,Kidney,69,Helsinki,Finland,0,"['A*03', 'A*02']","['B*44', 'B*08']","['C*07', 'C*02']","['DRB1*03', 'DRB1*15']","['DQA1*02:01', 'DQA1*05:01']","['DQB1*06', 'DQB1*06']","['DPA1*01', 'DPA1*01']","['DPB1*02', 'DPB1*04']","['A3', 'A2']","['B12', 'B8']","['Cw7', 'Cw2']","['DR3', 'DR2']","['DQ2', 'DQ1']","['DQ1', 'DQ1']","['DP1', 'DP1']","['DP2', 'DP4']",Bw4/Bw6,"['DRB1*12', 'A*32', 'DRB1*01']",0.1579,0.345261,nan,0,1,1,0.0,0.8333333333333334,1.0,664.345423057711
156,D0228_LK,kidney,False,AllocationPriority.PAYBACK,D0228,O,POS,KD,35,Stockholm,Sweden,156,"['A*68', 'A*02']","['B*18', 'B*07']","['C*02', 'C*04']","['DRB1*01', 'DRB1*07']","['DQA1*05:01', 'DQA1*03:01']","['DQB1*03', 'DQB1*02']","['DPA1*01', 'DPA1*01']","['DPB1*03', 'DPB1*06']","['A28', 'A2']","['B18', 'B7']","['Cw2', 'Cw4']","['DR1', 'DR7']","['DQ1', 'DQ3']","['DQ3', 'DQ2']","['DP1', 'DP1']","['DP3', 'DP6']",Bw6/Bw6,nan,R1591,O,NEG,Kidney,29,Copenhagen,Denmark,0,"['A*02', 'A*01']","['B*08', 'B*18']","['C*07', 'C*15']","['DRB1*01', 'DRB1*07']","['DQA1*01:03', 'DQA1*01:02']","['DQB1*05', 'DQB1*02']","['DPA1*01', 'DPA1*02:02']","['DPB1*15', 'DPB1*04']","['A2', 'A1']","['B8', 'B18']","['Cw7', 'Cw15']","['DR1', 'DR7']","['DQ1', 'DQ1']","['DQ1', 'DQ2']","['DP1', 'DP2']","['DP15', 'DP4']",Bw6/Bw6,[],0.0,0.41,nan,0,2
156,D0229_LK,kidney,False,AllocationPriority.PAYBACK,D0229,O,POS,KD,62,Helsinki,Finland,156,"['A*02', 'A*01']","['B*07', 'B*15']","['C*05', 'C*01']","['DRB1*03', 'DRB1*15']","['DQA1*02:01', 'DQA1*03:01']","['DQB1*06', 'DQB1*03']","['DPA1*02:02', 'DPA1*01']","['DPB1*04', 'DPB1*02']","['A2', 'A1']","['B7', 'B15']","['Cw5', 'Cw1']","['DR3', 'DR2']","['DQ2', 'DQ3']","['DQ1', 'DQ3']","['DP2', 'DP1']","['DP4', 'DP2']",Bw4/Bw6,nan,R0136,O,POS,Kidney,66,Reykjavik,Iceland,0,"['A*02', 'A*02']","['B*07', 'B*15']","['C*03', 'C*07']","['DRB1*03', 'DRB1*15']","['DQA1*01:01', 'DQA1*01:02']","['DQB1*06', 'DQB1*04']","['DPA1*01', 'DPA1*01']","['DPB1*03', 'DPB1*01']","['A2', 'A2']","['B7', 'B15']","['Cw3', 'Cw7']","['DR3', 'DR2']","['DQ1', 'DQ1']","['DQ1', 'DQ4']","['DP1', 'DP1']","['DP3', 'DP1']",Bw4/Bw6,"['DPA1*02:02', 'DRB1*16', 'DRB1*13', 'C*07', 'B*56', 'C*01', 'B*13', 'DPB1*129', 'DQA1*01:03']",0.7577,0.0993429999999999,nan,0,1
156,D0228_RK,kidney,True,AllocationPriority.PAYBACK,D0228,O,POS,KD,35,Stockholm,Sweden,156,"['A*68', 'A*02']","['B*18', 'B*07']","['C*02', 'C*04']","['DRB1*01', 'DRB1*07']","['DQA1*05:01', 'DQA1*03:01']","['DQB1*03', 'DQB1*02']","['DPA1*01', 'DPA1*01']","['DPB1*03', 'DPB1*06']","['A28', 'A2']","['B18', 'B7']","['Cw2', 'Cw4']","['DR1', 'DR7']","['DQ1', 'DQ3']","['DQ3', 'DQ2']","['DP1', 'DP1']","['DP3', 'DP6']",Bw6/Bw6,nan,R1816,O,POS,Kidney,79,Stockholm,Sweden,0,"['A*02', 'A*02']","['B*39', 'B*07']","['C*07', 'C*15']","['DRB1*01', 'DRB1*07']","['DQA1*04:01', 'DQA1*01:02']","['DQB1*06', 'DQB1*02']","['DPA1*01', 'DPA1*01']","['DPB1*20', 'DPB1*05']","['A2', 'A2']","['B16', 'B7']","['Cw7', 'Cw15']","['DR1', 'DR7']","['DQ4', 'DQ1']","['DQ1', 'DQ2']","['DP1', 'DP1']","['DP20', 'DP5']",Bw4/Bw6,[],0.0,0.41,nan,0,2
156,D0229_RK,kidney,True,AllocationPriority.PRIORITY_7,D0229,O,POS,KD,62,Helsinki,Finland,156,"['A*02', 'A*01']","['B*07', 'B*15']","['C*05', 'C*01']","['DRB1*03', 'DRB1*15']","['DQA1*02:01', 'DQA1*03:01']","['DQB1*06', 'DQB1*03']","['DPA1*02:02', 'DPA1*01']","['DPB1*04', 'DPB1*02']","['A2', 'A1']","['B7', 'B15']","['Cw5', 'Cw1']","['DR3', 'DR2']","['DQ2', 'DQ3']","['DQ1', 'DQ3']","['DP2', 'DP1']","['DP4', 'DP2']",Bw4/Bw6,nan,R2294,O,POS,Kidney,70,Tartu,Estonia,27,"['A*01', 'A*02']","['B*07', 'B*55']","['C*08', 'C*05']","['DRB1*03', 'DRB1*15']","['DQA1*05:01', 'DQA1*03:01']","['DQB1*03', 'DQB1*06']","['DPA1*01', 'DPA1*01']","['DPB1*31', 'DPB1*03']","['A1', 'A2']","['B7', 'B22']","['Cw8', 'Cw5']","['DR3', 'DR2']","['DQ1', 'DQ3']","['DQ3', 'DQ1']","['DP1', 'DP1']","['DP31', 'DP3']",Bw6/Bw6,[],0.0,0.41,nan,0,1,1,223.77640682897163,0.8333333333333334,0.958881184444319,649.606198552027
157,D0230_LK,kidney,False,AllocationPriority.LOCAL,D0230,B,POS,KD,53,Uppsala,Sweden,157,"['A*02', 'A*30']","['B*07', 'B*44']","['C*07', 'C*02']","['DRB1*15', 'DRB1*15']","['DQA1*01:02', 'DQA1*03:01']","['DQB1*02', 'DQB1*05']","['DPA1*02:02', 'DPA1*01']","['DPB1*04', 'DPB1*02']","['A2', 'A19']","['B7', 'B12']","['Cw7', 'Cw2']","['DR2', 'DR2']","['DQ1', 'DQ3']","['DQ2', 'DQ1']","['DP2', 'DP1']","['DP4', 'DP2']",Bw4/Bw4,nan,R1211,B,NEG,Kidney,74,Uppsala,Sweden,0,"['A*02', 'A*29']","['B*51', 'B*40']","['C*04', 'C*03']","['DRB1*15', 'DRB1*14']","['DQA1*01:02', 'DQA1*03:01']","['DQB1*06', 'DQB1*03']","['DPA1*02:02', 'DPA1*02:02']","['DPB1*04', 'DPB1*01']","['A2', 'A19']","['B5', 'B40']","['Cw4', 'Cw3']","['DR2', 'DR6']","['DQ1', 'DQ3']","['DQ1', 'DQ3']","['DP2', 'DP2']","['DP4', 'DP1']",Bw4/Bw4,[],0.0,0.52,nan,0,2
157,D0231_LK,kidney,False,AllocationPriority.LOCAL,D0231,O,POS,KD,60,Helsinki,Finland,157,"['A*29', 'A*24']","['B*15', 'B*35']","['C*07', 'C*07']","['DRB1*04', 'DRB1*15']","['DQA1*03:01', 'DQA1*05:01']","['DQB1*02', 'DQB1*06']","['DPA1*01', 'DPA1*01']","['DPB1*04', 'DPB1*04']","['A19', 'A9']","['B15', 'B35']","['Cw7', 'Cw7']","['DR4', 'DR2']","['DQ3', 'DQ1']","['DQ2', 'DQ1']","['DP1', 'DP1']","['DP4', 'DP4']",Bw6/Bw6,nan,R2003,O,NEG,Kidney,72,Helsinki,Finland,0,"['A*25', 'A*32']","['B*15', 'B*13']","['C*03', 'C*05']","['DRB1*04', 'DRB1*15']","['DQA1*03:01', 'DQA1*01:02']","['DQB1*06', 'DQB1*03']","['DPA1*01', 'DPA1*01']","['DPB1*19', 'DPB1*04']","['A10', 'A19']","['B15', 'B13']","['Cw3', 'Cw5']","['DR4', 'DR2']","['DQ3', 'DQ1']","['DQ1', 'DQ3']","['DP1', 'DP1']","['DP19', 'DP4']",Bw6/Bw6,[],0.0,0.41,nan,0,2
157,D0230_RK,kidney,True,AllocationPriority.PRIORITY_7,D0230,B,POS,KD,53,Uppsala,Sweden,157,"['A*02', 'A*30']","['B*07', 'B*44']","['C*07', 'C*02']","['DRB1*15', 'DRB1*15']","['DQA1*01:02', 'DQA1*03:01']","['DQB1*02', 'DQB1*05']","['DPA1*02:02', 'DPA1*01']","['DPB1*04', 'DPB1*02']","['A2', 'A19']","['B7', 'B12']","['Cw7', 'Cw2']","['DR2', 'DR2']","['DQ1', 'DQ3']","['DQ2', 'DQ1']","['DP2', 'DP1']","['DP4', 'DP2']",Bw4/Bw4,nan,R1373,B,NEG,Kidney,14,Uppsala,Sweden,0,"['A*02', 'A*02']","['B*07', 'B*27']","['C*05', 'C*07']","['DRB1*15', 'DRB1*03']","['DQA1*03:01', 'DQA1*01:02']","['DQB1*03', 'DQB1*05']","['DPA1*01', 'DPA1*01']","['DPB1*11', 'DPB1*02']","['A2', 'A2']","['B7', 'B27']","['Cw5', 'Cw7']","['DR2', 'DR3']","['DQ3', 'DQ1']","['DQ3', 'DQ1']","['DP1', 'DP1']","['DP11', 'DP2']",Bw4/Bw6,[],0.0,0.52,nan,0,2,2,0.0,0.6666666666666667,1.0,603.1672386167969
157,D0231_RK,kidney,True,AllocationPriority.PRIORITY_7,D0231,O,POS,KD,60,Helsinki,Finland,157,"['A*29', 'A*24']","['B*15', 'B*35']","['C*07', 'C*07']","['DRB1*04', 'DRB1*15']","['DQA1*03:01', 'DQA1*05:01']","['DQB1*02', 'DQB1*06']","['DPA1*01', 'DPA1*01']","['DPB1*04', 'DPB1*04']","['A19', 'A9']","['B15', 'B35']","['Cw7', 'Cw7']","['DR4', 'DR2']","['DQ3', 'DQ1']","['DQ2', 'DQ1']","['DP1', 'DP1']","['DP4', 'DP4']",Bw6/Bw6,nan,R2154,O,NEG,Kidney,58,Helsinki,Finland,0,"['A*02', 'A*24']","['B*35', 'B*58']","['C*07', 'C*03']","['DRB1*04', 'DRB1*15']","['DQA1*05:01', 'DQA1*01:02']","['DQB1*06', 'DQB1*03']","['DPA1*01', 'DPA1*01']","['DPB1*03', 'DPB1*03']","['A2', 'A9']","['B35', 'B17']","['Cw7', 'Cw3']","['DR4', 'DR2']","['DQ1', 'DQ1']","['DQ1', 'DQ3']","['DP1', 'DP1']","['DP3', 'DP3']",Bw4/Bw4,"['DQA1*04:01', 'DPB1*26', 'B*56', 'DRB1*08', 'A*74', 'DRB1*16']",0.0941,0.371419,nan,0,2,2,0.0,0.6666666666666667,1.0,603.1672386167969
158,D0232_LK,kidney,False,AllocationPriority.LOCAL,D0232,O,POS,KD,61,Stockholm,Sweden,158,"['A*25', 'A*01']","['B*44', 'B*40']","['C*07', 'C*07']","['DRB1*04', 'DRB1*01']","['DQA1*01:01', 'DQA1*03:01']","['DQB1*06', 'DQB1*03']","['DPA1*01', 'DPA1*01']","['DPB1*04', 'DPB1*04']","['A10', 'A1']","['B12', 'B40']","['Cw7', 'Cw7']","['DR4', 'DR1']","['DQ1', 'DQ3']","['DQ1', 'DQ3']","['DP1', 'DP1']","['DP4', 'DP4']",Bw4/Bw4,nan,R2406,A,POS,Kidney,25,Stockholm,Sweden,60,"['A*31', 'A*02']","['B*57', 'B*37']","['C*07', 'C*07']","['DRB1*04', 'DRB1*14']","['DQA1*02:01', 'DQA1*01:01']","['DQB1*06', 'DQB1*02']","['DPA1*01', 'DPA1*01']","['DPB1*04', 'DPB1*04']","['A19', 'A2']","['B17', 'B37']","['Cw7', 'Cw7']","['DR4', 'DR6']","['DQ2', 'DQ1']","['DQ1', 'DQ2']","['DP1', 'DP1']","['DP4', 'DP4']",Bw6/Bw6,"['DQA1*02:01', 'DRB1*13', 'A*02', 'B*48', 'B*15', 'A*03', 'DRB1*09', 'C*16']",0.8918,0.0919699999999999,nan
158,D0233_LK,kidney,False,AllocationPriority.PAYBACK,D0233,A,POS,KD,49,Aarhus,Denmark,158,"['A*32', 'A*03']","['B*37', 'B*13']","['C*07', 'C*07']","['DRB1*13', 'DRB1*15']","['DQA1*01:01', 'DQA1*05:01']","['DQB1*03', 'DQB1*06']","['DPA1*01', 'DPA1*02:02']","['DPB1*03', 'DPB1*04']","['A19', 'A3']","['B37', 'B13']","['Cw7', 'Cw7']","['DR6', 'DR2']","['DQ1', 'DQ1']","['DQ3', 'DQ1']","['DP1', 'DP2']","['DP3', 'DP4']",Bw6/Bw6,nan,R1853,A,POS,Kidney,73,Helsinki,Finland,0,"['A*02', 'A*03']","['B*44', 'B*37']","['C*07', 'C*02']","['DRB1*13', 'DRB1*15']","['DQA1*01:02', 'DQA1*03:01']","['DQB1*05', 'DQB1*03']","['DPA1*01', 'DPA1*01']","['DPB1*04', 'DPB1*02']","['A2', 'A3']","['B12', 'B37']","['Cw7', 'Cw2']","['DR6', 'DR2']","['DQ1', 'DQ3']","['DQ1', 'DQ3']","['DP1', 'DP1']","['DP4', 'DP2']",Bw4/Bw4,[],0.0,0.85,nan,0,2
158,D0234_LK,kidney,False,AllocationPriority.LOCAL,D0234,O,POS,KD,86,Odense,Denmark,158,"['A*02', 'A*01']","['B*07', 'B*44']","['C*04', 'C*03']","['DRB1*15', 'DRB1*13']","['DQA1*01:02', 'DQA1*01:01']","['DQB1*06', 'DQB1*02']","['DPA1*01', 'DPA1*02:02']","['DPB1*04', 'DPB1*01']","['A2', 'A1']","['B7', 'B12']","['Cw4', 'Cw3']","['DR2', 'DR6']","['DQ1', 'DQ1']","['DQ1', 'DQ2']","['DP1', 'DP2']","['DP4', 'DP1']",Bw4/Bw6,nan,R1865,O,POS,Kidney,73,Odense,Denmark,0,"['A*01', 'A*02']","['B*44', 'B*14']","['C*08', 'C*07']","['DRB1*14', 'DRB1*15']","['DQA1*01:02', 'DQA1*05:01']","['DQB1*02', 'DQB1*03']","['DPA1*01', 'DPA1*01']","['DPB1*04', 'DPB1*02']","['A1', 'A2']","['B12', 'B14']","['Cw8', 'Cw7']","['DR6', 'DR2']","['DQ1', 'DQ1']","['DQ2', 'DQ3']","['DP1', 'DP1']","['DP4', 'DP2']",Bw4/Bw6,[],0.0,0.41,nan,0,1
158,D0232_RK,kidney,True,AllocationPriority.PRIORITY_7,D0232,O,POS,KD,61,Stockholm,Sweden,158,"['A*25', 'A*01']","['B*44', 'B*40']","['C*07', 'C*07']","['DRB1*04', 'DRB1*01']","['DQA1*01:01', 'DQA1*03:01']","['DQB1*06', 'DQB1*03']","['DPA1*01', 'DPA1*01']","['DPB1*04', 'DPB1*04']","['A10', 'A1']","['B12', 'B40']","['Cw7', 'Cw7']","['DR4', 'DR1']","['DQ1', 'DQ3']","['DQ1', 'DQ3']","['DP1', 'DP1']","['DP4', 'DP4']",Bw4/Bw4,nan,R0722,O,NEG,Kidney,87,Stockholm,Sweden,0,"['A*01', 'A*25']","['B*56', 'B*57']","['C*01', 'C*03']","['DRB1*04', 'DRB1*01']","['DQA1*03:01', 'DQA1*01:01']","['DQB1*06', 'DQB1*03']","['DPA1*01', 'DPA1*01']","['DPB1*02', 'DPB1*04']","['A1', 'A10']","['B22', 'B17']","['Cw1', 'Cw3']","['DR4', 'DR1']","['DQ3', 'DQ1']","['DQ1', 'DQ3']","['DP1', 'DP1']","['DP2', 'DP4']",Bw4/Bw4,[],0.0,0.41,nan,0,2,2,0.0,0.6666666666666667,1.0,603.1672386167969
158,D0233_RK,kidney,True,AllocationPriority.PAYBACK,D0233,A,POS,KD,49,Aarhus,Denmark,158,"['A*32', 'A*03']","['B*37', 'B*13']","['C*07', 'C*07']","['DRB1*13', 'DRB1*15']","['DQA1*01:01', 'DQA1*05:01']","['DQB1*03', 'DQB1*06']","['DPA1*01', 'DPA1*02:02']","['DPB1*03', 'DPB1*04']","['A19', 'A3']","['B37', 'B13']","['Cw7', 'Cw7']","['DR6', 'DR2']","['DQ1', 'DQ1']","['DQ3', 'DQ1']","['DP1', 'DP2']","['DP3', 'DP4']",Bw6/Bw6,nan,R2118,A,NEG,Kidney,77,Helsinki,Finland,0,"['A*31', 'A*03']","['B*44', 'B*48']","['C*01', 'C*12']","['DRB1*15', 'DRB1*13']","['DQA1*02:01', 'DQA1*04:01']","['DQB1*02', 'DQB1*02']","['DPA1*01', 'DPA1*01']","['DPB1*04', 'DPB1*02']","['A19', 'A3']","['B12', 'B48']","['Cw1', 'Cw12']","['DR2', 'DR6']","['DQ2', 'DQ4']","['DQ2', 'DQ2']","['DP1', 'DP1']","['DP4', 'DP2']",Bw4/Bw4,"['C*15', 'DPB1*424', 'DQB1*06', 'B*40', 'B*56', 'A*26', 'B*53', 'B*52', 'B*37']",0.4838,0.43877,nan,0,2
158,D0234_RK,kidney,True,AllocationPriority.PRIORITY_3,D0234,O,POS,KD,86,Odense,Denmark,158,"['A*02', 'A*01']","['B*07', 'B*44']","['C*04', 'C*03']","['DRB1*15', 'DRB1*13']","['DQA1*01:02', 'DQA1*01:01']","['DQB1*06', 'DQB1*02']","['DPA1*01', 'DPA1*02:02']","['DPB1*04', 'DPB1*01']","['A2', 'A1']","['B7', 'B12']","['Cw4', 'Cw3']","['DR2', 'DR6']","['DQ1', 'DQ1']","['DQ1', 'DQ2']","['DP1', 'DP2']","['DP4', 'DP1']",Bw4/Bw6,nan,R2028,O,POS,Kidney,53,Uppsala,Sweden,0,"['A*02', 'A*01']","['B*07', 'B*45']","['C*07', 'C*03']","['DRB1*16', 'DRB1*14']","['DQA1*03:01', 'DQA1*01:02']","['DQB1*05', 'DQB1*02']","['DPA1*02:02', 'DPA1*01']","['DPB1*02', 'DPB1*16']","['A2', 'A1']","['B7', 'B12']","['Cw7', 'Cw3']","['DR2', 'DR6']","['DQ3', 'DQ1']","['DQ1', 'DQ2']","['DP2', 'DP1']","['DP2', 'DP16']",Bw4/Bw6,"['B*37', 'DQA1*01:03', 'A*33', 'C*04', 'DPB1*01', 'DPB1*20', 'A*29', 'DRB1*07', 'DQA1*02:01']",0.4767,0.214553,nan
161,D0235_LK,kidney,False,AllocationPriority.LOCAL,D0235,A,POS,KD,42,Tartu,Estonia,161,"['A*11', 'A*03']","['B*37', 'B*44']","['C*04', 'C*07']","['DRB1*10', 'DRB1*04']","['DQA1*01:02', 'DQA1*05:01']","['DQB1*02', 'DQB1*03']","['DPA1*01', 'DPA1*01']","['DPB1*04', 'DPB1*03']","['A11', 'A3']","['B37', 'B12']","['Cw4', 'Cw7']","['DR10', 'DR4']","['DQ1', 'DQ1']","['DQ2', 'DQ3']","['DP1', 'DP1']","['DP4', 'DP3']",Bw4/Bw4,nan,R0647,A,POS,Kidney,86,Tartu,Estonia,0,"['A*11', 'A*03']","['B*35', 'B*40']","['C*01', 'C*07']","['DRB1*04', 'DRB1*15']","['DQA1*05:01', 'DQA1*01:02']","['DQB1*02', 'DQB1*03']","['DPA1*01', 'DPA1*02:02']","['DPB1*03', 'DPB1*03']","['A11', 'A3']","['B35', 'B40']","['Cw1', 'Cw7']","['DR4', 'DR2']","['DQ1', 'DQ1']","['DQ2', 'DQ3']","['DP1', 'DP2']","['DP3', 'DP3']",Bw6/Bw6,[],0.0,0.85,nan,1,2
161,D0235_RK,kidney,True,AllocationPriority.PRIORITY_7,D0235,A,POS,KD,42,Tartu,Estonia,161,"['A*11', 'A*03']","['B*37', 'B*44']","['C*04', 'C*07']","['DRB1*10', 'DRB1*04']","['DQA1*01:02', 'DQA1*05:01']","['DQB1*02', 'DQB1*03']","['DPA1*01', 'DPA1*01']","['DPB1*04', 'DPB1*03']","['A11', 'A3']","['B37', 'B12']","['Cw4', 'Cw7']","['DR10', 'DR4']","['DQ1', 'DQ1']","['DQ2', 'DQ3']","['DP1', 'DP1']","['DP4', 'DP3']",Bw4/Bw4,nan,R0260,A,POS,Kidney,72,Copenhagen,Denmark,0,"['A*02', 'A*03']","['B*44', 'B*15']","['C*03', 'C*06']","['DRB1*04', 'DRB1*10']","['DQA1*03:01', 'DQA1*03:01']","['DQB1*06', 'DQB1*06']","['DPA1*01', 'DPA1*01']","['DPB1*04', 'DPB1*04']","['A2', 'A3']","['B12', 'B15']","['Cw3', 'Cw6']","['DR4', 'DR10']","['DQ3', 'DQ3']","['DQ1', 'DQ1']","['DP1', 'DP1']","['DP4', 'DP4']",Bw4/Bw4,[],0.0,0.85,nan,0,2,2,906.0329022103791,0.6666666666666667,0.833516855859428,543.4906062834267
164,D0236_LK,kidney,False,AllocationPriority.PAYBACK,D0236,O,POS,KD,82,Oslo,Norway,164,"['A*02', 'A*03']","['B*35', 'B*40']","['C*04', 'C*04']","['DRB1*13', 'DRB1*01']","['DQA1*01:01', 'DQA1*05:01']","['DQB1*06', 'DQB1*03']","['DPA1*01', 'DPA1*01']","['DPB1*04', 'DPB1*16']","['A2', 'A3']","['B35', 'B40']","['Cw4', 'Cw4']","['DR6', 'DR1']","['DQ1', 'DQ1']","['DQ1', 'DQ3']","['DP1', 'DP1']","['DP4', 'DP16']",Bw6/Bw6,nan,R2151,O,POS,Kidney,89,Gothenburg,Sweden,0,"['A*02', 'A*03']","['B*44', 'B*35']","['C*04', 'C*06']","['DRB1*01', 'DRB1*13']","['DQA1*05:01', 'DQA1*05:01']","['DQB1*04', 'DQB1*03']","['DPA1*02:02', 'DPA1*02:02']","['DPB1*05', 'DPB1*03']","['A2', 'A3']","['B12', 'B35']","['Cw4', 'Cw6']","['DR1', 'DR6']","['DQ1', 'DQ1']","['DQ4', 'DQ3']","['DP2', 'DP2']","['DP5', 'DP3']",Bw4/Bw6,"['DQB1*02', 'B*56', 'B*15', 'DPB1*35', 'DPB1*23', 'B*14', 'B*73', 'B*42']",0.3306,0.274454,nan,0,1
164,D0237_LK,kidney,False,AllocationPriority.LOCAL,D0237,A,NEG,KD,89,Uppsala,Sweden,164,"['A*32', 'A*01']","['B*38', 'B*08']","['C*05', 'C*07']","['DRB1*11', 'DRB1*04']","['DQA1*01:02', 'DQA1*01:02']","['DQB1*02', 'DQB1*06']","['DPA1*01', 'DPA1*01']","['DPB1*01', 'DPB1*04']","['A19', 'A1']","['B16', 'B8']","['Cw5', 'Cw7']","['DR5', 'DR4']","['DQ1', 'DQ1']","['DQ2', 'DQ1']","['DP1', 'DP1']","['DP1', 'DP4']",Bw4/Bw4,nan,R1390,A,POS,Kidney,39,Uppsala,Sweden,0,"['A*32', 'A*01']","['B*40', 'B*44']","['C*03', 'C*15']","['DRB1*11', 'DRB1*04']","['DQA1*03:01', 'DQA1*03:01']","['DQB1*06', 'DQB1*06']","['DPA1*01', 'DPA1*01']","['DPB1*04', 'DPB1*03']","['A19', 'A1']","['B40', 'B12']","['Cw3', 'Cw15']","['DR5', 'DR4']","['DQ3', 'DQ3']","['DQ1', 'DQ1']","['DP1', 'DP1']","['DP4', 'DP3']",Bw4/Bw4,[],0.0,0.85,nan,0,2
164,D0236_RK,kidney,True,AllocationPriority.PAYBACK,D0236,O,POS,KD,82,Oslo,Norway,164,"['A*02', 'A*03']","['B*35', 'B*40']","['C*04', 'C*04']","['DRB1*13', 'DRB1*01']","['DQA1*01:01', 'DQA1*05:01']","['DQB1*06', 'DQB1*03']","['DPA1*01', 'DPA1*01']","['DPB1*04', 'DPB1*16']","['A2', 'A3']","['B35', 'B40']","['Cw4', 'Cw4']","['DR6', 'DR1']","['DQ1', 'DQ1']","['DQ1', 'DQ3']","['DP1', 'DP1']","['DP4', 'DP16']",Bw6/Bw6,nan,R0200,O,POS,Kidney,88,Skane,Sweden,0,"['A*01', 'A*02']","['B*40', 'B*15']","['C*07', 'C*05']","['DRB1*01', 'DRB1*14']","['DQA1*05:01', 'DQA1*03:01']","['DQB1*06', 'DQB1*02']","['DPA1*01', 'DPA1*01']","['DPB1*01', 'DPB1*04']","['A1', 'A2']","['B40', 'B15']","['Cw7', 'Cw5']","['DR1', 'DR6']","['DQ1', 'DQ3']","['DQ1', 'DQ2']","['DP1', 'DP1']","['DP1', 'DP4']",Bw4/Bw6,[],0.0,0.41,nan,0,2
164,D0237_RK,kidney,True,AllocationPriority.PRIORITY_7,D0237,A,NEG,KD,89,Uppsala,Sweden,164,"['A*32', 'A*01']","['B*38', 'B*08']","['C*05', 'C*07']","['DRB1*11', 'DRB1*04']","['DQA1*01:02', 'DQA1*01:02']","['DQB1*02', 'DQB1*06']","['DPA1*01', 'DPA1*01']","['DPB1*01', 'DPB1*04']","['A19', 'A1']","['B16', 'B8']","['Cw5', 'Cw7']","['DR5', 'DR4']","['DQ1', 'DQ1']","['DQ2', 'DQ1']","['DP1', 'DP1']","['DP1', 'DP4']",Bw4/Bw4,nan,R2310,A,POS,Kidney,58,Helsinki,Finland,32,"['A*01', 'A*02']","['B*35', 'B*08']","['C*04', 'C*07']","['DRB1*04', 'DRB1*11']","['DQA1*01:03', 'DQA1*01:01']","['DQB1*03', 'DQB1*06']","['DPA1*01', 'DPA1*01']","['DPB1*03', 'DPB1*05']","['A1', 'A2']","['B35', 'B8']","['Cw4', 'Cw7']","['DR4', 'DR5']","['DQ1', 'DQ1']","['DQ3', 'DQ1']","['DP1', 'DP1']","['DP3', 'DP5']",Bw6/Bw6,[],0.0,0.85,nan,0,2,2,406.75573730697454,0.6666666666666667,0.9252588135829557,576.3759239465037
166,D0238_LK,kidney,False,AllocationPriority.LOCAL,D0238,O,POS,KD,54,Gothenburg,Sweden,166,"['A*03', 'A*01']","['B*45', 'B*15']","['C*05', 'C*03']","['DRB1*13', 'DRB1*04']","['DQA1*05:01', 'DQA1*01:02']","['DQB1*03', 'DQB1*03']","['DPA1*01', 'DPA1*01']","['DPB1*04', 'DPB1*04']","['A3', 'A1']","['B12', 'B15']","['Cw5', 'Cw3']","['DR6', 'DR4']","['DQ1', 'DQ1']","['DQ3', 'DQ3']","['DP1', 'DP1']","['DP4', 'DP4']",Bw4/Bw4,nan,R1169,O,POS,Kidney,84,Gothenburg,Sweden,0,"['A*03', 'A*01']","['B*07', 'B*15']","['C*03', 'C*07']","['DRB1*13', 'DRB1*04']","['DQA1*03:01', 'DQA1*01:02']","['DQB1*03', 'DQB1*02']","['DPA1*01', 'DPA1*01']","['DPB1*04', 'DPB1*03']","['A3', 'A1']","['B7', 'B15']","['Cw3', 'Cw7']","['DR6', 'DR4']","['DQ3', 'DQ1']","['DQ3', 'DQ2']","['DP1', 'DP1']","['DP4', 'DP3']",Bw4/Bw6,[],0.0,0.41,nan,0,1
166,D0239_LK,kidney,False,AllocationPriority.LOCAL,D0239,AB,NEG,KD,68,Oslo,Norway,166,"['A*01', 'A*03']","['B*07', 'B*44']","['C*01', 'C*03']","['DRB1*03', 'DRB1*04']","['DQA1*03:01', 'DQA1*01:03']","['DQB1*03', 'DQB1*06']","['DPA1*01', 'DPA1*01']","['DPB1*01', 'DPB1*04']","['A1', 'A3']","['B7', 'B12']","['Cw1', 'Cw3']","['DR3', 'DR4']","['DQ3', 'DQ1']","['DQ3', 'DQ1']","['DP1', 'DP1']","['DP1', 'DP4']",Bw4/Bw6,nan,R1258,AB,POS,Kidney,54,Oslo,Norway,0,"['A*01', 'A*03']","['B*40', 'B*40']","['C*03', 'C*07']","['DRB1*03', 'DRB1*15']","['DQA1*01:01', 'DQA1*03:01']","['DQB1*06', 'DQB1*02']","['DPA1*01', 'DPA1*01']","['DPB1*14', 'DPB1*04']","['A1', 'A3']","['B40', 'B40']","['Cw3', 'Cw7']","['DR3', 'DR2']","['DQ1', 'DQ3']","['DQ1', 'DQ2']","['DP1', 'DP1']","['DP14', 'DP4']",Bw6/Bw6,[],0.0,1.0,nan,1,2
166,D0238_RK,kidney,True,AllocationPriority.PRIORITY_7,D0238,O,POS,KD,54,Gothenburg,Sweden,166,"['A*03', 'A*01']","['B*45', 'B*15']","['C*05', 'C*03']","['DRB1*13', 'DRB1*04']","['DQA1*05:01', 'DQA1*01:02']","['DQB1*03', 'DQB1*03']","['DPA1*01', 'DPA1*01']","['DPB1*04', 'DPB1*04']","['A3', 'A1']","['B12', 'B15']","['Cw5', 'Cw3']","['DR6', 'DR4']","['DQ1', 'DQ1']","['DQ3', 'DQ3']","['DP1', 'DP1']","['DP4', 'DP4']",Bw4/Bw4,nan,R1405,O,POS,Kidney,61,Gothenburg,Sweden,0,"['A*02', 'A*01']","['B*18', 'B*15']","['C*02', 'C*07']","['DRB1*13', 'DRB1*04']","['DQA1*03:01', 'DQA1*01:02']","['DQB1*06', 'DQB1*06']","['DPA1*01', 'DPA1*01']","['DPB1*03', 'DPB1*04']","['A2', 'A1']","['B18', 'B15']","['Cw2', 'Cw7']","['DR6', 'DR4']","['DQ3', 'DQ1']","['DQ1', 'DQ1']","['DP1', 'DP1']","['DP3', 'DP4']",Bw4/Bw6,"['DPB1*15', 'DRB1*07', 'B*44', 'B*40', 'B*38', 'DRB1*16', 'B*49', 'DRB1*03']",0.5059,0.2025809999999999,nan,0,2,2,0.0,0.6666666666666667,1.0,603.1672386167969
166,D0239_RK,kidney,True,AllocationPriority.PRIORITY_7,D0239,AB,NEG,KD,68,Oslo,Norway,166,"['A*01', 'A*03']","['B*07', 'B*44']","['C*01', 'C*03']","['DRB1*03', 'DRB1*04']","['DQA1*03:01', 'DQA1*01:03']","['DQB1*03', 'DQB1*06']","['DPA1*01', 'DPA1*01']","['DPB1*01', 'DPB1*04']","['A1', 'A3']","['B7', 'B12']","['Cw1', 'Cw3']","['DR3', 'DR4']","['DQ3', 'DQ1']","['DQ3', 'DQ1']","['DP1', 'DP1']","['DP1', 'DP4']",Bw4/Bw6,nan,R2631,AB,POS,Kidney,67,Oslo,Norway,131,"['A*01', 'A*01']","['B*07', 'B*15']","['C*07', 'C*07']","['DRB1*04', 'DRB1*11']","['DQA1*02:01', 'DQA1*01:02']","['DQB1*05', 'DQB1*05']","['DPA1*01', 'DPA1*01']","['DPB1*02', 'DPB1*04']","['A1', 'A1']","['B7', 'B15']","['Cw7', 'Cw7']","['DR4', 'DR5']","['DQ2', 'DQ1']","['DQ1', 'DQ1']","['DP1', 'DP1']","['DP2', 'DP4']",Bw4/Bw6,"['DQA1*01:02', 'DPB1*129', 'C*03', 'DPB1*35', 'DPB1*10', 'B*14', 'C*18', 'DQB1*03', 'DPB1*17']",0.7998,0.2002,nan,1,2,3,0.0,0.5,1.0,541.9890541758828
168,D0240_LK,kidney,False,AllocationPriority.PAYBACK,D0240,O,POS,KD,84,Skane,Sweden,168,"['A*24', 'A*02']","['B*07', 'B*08']","['C*07', 'C*05']","['DRB1*07', 'DRB1*13']","['DQA1*05:01', 'DQA1*01:02']","['DQB1*05', 'DQB1*02']","['DPA1*01', 'DPA1*01']","['DPB1*14', 'DPB1*04']","['A9', 'A2']","['B7', 'B8']","['Cw7', 'Cw5']","['DR7', 'DR6']","['DQ1', 'DQ1']","['DQ1', 'DQ2']","['DP1', 'DP1']","['DP14', 'DP4']",Bw4/Bw6,nan,R1330,O,POS,Kidney,82,Copenhagen,Denmark,0,"['A*02', 'A*24']","['B*39', 'B*40']","['C*05', 'C*03']","['DRB1*13', 'DRB1*07']","['DQA1*01:03', 'DQA1*03:01']","['DQB1*06', 'DQB1*06']","['DPA1*01', 'DPA1*01']","['DPB1*04', 'DPB1*04']","['A2', 'A9']","['B16', 'B40']","['Cw5', 'Cw3']","['DR6', 'DR7']","['DQ1', 'DQ3']","['DQ1', 'DQ1']","['DP1', 'DP1']","['DP4', 'DP4']",Bw4/Bw4,"['B*52', 'A*26', 'DPB1*11', 'DPB1*15', 'DRB1*12', 'C*02', 'B*08', 'DPB1*35', 'B*55']",0.2542,0.305778,nan,0,2
168,D0241_LK,kidney,False,AllocationPriority.LOCAL,D0241,A,POS,KD,64,Uppsala,Sweden,168,"['A*24', 'A*02']","['B*40', 'B*51']","['C*08', 'C*01']","['DRB1*07', 'DRB1*03']","['DQA1*03:01', 'DQA1*05:01']","['DQB1*03', 'DQB1*06']","['DPA1*01', 'DPA1*02:02']","['DPB1*05', 'DPB1*04']","['A9', 'A2']","['B40', 'B5']","['Cw8', 'Cw1']","['DR7', 'DR3']","['DQ3', 'DQ1']","['DQ3', 'DQ1']","['DP1', 'DP2']","['DP5', 'DP4']",Bw4/Bw4,nan,R0532,A,POS,Kidney,51,Uppsala,Sweden,0,"['A*02', 'A*24']","['B*37', 'B*15']","['C*07', 'C*04']","['DRB1*07', 'DRB1*03']","['DQA1*01:01', 'DQA1*01:02']","['DQB1*06', 'DQB1*03']","['DPA1*01', 'DPA1*02:02']","['DPB1*02', 'DPB1*04']","['A2', 'A9']","['B37', 'B15']","['Cw7', 'Cw4']","['DR7', 'DR3']","['DQ1', 'DQ1']","['DQ1', 'DQ3']","['DP1', 'DP2']","['DP2', 'DP4']",Bw6/Bw6,[],0.0,0.85,nan,0,2
168,D0240_RK,kidney,True,AllocationPriority.PRIORITY_7,D0240,O,POS,KD,84,Skane,Sweden,168,"['A*24', 'A*02']","['B*07', 'B*08']","['C*07', 'C*05']","['DRB1*07', 'DRB1*13']","['DQA1*05:01', 'DQA1*01:02']","['DQB1*05', 'DQB1*02']","['DPA1*01', 'DPA1*01']","['DPB1*14', 'DPB1*04']","['A9', 'A2']","['B7', 'B8']","['Cw7', 'Cw5']","['DR7', 'DR6']","['DQ1', 'DQ1']","['DQ1', 'DQ2']","['DP1', 'DP1']","['DP14', 'DP4']",Bw4/Bw6,nan,R1932,O,POS,Kidney,68,Skane,Sweden,0,"['A*02', 'A*68']","['B*44', 'B*07']","['C*05', 'C*15']","['DRB1*07', 'DRB1*13']","['DQA1*01:02', 'DQA1*01:02']","['DQB1*03', 'DQB1*03']","['DPA1*01', 'DPA1*02:02']","['DPB1*04', 'DPB1*02']","['A2', 'A28']","['B12', 'B7']","['Cw5', 'Cw15']","['DR7', 'DR6']","['DQ1', 'DQ1']","['DQ3', 'DQ3']","['DP1', 'DP2']","['DP4', 'DP2']",Bw4/Bw6,"['DQA1*03:01', 'B*49', 'DPB1*31', 'B*40', 'B*35', 'A*23']",0.4192,0.2381279999999999,nan,0,2,2,0.0,0.6666666666666667,1.0,603.1672386167969
168,D0241_RK,kidney,True,AllocationPriority.PRIORITY_7,D0241,A,POS,KD,64,Uppsala,Sweden,168,"['A*24', 'A*02']","['B*40', 'B*51']","['C*08', 'C*01']","['DRB1*07', 'DRB1*03']","['DQA1*03:01', 'DQA1*05:01']","['DQB1*03', 'DQB1*06']","['DPA1*01', 'DPA1*02:02']","['DPB1*05', 'DPB1*04']","['A9', 'A2']","['B40', 'B5']","['Cw8', 'Cw1']","['DR7', 'DR3']","['DQ3', 'DQ1']","['DQ3', 'DQ1']","['DP1', 'DP2']","['DP5', 'DP4']",Bw4/Bw4,nan,R2480,A,POS,Kidney,79,Oslo,Norway,81,"['A*02', 'A*24']","['B*38', 'B*51']","['C*15', 'C*08']","['DRB1*07', 'DRB1*03']","['DQA1*03:01', 'DQA1*04:01']","['DQB1*03', 'DQB1*06']","['DPA1*01', 'DPA1*01']","['DPB1*04', 'DPB1*04']","['A2', 'A9']","['B16', 'B5']","['Cw15', 'Cw8']","['DR7', 'DR3']","['DQ3', 'DQ4']","['DQ3', 'DQ1']","['DP1', 'DP1']","['DP4', 'DP4']",Bw6/Bw6,"['B*47', 'DPB1*16', 'DPB1*11', 'DPB1*14', 'B*45', 'A*66', 'A*68']",0.0885,0.774775,nan,0,1,1,384.0748843519863,0.8333333333333334,0.9294264102591078,639.0480021737251
169,D0242_LK,kidney,False,AllocationPriority.LOCAL,D0242,B,POS,KD,36,Aarhus,Denmark,169,"['A*01', 'A*11']","['B*27', 'B*44']","['C*07', 'C*04']","['DRB1*04', 'DRB1*04']","['DQA1*01:02', 'DQA1*02:01']","['DQB1*06', 'DQB1*06']","['DPA1*02:02', 'DPA1*01']","['DPB1*04', 'DPB1*04']","['A1', 'A11']","['B27', 'B12']","['Cw7', 'Cw4']","['DR4', 'DR4']","['DQ1', 'DQ2']","['DQ1', 'DQ1']","['DP2', 'DP1']","['DP4', 'DP4']",Bw4/Bw4,nan,R1067,B,POS,Kidney,53,Aarhus,Denmark,0,"['A*02', 'A*24']","['B*14', 'B*40']","['C*07', 'C*07']","['DRB1*04', 'DRB1*13']","['DQA1*01:02', 'DQA1*01:01']","['DQB1*05', 'DQB1*02']","['DPA1*02:02', 'DPA1*01']","['DPB1*02', 'DPB1*04']","['A2', 'A9']","['B14', 'B40']","['Cw7', 'Cw7']","['DR4', 'DR6']","['DQ1', 'DQ1']","['DQ1', 'DQ2']","['DP2', 'DP1']","['DP2', 'DP4']",Bw4/Bw6,"['B*55', 'DQB1*04', 'DPB1*14', 'DRB1*16', 'DRB1*04', 'DPB1*19', 'C*06', 'B*51', 'C*04']",0.462,0.27976,nan,0,4
169,D0242_RK,kidney,True,AllocationPriority.PRIORITY_7,D0242,B,POS,KD,36,Aarhus,Denmark,169,"['A*01', 'A*11']","['B*27', 'B*44']","['C*07', 'C*04']","['DRB1*04', 'DRB1*04']","['DQA1*01:02', 'DQA1*02:01']","['DQB1*06', 'DQB1*06']","['DPA1*02:02', 'DPA1*01']","['DPB1*04', 'DPB1*04']","['A1', 'A11']","['B27', 'B12']","['Cw7', 'Cw4']","['DR4', 'DR4']","['DQ1', 'DQ2']","['DQ1', 'DQ1']","['DP2', 'DP1']","['DP4', 'DP4']",Bw4/Bw4,nan,R1031,B,POS,Kidney,69,Uppsala,Sweden,0,"['A*01', 'A*11']","['B*44', 'B*40']","['C*07', 'C*05']","['DRB1*08', 'DRB1*04']","['DQA1*05:01', 'DQA1*02:01']","['DQB1*04', 'DQB1*03']","['DPA1*01', 'DPA1*01']","['DPB1*02', 'DPB1*04']","['A1', 'A11']","['B12', 'B40']","['Cw7', 'Cw5']","['DR8', 'DR4']","['DQ1', 'DQ2']","['DQ4', 'DQ3']","['DP1', 'DP1']","['DP2', 'DP4']",Bw4/Bw6,"['A*24', 'DRB1*11', 'DRB1*14', 'B*57', 'DRB1*12']",0.2126,0.409448,nan,0,1,1,599.9344564544632,0.8333333333333334,0.8897623095749205,624.830226761186
171,D0243_LK,kidney,False,AllocationPriority.LOCAL,D0243,A,POS,KD,49,Helsinki,Finland,171,"['A*02', 'A*02']","['B*57', 'B*27']","['C*07', 'C*07']","['DRB1*04', 'DRB1*15']","['DQA1*01:01', 'DQA1*01:03']","['DQB1*06', 'DQB1*05']","['DPA1*01', 'DPA1*01']","['DPB1*02', 'DPB1*03']","['A2', 'A2']","['B17', 'B27']","['Cw7', 'Cw7']","['DR4', 'DR2']","['DQ1', 'DQ1']","['DQ1', 'DQ1']","['DP1', 'DP1']","['DP2', 'DP3']",Bw4/Bw4,nan,R2086,A,POS,Kidney,87,Helsinki,Finland,0,"['A*02', 'A*02']","['B*15', 'B*13']","['C*05', 'C*06']","['DRB1*04', 'DRB1*15']","['DQA1*01:02', 'DQA1*05:01']","['DQB1*03', 'DQB1*05']","['DPA1*01', 'DPA1*02:02']","['DPB1*04', 'DPB1*17']","['A2', 'A2']","['B15', 'B13']","['Cw5', 'Cw6']","['DR4', 'DR2']","['DQ1', 'DQ1']","['DQ3', 'DQ1']","['DP1', 'DP2']","['DP4', 'DP17']",Bw4/Bw4,"['DRB1*16', 'DPB1*35', 'DRB1*08', 'DQA1*01:02', 'DPB1*14', 'B*40', 'B*07', 'DRB1*11']",0.6071,0.333965,nan,0,2
171,D0244_LK,kidney,False,AllocationPriority.PAYBACK,D0244,A,NEG,KD,60,Oslo,Norway,171,"['A*32', 'A*11']","['B*27', 'B*40']","['C*07', 'C*03']","['DRB1*11', 'DRB1*03']","['DQA1*02:01', 'DQA1*01:02']","['DQB1*05', 'DQB1*03']","['DPA1*02:02', 'DPA1*01']","['DPB1*04', 'DPB1*04']","['A19', 'A11']","['B27', 'B40']","['Cw7', 'Cw3']","['DR5', 'DR3']","['DQ2', 'DQ1']","['DQ1', 'DQ3']","['DP2', 'DP1']","['DP4', 'DP4']",Bw4/Bw4,nan,R1210,A,POS,Kidney,71,Gothenburg,Sweden,0,"['A*29', 'A*11']","['B*40', 'B*18']","['C*17', 'C*02']","['DRB1*11', 'DRB1*03']","['DQA1*05:01', 'DQA1*05:01']","['DQB1*03', 'DQB1*06']","['DPA1*01', 'DPA1*01']","['DPB1*02', 'DPB1*02']","['A19', 'A11']","['B40', 'B18']","['Cw17', 'Cw2']","['DR5', 'DR3']","['DQ1', 'DQ1']","['DQ3', 'DQ1']","['DP1', 'DP1']","['DP2', 'DP2']",Bw4/Bw6,[],0.0,0.85,nan,0,1
171,D0245_LK,kidney,False,AllocationPriority.PAYBACK,D0245,O,POS,KD,66,Aarhus,Denmark,171,"['A*25', 'A*68']","['B*35', 'B*35']","['C*16', 'C*01']","['DRB1*03', 'DRB1*14']","['DQA1*05:01', 'DQA1*02:01']","['DQB1*06', 'DQB1*03']","['DPA1*01', 'DPA1*02:02']","['DPB1*04', 'DPB1*04']","['A10', 'A28']","['B35', 'B35']","['Cw16', 'Cw1']","['DR3', 'DR6']","['DQ1', 'DQ2']","['DQ1', 'DQ3']","['DP1', 'DP2']","['DP4', 'DP4']",Bw4/Bw6,nan,R2590,O,NEG,Kidney,77,Gothenburg,Sweden,121,"['A*01', 'A*25']","['B*35', 'B*07']","['C*06', 'C*07']","['DRB1*13', 'DRB1*03']","['DQA1*01:01', 'DQA1*03:01']","['DQB1*03', 'DQB1*02']","['DPA1*02:02', 'DPA1*01']","['DPB1*03', 'DPB1*04']","['A1', 'A10']","['B35', 'B7']","['Cw6', 'Cw7']","['DR6', 'DR3']","['DQ1', 'DQ3']","['DQ3', 'DQ2']","['DP2', 'DP1']","['DP3', 'DP4']",Bw4/Bw6,[],0.0,0.41,nan,0,1
171,D0243_RK,kidney,True,AllocationPriority.PRIORITY_7,D0243,A,POS,KD,49,Helsinki,Finland,171,"['A*02', 'A*02']","['B*57', 'B*27']","['C*07', 'C*07']","['DRB1*04', 'DRB1*15']","['DQA1*01:01', 'DQA1*01:03']","['DQB1*06', 'DQB1*05']","['DPA1*01', 'DPA1*01']","['DPB1*02', 'DPB1*03']","['A2', 'A2']","['B17', 'B27']","['Cw7', 'Cw7']","['DR4', 'DR2']","['DQ1', 'DQ1']","['DQ1', 'DQ1']","['DP1', 'DP1']","['DP2', 'DP3']",Bw4/Bw4,nan,R1961,A,POS,Kidney,86,Helsinki,Finland,0,"['A*02', 'A*02']","['B*27', 'B*57']","['C*03', 'C*16']","['DRB1*08', 'DRB1*04']","['DQA1*01:02', 'DQA1*04:01']","['DQB1*02', 'DQB1*03']","['DPA1*02:02', 'DPA1*01']","['DPB1*04', 'DPB1*11']","['A2', 'A2']","['B27', 'B17']","['Cw3', 'Cw16']","['DR8', 'DR4']","['DQ1', 'DQ4']","['DQ2', 'DQ3']","['DP2', 'DP1']","['DP4', 'DP11']",Bw4/Bw4,[],0.0,0.85,nan,1,0,1,0.0,0.8333333333333334,1.0,664.345423057711
171,D0244_RK,kidney,True,AllocationPriority.PAYBACK,D0244,A,NEG,KD,60,Oslo,Norway,171,"['A*32', 'A*11']","['B*27', 'B*40']","['C*07', 'C*03']","['DRB1*11', 'DRB1*03']","['DQA1*02:01', 'DQA1*01:02']","['DQB1*05', 'DQB1*03']","['DPA1*02:02', 'DPA1*01']","['DPB1*04', 'DPB1*04']","['A19', 'A11']","['B27', 'B40']","['Cw7', 'Cw3']","['DR5', 'DR3']","['DQ2', 'DQ1']","['DQ1', 'DQ3']","['DP2', 'DP1']","['DP4', 'DP4']",Bw4/Bw4,nan,R1444,A,POS,Kidney,84,Skane,Sweden,0,"['A*11', 'A*32']","['B*44', 'B*07']","['C*07', 'C*03']","['DRB1*11', 'DRB1*03']","['DQA1*03:01', 'DQA1*01:01']","['DQB1*02', 'DQB1*05']","['DPA1*02:02', 'DPA1*02:02']","['DPB1*19', 'DPB1*04']","['A11', 'A19']","['B12', 'B7']","['Cw7', 'Cw3']","['DR5', 'DR3']","['DQ3', 'DQ1']","['DQ2', 'DQ1']","['DP2', 'DP2']","['DP19', 'DP4']",Bw4/Bw4,"['B*08', 'B*18', 'C*08']",0.1877,0.690455,nan,0,2
171,D0245_RK,kidney,True,AllocationPriority.PAYBACK,D0245,O,POS,KD,66,Aarhus,Denmark,171,"['A*25', 'A*68']","['B*35', 'B*35']","['C*16', 'C*01']","['DRB1*03', 'DRB1*14']","['DQA1*05:01', 'DQA1*02:01']","['DQB1*06', 'DQB1*03']","['DPA1*01', 'DPA1*02:02']","['DPB1*04', 'DPB1*04']","['A10', 'A28']","['B35', 'B35']","['Cw16', 'Cw1']","['DR3', 'DR6']","['DQ1', 'DQ2']","['DQ1', 'DQ3']","['DP1', 'DP2']","['DP4', 'DP4']",Bw4/Bw6,nan,R2740,A,POS,Kidney,74,Oslo,Norway,169,"['A*32', 'A*03']","['B*08', 'B*44']","['C*07', 'C*05']","['DRB1*09', 'DRB1*03']","['DQA1*03:01', 'DQA1*05:01']","['DQB1*05', 'DQB1*05']","['DPA1*01', 'DPA1*01']","['DPB1*19', 'DPB1*02']","['A19', 'A3']","['B8', 'B12']","['Cw7', 'Cw5']","['DR9', 'DR3']","['DQ3', 'DQ1']","['DQ1', 'DQ1']","['DP1', 'DP1']","['DP19', 'DP2']",Bw4/Bw4,"['DRB1*13', 'B*08', 'DPB1*01', 'DPB1*03', 'C*05', 'DPB1*02', 'DPB1*17', 'DRB1*07', 'B*27']",0.8098,0.16167,nan
172,D0246_LK,kidney,False,AllocationPriority.LOCAL,D0246,A,POS,KD,49,Oslo,Norway,172,"['A*01', 'A*02']","['B*08', 'B*35']","['C*03', 'C*03']","['DRB1*03', 'DRB1*15']","['DQA1*02:01', 'DQA1*01:02']","['DQB1*03', 'DQB1*03']","['DPA1*02:02', 'DPA1*01']","['DPB1*03', 'DPB1*01']","['A1', 'A2']","['B8', 'B35']","['Cw3', 'Cw3']","['DR3', 'DR2']","['DQ2', 'DQ1']","['DQ3', 'DQ3']","['DP2', 'DP1']","['DP3', 'DP1']",Bw6/Bw6,nan,R0740,A,NEG,Kidney,71,Oslo,Norway,0,"['A*03', 'A*02']","['B*18', 'B*08']","['C*03', 'C*03']","['DRB1*15', 'DRB1*03']","['DQA1*03:01', 'DQA1*01:02']","['DQB1*03', 'DQB1*03']","['DPA1*01', 'DPA1*01']","['DPB1*03', 'DPB1*04']","['A3', 'A2']","['B18', 'B8']","['Cw3', 'Cw3']","['DR2', 'DR3']","['DQ3', 'DQ1']","['DQ3', 'DQ3']","['DP1', 'DP1']","['DP3', 'DP4']",Bw6/Bw6,"['DRB1*12', 'DPB1*19', 'B*13', 'C*03', 'A*69', 'A*31', 'A*25', 'DPB1*51', 'B*47']",0.322,0.5763,nan,0,2
172,D0247_LK,kidney,False,AllocationPriority.PAYBACK,D0247,O,POS,KD,50,Helsinki,Finland,172,"['A*02', 'A*01']","['B*44', 'B*40']","['C*06', 'C*02']","['DRB1*07', 'DRB1*04']","['DQA1*01:01', 'DQA1*01:03']","['DQB1*05', 'DQB1*03']","['DPA1*02:02', 'DPA1*01']","['DPB1*04', 'DPB1*15']","['A2', 'A1']","['B12', 'B40']","['Cw6', 'Cw2']","['DR7', 'DR4']","['DQ1', 'DQ1']","['DQ1', 'DQ3']","['DP2', 'DP1']","['DP4', 'DP15']",Bw4/Bw6,nan,R0087,O,POS,Kidney,82,Stockholm,Sweden,0,"['A*02', 'A*03']","['B*40', 'B*44']","['C*07', 'C*07']","['DRB1*04', 'DRB1*07']","['DQA1*05:01', 'DQA1*05:01']","['DQB1*06', 'DQB1*02']","['DPA1*02:02', 'DPA1*01']","['DPB1*03', 'DPB1*04']","['A2', 'A3']","['B40', 'B12']","['Cw7', 'Cw7']","['DR4', 'DR7']","['DQ1', 'DQ1']","['DQ1', 'DQ2']","['DP2', 'DP1']","['DP3', 'DP4']",Bw4/Bw6,[],0.0,0.41,nan,0,1
172,D0246_RK,kidney,True,AllocationPriority.PRIORITY_7,D0246,A,POS,KD,49,Oslo,Norway,172,"['A*01', 'A*02']","['B*08', 'B*35']","['C*03', 'C*03']","['DRB1*03', 'DRB1*15']","['DQA1*02:01', 'DQA1*01:02']","['DQB1*03', 'DQB1*03']","['DPA1*02:02', 'DPA1*01']","['DPB1*03', 'DPB1*01']","['A1', 'A2']","['B8', 'B35']","['Cw3', 'Cw3']","['DR3', 'DR2']","['DQ2', 'DQ1']","['DQ3', 'DQ3']","['DP2', 'DP1']","['DP3', 'DP1']",Bw6/Bw6,nan,R1907,A,POS,Kidney,77,Oslo,Norway,0,"['A*02', 'A*01']","['B*35', 'B*08']","['C*07', 'C*04']","['DRB1*03', 'DRB1*07']","['DQA1*01:01', 'DQA1*02:01']","['DQB1*05', 'DQB1*02']","['DPA1*01', 'DPA1*01']","['DPB1*02', 'DPB1*04']","['A2', 'A1']","['B35', 'B8']","['Cw7', 'Cw4']","['DR3', 'DR7']","['DQ1', 'DQ2']","['DQ1', 'DQ2']","['DP1', 'DP1']","['DP2', 'DP4']",Bw6/Bw6,"['B*49', 'DRB1*11', 'DQA1*06:01', 'DQA1*01:01', 'A*31', 'A*23', 'DPB1*115']",0.2365,0.648975,nan,1,0,1,0.0,0.8333333333333334,1.0,664.345423057711
172,D0247_RK,kidney,True,AllocationPriority.PRIORITY_7,D0247,O,POS,KD,50,Helsinki,Finland,172,"['A*02', 'A*01']","['B*44', 'B*40']","['C*06', 'C*02']","['DRB1*07', 'DRB1*04']","['DQA1*01:01', 'DQA1*01:03']","['DQB1*05', 'DQB1*03']","['DPA1*02:02', 'DPA1*01']","['DPB1*04', 'DPB1*15']","['A2', 'A1']","['B12', 'B40']","['Cw6', 'Cw2']","['DR7', 'DR4']","['DQ1', 'DQ1']","['DQ1', 'DQ3']","['DP2', 'DP1']","['DP4', 'DP15']",Bw4/Bw6,nan,R1831,O,POS,Kidney,83,Helsinki,Finland,0,"['A*01', 'A*02']","['B*40', 'B*44']","['C*06', 'C*03']","['DRB1*04', 'DRB1*14']","['DQA1*01:02', 'DQA1*01:02']","['DQB1*06', 'DQB1*03']","['DPA1*01', 'DPA1*01']","['DPB1*04', 'DPB1*04']","['A1', 'A2']","['B40', 'B12']","['Cw6', 'Cw3']","['DR4', 'DR6']","['DQ1', 'DQ1']","['DQ1', 'DQ3']","['DP1', 'DP1']","['DP4', 'DP4']",Bw4/Bw6,"['C*12', 'DRB1*04', 'A*24', 'A*32', 'B*55', 'DPB1*17', 'C*03', 'A*25', 'DPB1*15']",0.6187,0.1563329999999999,nan,1,0,1,0.0,0.8333333333333334,1.0,664.345423057711
173,D0248_LK,kidney,False,AllocationPriority.PAYBACK,D0248,A,POS,KD,74,Tartu,Estonia,173,"['A*02', 'A*01']","['B*40', 'B*44']","['C*07', 'C*07']","['DRB1*13', 'DRB1*04']","['DQA1*03:01', 'DQA1*05:01']","['DQB1*04', 'DQB1*02']","['DPA1*01', 'DPA1*02:02']","['DPB1*04', 'DPB1*24']","['A2', 'A1']","['B40', 'B12']","['Cw7', 'Cw7']","['DR6', 'DR4']","['DQ3', 'DQ1']","['DQ4', 'DQ2']","['DP1', 'DP2']","['DP4', 'DP24']",Bw4/Bw6,nan,R0383,A,POS,Kidney,90,Oslo,Norway,0,"['A*02', 'A*01']","['B*44', 'B*57']","['C*07', 'C*05']","['DRB1*04', 'DRB1*13']","['DQA1*03:01', 'DQA1*05:01']","['DQB1*02', 'DQB1*03']","['DPA1*02:02', 'DPA1*01']","['DPB1*04', 'DPB1*04']","['A2', 'A1']","['B12', 'B17']","['Cw7', 'Cw5']","['DR4', 'DR6']","['DQ3', 'DQ1']","['DQ2', 'DQ3']","['DP2', 'DP1']","['DP4', 'DP4']",Bw4/Bw4,[],0.0,0.85,nan,0,1
173,D0249_LK,kidney,False,AllocationPriority.PAYBACK,D0249,O,NEG,KD,53,Aarhus,Denmark,173,"['A*02', 'A*02']","['B*13', 'B*44']","['C*07', 'C*07']","['DRB1*03', 'DRB1*03']","['DQA1*01:01', 'DQA1*02:01']","['DQB1*06', 'DQB1*06']","['DPA1*01', 'DPA1*01']","['DPB1*17', 'DPB1*04']","['A2', 'A2']","['B13', 'B12']","['Cw7', 'Cw7']","['DR3', 'DR3']","['DQ1', 'DQ2']","['DQ1', 'DQ1']","['DP1', 'DP1']","['DP17', 'DP4']",Bw4/Bw4,nan,R1200,O,POS,Kidney,74,Gothenburg,Sweden,0,"['A*02', 'A*02']","['B*44', 'B*13']","['C*01', 'C*14']","['DRB1*15', 'DRB1*03']","['DQA1*02:01', 'DQA1*01:03']","['DQB1*04', 'DQB1*03']","['DPA1*02:02', 'DPA1*01']","['DPB1*04', 'DPB1*13']","['A2', 'A2']","['B12', 'B13']","['Cw1', 'Cw14']","['DR2', 'DR3']","['DQ2', 'DQ1']","['DQ4', 'DQ3']","['DP2', 'DP1']","['DP4', 'DP13']",Bw4/Bw4,[],0.0,0.41,nan,0,0
173,D0250_LK,kidney,False,AllocationPriority.PAYBACK,D0250,O,POS,KD,64,Helsinki,Finland,173,"['A*01', 'A*02']","['B*07', 'B*27']","['C*03', 'C*03']","['DRB1*03', 'DRB1*01']","['DQA1*01:01', 'DQA1*03:01']","['DQB1*02', 'DQB1*03']","['DPA1*01', 'DPA1*01']","['DPB1*04', 'DPB1*02']","['A1', 'A2']","['B7', 'B27']","['Cw3', 'Cw3']","['DR3', 'DR1']","['DQ1', 'DQ3']","['DQ2', 'DQ3']","['DP1', 'DP1']","['DP4', 'DP2']",Bw4/Bw6,nan,R0732,O,POS,Kidney,73,Oslo,Norway,0,"['A*02', 'A*01']","['B*08', 'B*15']","['C*07', 'C*02']","['DRB1*01', 'DRB1*03']","['DQA1*03:01', 'DQA1*05:01']","['DQB1*02', 'DQB1*03']","['DPA1*01', 'DPA1*01']","['DPB1*03', 'DPB1*03']","['A2', 'A1']","['B8', 'B15']","['Cw7', 'Cw2']","['DR1', 'DR3']","['DQ3', 'DQ1']","['DQ2', 'DQ3']","['DP1', 'DP1']","['DP3', 'DP3']",Bw4/Bw6,[],0.0,0.41,nan,0,2
173,D0248_RK,kidney,True,AllocationPriority.PRIORITY_7,D0248,A,POS,KD,74,Tartu,Estonia,173,"['A*02', 'A*01']","['B*40', 'B*44']","['C*07', 'C*07']","['DRB1*13', 'DRB1*04']","['DQA1*03:01', 'DQA1*05:01']","['DQB1*04', 'DQB1*02']","['DPA1*01', 'DPA1*02:02']","['DPB1*04', 'DPB1*24']","['A2', 'A1']","['B40', 'B12']","['Cw7', 'Cw7']","['DR6', 'DR4']","['DQ3', 'DQ1']","['DQ4', 'DQ2']","['DP1', 'DP2']","['DP4', 'DP24']",Bw4/Bw6,nan,R0189,A,NEG,Kidney,79,Helsinki,Finland,0,"['A*24', 'A*02']","['B*44', 'B*55']","['C*06', 'C*07']","['DRB1*13', 'DRB1*04']","['DQA1*01:02', 'DQA1*01:03']","['DQB1*06', 'DQB1*02']","['DPA1*02:02', 'DPA1*01']","['DPB1*04', 'DPB1*04']","['A9', 'A2']","['B12', 'B22']","['Cw6', 'Cw7']","['DR6', 'DR4']","['DQ1', 'DQ1']","['DQ1', 'DQ2']","['DP2', 'DP1']","['DP4', 'DP4']",Bw4/Bw4,"['A*30', 'B*13', 'DPA1*02:02', 'B*57', 'DRB1*04', 'DPB1*129', 'B*46', 'DQB1*02', 'DPB1*35']",0.584,0.3536,nan,0,2,2,223.77640682897163,0.6666666666666667,0.958881184444319,588.4280141111129
173,D0249_RK,kidney,True,AllocationPriority.PAYBACK,D0249,O,NEG,KD,53,Aarhus,Denmark,173,"['A*02', 'A*02']","['B*13', 'B*44']","['C*07', 'C*07']","['DRB1*03', 'DRB1*03']","['DQA1*01:01', 'DQA1*02:01']","['DQB1*06', 'DQB1*06']","['DPA1*01', 'DPA1*01']","['DPB1*17', 'DPB1*04']","['A2', 'A2']","['B13', 'B12']","['Cw7', 'Cw7']","['DR3', 'DR3']","['DQ1', 'DQ2']","['DQ1', 'DQ1']","['DP1', 'DP1']","['DP17', 'DP4']",Bw4/Bw4,nan,R0490,O,POS,Kidney,81,Gothenburg,Sweden,0,"['A*03', 'A*02']","['B*44', 'B*40']","['C*07', 'C*12']","['DRB1*03', 'DRB1*15']","['DQA1*02:01', 'DQA1*01:01']","['DQB1*05', 'DQB1*03']","['DPA1*01', 'DPA1*01']","['DPB1*04', 'DPB1*04']","['A3', 'A2']","['B12', 'B40']","['Cw7', 'Cw12']","['DR3', 'DR2']","['DQ2', 'DQ1']","['DQ1', 'DQ3']","['DP1', 'DP1']","['DP4', 'DP4']",Bw4/Bw6,"['DQA1*01:03', 'DPB1*05', 'DPB1*03']",0.208,0.32472,nan,0,1
173,D0250_RK,kidney,True,AllocationPriority.PRIORITY_7,D0250,O,POS,KD,64,Helsinki,Finland,173,"['A*01', 'A*02']","['B*07', 'B*27']","['C*03', 'C*03']","['DRB1*03', 'DRB1*01']","['DQA1*01:01', 'DQA1*03:01']","['DQB1*02', 'DQB1*03']","['DPA1*01', 'DPA1*01']","['DPB1*04', 'DPB1*02']","['A1', 'A2']","['B7', 'B27']","['Cw3', 'Cw3']","['DR3', 'DR1']","['DQ1', 'DQ3']","['DQ2', 'DQ3']","['DP1', 'DP1']","['DP4', 'DP2']",Bw4/Bw6,nan,R0204,O,POS,Kidney,89,Oslo,Norway,0,"['A*02', 'A*01']","['B*27', 'B*07']","['C*07', 'C*02']","['DRB1*15', 'DRB1*01']","['DQA1*01:01', 'DQA1*04:01']","['DQB1*06', 'DQB1*03']","['DPA1*01', 'DPA1*02:02']","['DPB1*01', 'DPB1*02']","['A2', 'A1']","['B27', 'B7']","['Cw7', 'Cw2']","['DR2', 'DR1']","['DQ1', 'DQ4']","['DQ1', 'DQ3']","['DP1', 'DP2']","['DP1', 'DP2']",Bw4/Bw6,"['C*01', 'B*15', 'DQA1*03:01', 'DPB1*14', 'A*30', 'C*12', 'A*26', 'DPB1*31', 'DQA1*06:01']",0.418,0.23862,nan,1,0,1,786.5519919158309,0.8333333333333334,0.8554714201606649,612.5385031123888
174,D0251_LK,kidney,False,AllocationPriority.LOCAL,D0251,A,POS,KD,47,Tartu,Estonia,174,"['A*02', 'A*02']","['B*08', 'B*40']","['C*04', 'C*02']","['DRB1*03', 'DRB1*14']","['DQA1*05:01', 'DQA1*03:01']","['DQB1*02', 'DQB1*03']","['DPA1*01', 'DPA1*01']","['DPB1*04', 'DPB1*02']","['A2', 'A2']","['B8', 'B40']","['Cw4', 'Cw2']","['DR3', 'DR6']","['DQ1', 'DQ3']","['DQ2', 'DQ3']","['DP1', 'DP1']","['DP4', 'DP2']",Bw6/Bw6,nan,R2254,A,POS,Kidney,72,Tartu,Estonia,13,"['A*24', 'A*02']","['B*51', 'B*44']","['C*02', 'C*07']","['DRB1*03', 'DRB1*13']","['DQA1*02:01', 'DQA1*01:01']","['DQB1*03', 'DQB1*05']","['DPA1*01', 'DPA1*01']","['DPB1*04', 'DPB1*04']","['A9', 'A2']","['B5', 'B12']","['Cw2', 'Cw7']","['DR3', 'DR6']","['DQ2', 'DQ1']","['DQ3', 'DQ1']","['DP1', 'DP1']","['DP4', 'DP4']",Bw6/Bw6,[],0.0,0.85,nan,0,2
174,D0252_LK,kidney,False,AllocationPriority.PAYBACK,D0252,O,POS,KD,77,Oslo,Norway,174,"['A*24', 'A*02']","['B*44', 'B*44']","['C*07', 'C*05']","['DRB1*09', 'DRB1*03']","['DQA1*01:01', 'DQA1*05:01']","['DQB1*03', 'DQB1*06']","['DPA1*01', 'DPA1*02:02']","['DPB1*04', 'DPB1*04']","['A9', 'A2']","['B12', 'B12']","['Cw7', 'Cw5']","['DR9', 'DR3']","['DQ1', 'DQ1']","['DQ3', 'DQ1']","['DP1', 'DP2']","['DP4', 'DP4']",Bw6/Bw6,nan,R0417,O,POS,Kidney,28,Gothenburg,Sweden,0,"['A*02', 'A*11']","['B*39', 'B*08']","['C*03', 'C*04']","['DRB1*09', 'DRB1*03']","['DQA1*05:01', 'DQA1*05:01']","['DQB1*06', 'DQB1*06']","['DPA1*01', 'DPA1*01']","['DPB1*04', 'DPB1*04']","['A2', 'A11']","['B16', 'B8']","['Cw3', 'Cw4']","['DR9', 'DR3']","['DQ1', 'DQ1']","['DQ1', 'DQ1']","['DP1', 'DP1']","['DP4', 'DP4']",Bw4/Bw6,"['DQB1*04', 'DPB1*03', 'B*07', 'A*24', 'DPB1*05', 'DRB1*04', 'DPB1*15']",0.6343,0.1499369999999999,nan,0,3
174,D0251_RK,kidney,True,AllocationPriority.PRIORITY_7,D0251,A,POS,KD,47,Tartu,Estonia,174,"['A*02', 'A*02']","['B*08', 'B*40']","['C*04', 'C*02']","['DRB1*03', 'DRB1*14']","['DQA1*05:01', 'DQA1*03:01']","['DQB1*02', 'DQB1*03']","['DPA1*01', 'DPA1*01']","['DPB1*04', 'DPB1*02']","['A2', 'A2']","['B8', 'B40']","['Cw4', 'Cw2']","['DR3', 'DR6']","['DQ1', 'DQ3']","['DQ2', 'DQ3']","['DP1', 'DP1']","['DP4', 'DP2']",Bw6/Bw6,nan,R2662,A,POS,Kidney,89,Copenhagen,Denmark,141,"['A*02', 'A*11']","['B*40', 'B*08']","['C*04', 'C*02']","['DRB1*03', 'DRB1*14']","['DQA1*03:01', 'DQA1*02:01']","['DQB1*06', 'DQB1*02']","['DPA1*01', 'DPA1*02:02']","['DPB1*04', 'DPB1*04']","['A2', 'A11']","['B40', 'B8']","['Cw4', 'Cw2']","['DR3', 'DR6']","['DQ3', 'DQ2']","['DQ1', 'DQ2']","['DP1', 'DP2']","['DP4', 'DP4']",Bw6/Bw6,[],0.0,0.85,nan,0,0,0,906.0329022103791,1.0,0.833516855859428,665.8469751652549
174,D0252_RK,kidney,True,AllocationPriority.PAYBACK,D0252,O,POS,KD,77,Oslo,Norway,174,"['A*24', 'A*02']","['B*44', 'B*44']","['C*07', 'C*05']","['DRB1*09', 'DRB1*03']","['DQA1*01:01', 'DQA1*05:01']","['DQB1*03', 'DQB1*06']","['DPA1*01', 'DPA1*02:02']","['DPB1*04', 'DPB1*04']","['A9', 'A2']","['B12', 'B12']","['Cw7', 'Cw5']","['DR9', 'DR3']","['DQ1', 'DQ1']","['DQ3', 'DQ1']","['DP1', 'DP2']","['DP4', 'DP4']",Bw6/Bw6,nan,R2472,O,POS,Kidney,37,Oslo,Norway,78,"['A*02', 'A*02']","['B*40', 'B*40']","['C*14', 'C*01']","['DRB1*03', 'DRB1*09']","['DQA1*03:01', 'DQA1*03:01']","['DQB1*03', 'DQB1*03']","['DPA1*01', 'DPA1*01']","['DPB1*04', 'DPB1*04']","['A2', 'A2']","['B40', 'B40']","['Cw14', 'Cw1']","['DR3', 'DR9']","['DQ3', 'DQ3']","['DQ3', 'DQ3']","['DP1', 'DP1']","['DP4', 'DP4']",Bw6/Bw6,[],0.0,0.41,nan,0,3
175,D0253_LK,kidney,False,AllocationPriority.PAYBACK,D0253,A,POS,KD,67,Helsinki,Finland,175,"['A*31', 'A*02']","['B*07', 'B*44']","['C*03', 'C*03']","['DRB1*01', 'DRB1*14']","['DQA1*01:02', 'DQA1*01:02']","['DQB1*03', 'DQB1*06']","['DPA1*01', 'DPA1*01']","['DPB1*04', 'DPB1*04']","['A19', 'A2']","['B7', 'B12']","['Cw3', 'Cw3']","['DR1', 'DR6']","['DQ1', 'DQ1']","['DQ3', 'DQ1']","['DP1', 'DP1']","['DP4', 'DP4']",Bw4/Bw4,nan,R0408,A,POS,Kidney,63,Odense,Denmark,0,"['A*29', 'A*02']","['B*40', 'B*08']","['C*07', 'C*03']","['DRB1*13', 'DRB1*01']","['DQA1*01:01', 'DQA1*05:01']","['DQB1*03', 'DQB1*02']","['DPA1*02:02', 'DPA1*01']","['DPB1*04', 'DPB1*04']","['A19', 'A2']","['B40', 'B8']","['Cw7', 'Cw3']","['DR6', 'DR1']","['DQ1', 'DQ1']","['DQ3', 'DQ2']","['DP2', 'DP1']","['DP4', 'DP4']",Bw4/Bw6,[],0.0,0.85,nan,0,2
175,D0253_RK,kidney,True,AllocationPriority.PRIORITY_7,D0253,A,POS,KD,67,Helsinki,Finland,175,"['A*31', 'A*02']","['B*07', 'B*44']","['C*03', 'C*03']","['DRB1*01', 'DRB1*14']","['DQA1*01:02', 'DQA1*01:02']","['DQB1*03', 'DQB1*06']","['DPA1*01', 'DPA1*01']","['DPB1*04', 'DPB1*04']","['A19', 'A2']","['B7', 'B12']","['Cw3', 'Cw3']","['DR1', 'DR6']","['DQ1', 'DQ1']","['DQ3', 'DQ1']","['DP1', 'DP1']","['DP4', 'DP4']",Bw4/Bw4,nan,R1825,A,POS,Kidney,71,Stockholm,Sweden,0,"['A*31', 'A*02']","['B*07', 'B*08']","['C*07', 'C*07']","['DRB1*01', 'DRB1*01']","['DQA1*05:01', 'DQA1*01:02']","['DQB1*03', 'DQB1*06']","['DPA1*02:02', 'DPA1*01']","['DPB1*04', 'DPB1*11']","['A19', 'A2']","['B7', 'B8']","['Cw7', 'Cw7']","['DR1', 'DR1']","['DQ1', 'DQ1']","['DQ3', 'DQ1']","['DP2', 'DP1']","['DP4', 'DP11']",Bw4/Bw6,[],0.0,0.85,nan,1,1,2,395.64825735091034,0.6666666666666667,0.9272998081009831,577.1075276177072
176,D0254_LK,kidney,False,AllocationPriority.LOCAL,D0254,A,NEG,KD,24,Gothenburg,Sweden,176,"['A*02', 'A*25']","['B*15', 'B*18']","['C*01', 'C*06']","['DRB1*04', 'DRB1*13']","['DQA1*02:01', 'DQA1*04:01']","['DQB1*06', 'DQB1*02']","['DPA1*01', 'DPA1*01']","['DPB1*02', 'DPB1*01']","['A2', 'A10']","['B15', 'B18']","['Cw1', 'Cw6']","['DR4', 'DR6']","['DQ2', 'DQ4']","['DQ1', 'DQ2']","['DP1', 'DP1']","['DP2', 'DP1']",Bw4/Bw4,nan,R1026,A,POS,Kidney,73,Gothenburg,Sweden,0,"['A*24', 'A*02']","['B*13', 'B*15']","['C*07', 'C*07']","['DRB1*13', 'DRB1*04']","['DQA1*03:01', 'DQA1*03:01']","['DQB1*03', 'DQB1*02']","['DPA1*01', 'DPA1*01']","['DPB1*04', 'DPB1*04']","['A9', 'A2']","['B13', 'B15']","['Cw7', 'Cw7']","['DR6', 'DR4']","['DQ3', 'DQ3']","['DQ3', 'DQ2']","['DP1', 'DP1']","['DP4', 'DP4']",Bw6/Bw6,"['DPB1*11', 'B*51', 'DPB1*23', 'A*31', 'A*34', 'C*03', 'DQA1*01:03', 'B*37']",0.3901,0.518415,nan,0,2
176,D0254_RK,kidney,True,AllocationPriority.PRIORITY_7,D0254,A,NEG,KD,24,Gothenburg,Sweden,176,"['A*02', 'A*25']","['B*15', 'B*18']","['C*01', 'C*06']","['DRB1*04', 'DRB1*13']","['DQA1*02:01', 'DQA1*04:01']","['DQB1*06', 'DQB1*02']","['DPA1*01', 'DPA1*01']","['DPB1*02', 'DPB1*01']","['A2', 'A10']","['B15', 'B18']","['Cw1', 'Cw6']","['DR4', 'DR6']","['DQ2', 'DQ4']","['DQ1', 'DQ2']","['DP1', 'DP1']","['DP2', 'DP1']",Bw4/Bw4,nan,R0523,A,POS,Kidney,54,Copenhagen,Denmark,0,"['A*02', 'A*24']","['B*27', 'B*18']","['C*07', 'C*05']","['DRB1*13', 'DRB1*04']","['DQA1*01:02', 'DQA1*01:03']","['DQB1*03', 'DQB1*03']","['DPA1*01', 'DPA1*02:02']","['DPB1*03', 'DPB1*04']","['A2', 'A9']","['B27', 'B18']","['Cw7', 'Cw5']","['DR6', 'DR4']","['DQ1', 'DQ1']","['DQ3', 'DQ3']","['DP1', 'DP2']","['DP3', 'DP4']",Bw4/Bw4,[],0.0,0.85,nan,0,2,2,228.9232004239295,0.6666666666666667,0.9579354634027974,588.089016147228
179,D0255_LK,kidney,False,AllocationPriority.PAYBACK,D0255,A,POS,KD,48,Copenhagen,Denmark,179,"['A*02', 'A*03']","['B*07', 'B*35']","['C*07', 'C*04']","['DRB1*04', 'DRB1*04']","['DQA1*01:02', 'DQA1*01:02']","['DQB1*06', 'DQB1*06']","['DPA1*02:02', 'DPA1*01']","['DPB1*05', 'DPB1*03']","['A2', 'A3']","['B7', 'B35']","['Cw7', 'Cw4']","['DR4', 'DR4']","['DQ1', 'DQ1']","['DQ1', 'DQ1']","['DP2', 'DP1']","['DP5', 'DP3']",Bw6/Bw6,nan,R2376,A,POS,Kidney,55,Skane,Sweden,50,"['A*02', 'A*03']","['B*07', 'B*35']","['C*04', 'C*07']","['DRB1*07', 'DRB1*04']","['DQA1*01:02', 'DQA1*05:01']","['DQB1*06', 'DQB1*04']","['DPA1*01', 'DPA1*01']","['DPB1*04', 'DPB1*04']","['A2', 'A3']","['B7', 'B35']","['Cw4', 'Cw7']","['DR7', 'DR4']","['DQ1', 'DQ1']","['DQ1', 'DQ4']","['DP1', 'DP1']","['DP4', 'DP4']",Bw6/Bw6,[],0.0,0.85,nan,0,0
179,D0256_LK,kidney,False,AllocationPriority.PAYBACK,D0256,B,POS,KD,74,Gothenburg,Sweden,179,"['A*02', 'A*02']","['B*35', 'B*07']","['C*03', 'C*07']","['DRB1*03', 'DRB1*11']","['DQA1*05:01', 'DQA1*01:01']","['DQB1*02', 'DQB1*03']","['DPA1*02:02', 'DPA1*01']","['DPB1*04', 'DPB1*04']","['A2', 'A2']","['B35', 'B7']","['Cw3', 'Cw7']","['DR3', 'DR5']","['DQ1', 'DQ1']","['DQ2', 'DQ3']","['DP2', 'DP1']","['DP4', 'DP4']",Bw6/Bw6,nan,R0890,B,NEG,Kidney,50,Oslo,Norway,0,"['A*02', 'A*25']","['B*40', 'B*07']","['C*14', 'C*07']","['DRB1*03', 'DRB1*12']","['DQA1*01:01', 'DQA1*03:01']","['DQB1*06', 'DQB1*02']","['DPA1*01', 'DPA1*02:02']","['DPB1*11', 'DPB1*03']","['A2', 'A10']","['B40', 'B7']","['Cw14', 'Cw7']","['DR3', 'DR5']","['DQ1', 'DQ3']","['DQ1', 'DQ2']","['DP1', 'DP2']","['DP11', 'DP3']",Bw4/Bw6,[],0.0,0.52,nan,0,1
179,D0255_RK,kidney,True,AllocationPriority.PAYBACK,D0255,A,POS,KD,48,Copenhagen,Denmark,179,"['A*02', 'A*03']","['B*07', 'B*35']","['C*07', 'C*04']","['DRB1*04', 'DRB1*04']","['DQA1*01:02', 'DQA1*01:02']","['DQB1*06', 'DQB1*06']","['DPA1*02:02', 'DPA1*01']","['DPB1*05', 'DPB1*03']","['A2', 'A3']","['B7', 'B35']","['Cw7', 'Cw4']","['DR4', 'DR4']","['DQ1', 'DQ1']","['DQ1', 'DQ1']","['DP2', 'DP1']","['DP5', 'DP3']",Bw6/Bw6,nan,R0605,A,POS,Kidney,74,Oslo,Norway,0,"['A*02', 'A*03']","['B*07', 'B*07']","['C*04', 'C*07']","['DRB1*03', 'DRB1*04']","['DQA1*04:01', 'DQA1*05:01']","['DQB1*02', 'DQB1*03']","['DPA1*01', 'DPA1*01']","['DPB1*04', 'DPB1*04']","['A2', 'A3']","['B7', 'B7']","['Cw4', 'Cw7']","['DR3', 'DR4']","['DQ4', 'DQ1']","['DQ2', 'DQ3']","['DP1', 'DP1']","['DP4', 'DP4']",Bw6/Bw6,[],0.0,0.85,nan,0,1
179,D0256_RK,kidney,True,AllocationPriority.PRIORITY_7,D0256,B,POS,KD,74,Gothenburg,Sweden,179,"['A*02', 'A*02']","['B*35', 'B*07']","['C*03', 'C*07']","['DRB1*03', 'DRB1*11']","['DQA1*05:01', 'DQA1*01:01']","['DQB1*02', 'DQB1*03']","['DPA1*02:02', 'DPA1*01']","['DPB1*04', 'DPB1*04']","['A2', 'A2']","['B35', 'B7']","['Cw3', 'Cw7']","['DR3', 'DR5']","['DQ1', 'DQ1']","['DQ2', 'DQ3']","['DP2', 'DP1']","['DP4', 'DP4']",Bw6/Bw6,nan,R0016,B,POS,Kidney,70,Gothenburg,Sweden,0,"['A*02', 'A*02']","['B*27', 'B*13']","['C*03', 'C*04']","['DRB1*11', 'DRB1*03']","['DQA1*02:01', 'DQA1*01:03']","['DQB1*03', 'DQB1*02']","['DPA1*01', 'DPA1*02:02']","['DPB1*04', 'DPB1*04']","['A2', 'A2']","['B27', 'B13']","['Cw3', 'Cw4']","['DR5', 'DR3']","['DQ2', 'DQ1']","['DQ3', 'DQ2']","['DP1', 'DP2']","['DP4', 'DP4']",Bw4/Bw4,[],0.0,0.52,nan,0,2,2,0.0,0.6666666666666667,1.0,603.1672386167969
182,D0257_LK,kidney,False,AllocationPriority.LOCAL,D0257,O,POS,KD,61,Helsinki,Finland,182,"['A*02', 'A*02']","['B*14', 'B*08']","['C*07', 'C*03']","['DRB1*15', 'DRB1*01']","['DQA1*02:01', 'DQA1*01:01']","['DQB1*02', 'DQB1*02']","['DPA1*01', 'DPA1*01']","['DPB1*01', 'DPB1*02']","['A2', 'A2']","['B14', 'B8']","['Cw7', 'Cw3']","['DR2', 'DR1']","['DQ2', 'DQ1']","['DQ2', 'DQ2']","['DP1', 'DP1']","['DP1', 'DP2']",Bw6/Bw6,nan,R2693,O,POS,Kidney,73,Helsinki,Finland,152,"['A*02', 'A*25']","['B*15', 'B*44']","['C*06', 'C*03']","['DRB1*08', 'DRB1*04']","['DQA1*01:03', 'DQA1*01:02']","['DQB1*03', 'DQB1*03']","['DPA1*01', 'DPA1*01']","['DPB1*16', 'DPB1*04']","['A2', 'A10']","['B15', 'B12']","['Cw6', 'Cw3']","['DR8', 'DR4']","['DQ1', 'DQ1']","['DQ3', 'DQ3']","['DP1', 'DP1']","['DP16', 'DP4']",Bw6/Bw6,"['B*54', 'DQB1*04', 'B*57', 'B*50', 'DPA1*02:02', 'DQB1*05', 'DQB1*03', 'DRB1*04', 'A*30']",0.8865,0.0465349999999999,nan
182,D0258_LK,kidney,False,AllocationPriority.LOCAL,D0258,O,NEG,KD,37,Helsinki,Finland,182,"['A*02', 'A*24']","['B*37', 'B*35']","['C*03', 'C*07']","['DRB1*07', 'DRB1*11']","['DQA1*01:03', 'DQA1*03:01']","['DQB1*05', 'DQB1*03']","['DPA1*01', 'DPA1*01']","['DPB1*02', 'DPB1*04']","['A2', 'A9']","['B37', 'B35']","['Cw3', 'Cw7']","['DR7', 'DR5']","['DQ1', 'DQ3']","['DQ1', 'DQ3']","['DP1', 'DP1']","['DP2', 'DP4']",Bw4/Bw4,nan,R1828,O,NEG,Kidney,32,Helsinki,Finland,0,"['A*02', 'A*24']","['B*35', 'B*08']","['C*01', 'C*07']","['DRB1*11', 'DRB1*11']","['DQA1*03:01', 'DQA1*01:01']","['DQB1*03', 'DQB1*03']","['DPA1*01', 'DPA1*02:02']","['DPB1*04', 'DPB1*04']","['A2', 'A9']","['B35', 'B8']","['Cw1', 'Cw7']","['DR5', 'DR5']","['DQ3', 'DQ1']","['DQ3', 'DQ3']","['DP1', 'DP2']","['DP4', 'DP4']",Bw4/Bw6,"['B*47', 'B*53', 'DPB1*14', 'B*15', 'DQB1*05', 'A*03', 'DPB1*24', 'DRB1*12', 'DRB1*03']",0.5724,0.175316,nan,1,1
182,D0259_LK,kidney,False,AllocationPriority.LOCAL,D0259,B,POS,KD,31,Helsinki,Finland,182,"['A*30', 'A*23']","['B*27', 'B*07']","['C*07', 'C*07']","['DRB1*04', 'DRB1*01']","['DQA1*01:02', 'DQA1*02:01']","['DQB1*03', 'DQB1*05']","['DPA1*01', 'DPA1*01']","['DPB1*01', 'DPB1*04']","['A19', 'A9']","['B27', 'B7']","['Cw7', 'Cw7']","['DR4', 'DR1']","['DQ1', 'DQ2']","['DQ3', 'DQ1']","['DP1', 'DP1']","['DP1', 'DP4']",Bw6/Bw6,nan,R1207,B,POS,Kidney,62,Helsinki,Finland,0,"['A*32', 'A*24']","['B*15', 'B*40']","['C*03', 'C*07']","['DRB1*04', 'DRB1*11']","['DQA1*02:01', 'DQA1*05:01']","['DQB1*05', 'DQB1*06']","['DPA1*02:02', 'DPA1*02:02']","['DPB1*04', 'DPB1*04']","['A19', 'A9']","['B15', 'B40']","['Cw3', 'Cw7']","['DR4', 'DR5']","['DQ2', 'DQ1']","['DQ1', 'DQ1']","['DP2', 'DP2']","['DP4', 'DP4']",Bw6/Bw6,"['C*04', 'B*44', 'C*14', 'B*08', 'DQA1*03:01', 'B*54', 'B*73', 'DPB1*17', 'B*52']",0.5653,0.226044,nan,1,2
182,D0257_RK,kidney,True,AllocationPriority.PRIORITY_7,D0257,O,POS,KD,61,Helsinki,Finland,182,"['A*02', 'A*02']","['B*14', 'B*08']","['C*07', 'C*03']","['DRB1*15', 'DRB1*01']","['DQA1*02:01', 'DQA1*01:01']","['DQB1*02', 'DQB1*02']","['DPA1*01', 'DPA1*01']","['DPB1*01', 'DPB1*02']","['A2', 'A2']","['B14', 'B8']","['Cw7', 'Cw3']","['DR2', 'DR1']","['DQ2', 'DQ1']","['DQ2', 'DQ2']","['DP1', 'DP1']","['DP1', 'DP2']",Bw6/Bw6,nan,R1677,O,POS,Kidney,64,Stockholm,Sweden,0,"['A*02', 'A*29']","['B*14', 'B*08']","['C*03', 'C*05']","['DRB1*04', 'DRB1*15']","['DQA1*05:01', 'DQA1*01:02']","['DQB1*05', 'DQB1*02']","['DPA1*01', 'DPA1*01']","['DPB1*16', 'DPB1*02']","['A2', 'A19']","['B14', 'B8']","['Cw3', 'Cw5']","['DR4', 'DR2']","['DQ1', 'DQ1']","['DQ1', 'DQ2']","['DP1', 'DP1']","['DP16', 'DP2']",Bw4/Bw6,[],0.0,0.41,nan,1,0,1,395.64825735091034,0.8333333333333334,0.9272998081009831,638.2857120586214
182,D0258_RK,kidney,True,AllocationPriority.PRIORITY_7,D0258,O,NEG,KD,37,Helsinki,Finland,182,"['A*02', 'A*24']","['B*37', 'B*35']","['C*03', 'C*07']","['DRB1*07', 'DRB1*11']","['DQA1*01:03', 'DQA1*03:01']","['DQB1*05', 'DQB1*03']","['DPA1*01', 'DPA1*01']","['DPB1*02', 'DPB1*04']","['A2', 'A9']","['B37', 'B35']","['Cw3', 'Cw7']","['DR7', 'DR5']","['DQ1', 'DQ3']","['DQ1', 'DQ3']","['DP1', 'DP1']","['DP2', 'DP4']",Bw4/Bw4,nan,R2046,O,NEG,Kidney,73,Stockholm,Sweden,0,"['A*24', 'A*02']","['B*35', 'B*07']","['C*07', 'C*05']","['DRB1*13', 'DRB1*11']","['DQA1*05:01', 'DQA1*02:01']","['DQB1*03', 'DQB1*04']","['DPA1*01', 'DPA1*01']","['DPB1*04', 'DPB1*04']","['A9', 'A2']","['B35', 'B7']","['Cw7', 'Cw5']","['DR6', 'DR5']","['DQ1', 'DQ2']","['DQ3', 'DQ4']","['DP1', 'DP1']","['DP4', 'DP4']",Bw4/Bw6,[],0.0,0.41,nan,1,1,2,395.64825735091034,0.6666666666666667,0.9272998081009831,577.1075276177072
182,D0259_RK,kidney,True,AllocationPriority.PRIORITY_7,D0259,B,POS,KD,31,Helsinki,Finland,182,"['A*30', 'A*23']","['B*27', 'B*07']","['C*07', 'C*07']","['DRB1*04', 'DRB1*01']","['DQA1*01:02', 'DQA1*02:01']","['DQB1*03', 'DQB1*05']","['DPA1*01', 'DPA1*01']","['DPB1*01', 'DPB1*04']","['A19', 'A9']","['B27', 'B7']","['Cw7', 'Cw7']","['DR4', 'DR1']","['DQ1', 'DQ2']","['DQ3', 'DQ1']","['DP1', 'DP1']","['DP1', 'DP4']",Bw6/Bw6,nan,R1181,B,POS,Kidney,66,Stockholm,Sweden,0,"['A*03', 'A*02']","['B*07', 'B*27']","['C*07', 'C*03']","['DRB1*07', 'DRB1*04']","['DQA1*01:01', 'DQA1*01:02']","['DQB1*03', 'DQB1*02']","['DPA1*01', 'DPA1*01']","['DPB1*19', 'DPB1*05']","['A3', 'A2']","['B7', 'B27']","['Cw7', 'Cw3']","['DR7', 'DR4']","['DQ1', 'DQ1']","['DQ3', 'DQ2']","['DP1', 'DP1']","['DP19', 'DP5']",Bw4/Bw6,[],0.0,0.52,nan,1,2,3,395.64825735091034,0.5,0.9272998081009831,515.929343176793
183,D0260_LK,kidney,False,AllocationPriority.PAYBACK,D0260,O,POS,KD,43,Gothenburg,Sweden,183,"['A*02', 'A*02']","['B*44', 'B*57']","['C*07', 'C*07']","['DRB1*13', 'DRB1*07']","['DQA1*02:01', 'DQA1*02:01']","['DQB1*03', 'DQB1*05']","['DPA1*01', 'DPA1*01']","['DPB1*04', 'DPB1*03']","['A2', 'A2']","['B12', 'B17']","['Cw7', 'Cw7']","['DR6', 'DR7']","['DQ2', 'DQ2']","['DQ3', 'DQ1']","['DP1', 'DP1']","['DP4', 'DP3']",Bw4/Bw4,nan,R1309,O,POS,Kidney,71,Gothenburg,Sweden,0,"['A*02', 'A*02']","['B*44', 'B*40']","['C*01', 'C*16']","['DRB1*07', 'DRB1*13']","['DQA1*03:01', 'DQA1*03:01']","['DQB1*03', 'DQB1*06']","['DPA1*02:02', 'DPA1*01']","['DPB1*04', 'DPB1*03']","['A2', 'A2']","['B12', 'B40']","['Cw1', 'Cw16']","['DR7', 'DR6']","['DQ3', 'DQ3']","['DQ3', 'DQ1']","['DP2', 'DP1']","['DP4', 'DP3']",Bw4/Bw6,[],0.0,0.41,nan,0,1
183,D0260_RK,kidney,True,AllocationPriority.PRIORITY_7,D0260,O,POS,KD,43,Gothenburg,Sweden,183,"['A*02', 'A*02']","['B*44', 'B*57']","['C*07', 'C*07']","['DRB1*13', 'DRB1*07']","['DQA1*02:01', 'DQA1*02:01']","['DQB1*03', 'DQB1*05']","['DPA1*01', 'DPA1*01']","['DPB1*04', 'DPB1*03']","['A2', 'A2']","['B12', 'B17']","['Cw7', 'Cw7']","['DR6', 'DR7']","['DQ2', 'DQ2']","['DQ3', 'DQ1']","['DP1', 'DP1']","['DP4', 'DP3']",Bw4/Bw4,nan,R1820,O,POS,Kidney,81,Aarhus,Denmark,0,"['A*02', 'A*01']","['B*57', 'B*44']","['C*07', 'C*07']","['DRB1*03', 'DRB1*13']","['DQA1*05:01', 'DQA1*03:01']","['DQB1*05', 'DQB1*03']","['DPA1*01', 'DPA1*01']","['DPB1*02', 'DPB1*04']","['A2', 'A1']","['B17', 'B12']","['Cw7', 'Cw7']","['DR3', 'DR6']","['DQ1', 'DQ3']","['DQ1', 'DQ3']","['DP1', 'DP1']","['DP2', 'DP4']",Bw4/Bw4,[],0.0,0.41,nan,1,0,1,202.6942002796759,0.8333333333333334,0.9627550305520983,650.9947961249729
184,D0261_LK,kidney,False,AllocationPriority.PAYBACK,D0261,O,NEG,KD,24,Uppsala,Sweden,184,"['A*01', 'A*01']","['B*14', 'B*44']","['C*03', 'C*03']","['DRB1*03', 'DRB1*12']","['DQA1*01:02', 'DQA1*05:01']","['DQB1*06', 'DQB1*06']","['DPA1*01', 'DPA1*01']","['DPB1*01', 'DPB1*06']","['A1', 'A1']","['B14', 'B12']","['Cw3', 'Cw3']","['DR3', 'DR5']","['DQ1', 'DQ1']","['DQ1', 'DQ1']","['DP1', 'DP1']","['DP1', 'DP6']",Bw4/Bw6,nan,R2552,O,POS,Kidney,51,Stockholm,Sweden,109,"['A*03', 'A*02']","['B*08', 'B*40']","['C*07', 'C*03']","['DRB1*08', 'DRB1*15']","['DQA1*02:01', 'DQA1*05:01']","['DQB1*02', 'DQB1*03']","['DPA1*01', 'DPA1*01']","['DPB1*13', 'DPB1*03']","['A3', 'A2']","['B8', 'B40']","['Cw7', 'Cw3']","['DR8', 'DR2']","['DQ2', 'DQ1']","['DQ2', 'DQ3']","['DP1', 'DP1']","['DP13', 'DP3']",Bw6/Bw6,"['DPB1*04', 'DQB1*05', 'B*53', 'C*08', 'C*04', 'B*42', 'DRB1*09']",0.8257,0.071463,nan
184,D0262_LK,kidney,False,AllocationPriority.PAYBACK,D0262,A,POS,KD,62,Stockholm,Sweden,184,"['A*31', 'A*02']","['B*57', 'B*27']","['C*07', 'C*04']","['DRB1*03', 'DRB1*04']","['DQA1*03:01', 'DQA1*01:03']","['DQB1*03', 'DQB1*04']","['DPA1*01', 'DPA1*01']","['DPB1*01', 'DPB1*06']","['A19', 'A2']","['B17', 'B27']","['Cw7', 'Cw4']","['DR3', 'DR4']","['DQ3', 'DQ1']","['DQ3', 'DQ4']","['DP1', 'DP1']","['DP1', 'DP6']",Bw6/Bw6,nan,R0293,A,POS,Kidney,50,Copenhagen,Denmark,0,"['A*02', 'A*02']","['B*44', 'B*27']","['C*07', 'C*02']","['DRB1*03', 'DRB1*04']","['DQA1*05:01', 'DQA1*03:01']","['DQB1*03', 'DQB1*05']","['DPA1*01', 'DPA1*01']","['DPB1*03', 'DPB1*03']","['A2', 'A2']","['B12', 'B27']","['Cw7', 'Cw2']","['DR3', 'DR4']","['DQ1', 'DQ3']","['DQ3', 'DQ1']","['DP1', 'DP1']","['DP3', 'DP3']",Bw4/Bw4,[],0.0,0.85,nan,0,2
184,D0263_LK,kidney,False,AllocationPriority.PAYBACK,D0263,O,POS,KD,28,Oslo,Norway,184,"['A*02', 'A*03']","['B*44', 'B*35']","['C*05', 'C*03']","['DRB1*08', 'DRB1*15']","['DQA1*03:01', 'DQA1*04:01']","['DQB1*06', 'DQB1*06']","['DPA1*01', 'DPA1*01']","['DPB1*04', 'DPB1*04']","['A2', 'A3']","['B12', 'B35']","['Cw5', 'Cw3']","['DR8', 'DR2']","['DQ3', 'DQ4']","['DQ1', 'DQ1']","['DP1', 'DP1']","['DP4', 'DP4']",Bw4/Bw6,nan,R0510,O,POS,Kidney,52,Skane,Sweden,0,"['A*02', 'A*03']","['B*57', 'B*15']","['C*07', 'C*05']","['DRB1*15', 'DRB1*08']","['DQA1*01:02', 'DQA1*01:02']","['DQB1*03', 'DQB1*03']","['DPA1*01', 'DPA1*01']","['DPB1*04', 'DPB1*03']","['A2', 'A3']","['B17', 'B15']","['Cw7', 'Cw5']","['DR2', 'DR8']","['DQ1', 'DQ1']","['DQ3', 'DQ3']","['DP1', 'DP1']","['DP4', 'DP3']",Bw4/Bw4,[],0.0,0.41,nan,0,2
184,D0264_LK,kidney,False,AllocationPriority.LOCAL,D0264,B,POS,KD,44,Oslo,Norway,184,"['A*03', 'A*24']","['B*07', 'B*27']","['C*07', 'C*04']","['DRB1*15', 'DRB1*13']","['DQA1*03:01', 'DQA1*01:03']","['DQB1*02', 'DQB1*05']","['DPA1*01', 'DPA1*02:02']","['DPB1*04', 'DPB1*04']","['A3', 'A9']","['B7', 'B27']","['Cw7', 'Cw4']","['DR2', 'DR6']","['DQ3', 'DQ1']","['DQ2', 'DQ1']","['DP1', 'DP2']","['DP4', 'DP4']",Bw4/Bw4,nan,R2082,B,POS,Kidney,43,Oslo,Norway,0,"['A*24', 'A*02']","['B*57', 'B*57']","['C*12', 'C*14']","['DRB1*15', 'DRB1*13']","['DQA1*03:01', 'DQA1*05:01']","['DQB1*02', 'DQB1*06']","['DPA1*01', 'DPA1*01']","['DPB1*13', 'DPB1*04']","['A9', 'A2']","['B17', 'B17']","['Cw12', 'Cw14']","['DR2', 'DR6']","['DQ3', 'DQ1']","['DQ2', 'DQ1']","['DP1', 'DP1']","['DP13', 'DP4']",Bw6/Bw6,[],0.0,0.52,nan,0,3
184,D0261_RK,kidney,True,AllocationPriority.PAYBACK,D0261,O,NEG,KD,24,Uppsala,Sweden,184,"['A*01', 'A*01']","['B*14', 'B*44']","['C*03', 'C*03']","['DRB1*03', 'DRB1*12']","['DQA1*01:02', 'DQA1*05:01']","['DQB1*06', 'DQB1*06']","['DPA1*01', 'DPA1*01']","['DPB1*01', 'DPB1*06']","['A1', 'A1']","['B14', 'B12']","['Cw3', 'Cw3']","['DR3', 'DR5']","['DQ1', 'DQ1']","['DQ1', 'DQ1']","['DP1', 'DP1']","['DP1', 'DP6']",Bw4/Bw6,nan,R2602,A,POS,Kidney,51,Oslo,Norway,124,"['A*03', 'A*01']","['B*07', 'B*07']","['C*07', 'C*03']","['DRB1*04', 'DRB1*08']","['DQA1*01:01', 'DQA1*03:01']","['DQB1*03', 'DQB1*06']","['DPA1*01', 'DPA1*01']","['DPB1*04', 'DPB1*04']","['A3', 'A1']","['B7', 'B7']","['Cw7', 'Cw3']","['DR4', 'DR8']","['DQ1', 'DQ3']","['DQ3', 'DQ1']","['DP1', 'DP1']","['DP4', 'DP4']",Bw6/Bw6,"['DRB1*04', 'DQA1*02:01', 'DRB1*07', 'DQA1*06:01', 'B*27', 'DRB1*15', 'B*07', 'B*40']",0.9156,0.0717400000000001,nan
184,D0262_RK,kidney,True,AllocationPriority.PAYBACK,D0262,A,POS,KD,62,Stockholm,Sweden,184,"['A*31', 'A*02']","['B*57', 'B*27']","['C*07', 'C*04']","['DRB1*03', 'DRB1*04']","['DQA1*03:01', 'DQA1*01:03']","['DQB1*03', 'DQB1*04']","['DPA1*01', 'DPA1*01']","['DPB1*01', 'DPB1*06']","['A19', 'A2']","['B17', 'B27']","['Cw7', 'Cw4']","['DR3', 'DR4']","['DQ3', 'DQ1']","['DQ3', 'DQ4']","['DP1', 'DP1']","['DP1', 'DP6']",Bw6/Bw6,nan,R0379,A,POS,Kidney,25,Copenhagen,Denmark,0,"['A*31', 'A*02']","['B*40', 'B*44']","['C*03', 'C*06']","['DRB1*03', 'DRB1*04']","['DQA1*01:01', 'DQA1*03:01']","['DQB1*03', 'DQB1*05']","['DPA1*01', 'DPA1*01']","['DPB1*10', 'DPB1*04']","['A19', 'A2']","['B40', 'B12']","['Cw3', 'Cw6']","['DR3', 'DR4']","['DQ1', 'DQ3']","['DQ3', 'DQ1']","['DP1', 'DP1']","['DP10', 'DP4']",Bw4/Bw4,[],0.0,0.85,nan,0,2
184,D0263_RK,kidney,True,AllocationPriority.PAYBACK,D0263,O,POS,KD,28,Oslo,Norway,184,"['A*02', 'A*03']","['B*44', 'B*35']","['C*05', 'C*03']","['DRB1*08', 'DRB1*15']","['DQA1*03:01', 'DQA1*04:01']","['DQB1*06', 'DQB1*06']","['DPA1*01', 'DPA1*01']","['DPB1*04', 'DPB1*04']","['A2', 'A3']","['B12', 'B35']","['Cw5', 'Cw3']","['DR8', 'DR2']","['DQ3', 'DQ4']","['DQ1', 'DQ1']","['DP1', 'DP1']","['DP4', 'DP4']",Bw4/Bw6,nan,R1506,O,NEG,Kidney,80,Gothenburg,Sweden,0,"['A*03', 'A*01']","['B*08', 'B*44']","['C*07', 'C*07']","['DRB1*08', 'DRB1*15']","['DQA1*03:01', 'DQA1*01:02']","['DQB1*03', 'DQB1*03']","['DPA1*01', 'DPA1*01']","['DPB1*04', 'DPB1*04']","['A3', 'A1']","['B8', 'B12']","['Cw7', 'Cw7']","['DR8', 'DR2']","['DQ3', 'DQ1']","['DQ3', 'DQ3']","['DP1', 'DP1']","['DP4', 'DP4']",Bw4/Bw6,[],0.0,0.41,nan,0,2
184,D0264_RK,kidney,True,AllocationPriority.PRIORITY_7,D0264,B,POS,KD,44,Oslo,Norway,184,"['A*03', 'A*24']","['B*07', 'B*27']","['C*07', 'C*04']","['DRB1*15', 'DRB1*13']","['DQA1*03:01', 'DQA1*01:03']","['DQB1*02', 'DQB1*05']","['DPA1*01', 'DPA1*02:02']","['DPB1*04', 'DPB1*04']","['A3', 'A9']","['B7', 'B27']","['Cw7', 'Cw4']","['DR2', 'DR6']","['DQ3', 'DQ1']","['DQ2', 'DQ1']","['DP1', 'DP2']","['DP4', 'DP4']",Bw4/Bw4,nan,R1152,B,POS,Kidney,69,Gothenburg,Sweden,0,"['A*24', 'A*03']","['B*55', 'B*35']","['C*04', 'C*08']","['DRB1*15', 'DRB1*13']","['DQA1*02:01', 'DQA1*05:01']","['DQB1*03', 'DQB1*05']","['DPA1*01', 'DPA1*01']","['DPB1*04', 'DPB1*04']","['A9', 'A3']","['B22', 'B35']","['Cw4', 'Cw8']","['DR2', 'DR6']","['DQ2', 'DQ1']","['DQ3', 'DQ1']","['DP1', 'DP1']","['DP4', 'DP4']",Bw4/Bw6,[],0.0,0.52,nan,0,2,2,255.07748105944097,0.6666666666666667,0.9531296259301052,586.3663420747728
185,D0265_LK,kidney,False,AllocationPriority.LOCAL,D0265,A,POS,KD,59,Copenhagen,Denmark,185,"['A*01', 'A*32']","['B*18', 'B*40']","['C*04', 'C*02']","['DRB1*07', 'DRB1*01']","['DQA1*01:02', 'DQA1*03:01']","['DQB1*03', 'DQB1*03']","['DPA1*02:02', 'DPA1*02:02']","['DPB1*04', 'DPB1*04']","['A1', 'A19']","['B18', 'B40']","['Cw4', 'Cw2']","['DR7', 'DR1']","['DQ1', 'DQ3']","['DQ3', 'DQ3']","['DP2', 'DP2']","['DP4', 'DP4']",Bw4/Bw6,nan,R1863,A,POS,Kidney,83,Copenhagen,Denmark,0,"['A*03', 'A*01']","['B*57', 'B*38']","['C*07', 'C*03']","['DRB1*01', 'DRB1*07']","['DQA1*03:01', 'DQA1*03:01']","['DQB1*03', 'DQB1*03']","['DPA1*01', 'DPA1*02:02']","['DPB1*04', 'DPB1*02']","['A3', 'A1']","['B17', 'B16']","['Cw7', 'Cw3']","['DR1', 'DR7']","['DQ3', 'DQ3']","['DQ3', 'DQ3']","['DP1', 'DP2']","['DP4', 'DP2']",Bw4/Bw4,"['B*18', 'DPB1*01', 'B*38', 'B*47', 'DPB1*03', 'A*66', 'DPB1*06', 'B*27', 'B*35']",0.3742,0.53193,nan,0,3
185,D0265_RK,kidney,True,AllocationPriority.PRIORITY_7,D0265,A,POS,KD,59,Copenhagen,Denmark,185,"['A*01', 'A*32']","['B*18', 'B*40']","['C*04', 'C*02']","['DRB1*07', 'DRB1*01']","['DQA1*01:02', 'DQA1*03:01']","['DQB1*03', 'DQB1*03']","['DPA1*02:02', 'DPA1*02:02']","['DPB1*04', 'DPB1*04']","['A1', 'A19']","['B18', 'B40']","['Cw4', 'Cw2']","['DR7', 'DR1']","['DQ1', 'DQ3']","['DQ3', 'DQ3']","['DP2', 'DP2']","['DP4', 'DP4']",Bw4/Bw6,nan,R0451,A,POS,Kidney,73,Skane,Sweden,0,"['A*32', 'A*01']","['B*07', 'B*40']","['C*07', 'C*05']","['DRB1*03', 'DRB1*01']","['DQA1*05:01', 'DQA1*01:01']","['DQB1*02', 'DQB1*03']","['DPA1*01', 'DPA1*01']","['DPB1*13', 'DPB1*01']","['A19', 'A1']","['B7', 'B40']","['Cw7', 'Cw5']","['DR3', 'DR1']","['DQ1', 'DQ1']","['DQ2', 'DQ3']","['DP1', 'DP1']","['DP13', 'DP1']",Bw4/Bw6,"['B*48', 'B*55', 'B*54', 'DQB1*04', 'C*17', 'DRB1*14', 'B*53', 'B*42', 'C*14']",0.0967,0.767805,nan,1,1,2,28.452846136850336,0.6666666666666667,0.9947718021353811,601.2931675608735
186,D0266_LK,kidney,False,AllocationPriority.PAYBACK,D0266,A,POS,KD,88,Helsinki,Finland,186,"['A*02', 'A*03']","['B*14', 'B*08']","['C*03', 'C*03']","['DRB1*15', 'DRB1*03']","['DQA1*01:02', 'DQA1*05:01']","['DQB1*02', 'DQB1*03']","['DPA1*01', 'DPA1*01']","['DPB1*04', 'DPB1*04']","['A2', 'A3']","['B14', 'B8']","['Cw3', 'Cw3']","['DR2', 'DR3']","['DQ1', 'DQ1']","['DQ2', 'DQ3']","['DP1', 'DP1']","['DP4', 'DP4']",Bw6/Bw6,nan,R0128,A,POS,Kidney,35,Gothenburg,Sweden,0,"['A*01', 'A*02']","['B*08', 'B*15']","['C*12', 'C*07']","['DRB1*03', 'DRB1*15']","['DQA1*05:01', 'DQA1*01:02']","['DQB1*05', 'DQB1*03']","['DPA1*02:02', 'DPA1*01']","['DPB1*03', 'DPB1*04']","['A1', 'A2']","['B8', 'B15']","['Cw12', 'Cw7']","['DR3', 'DR2']","['DQ1', 'DQ1']","['DQ1', 'DQ3']","['DP2', 'DP1']","['DP3', 'DP4']",Bw4/Bw6,"['C*18', 'B*39', 'B*27', 'DPB1*13', 'B*14', 'DQA1*03:01', 'B*52', 'C*16', 'DPB1*14']",0.3409,0.560235,nan,0,2
186,D0266_RK,kidney,True,AllocationPriority.PRIORITY_7,D0266,A,POS,KD,88,Helsinki,Finland,186,"['A*02', 'A*03']","['B*14', 'B*08']","['C*03', 'C*03']","['DRB1*15', 'DRB1*03']","['DQA1*01:02', 'DQA1*05:01']","['DQB1*02', 'DQB1*03']","['DPA1*01', 'DPA1*01']","['DPB1*04', 'DPB1*04']","['A2', 'A3']","['B14', 'B8']","['Cw3', 'Cw3']","['DR2', 'DR3']","['DQ1', 'DQ1']","['DQ2', 'DQ3']","['DP1', 'DP1']","['DP4', 'DP4']",Bw6/Bw6,nan,R0498,A,NEG,Kidney,44,Helsinki,Finland,0,"['A*24', 'A*02']","['B*15', 'B*08']","['C*06', 'C*07']","['DRB1*15', 'DRB1*03']","['DQA1*03:01', 'DQA1*01:01']","['DQB1*03', 'DQB1*05']","['DPA1*01', 'DPA1*01']","['DPB1*01', 'DPB1*04']","['A9', 'A2']","['B15', 'B8']","['Cw6', 'Cw7']","['DR2', 'DR3']","['DQ3', 'DQ1']","['DQ3', 'DQ1']","['DP1', 'DP1']","['DP1', 'DP4']",Bw4/Bw4,"['DPB1*20', 'C*08', 'DRB1*09', 'B*54', 'B*27', 'B*50', 'C*18', 'B*35']",0.1804,0.69666,nan,0,2,2,0.0,0.6666666666666667,1.0,603.1672386167969
187,D0267_LK,kidney,False,AllocationPriority.LOCAL,D0267,O,POS,KD,51,Gothenburg,Sweden,187,"['A*03', 'A*02']","['B*40', 'B*40']","['C*03', 'C*01']","['DRB1*13', 'DRB1*11']","['DQA1*01:03', 'DQA1*05:01']","['DQB1*02', 'DQB1*06']","['DPA1*01', 'DPA1*01']","['DPB1*04', 'DPB1*01']","['A3', 'A2']","['B40', 'B40']","['Cw3', 'Cw1']","['DR6', 'DR5']","['DQ1', 'DQ1']","['DQ2', 'DQ1']","['DP1', 'DP1']","['DP4', 'DP1']",Bw6/Bw6,nan,R1738,O,POS,Kidney,69,Gothenburg,Sweden,0,"['A*32', 'A*02']","['B*15', 'B*15']","['C*02', 'C*07']","['DRB1*11', 'DRB1*13']","['DQA1*05:01', 'DQA1*01:02']","['DQB1*06', 'DQB1*05']","['DPA1*01', 'DPA1*01']","['DPB1*04', 'DPB1*01']","['A19', 'A2']","['B15', 'B15']","['Cw2', 'Cw7']","['DR5', 'DR6']","['DQ1', 'DQ1']","['DQ1', 'DQ1']","['DP1', 'DP1']","['DP4', 'DP1']",Bw6/Bw6,[],0.0,0.41,nan,0,3
187,D0268_LK,kidney,False,AllocationPriority.LOCAL,D0268,O,POS,KD,20,Copenhagen,Denmark,187,"['A*02', 'A*26']","['B*57', 'B*40']","['C*02', 'C*08']","['DRB1*11', 'DRB1*04']","['DQA1*03:01', 'DQA1*05:01']","['DQB1*03', 'DQB1*05']","['DPA1*01', 'DPA1*01']","['DPB1*01', 'DPB1*04']","['A2', 'A10']","['B17', 'B40']","['Cw2', 'Cw8']","['DR5', 'DR4']","['DQ3', 'DQ1']","['DQ3', 'DQ1']","['DP1', 'DP1']","['DP1', 'DP4']",Bw4/Bw4,nan,R0348,O,POS,Kidney,86,Copenhagen,Denmark,0,"['A*02', 'A*02']","['B*40', 'B*44']","['C*16', 'C*07']","['DRB1*12', 'DRB1*04']","['DQA1*01:02', 'DQA1*05:01']","['DQB1*02', 'DQB1*06']","['DPA1*02:02', 'DPA1*01']","['DPB1*04', 'DPB1*04']","['A2', 'A2']","['B40', 'B12']","['Cw16', 'Cw7']","['DR5', 'DR4']","['DQ1', 'DQ1']","['DQ2', 'DQ1']","['DP2', 'DP1']","['DP4', 'DP4']",Bw4/Bw6,[],0.0,0.41,nan,0,2
187,D0267_RK,kidney,True,AllocationPriority.PRIORITY_7,D0267,O,POS,KD,51,Gothenburg,Sweden,187,"['A*03', 'A*02']","['B*40', 'B*40']","['C*03', 'C*01']","['DRB1*13', 'DRB1*11']","['DQA1*01:03', 'DQA1*05:01']","['DQB1*02', 'DQB1*06']","['DPA1*01', 'DPA1*01']","['DPB1*04', 'DPB1*01']","['A3', 'A2']","['B40', 'B40']","['Cw3', 'Cw1']","['DR6', 'DR5']","['DQ1', 'DQ1']","['DQ2', 'DQ1']","['DP1', 'DP1']","['DP4', 'DP1']",Bw6/Bw6,nan,R1291,O,POS,Kidney,64,Uppsala,Sweden,0,"['A*02', 'A*03']","['B*40', 'B*07']","['C*03', 'C*01']","['DRB1*11', 'DRB1*13']","['DQA1*03:01', 'DQA1*01:02']","['DQB1*06', 'DQB1*06']","['DPA1*01', 'DPA1*02:02']","['DPB1*02', 'DPB1*02']","['A2', 'A3']","['B40', 'B7']","['Cw3', 'Cw1']","['DR5', 'DR6']","['DQ3', 'DQ1']","['DQ1', 'DQ1']","['DP1', 'DP2']","['DP2', 'DP2']",Bw6/Bw6,[],0.0,0.41,nan,0,0,0,404.3699331806153,1.0,0.9256972040335572,698.889435858481
187,D0268_RK,kidney,True,AllocationPriority.PRIORITY_7,D0268,O,POS,KD,20,Copenhagen,Denmark,187,"['A*02', 'A*26']","['B*57', 'B*40']","['C*02', 'C*08']","['DRB1*11', 'DRB1*04']","['DQA1*03:01', 'DQA1*05:01']","['DQB1*03', 'DQB1*05']","['DPA1*01', 'DPA1*01']","['DPB1*01', 'DPB1*04']","['A2', 'A10']","['B17', 'B40']","['Cw2', 'Cw8']","['DR5', 'DR4']","['DQ3', 'DQ1']","['DQ3', 'DQ1']","['DP1', 'DP1']","['DP1', 'DP4']",Bw4/Bw4,nan,R1629,O,POS,Kidney,84,Skane,Sweden,0,"['A*24', 'A*02']","['B*40', 'B*35']","['C*08', 'C*07']","['DRB1*11', 'DRB1*04']","['DQA1*04:01', 'DQA1*01:01']","['DQB1*06', 'DQB1*03']","['DPA1*02:02', 'DPA1*01']","['DPB1*04', 'DPB1*04']","['A9', 'A2']","['B40', 'B35']","['Cw8', 'Cw7']","['DR5', 'DR4']","['DQ4', 'DQ1']","['DQ1', 'DQ3']","['DP2', 'DP1']","['DP4', 'DP4']",Bw4/Bw6,[],0.0,0.41,nan,0,2,2,28.452846136850336,0.6666666666666667,0.9947718021353811,601.2931675608735
189,D0269_LK,kidney,False,AllocationPriority.PAYBACK,D0269,A,POS,KD,24,Stockholm,Sweden,189,"['A*30', 'A*32']","['B*08', 'B*73']","['C*07', 'C*03']","['DRB1*03', 'DRB1*01']","['DQA1*01:03', 'DQA1*01:03']","['DQB1*03', 'DQB1*06']","['DPA1*01', 'DPA1*01']","['DPB1*03', 'DPB1*04']","['A19', 'A19']","['B8', 'B73']","['Cw7', 'Cw3']","['DR3', 'DR1']","['DQ1', 'DQ1']","['DQ3', 'DQ1']","['DP1', 'DP1']","['DP3', 'DP4']",Bw4/Bw4,nan,R0533,A,POS,Kidney,67,Copenhagen,Denmark,0,"['A*02', 'A*32']","['B*08', 'B*44']","['C*07', 'C*07']","['DRB1*01', 'DRB1*03']","['DQA1*03:01', 'DQA1*01:02']","['DQB1*03', 'DQB1*05']","['DPA1*01', 'DPA1*01']","['DPB1*04', 'DPB1*04']","['A2', 'A19']","['B8', 'B12']","['Cw7', 'Cw7']","['DR1', 'DR3']","['DQ3', 'DQ1']","['DQ3', 'DQ1']","['DP1', 'DP1']","['DP4', 'DP4']",Bw4/Bw4,[],0.0,0.85,nan,0,1
189,D0270_LK,kidney,False,AllocationPriority.LOCAL,D0270,A,POS,KD,24,Helsinki,Finland,189,"['A*03', 'A*03']","['B*35', 'B*40']","['C*06', 'C*07']","['DRB1*08', 'DRB1*08']","['DQA1*05:01', 'DQA1*04:01']","['DQB1*06', 'DQB1*03']","['DPA1*02:02', 'DPA1*01']","['DPB1*13', 'DPB1*04']","['A3', 'A3']","['B35', 'B40']","['Cw6', 'Cw7']","['DR8', 'DR8']","['DQ1', 'DQ4']","['DQ1', 'DQ3']","['DP2', 'DP1']","['DP13', 'DP4']",Bw6/Bw6,nan,R0865,A,NEG,Kidney,73,Helsinki,Finland,0,"['A*02', 'A*03']","['B*57', 'B*40']","['C*04', 'C*03']","['DRB1*08', 'DRB1*13']","['DQA1*01:02', 'DQA1*01:01']","['DQB1*02', 'DQB1*05']","['DPA1*01', 'DPA1*01']","['DPB1*04', 'DPB1*01']","['A2', 'A3']","['B17', 'B40']","['Cw4', 'Cw3']","['DR8', 'DR6']","['DQ1', 'DQ1']","['DQ2', 'DQ1']","['DP1', 'DP1']","['DP4', 'DP1']",Bw4/Bw6,[],0.0,0.85,nan,0,1
189,D0269_RK,kidney,True,AllocationPriority.PAYBACK,D0269,A,POS,KD,24,Stockholm,Sweden,189,"['A*30', 'A*32']","['B*08', 'B*73']","['C*07', 'C*03']","['DRB1*03', 'DRB1*01']","['DQA1*01:03', 'DQA1*01:03']","['DQB1*03', 'DQB1*06']","['DPA1*01', 'DPA1*01']","['DPB1*03', 'DPB1*04']","['A19', 'A19']","['B8', 'B73']","['Cw7', 'Cw3']","['DR3', 'DR1']","['DQ1', 'DQ1']","['DQ3', 'DQ1']","['DP1', 'DP1']","['DP3', 'DP4']",Bw4/Bw4,nan,R0193,A,POS,Kidney,87,Gothenburg,Sweden,0,"['A*32', 'A*26']","['B*15', 'B*07']","['C*07', 'C*07']","['DRB1*01', 'DRB1*03']","['DQA1*01:03', 'DQA1*01:02']","['DQB1*03', 'DQB1*03']","['DPA1*02:02', 'DPA1*01']","['DPB1*17', 'DPB1*02']","['A19', 'A10']","['B15', 'B7']","['Cw7', 'Cw7']","['DR1', 'DR3']","['DQ1', 'DQ1']","['DQ3', 'DQ3']","['DP2', 'DP1']","['DP17', 'DP2']",Bw6/Bw6,"['B*42', 'DPB1*24', 'B*08', 'B*47', 'A*02', 'B*52', 'DQB1*06', 'DQA1*06:01']",0.7665,0.198475,nan,0,2
189,D0270_RK,kidney,True,AllocationPriority.PRIORITY_7,D0270,A,POS,KD,24,Helsinki,Finland,189,"['A*03', 'A*03']","['B*35', 'B*40']","['C*06', 'C*07']","['DRB1*08', 'DRB1*08']","['DQA1*05:01', 'DQA1*04:01']","['DQB1*06', 'DQB1*03']","['DPA1*02:02', 'DPA1*01']","['DPB1*13', 'DPB1*04']","['A3', 'A3']","['B35', 'B40']","['Cw6', 'Cw7']","['DR8', 'DR8']","['DQ1', 'DQ4']","['DQ1', 'DQ3']","['DP2', 'DP1']","['DP13', 'DP4']",Bw6/Bw6,nan,R2341,A,POS,Kidney,68,Helsinki,Finland,40,"['A*02', 'A*03']","['B*40', 'B*51']","['C*03', 'C*12']","['DRB1*08', 'DRB1*07']","['DQA1*03:01', 'DQA1*05:01']","['DQB1*06', 'DQB1*02']","['DPA1*01', 'DPA1*01']","['DPB1*04', 'DPB1*02']","['A2', 'A3']","['B40', 'B5']","['Cw3', 'Cw12']","['DR8', 'DR7']","['DQ3', 'DQ1']","['DQ1', 'DQ2']","['DP1', 'DP1']","['DP4', 'DP2']",Bw4/Bw6,[],0.0,0.85,nan,0,1,1,0.0,0.8333333333333334,1.0,664.345423057711
190,D0271_LK,kidney,False,AllocationPriority.LOCAL,D0271,A,POS,KD,69,Copenhagen,Denmark,190,"['A*02', 'A*01']","['B*40', 'B*08']","['C*07', 'C*07']","['DRB1*04', 'DRB1*01']","['DQA1*01:02', 'DQA1*01:02']","['DQB1*03', 'DQB1*06']","['DPA1*01', 'DPA1*01']","['DPB1*04', 'DPB1*04']","['A2', 'A1']","['B40', 'B8']","['Cw7', 'Cw7']","['DR4', 'DR1']","['DQ1', 'DQ1']","['DQ3', 'DQ1']","['DP1', 'DP1']","['DP4', 'DP4']",Bw6/Bw6,nan,R2368,A,POS,Kidney,78,Copenhagen,Denmark,49,"['A*02', 'A*03']","['B*27', 'B*08']","['C*03', 'C*12']","['DRB1*04', 'DRB1*01']","['DQA1*01:01', 'DQA1*01:02']","['DQB1*02', 'DQB1*03']","['DPA1*01', 'DPA1*01']","['DPB1*04', 'DPB1*04']","['A2', 'A3']","['B27', 'B8']","['Cw3', 'Cw12']","['DR4', 'DR1']","['DQ1', 'DQ1']","['DQ2', 'DQ3']","['DP1', 'DP1']","['DP4', 'DP4']",Bw4/Bw6,[],0.0,0.85,nan,0,2
190,D0271_RK,kidney,True,AllocationPriority.PRIORITY_7,D0271,A,POS,KD,69,Copenhagen,Denmark,190,"['A*02', 'A*01']","['B*40', 'B*08']","['C*07', 'C*07']","['DRB1*04', 'DRB1*01']","['DQA1*01:02', 'DQA1*01:02']","['DQB1*03', 'DQB1*06']","['DPA1*01', 'DPA1*01']","['DPB1*04', 'DPB1*04']","['A2', 'A1']","['B40', 'B8']","['Cw7', 'Cw7']","['DR4', 'DR1']","['DQ1', 'DQ1']","['DQ3', 'DQ1']","['DP1', 'DP1']","['DP4', 'DP4']",Bw6/Bw6,nan,R2383,A,POS,Kidney,62,Stockholm,Sweden,52,"['A*02', 'A*02']","['B*08', 'B*40']","['C*02', 'C*03']","['DRB1*01', 'DRB1*04']","['DQA1*01:03', 'DQA1*05:01']","['DQB1*03', 'DQB1*02']","['DPA1*01', 'DPA1*01']","['DPB1*02', 'DPB1*04']","['A2', 'A2']","['B8', 'B40']","['Cw2', 'Cw3']","['DR1', 'DR4']","['DQ1', 'DQ1']","['DQ3', 'DQ2']","['DP1', 'DP1']","['DP2', 'DP4']",Bw6/Bw6,[],0.0,0.85,nan,0,1,1,522.1289049932946,0.8333333333333334,0.9040590451650357,629.9549559809701
191,D0272_LK,kidney,False,AllocationPriority.LOCAL,D0272,AB,POS,KD,48,Copenhagen,Denmark,191,"['A*02', 'A*31']","['B*08', 'B*35']","['C*03', 'C*04']","['DRB1*04', 'DRB1*15']","['DQA1*05:01', 'DQA1*03:01']","['DQB1*03', 'DQB1*06']","['DPA1*01', 'DPA1*01']","['DPB1*01', 'DPB1*03']","['A2', 'A19']","['B8', 'B35']","['Cw3', 'Cw4']","['DR4', 'DR2']","['DQ1', 'DQ3']","['DQ3', 'DQ1']","['DP1', 'DP1']","['DP1', 'DP3']",Bw4/Bw6,nan,R1445,AB,POS,Kidney,12,Copenhagen,Denmark,0,"['A*32', 'A*25']","['B*37', 'B*73']","['C*05', 'C*03']","['DRB1*04', 'DRB1*15']","['DQA1*02:01', 'DQA1*01:02']","['DQB1*03', 'DQB1*06']","['DPA1*01', 'DPA1*01']","['DPB1*02', 'DPB1*03']","['A19', 'A10']","['B37', 'B73']","['Cw5', 'Cw3']","['DR4', 'DR2']","['DQ2', 'DQ1']","['DQ3', 'DQ1']","['DP1', 'DP1']","['DP2', 'DP3']",Bw6/Bw6,[],0.0,1.0,nan,0,3
191,D0273_LK,kidney,False,AllocationPriority.LOCAL,D0273,O,POS,KD,43,Gothenburg,Sweden,191,"['A*24', 'A*02']","['B*40', 'B*07']","['C*07', 'C*06']","['DRB1*03', 'DRB1*16']","['DQA1*01:03', 'DQA1*01:02']","['DQB1*04', 'DQB1*06']","['DPA1*01', 'DPA1*01']","['DPB1*04', 'DPB1*02']","['A9', 'A2']","['B40', 'B7']","['Cw7', 'Cw6']","['DR3', 'DR2']","['DQ1', 'DQ1']","['DQ4', 'DQ1']","['DP1', 'DP1']","['DP4', 'DP2']",Bw4/Bw6,nan,R2056,O,POS,Kidney,84,Gothenburg,Sweden,0,"['A*01', 'A*02']","['B*44', 'B*27']","['C*03', 'C*07']","['DRB1*15', 'DRB1*03']","['DQA1*01:02', 'DQA1*03:01']","['DQB1*06', 'DQB1*02']","['DPA1*01', 'DPA1*01']","['DPB1*14', 'DPB1*04']","['A1', 'A2']","['B12', 'B27']","['Cw3', 'Cw7']","['DR2', 'DR3']","['DQ1', 'DQ3']","['DQ1', 'DQ2']","['DP1', 'DP1']","['DP14', 'DP4']",Bw4/Bw4,[],0.0,0.41,nan,0,3
191,D0272_RK,kidney,True,AllocationPriority.PRIORITY_7,D0272,AB,POS,KD,48,Copenhagen,Denmark,191,"['A*02', 'A*31']","['B*08', 'B*35']","['C*03', 'C*04']","['DRB1*04', 'DRB1*15']","['DQA1*05:01', 'DQA1*03:01']","['DQB1*03', 'DQB1*06']","['DPA1*01', 'DPA1*01']","['DPB1*01', 'DPB1*03']","['A2', 'A19']","['B8', 'B35']","['Cw3', 'Cw4']","['DR4', 'DR2']","['DQ1', 'DQ3']","['DQ3', 'DQ1']","['DP1', 'DP1']","['DP1', 'DP3']",Bw4/Bw6,nan,R2077,AB,POS,Kidney,69,Oslo,Norway,0,"['A*02', 'A*03']","['B*08', 'B*35']","['C*03', 'C*03']","['DRB1*04', 'DRB1*04']","['DQA1*03:01', 'DQA1*01:02']","['DQB1*03', 'DQB1*03']","['DPA1*01', 'DPA1*01']","['DPB1*04', 'DPB1*04']","['A2', 'A3']","['B8', 'B35']","['Cw3', 'Cw3']","['DR4', 'DR4']","['DQ3', 'DQ1']","['DQ3', 'DQ3']","['DP1', 'DP1']","['DP4', 'DP4']",Bw6/Bw6,[],0.0,1.0,nan,1,1,2,483.3085545859356,0.6666666666666667,0.9111922673434893,571.3337071355082
191,D0273_RK,kidney,True,AllocationPriority.PRIORITY_4,D0273,O,POS,KD,43,Gothenburg,Sweden,191,"['A*24', 'A*02']","['B*40', 'B*07']","['C*07', 'C*06']","['DRB1*03', 'DRB1*16']","['DQA1*01:03', 'DQA1*01:02']","['DQB1*04', 'DQB1*06']","['DPA1*01', 'DPA1*01']","['DPB1*04', 'DPB1*02']","['A9', 'A2']","['B40', 'B7']","['Cw7', 'Cw6']","['DR3', 'DR2']","['DQ1', 'DQ1']","['DQ4', 'DQ1']","['DP1', 'DP1']","['DP4', 'DP2']",Bw4/Bw6,nan,R1253,O,POS,Kidney,8,Aarhus,Denmark,0,"['A*02', 'A*25']","['B*40', 'B*55']","['C*07', 'C*03']","['DRB1*15', 'DRB1*03']","['DQA1*01:02', 'DQA1*05:01']","['DQB1*03', 'DQB1*03']","['DPA1*01', 'DPA1*01']","['DPB1*04', 'DPB1*04']","['A2', 'A10']","['B40', 'B22']","['Cw7', 'Cw3']","['DR2', 'DR3']","['DQ1', 'DQ1']","['DQ3', 'DQ3']","['DP1', 'DP1']","['DP4', 'DP4']",Bw4/Bw6,[],0.0,0.41,nan
192,D0274_LK,kidney,False,AllocationPriority.PAYBACK,D0274,A,POS,KD,48,Oslo,Norway,192,"['A*01', 'A*01']","['B*44', 'B*08']","['C*03', 'C*06']","['DRB1*12', 'DRB1*13']","['DQA1*01:03', 'DQA1*02:01']","['DQB1*03', 'DQB1*02']","['DPA1*01', 'DPA1*01']","['DPB1*04', 'DPB1*03']","['A1', 'A1']","['B12', 'B8']","['Cw3', 'Cw6']","['DR5', 'DR6']","['DQ1', 'DQ2']","['DQ3', 'DQ2']","['DP1', 'DP1']","['DP4', 'DP3']",Bw4/Bw6,nan,R1526,A,POS,Kidney,74,Helsinki,Finland,0,"['A*01', 'A*26']","['B*44', 'B*15']","['C*07', 'C*07']","['DRB1*11', 'DRB1*13']","['DQA1*03:01', 'DQA1*02:01']","['DQB1*06', 'DQB1*06']","['DPA1*01', 'DPA1*01']","['DPB1*04', 'DPB1*02']","['A1', 'A10']","['B12', 'B15']","['Cw7', 'Cw7']","['DR5', 'DR6']","['DQ3', 'DQ2']","['DQ1', 'DQ1']","['DP1', 'DP1']","['DP4', 'DP2']",Bw6/Bw6,[],0.0,0.85,nan,0,1
192,D0274_RK,kidney,True,AllocationPriority.PRIORITY_7,D0274,A,POS,KD,48,Oslo,Norway,192,"['A*01', 'A*01']","['B*44', 'B*08']","['C*03', 'C*06']","['DRB1*12', 'DRB1*13']","['DQA1*01:03', 'DQA1*02:01']","['DQB1*03', 'DQB1*02']","['DPA1*01', 'DPA1*01']","['DPB1*04', 'DPB1*03']","['A1', 'A1']","['B12', 'B8']","['Cw3', 'Cw6']","['DR5', 'DR6']","['DQ1', 'DQ2']","['DQ3', 'DQ2']","['DP1', 'DP1']","['DP4', 'DP3']",Bw4/Bw6,nan,R1377,A,NEG,Kidney,54,Oslo,Norway,0,"['A*03', 'A*01']","['B*44', 'B*08']","['C*07', 'C*01']","['DRB1*15', 'DRB1*13']","['DQA1*05:01', 'DQA1*02:01']","['DQB1*03', 'DQB1*03']","['DPA1*01', 'DPA1*01']","['DPB1*04', 'DPB1*02']","['A3', 'A1']","['B12', 'B8']","['Cw7', 'Cw1']","['DR2', 'DR6']","['DQ1', 'DQ2']","['DQ3', 'DQ3']","['DP1', 'DP1']","['DP4', 'DP2']",Bw4/Bw6,"['A*69', 'DRB1*04', 'C*01', 'DPB1*05', 'B*51', 'C*15', 'C*18', 'DPB1*35', 'DPB1*10']",0.3355,0.564825,nan,1,0,1,0.0,0.8333333333333334,1.0,664.345423057711
194,D0275_LK,kidney,False,AllocationPriority.LOCAL,D0275,A,POS,KD,61,Uppsala,Sweden,194,"['A*02', 'A*02']","['B*35', 'B*40']","['C*07', 'C*05']","['DRB1*13', 'DRB1*01']","['DQA1*05:01', 'DQA1*01:01']","['DQB1*06', 'DQB1*06']","['DPA1*01', 'DPA1*01']","['DPB1*04', 'DPB1*04']","['A2', 'A2']","['B35', 'B40']","['Cw7', 'Cw5']","['DR6', 'DR1']","['DQ1', 'DQ1']","['DQ1', 'DQ1']","['DP1', 'DP1']","['DP4', 'DP4']",Bw6/Bw6,nan,R1406,A,POS,Kidney,27,Uppsala,Sweden,0,"['A*02', 'A*23']","['B*40', 'B*14']","['C*03', 'C*07']","['DRB1*13', 'DRB1*01']","['DQA1*03:01', 'DQA1*01:02']","['DQB1*02', 'DQB1*05']","['DPA1*01', 'DPA1*02:02']","['DPB1*04', 'DPB1*03']","['A2', 'A9']","['B40', 'B14']","['Cw3', 'Cw7']","['DR6', 'DR1']","['DQ3', 'DQ1']","['DQ2', 'DQ1']","['DP1', 'DP2']","['DP4', 'DP3']",Bw4/Bw6,[],0.0,0.85,nan,0,1
194,D0276_LK,kidney,False,AllocationPriority.LOCAL,D0276,O,POS,KD,60,Reykjavik,Iceland,194,"['A*02', 'A*24']","['B*15', 'B*15']","['C*03', 'C*03']","['DRB1*01', 'DRB1*15']","['DQA1*01:01', 'DQA1*01:02']","['DQB1*03', 'DQB1*06']","['DPA1*01', 'DPA1*01']","['DPB1*04', 'DPB1*04']","['A2', 'A9']","['B15', 'B15']","['Cw3', 'Cw3']","['DR1', 'DR2']","['DQ1', 'DQ1']","['DQ3', 'DQ1']","['DP1', 'DP1']","['DP4', 'DP4']",Bw6/Bw6,nan,R1294,O,POS,Kidney,23,Reykjavik,Iceland,0,"['A*29', 'A*02']","['B*44', 'B*07']","['C*03', 'C*03']","['DRB1*15', 'DRB1*11']","['DQA1*03:01', 'DQA1*04:01']","['DQB1*03', 'DQB1*03']","['DPA1*01', 'DPA1*02:02']","['DPB1*04', 'DPB1*02']","['A19', 'A2']","['B12', 'B7']","['Cw3', 'Cw3']","['DR2', 'DR5']","['DQ3', 'DQ4']","['DQ3', 'DQ3']","['DP1', 'DP2']","['DP4', 'DP2']",Bw4/Bw4,"['DPB1*04', 'B*42', 'DPB1*35', 'B*35', 'DRB1*10', 'DRB1*09', 'A*34']",0.6545,0.141655,nan,1,3
194,D0277_LK,kidney,False,AllocationPriority.LOCAL,D0277,A,POS,KD,17,Uppsala,Sweden,194,"['A*02', 'A*01']","['B*15', 'B*51']","['C*07', 'C*03']","['DRB1*07', 'DRB1*07']","['DQA1*05:01', 'DQA1*03:01']","['DQB1*03', 'DQB1*06']","['DPA1*01', 'DPA1*02:02']","['DPB1*04', 'DPB1*04']","['A2', 'A1']","['B15', 'B5']","['Cw7', 'Cw3']","['DR7', 'DR7']","['DQ1', 'DQ3']","['DQ3', 'DQ1']","['DP1', 'DP2']","['DP4', 'DP4']",Bw4/Bw4,nan,R0574,A,POS,Kidney,72,Uppsala,Sweden,0,"['A*02', 'A*02']","['B*15', 'B*15']","['C*05', 'C*03']","['DRB1*07', 'DRB1*08']","['DQA1*01:01', 'DQA1*01:02']","['DQB1*06', 'DQB1*06']","['DPA1*01', 'DPA1*01']","['DPB1*04', 'DPB1*04']","['A2', 'A2']","['B15', 'B15']","['Cw5', 'Cw3']","['DR7', 'DR8']","['DQ1', 'DQ1']","['DQ1', 'DQ1']","['DP1', 'DP1']","['DP4', 'DP4']",Bw4/Bw4,[],0.0,0.85,nan,0,2
194,D0275_RK,kidney,True,AllocationPriority.PRIORITY_7,D0275,A,POS,KD,61,Uppsala,Sweden,194,"['A*02', 'A*02']","['B*35', 'B*40']","['C*07', 'C*05']","['DRB1*13', 'DRB1*01']","['DQA1*05:01', 'DQA1*01:01']","['DQB1*06', 'DQB1*06']","['DPA1*01', 'DPA1*01']","['DPB1*04', 'DPB1*04']","['A2', 'A2']","['B35', 'B40']","['Cw7', 'Cw5']","['DR6', 'DR1']","['DQ1', 'DQ1']","['DQ1', 'DQ1']","['DP1', 'DP1']","['DP4', 'DP4']",Bw6/Bw6,nan,R0517,A,POS,Kidney,61,Uppsala,Sweden,0,"['A*02', 'A*24']","['B*35', 'B*40']","['C*05', 'C*07']","['DRB1*04', 'DRB1*13']","['DQA1*01:02', 'DQA1*03:01']","['DQB1*05', 'DQB1*04']","['DPA1*02:02', 'DPA1*01']","['DPB1*04', 'DPB1*17']","['A2', 'A9']","['B35', 'B40']","['Cw5', 'Cw7']","['DR4', 'DR6']","['DQ1', 'DQ3']","['DQ1', 'DQ4']","['DP2', 'DP1']","['DP4', 'DP17']",Bw4/Bw6,"['A*24', 'DPB1*02', 'DPB1*05', 'B*46', 'DQA1*01:03', 'B*38', 'A*32', 'C*07', 'DPB1*424']",0.6908,0.26282,nan,1,0,1,0.0,0.8333333333333334,1.0,664.345423057711
194,D0276_RK,kidney,True,AllocationPriority.PRIORITY_7,D0276,O,POS,KD,60,Reykjavik,Iceland,194,"['A*02', 'A*24']","['B*15', 'B*15']","['C*03', 'C*03']","['DRB1*01', 'DRB1*15']","['DQA1*01:01', 'DQA1*01:02']","['DQB1*03', 'DQB1*06']","['DPA1*01', 'DPA1*01']","['DPB1*04', 'DPB1*04']","['A2', 'A9']","['B15', 'B15']","['Cw3', 'Cw3']","['DR1', 'DR2']","['DQ1', 'DQ1']","['DQ3', 'DQ1']","['DP1', 'DP1']","['DP4', 'DP4']",Bw6/Bw6,nan,R0340,O,POS,Kidney,76,Oslo,Norway,0,"['A*24', 'A*02']","['B*07', 'B*15']","['C*05', 'C*02']","['DRB1*15', 'DRB1*03']","['DQA1*01:01', 'DQA1*05:01']","['DQB1*02', 'DQB1*02']","['DPA1*01', 'DPA1*01']","['DPB1*04', 'DPB1*04']","['A9', 'A2']","['B7', 'B15']","['Cw5', 'Cw2']","['DR2', 'DR3']","['DQ1', 'DQ1']","['DQ2', 'DQ2']","['DP1', 'DP1']","['DP4', 'DP4']",Bw4/Bw4,"['B*47', 'DPB1*19', 'DRB1*09', 'DQA1*03:01', 'A*03', 'DPB1*24', 'DPB1*06', 'C*18']",0.4019,0.2452209999999999,nan,1,0,1,1744.746020846713,0.8333333333333334,0.6794036921080093,549.4262335369277
194,D0277_RK,kidney,True,AllocationPriority.PRIORITY_7,D0277,A,POS,KD,17,Uppsala,Sweden,194,"['A*02', 'A*01']","['B*15', 'B*51']","['C*07', 'C*03']","['DRB1*07', 'DRB1*07']","['DQA1*05:01', 'DQA1*03:01']","['DQB1*03', 'DQB1*06']","['DPA1*01', 'DPA1*02:02']","['DPB1*04', 'DPB1*04']","['A2', 'A1']","['B15', 'B5']","['Cw7', 'Cw3']","['DR7', 'DR7']","['DQ1', 'DQ3']","['DQ3', 'DQ1']","['DP1', 'DP2']","['DP4', 'DP4']",Bw4/Bw4,nan,R1441,A,POS,Kidney,68,Stockholm,Sweden,0,"['A*01', 'A*02']","['B*35', 'B*15']","['C*03', 'C*05']","['DRB1*03', 'DRB1*07']","['DQA1*02:01', 'DQA1*03:01']","['DQB1*05', 'DQB1*04']","['DPA1*01', 'DPA1*01']","['DPB1*04', 'DPB1*04']","['A1', 'A2']","['B35', 'B15']","['Cw3', 'Cw5']","['DR3', 'DR7']","['DQ2', 'DQ3']","['DQ1', 'DQ4']","['DP1', 'DP1']","['DP4', 'DP4']",Bw4/Bw6,[],0.0,0.85,nan,0,1,1,63.62967887203856,0.8333333333333334,0.9883080747140327,660.1543998153173
195,D0278_LK,kidney,False,AllocationPriority.PAYBACK,D0278,O,NEG,KD,85,Copenhagen,Denmark,195,"['A*24', 'A*02']","['B*44', 'B*15']","['C*05', 'C*03']","['DRB1*04', 'DRB1*03']","['DQA1*05:01', 'DQA1*03:01']","['DQB1*03', 'DQB1*03']","['DPA1*02:02', 'DPA1*01']","['DPB1*02', 'DPB1*03']","['A9', 'A2']","['B12', 'B15']","['Cw5', 'Cw3']","['DR4', 'DR3']","['DQ1', 'DQ3']","['DQ3', 'DQ3']","['DP2', 'DP1']","['DP2', 'DP3']",Bw6/Bw6,nan,R0641,A,NEG,Kidney,67,Copenhagen,Denmark,0,"['A*03', 'A*68']","['B*44', 'B*57']","['C*05', 'C*06']","['DRB1*13', 'DRB1*04']","['DQA1*05:01', 'DQA1*03:01']","['DQB1*03', 'DQB1*03']","['DPA1*01', 'DPA1*01']","['DPB1*04', 'DPB1*01']","['A3', 'A28']","['B12', 'B17']","['Cw5', 'Cw6']","['DR6', 'DR4']","['DQ1', 'DQ3']","['DQ3', 'DQ3']","['DP1', 'DP1']","['DP4', 'DP1']",Bw4/Bw4,"['B*35', 'DQA1*06:01', 'B*73', 'DRB1*13', 'A*11', 'DPB1*04', 'DQA1*04:01', 'DPB1*35']",0.8715,0.109225,nan
195,D0278_RK,kidney,True,AllocationPriority.PRIORITY_7,D0278,O,NEG,KD,85,Copenhagen,Denmark,195,"['A*24', 'A*02']","['B*44', 'B*15']","['C*05', 'C*03']","['DRB1*04', 'DRB1*03']","['DQA1*05:01', 'DQA1*03:01']","['DQB1*03', 'DQB1*03']","['DPA1*02:02', 'DPA1*01']","['DPB1*02', 'DPB1*03']","['A9', 'A2']","['B12', 'B15']","['Cw5', 'Cw3']","['DR4', 'DR3']","['DQ1', 'DQ3']","['DQ3', 'DQ3']","['DP2', 'DP1']","['DP2', 'DP3']",Bw6/Bw6,nan,R2076,O,POS,Kidney,89,Gothenburg,Sweden,0,"['A*24', 'A*02']","['B*15', 'B*08']","['C*03', 'C*16']","['DRB1*04', 'DRB1*03']","['DQA1*05:01', 'DQA1*01:02']","['DQB1*02', 'DQB1*06']","['DPA1*01', 'DPA1*01']","['DPB1*02', 'DPB1*02']","['A9', 'A2']","['B15', 'B8']","['Cw3', 'Cw16']","['DR4', 'DR3']","['DQ1', 'DQ1']","['DQ2', 'DQ1']","['DP1', 'DP1']","['DP2', 'DP2']",Bw4/Bw4,"['B*37', 'B*46', 'B*52', 'B*38', 'C*08', 'B*53', 'DPA1*01']",0.907,0.0381299999999999,nan,0,1,1,228.9232004239295,0.8333333333333334,0.9579354634027974,649.267200588142
196,D0279_LK,kidney,False,AllocationPriority.LOCAL,D0279,B,POS,KD,38,Aarhus,Denmark,196,"['A*29', 'A*02']","['B*44', 'B*35']","['C*05', 'C*07']","['DRB1*01', 'DRB1*07']","['DQA1*03:01', 'DQA1*02:01']","['DQB1*06', 'DQB1*02']","['DPA1*01', 'DPA1*01']","['DPB1*11', 'DPB1*03']","['A19', 'A2']","['B12', 'B35']","['Cw5', 'Cw7']","['DR1', 'DR7']","['DQ3', 'DQ2']","['DQ1', 'DQ2']","['DP1', 'DP1']","['DP11', 'DP3']",Bw4/Bw4,nan,R0586,B,POS,Kidney,74,Aarhus,Denmark,0,"['A*02', 'A*03']","['B*15', 'B*15']","['C*05', 'C*07']","['DRB1*03', 'DRB1*01']","['DQA1*02:01', 'DQA1*02:01']","['DQB1*06', 'DQB1*05']","['DPA1*01', 'DPA1*01']","['DPB1*04', 'DPB1*04']","['A2', 'A3']","['B15', 'B15']","['Cw5', 'Cw7']","['DR3', 'DR1']","['DQ2', 'DQ2']","['DQ1', 'DQ1']","['DP1', 'DP1']","['DP4', 'DP4']",Bw4/Bw4,"['B*52', 'B*45', 'C*14', 'DPB1*115', 'A*68', 'B*58', 'B*51', 'DPB1*06']",0.1118,0.461864,nan,1,3
196,D0280_LK,kidney,False,AllocationPriority.LOCAL,D0280,O,POS,KD,64,Odense,Denmark,196,"['A*01', 'A*01']","['B*18', 'B*44']","['C*03', 'C*03']","['DRB1*13', 'DRB1*12']","['DQA1*05:01', 'DQA1*03:01']","['DQB1*05', 'DQB1*05']","['DPA1*02:02', 'DPA1*01']","['DPB1*06', 'DPB1*04']","['A1', 'A1']","['B18', 'B12']","['Cw3', 'Cw3']","['DR6', 'DR5']","['DQ1', 'DQ3']","['DQ1', 'DQ1']","['DP2', 'DP1']","['DP6', 'DP4']",Bw4/Bw6,nan,R0186,O,POS,Kidney,71,Odense,Denmark,0,"['A*01', 'A*25']","['B*18', 'B*44']","['C*07', 'C*07']","['DRB1*13', 'DRB1*04']","['DQA1*02:01', 'DQA1*01:02']","['DQB1*02', 'DQB1*06']","['DPA1*01', 'DPA1*01']","['DPB1*04', 'DPB1*13']","['A1', 'A10']","['B18', 'B12']","['Cw7', 'Cw7']","['DR6', 'DR4']","['DQ2', 'DQ1']","['DQ2', 'DQ1']","['DP1', 'DP1']","['DP4', 'DP13']",Bw4/Bw4,"['DPB1*19', 'A*68', 'B*47', 'DPB1*35', 'DRB1*12', 'C*16']",0.1006,0.3687539999999999,nan,1,0
196,D0281_LK,kidney,False,AllocationPriority.LOCAL,D0281,O,POS,KD,49,Helsinki,Finland,196,"['A*01', 'A*02']","['B*37', 'B*15']","['C*07', 'C*03']","['DRB1*13', 'DRB1*15']","['DQA1*05:01', 'DQA1*03:01']","['DQB1*03', 'DQB1*03']","['DPA1*01', 'DPA1*01']","['DPB1*02', 'DPB1*02']","['A1', 'A2']","['B37', 'B15']","['Cw7', 'Cw3']","['DR6', 'DR2']","['DQ1', 'DQ3']","['DQ3', 'DQ3']","['DP1', 'DP1']","['DP2', 'DP2']",Bw4/Bw4,nan,R1660,O,NEG,Kidney,55,Helsinki,Finland,0,"['A*02', 'A*01']","['B*41', 'B*39']","['C*07', 'C*03']","['DRB1*15', 'DRB1*13']","['DQA1*03:01', 'DQA1*03:01']","['DQB1*06', 'DQB1*03']","['DPA1*01', 'DPA1*01']","['DPB1*04', 'DPB1*04']","['A2', 'A1']","['B41', 'B16']","['Cw7', 'Cw3']","['DR2', 'DR6']","['DQ3', 'DQ3']","['DQ1', 'DQ3']","['DP1', 'DP1']","['DP4', 'DP4']",Bw4/Bw6,[],0.0,0.41,nan,0,2
196,D0279_RK,kidney,True,AllocationPriority.PRIORITY_7,D0279,B,POS,KD,38,Aarhus,Denmark,196,"['A*29', 'A*02']","['B*44', 'B*35']","['C*05', 'C*07']","['DRB1*01', 'DRB1*07']","['DQA1*03:01', 'DQA1*02:01']","['DQB1*06', 'DQB1*02']","['DPA1*01', 'DPA1*01']","['DPB1*11', 'DPB1*03']","['A19', 'A2']","['B12', 'B35']","['Cw5', 'Cw7']","['DR1', 'DR7']","['DQ3', 'DQ2']","['DQ1', 'DQ2']","['DP1', 'DP1']","['DP11', 'DP3']",Bw4/Bw4,nan,R2302,B,POS,Kidney,83,Gothenburg,Sweden,29,"['A*02', 'A*03']","['B*15', 'B*44']","['C*15', 'C*07']","['DRB1*07', 'DRB1*01']","['DQA1*02:01', 'DQA1*04:01']","['DQB1*03', 'DQB1*03']","['DPA1*01', 'DPA1*01']","['DPB1*03', 'DPB1*04']","['A2', 'A3']","['B15', 'B12']","['Cw15', 'Cw7']","['DR7', 'DR1']","['DQ2', 'DQ4']","['DQ3', 'DQ3']","['DP1', 'DP1']","['DP3', 'DP4']",Bw4/Bw4,"['C*17', 'DRB1*01', 'DPB1*20', 'B*14', 'DPB1*01', 'B*53', 'DPB1*11']",0.2194,0.405912,nan,0,2,2,202.6942002796759,0.6666666666666667,0.9627550305520983,589.8166116840588
196,D0280_RK,kidney,True,AllocationPriority.PRIORITY_7,D0280,O,POS,KD,64,Odense,Denmark,196,"['A*01', 'A*01']","['B*18', 'B*44']","['C*03', 'C*03']","['DRB1*13', 'DRB1*12']","['DQA1*05:01', 'DQA1*03:01']","['DQB1*05', 'DQB1*05']","['DPA1*02:02', 'DPA1*01']","['DPB1*06', 'DPB1*04']","['A1', 'A1']","['B18', 'B12']","['Cw3', 'Cw3']","['DR6', 'DR5']","['DQ1', 'DQ3']","['DQ1', 'DQ1']","['DP2', 'DP1']","['DP6', 'DP4']",Bw4/Bw6,nan,R0328,O,POS,Kidney,90,Odense,Denmark,0,"['A*01', 'A*03']","['B*08', 'B*44']","['C*07', 'C*06']","['DRB1*13', 'DRB1*13']","['DQA1*01:01', 'DQA1*05:01']","['DQB1*06', 'DQB1*06']","['DPA1*01', 'DPA1*01']","['DPB1*04', 'DPB1*03']","['A1', 'A3']","['B8', 'B12']","['Cw7', 'Cw6']","['DR6', 'DR6']","['DQ1', 'DQ1']","['DQ1', 'DQ1']","['DP1', 'DP1']","['DP4', 'DP3']",Bw4/Bw6,[],0.0,0.41,nan,1,1,2,0.0,0.6666666666666667,1.0,603.1672386167969
196,D0281_RK,kidney,True,AllocationPriority.PRIORITY_7,D0281,O,POS,KD,49,Helsinki,Finland,196,"['A*01', 'A*02']","['B*37', 'B*15']","['C*07', 'C*03']","['DRB1*13', 'DRB1*15']","['DQA1*05:01', 'DQA1*03:01']","['DQB1*03', 'DQB1*03']","['DPA1*01', 'DPA1*01']","['DPB1*02', 'DPB1*02']","['A1', 'A2']","['B37', 'B15']","['Cw7', 'Cw3']","['DR6', 'DR2']","['DQ1', 'DQ3']","['DQ3', 'DQ3']","['DP1', 'DP1']","['DP2', 'DP2']",Bw4/Bw4,nan,R2123,O,NEG,Kidney,83,Tartu,Estonia,0,"['A*01', 'A*02']","['B*08', 'B*15']","['C*03', 'C*07']","['DRB1*15', 'DRB1*13']","['DQA1*02:01', 'DQA1*03:01']","['DQB1*06', 'DQB1*03']","['DPA1*01', 'DPA1*01']","['DPB1*01', 'DPB1*04']","['A1', 'A2']","['B8', 'B15']","['Cw3', 'Cw7']","['DR2', 'DR6']","['DQ2', 'DQ3']","['DQ1', 'DQ3']","['DP1', 'DP1']","['DP1', 'DP4']",Bw4/Bw6,"['B*27', 'DPB1*14', 'DRB1*13', 'DPB1*09', 'DQA1*04:01', 'DPB1*424', 'A*33']",0.2601,0.303359,nan,0,1,1,223.77640682897163,0.8333333333333334,0.958881184444319,649.606198552027
197,D0282_LK,kidney,False,AllocationPriority.LOCAL,D0282,A,POS,KD,40,Gothenburg,Sweden,197,"['A*03', 'A*01']","['B*07', 'B*27']","['C*03', 'C*03']","['DRB1*13', 'DRB1*15']","['DQA1*01:01', 'DQA1*01:03']","['DQB1*06', 'DQB1*03']","['DPA1*01', 'DPA1*01']","['DPB1*03', 'DPB1*04']","['A3', 'A1']","['B7', 'B27']","['Cw3', 'Cw3']","['DR6', 'DR2']","['DQ1', 'DQ1']","['DQ1', 'DQ3']","['DP1', 'DP1']","['DP3', 'DP4']",Bw4/Bw6,nan,R2126,A,NEG,Kidney,79,Gothenburg,Sweden,0,"['A*01', 'A*26']","['B*39', 'B*27']","['C*07', 'C*04']","['DRB1*15', 'DRB1*13']","['DQA1*01:02', 'DQA1*01:01']","['DQB1*03', 'DQB1*06']","['DPA1*01', 'DPA1*01']","['DPB1*03', 'DPB1*02']","['A1', 'A10']","['B16', 'B27']","['Cw7', 'Cw4']","['DR2', 'DR6']","['DQ1', 'DQ1']","['DQ3', 'DQ1']","['DP1', 'DP1']","['DP3', 'DP2']",Bw6/Bw6,"['A*32', 'DPB1*51', 'DPB1*10']",0.0449,0.811835,nan,0,2
197,D0282_RK,kidney,True,AllocationPriority.PRIORITY_7,D0282,A,POS,KD,40,Gothenburg,Sweden,197,"['A*03', 'A*01']","['B*07', 'B*27']","['C*03', 'C*03']","['DRB1*13', 'DRB1*15']","['DQA1*01:01', 'DQA1*01:03']","['DQB1*06', 'DQB1*03']","['DPA1*01', 'DPA1*01']","['DPB1*03', 'DPB1*04']","['A3', 'A1']","['B7', 'B27']","['Cw3', 'Cw3']","['DR6', 'DR2']","['DQ1', 'DQ1']","['DQ1', 'DQ3']","['DP1', 'DP1']","['DP3', 'DP4']",Bw4/Bw6,nan,R1245,A,POS,Kidney,79,Helsinki,Finland,0,"['A*03', 'A*01']","['B*07', 'B*27']","['C*03', 'C*04']","['DRB1*15', 'DRB1*11']","['DQA1*01:02', 'DQA1*05:01']","['DQB1*05', 'DQB1*02']","['DPA1*01', 'DPA1*02:02']","['DPB1*04', 'DPB1*03']","['A3', 'A1']","['B7', 'B27']","['Cw3', 'Cw4']","['DR2', 'DR5']","['DQ1', 'DQ1']","['DQ1', 'DQ2']","['DP1', 'DP2']","['DP4', 'DP3']",Bw4/Bw6,[],0.0,0.85,nan,1,0,1,790.7219255251106,0.8333333333333334,0.8547051967084739,612.2638468672917
198,D0283_LK,kidney,False,AllocationPriority.PAYBACK,D0283,B,POS,KD,28,Oslo,Norway,198,"['A*11', 'A*03']","['B*08', 'B*40']","['C*01', 'C*04']","['DRB1*13', 'DRB1*13']","['DQA1*03:01', 'DQA1*01:02']","['DQB1*03', 'DQB1*02']","['DPA1*01', 'DPA1*01']","['DPB1*04', 'DPB1*04']","['A11', 'A3']","['B8', 'B40']","['Cw1', 'Cw4']","['DR6', 'DR6']","['DQ3', 'DQ1']","['DQ3', 'DQ2']","['DP1', 'DP1']","['DP4', 'DP4']",Bw6/Bw6,nan,R1365,B,NEG,Kidney,88,Odense,Denmark,0,"['A*03', 'A*11']","['B*08', 'B*40']","['C*04', 'C*07']","['DRB1*13', 'DRB1*13']","['DQA1*03:01', 'DQA1*03:01']","['DQB1*06', 'DQB1*03']","['DPA1*01', 'DPA1*01']","['DPB1*02', 'DPB1*03']","['A3', 'A11']","['B8', 'B40']","['Cw4', 'Cw7']","['DR6', 'DR6']","['DQ3', 'DQ3']","['DQ1', 'DQ3']","['DP1', 'DP1']","['DP2', 'DP3']",Bw6/Bw6,[],0.0,0.52,nan,0,0
198,D0283_RK,kidney,True,AllocationPriority.PRIORITY_7,D0283,B,POS,KD,28,Oslo,Norway,198,"['A*11', 'A*03']","['B*08', 'B*40']","['C*01', 'C*04']","['DRB1*13', 'DRB1*13']","['DQA1*03:01', 'DQA1*01:02']","['DQB1*03', 'DQB1*02']","['DPA1*01', 'DPA1*01']","['DPB1*04', 'DPB1*04']","['A11', 'A3']","['B8', 'B40']","['Cw1', 'Cw4']","['DR6', 'DR6']","['DQ3', 'DQ1']","['DQ3', 'DQ2']","['DP1', 'DP1']","['DP4', 'DP4']",Bw6/Bw6,nan,R2573,B,NEG,Kidney,84,Oslo,Norway,116,"['A*03', 'A*03']","['B*40', 'B*08']","['C*03', 'C*07']","['DRB1*04', 'DRB1*13']","['DQA1*01:01', 'DQA1*01:01']","['DQB1*03', 'DQB1*03']","['DPA1*01', 'DPA1*01']","['DPB1*04', 'DPB1*04']","['A3', 'A3']","['B40', 'B8']","['Cw3', 'Cw7']","['DR4', 'DR6']","['DQ1', 'DQ1']","['DQ3', 'DQ3']","['DP1', 'DP1']","['DP4', 'DP4']",Bw6/Bw6,[],0.0,0.52,nan,0,1,1,0.0,0.8333333333333334,1.0,664.345423057711
200,D0284_LK,kidney,False,AllocationPriority.PAYBACK,D0284,B,NEG,KD,33,Gothenburg,Sweden,200,"['A*02', 'A*02']","['B*40', 'B*38']","['C*07', 'C*06']","['DRB1*09', 'DRB1*08']","['DQA1*01:02', 'DQA1*01:02']","['DQB1*03', 'DQB1*02']","['DPA1*01', 'DPA1*01']","['DPB1*04', 'DPB1*04']","['A2', 'A2']","['B40', 'B16']","['Cw7', 'Cw6']","['DR9', 'DR8']","['DQ1', 'DQ1']","['DQ3', 'DQ2']","['DP1', 'DP1']","['DP4', 'DP4']",Bw4/Bw6,nan,R0042,B,POS,Kidney,89,Oslo,Norway,0,"['A*02', 'A*01']","['B*08', 'B*40']","['C*07', 'C*02']","['DRB1*03', 'DRB1*08']","['DQA1*04:01', 'DQA1*05:01']","['DQB1*06', 'DQB1*06']","['DPA1*02:02', 'DPA1*01']","['DPB1*02', 'DPB1*04']","['A2', 'A1']","['B8', 'B40']","['Cw7', 'Cw2']","['DR3', 'DR8']","['DQ4', 'DQ1']","['DQ1', 'DQ1']","['DP2', 'DP1']","['DP2', 'DP4']",Bw6/Bw6,[],0.0,0.52,nan,1,1
200,D0285_LK,kidney,False,AllocationPriority.PAYBACK,D0285,A,POS,KD,54,Stockholm,Sweden,200,"['A*02', 'A*32']","['B*07', 'B*57']","['C*06', 'C*04']","['DRB1*15', 'DRB1*07']","['DQA1*03:01', 'DQA1*05:01']","['DQB1*03', 'DQB1*03']","['DPA1*01', 'DPA1*01']","['DPB1*03', 'DPB1*04']","['A2', 'A19']","['B7', 'B17']","['Cw6', 'Cw4']","['DR2', 'DR7']","['DQ3', 'DQ1']","['DQ3', 'DQ3']","['DP1', 'DP1']","['DP3', 'DP4']",Bw4/Bw4,nan,R0039,A,NEG,Kidney,72,Helsinki,Finland,0,"['A*68', 'A*02']","['B*07', 'B*08']","['C*07', 'C*02']","['DRB1*15', 'DRB1*07']","['DQA1*01:02', 'DQA1*05:01']","['DQB1*06', 'DQB1*02']","['DPA1*02:02', 'DPA1*01']","['DPB1*04', 'DPB1*04']","['A28', 'A2']","['B7', 'B8']","['Cw7', 'Cw2']","['DR2', 'DR7']","['DQ1', 'DQ1']","['DQ1', 'DQ2']","['DP2', 'DP1']","['DP4', 'DP4']",Bw6/Bw6,[],0.0,0.85,nan,0,2
200,D0286_LK,kidney,False,AllocationPriority.PAYBACK,D0286,A,POS,KD,61,Stockholm,Sweden,200,"['A*32', 'A*32']","['B*15', 'B*44']","['C*15', 'C*03']","['DRB1*04', 'DRB1*04']","['DQA1*05:01', 'DQA1*01:01']","['DQB1*02', 'DQB1*03']","['DPA1*01', 'DPA1*02:02']","['DPB1*04', 'DPB1*02']","['A19', 'A19']","['B15', 'B12']","['Cw15', 'Cw3']","['DR4', 'DR4']","['DQ1', 'DQ1']","['DQ2', 'DQ3']","['DP1', 'DP2']","['DP4', 'DP2']",Bw6/Bw6,nan,R0299,A,POS,Kidney,82,Odense,Denmark,0,"['A*32', 'A*01']","['B*15', 'B*44']","['C*06', 'C*02']","['DRB1*15', 'DRB1*04']","['DQA1*01:01', 'DQA1*02:01']","['DQB1*03', 'DQB1*02']","['DPA1*01', 'DPA1*01']","['DPB1*04', 'DPB1*04']","['A19', 'A1']","['B15', 'B12']","['Cw6', 'Cw2']","['DR2', 'DR4']","['DQ1', 'DQ2']","['DQ3', 'DQ2']","['DP1', 'DP1']","['DP4', 'DP4']",Bw6/Bw6,[],0.0,0.85,nan,0,0
200,D0284_RK,kidney,True,AllocationPriority.PAYBACK,D0284,B,NEG,KD,33,Gothenburg,Sweden,200,"['A*02', 'A*02']","['B*40', 'B*38']","['C*07', 'C*06']","['DRB1*09', 'DRB1*08']","['DQA1*01:02', 'DQA1*01:02']","['DQB1*03', 'DQB1*02']","['DPA1*01', 'DPA1*01']","['DPB1*04', 'DPB1*04']","['A2', 'A2']","['B40', 'B16']","['Cw7', 'Cw6']","['DR9', 'DR8']","['DQ1', 'DQ1']","['DQ3', 'DQ2']","['DP1', 'DP1']","['DP4', 'DP4']",Bw4/Bw6,nan,R0768,B,POS,Kidney,72,Uppsala,Sweden,0,"['A*02', 'A*02']","['B*57', 'B*40']","['C*07', 'C*03']","['DRB1*15', 'DRB1*08']","['DQA1*01:03', 'DQA1*03:01']","['DQB1*06', 'DQB1*03']","['DPA1*02:02', 'DPA1*01']","['DPB1*04', 'DPB1*04']","['A2', 'A2']","['B17', 'B40']","['Cw7', 'Cw3']","['DR2', 'DR8']","['DQ1', 'DQ3']","['DQ1', 'DQ3']","['DP2', 'DP1']","['DP4', 'DP4']",Bw4/Bw6,[],0.0,0.52,nan,1,1
200,D0285_RK,kidney,True,AllocationPriority.PAYBACK,D0285,A,POS,KD,54,Stockholm,Sweden,200,"['A*02', 'A*32']","['B*07', 'B*57']","['C*06', 'C*04']","['DRB1*15', 'DRB1*07']","['DQA1*03:01', 'DQA1*05:01']","['DQB1*03', 'DQB1*03']","['DPA1*01', 'DPA1*01']","['DPB1*03', 'DPB1*04']","['A2', 'A19']","['B7', 'B17']","['Cw6', 'Cw4']","['DR2', 'DR7']","['DQ3', 'DQ1']","['DQ3', 'DQ3']","['DP1', 'DP1']","['DP3', 'DP4']",Bw4/Bw4,nan,R2815,AB,POS,Kidney,68,Helsinki,Finland,187,"['A*11', 'A*01']","['B*57', 'B*07']","['C*07', 'C*07']","['DRB1*03', 'DRB1*04']","['DQA1*02:01', 'DQA1*05:01']","['DQB1*06', 'DQB1*03']","['DPA1*02:02', 'DPA1*01']","['DPB1*10', 'DPB1*04']","['A11', 'A1']","['B17', 'B7']","['Cw7', 'Cw7']","['DR3', 'DR4']","['DQ2', 'DQ1']","['DQ1', 'DQ3']","['DP2', 'DP1']","['DP10', 'DP4']",Bw4/Bw6,"['C*07', 'DPB1*129', 'DRB1*12', 'B*40', 'B*53', 'A*31', 'DPB1*09', 'DQB1*06']",0.8322,0.1678,nan
200,D0286_RK,kidney,True,AllocationPriority.PRIORITY_3,D0286,A,POS,KD,61,Stockholm,Sweden,200,"['A*32', 'A*32']","['B*15', 'B*44']","['C*15', 'C*03']","['DRB1*04', 'DRB1*04']","['DQA1*05:01', 'DQA1*01:01']","['DQB1*02', 'DQB1*03']","['DPA1*01', 'DPA1*02:02']","['DPB1*04', 'DPB1*02']","['A19', 'A19']","['B15', 'B12']","['Cw15', 'Cw3']","['DR4', 'DR4']","['DQ1', 'DQ1']","['DQ2', 'DQ3']","['DP1', 'DP2']","['DP4', 'DP2']",Bw6/Bw6,nan,R0457,A,POS,Kidney,84,Uppsala,Sweden,0,"['A*29', 'A*02']","['B*15', 'B*44']","['C*06', 'C*04']","['DRB1*03', 'DRB1*04']","['DQA1*05:01', 'DQA1*03:01']","['DQB1*06', 'DQB1*03']","['DPA1*01', 'DPA1*01']","['DPB1*02', 'DPB1*04']","['A19', 'A2']","['B15', 'B12']","['Cw6', 'Cw4']","['DR3', 'DR4']","['DQ1', 'DQ3']","['DQ1', 'DQ3']","['DP1', 'DP1']","['DP2', 'DP4']",Bw6/Bw6,"['DPB1*02', 'C*04', 'B*40', 'DQA1*05:01', 'DPB1*115', 'B*18', 'DPB1*51', 'DRB1*10']",0.5966,0.3428900000000001,nan
201,D0287_LK,kidney,False,AllocationPriority.LOCAL,D0287,O,POS,KD,20,Aarhus,Denmark,201,"['A*01', 'A*68']","['B*40', 'B*08']","['C*01', 'C*07']","['DRB1*04', 'DRB1*07']","['DQA1*01:01', 'DQA1*02:01']","['DQB1*06', 'DQB1*03']","['DPA1*01', 'DPA1*01']","['DPB1*04', 'DPB1*09']","['A1', 'A28']","['B40', 'B8']","['Cw1', 'Cw7']","['DR4', 'DR7']","['DQ1', 'DQ2']","['DQ1', 'DQ3']","['DP1', 'DP1']","['DP4', 'DP9']",Bw6/Bw6,nan,R2482,A,NEG,Kidney,71,Aarhus,Denmark,83,"['A*25', 'A*32']","['B*40', 'B*49']","['C*07', 'C*06']","['DRB1*01', 'DRB1*04']","['DQA1*02:01', 'DQA1*01:01']","['DQB1*02', 'DQB1*02']","['DPA1*01', 'DPA1*01']","['DPB1*14', 'DPB1*04']","['A10', 'A19']","['B40', 'B21']","['Cw7', 'Cw6']","['DR1', 'DR4']","['DQ2', 'DQ1']","['DQ2', 'DQ2']","['DP1', 'DP1']","['DP14', 'DP4']",Bw6/Bw6,"['DQB1*05', 'A*02', 'C*05', 'DRB1*10', 'B*52', 'DRB1*13', 'DPA1*02:02']",0.846,0.1309,nan
201,D0288_LK,kidney,False,AllocationPriority.LOCAL,D0288,B,POS,KD,58,Helsinki,Finland,201,"['A*11', 'A*31']","['B*15', 'B*44']","['C*07', 'C*05']","['DRB1*01', 'DRB1*13']","['DQA1*05:01', 'DQA1*02:01']","['DQB1*06', 'DQB1*04']","['DPA1*02:02', 'DPA1*01']","['DPB1*04', 'DPB1*01']","['A11', 'A19']","['B15', 'B12']","['Cw7', 'Cw5']","['DR1', 'DR6']","['DQ1', 'DQ2']","['DQ1', 'DQ4']","['DP2', 'DP1']","['DP4', 'DP1']",Bw6/Bw6,nan,R2825,B,POS,Kidney,82,Helsinki,Finland,193,"['A*24', 'A*68']","['B*07', 'B*57']","['C*05', 'C*16']","['DRB1*01', 'DRB1*13']","['DQA1*01:02', 'DQA1*03:01']","['DQB1*06', 'DQB1*02']","['DPA1*01', 'DPA1*01']","['DPB1*03', 'DPB1*04']","['A9', 'A28']","['B7', 'B17']","['Cw5', 'Cw16']","['DR1', 'DR6']","['DQ1', 'DQ3']","['DQ1', 'DQ2']","['DP1', 'DP1']","['DP3', 'DP4']",Bw4/Bw4,[],0.0,0.52,nan,0,4
201,D0289_LK,kidney,False,AllocationPriority.PAYBACK,D0289,B,POS,KD,62,Oslo,Norway,201,"['A*24', 'A*32']","['B*15', 'B*44']","['C*04', 'C*04']","['DRB1*04', 'DRB1*15']","['DQA1*03:01', 'DQA1*01:01']","['DQB1*06', 'DQB1*03']","['DPA1*01', 'DPA1*01']","['DPB1*04', 'DPB1*04']","['A9', 'A19']","['B15', 'B12']","['Cw4', 'Cw4']","['DR4', 'DR2']","['DQ3', 'DQ1']","['DQ1', 'DQ3']","['DP1', 'DP1']","['DP4', 'DP4']",Bw6/Bw6,nan,R0297,B,POS,Kidney,77,Oslo,Norway,0,"['A*02', 'A*02']","['B*13', 'B*45']","['C*03', 'C*07']","['DRB1*04', 'DRB1*15']","['DQA1*01:01', 'DQA1*05:01']","['DQB1*05', 'DQB1*03']","['DPA1*01', 'DPA1*01']","['DPB1*02', 'DPB1*16']","['A2', 'A2']","['B13', 'B12']","['Cw3', 'Cw7']","['DR4', 'DR2']","['DQ1', 'DQ1']","['DQ1', 'DQ3']","['DP1', 'DP1']","['DP2', 'DP16']",Bw4/Bw4,[],0.0,0.52,nan,0,3
201,D0290_LK,kidney,False,AllocationPriority.LOCAL,D0290,O,NEG,KD,38,Gothenburg,Sweden,201,"['A*01', 'A*68']","['B*08', 'B*15']","['C*07', 'C*03']","['DRB1*13', 'DRB1*07']","['DQA1*03:01', 'DQA1*02:01']","['DQB1*03', 'DQB1*03']","['DPA1*01', 'DPA1*02:02']","['DPB1*02', 'DPB1*05']","['A1', 'A28']","['B8', 'B15']","['Cw7', 'Cw3']","['DR6', 'DR7']","['DQ3', 'DQ2']","['DQ3', 'DQ3']","['DP1', 'DP2']","['DP2', 'DP5']",Bw4/Bw6,nan,R0425,O,POS,Kidney,87,Gothenburg,Sweden,0,"['A*24', 'A*03']","['B*15', 'B*27']","['C*05', 'C*03']","['DRB1*13', 'DRB1*07']","['DQA1*01:01', 'DQA1*01:02']","['DQB1*02', 'DQB1*02']","['DPA1*01', 'DPA1*01']","['DPB1*04', 'DPB1*04']","['A9', 'A3']","['B15', 'B27']","['Cw5', 'Cw3']","['DR6', 'DR7']","['DQ1', 'DQ1']","['DQ2', 'DQ2']","['DP1', 'DP1']","['DP4', 'DP4']",Bw6/Bw6,"['DPB1*03', 'B*08', 'C*14', 'DRB1*11', 'B*45', 'DRB1*13']",0.4376,0.2305839999999999,nan,0,3
201,D0287_RK,kidney,True,AllocationPriority.PRIORITY_7,D0287,O,POS,KD,20,Aarhus,Denmark,201,"['A*01', 'A*68']","['B*40', 'B*08']","['C*01', 'C*07']","['DRB1*04', 'DRB1*07']","['DQA1*01:01', 'DQA1*02:01']","['DQB1*06', 'DQB1*03']","['DPA1*01', 'DPA1*01']","['DPB1*04', 'DPB1*09']","['A1', 'A28']","['B40', 'B8']","['Cw1', 'Cw7']","['DR4', 'DR7']","['DQ1', 'DQ2']","['DQ1', 'DQ3']","['DP1', 'DP1']","['DP4', 'DP9']",Bw6/Bw6,nan,R0052,O,POS,Kidney,63,Copenhagen,Denmark,0,"['A*01', 'A*68']","['B*08', 'B*40']","['C*03', 'C*07']","['DRB1*04', 'DRB1*04']","['DQA1*01:02', 'DQA1*01:02']","['DQB1*02', 'DQB1*02']","['DPA1*01', 'DPA1*01']","['DPB1*03', 'DPB1*01']","['A1', 'A28']","['B8', 'B40']","['Cw3', 'Cw7']","['DR4', 'DR4']","['DQ1', 'DQ1']","['DQ2', 'DQ2']","['DP1', 'DP1']","['DP3', 'DP1']",Bw6/Bw6,"['A*32', 'DPB1*115', 'C*08', 'DRB1*10', 'B*73', 'A*26', 'DQA1*06:01', 'C*06', 'DQB1*04']",0.1866,0.333494,nan,1,0,1,156.94272365318082,0.8333333333333334,0.9711618441007791,654.0082562793307
201,D0288_RK,kidney,True,AllocationPriority.PRIORITY_7,D0288,B,POS,KD,58,Helsinki,Finland,201,"['A*11', 'A*31']","['B*15', 'B*44']","['C*07', 'C*05']","['DRB1*01', 'DRB1*13']","['DQA1*05:01', 'DQA1*02:01']","['DQB1*06', 'DQB1*04']","['DPA1*02:02', 'DPA1*01']","['DPB1*04', 'DPB1*01']","['A11', 'A19']","['B15', 'B12']","['Cw7', 'Cw5']","['DR1', 'DR6']","['DQ1', 'DQ2']","['DQ1', 'DQ4']","['DP2', 'DP1']","['DP4', 'DP1']",Bw6/Bw6,nan,R0914,B,POS,Kidney,72,Helsinki,Finland,0,"['A*31', 'A*03']","['B*44', 'B*07']","['C*05', 'C*07']","['DRB1*13', 'DRB1*03']","['DQA1*01:02', 'DQA1*01:02']","['DQB1*02', 'DQB1*03']","['DPA1*01', 'DPA1*01']","['DPB1*04', 'DPB1*04']","['A19', 'A3']","['B12', 'B7']","['Cw5', 'Cw7']","['DR6', 'DR3']","['DQ1', 'DQ1']","['DQ2', 'DQ3']","['DP1', 'DP1']","['DP4', 'DP4']",Bw4/Bw4,"['A*66', 'C*12', 'DRB1*08', 'DPB1*23', 'B*18', 'DPB1*129', 'A*02', 'B*08', 'DQA1*06:01']",0.5774,0.219752,nan,1,2,3,0.0,0.5,1.0,541.9890541758828
201,D0289_RK,kidney,True,AllocationPriority.PRIORITY_7,D0289,B,POS,KD,62,Oslo,Norway,201,"['A*24', 'A*32']","['B*15', 'B*44']","['C*04', 'C*04']","['DRB1*04', 'DRB1*15']","['DQA1*03:01', 'DQA1*01:01']","['DQB1*06', 'DQB1*03']","['DPA1*01', 'DPA1*01']","['DPB1*04', 'DPB1*04']","['A9', 'A19']","['B15', 'B12']","['Cw4', 'Cw4']","['DR4', 'DR2']","['DQ3', 'DQ1']","['DQ1', 'DQ3']","['DP1', 'DP1']","['DP4', 'DP4']",Bw6/Bw6,nan,R2220,B,POS,Kidney,88,Uppsala,Sweden,5,"['A*24', 'A*02']","['B*44', 'B*15']","['C*07', 'C*07']","['DRB1*15', 'DRB1*01']","['DQA1*01:03', 'DQA1*03:01']","['DQB1*02', 'DQB1*03']","['DPA1*02:02', 'DPA1*01']","['DPB1*11', 'DPB1*04']","['A9', 'A2']","['B12', 'B15']","['Cw7', 'Cw7']","['DR2', 'DR1']","['DQ1', 'DQ3']","['DQ2', 'DQ3']","['DP2', 'DP1']","['DP11', 'DP4']",Bw6/Bw6,[],0.0,0.52,nan,1,1,2,384.0748843519863,0.6666666666666667,0.9294264102591078,577.869817732811
201,D0290_RK,kidney,True,AllocationPriority.PRIORITY_7,D0290,O,NEG,KD,38,Gothenburg,Sweden,201,"['A*01', 'A*68']","['B*08', 'B*15']","['C*07', 'C*03']","['DRB1*13', 'DRB1*07']","['DQA1*03:01', 'DQA1*02:01']","['DQB1*03', 'DQB1*03']","['DPA1*01', 'DPA1*02:02']","['DPB1*02', 'DPB1*05']","['A1', 'A28']","['B8', 'B15']","['Cw7', 'Cw3']","['DR6', 'DR7']","['DQ3', 'DQ2']","['DQ3', 'DQ3']","['DP1', 'DP2']","['DP2', 'DP5']",Bw4/Bw6,nan,R1485,O,POS,Kidney,70,Gothenburg,Sweden,0,"['A*01', 'A*11']","['B*08', 'B*15']","['C*08', 'C*07']","['DRB1*03', 'DRB1*07']","['DQA1*01:02', 'DQA1*03:01']","['DQB1*02', 'DQB1*02']","['DPA1*01', 'DPA1*01']","['DPB1*04', 'DPB1*03']","['A1', 'A11']","['B8', 'B15']","['Cw8', 'Cw7']","['DR3', 'DR7']","['DQ1', 'DQ3']","['DQ2', 'DQ2']","['DP1', 'DP1']","['DP4', 'DP3']",Bw4/Bw6,"['A*23', 'A*24', 'B*42', 'DPB1*09', 'A*30']",0.1164,0.362276,nan,1,1,2,0.0,0.6666666666666667,1.0,603.1672386167969
202,D0291_LK,kidney,False,AllocationPriority.PAYBACK,D0291,O,POS,KD,84,Stockholm,Sweden,202,"['A*02', 'A*02']","['B*08', 'B*44']","['C*03', 'C*06']","['DRB1*08', 'DRB1*15']","['DQA1*01:02', 'DQA1*01:02']","['DQB1*06', 'DQB1*06']","['DPA1*01', 'DPA1*01']","['DPB1*04', 'DPB1*04']","['A2', 'A2']","['B8', 'B12']","['Cw3', 'Cw6']","['DR8', 'DR2']","['DQ1', 'DQ1']","['DQ1', 'DQ1']","['DP1', 'DP1']","['DP4', 'DP4']",Bw4/Bw6,nan,R2170,O,POS,Kidney,87,Stockholm,Sweden,0,"['A*01', 'A*02']","['B*08', 'B*44']","['C*07', 'C*07']","['DRB1*15', 'DRB1*08']","['DQA1*01:02', 'DQA1*01:02']","['DQB1*03', 'DQB1*03']","['DPA1*01', 'DPA1*01']","['DPB1*02', 'DPB1*09']","['A1', 'A2']","['B8', 'B12']","['Cw7', 'Cw7']","['DR2', 'DR8']","['DQ1', 'DQ1']","['DQ3', 'DQ3']","['DP1', 'DP1']","['DP2', 'DP9']",Bw4/Bw6,"['C*16', 'DPB1*14']",0.0317,0.397003,nan,0,0
202,D0292_LK,kidney,False,AllocationPriority.LOCAL,D0292,A,NEG,KD,54,Reykjavik,Iceland,202,"['A*29', 'A*01']","['B*14', 'B*08']","['C*03', 'C*02']","['DRB1*08', 'DRB1*12']","['DQA1*05:01', 'DQA1*01:02']","['DQB1*02', 'DQB1*03']","['DPA1*01', 'DPA1*02:02']","['DPB1*04', 'DPB1*04']","['A19', 'A1']","['B14', 'B8']","['Cw3', 'Cw2']","['DR8', 'DR5']","['DQ1', 'DQ1']","['DQ2', 'DQ3']","['DP1', 'DP2']","['DP4', 'DP4']",Bw4/Bw6,nan,R1875,A,NEG,Kidney,88,Reykjavik,Iceland,0,"['A*03', 'A*01']","['B*51', 'B*15']","['C*05', 'C*06']","['DRB1*15', 'DRB1*11']","['DQA1*03:01', 'DQA1*03:01']","['DQB1*02', 'DQB1*06']","['DPA1*01', 'DPA1*01']","['DPB1*04', 'DPB1*06']","['A3', 'A1']","['B5', 'B15']","['Cw5', 'Cw6']","['DR2', 'DR5']","['DQ3', 'DQ3']","['DQ2', 'DQ1']","['DP1', 'DP1']","['DP4', 'DP6']",Bw4/Bw4,[],0.0,0.85,nan,1,3
202,D0291_RK,kidney,True,AllocationPriority.PAYBACK,D0291,O,POS,KD,84,Stockholm,Sweden,202,"['A*02', 'A*02']","['B*08', 'B*44']","['C*03', 'C*06']","['DRB1*08', 'DRB1*15']","['DQA1*01:02', 'DQA1*01:02']","['DQB1*06', 'DQB1*06']","['DPA1*01', 'DPA1*01']","['DPB1*04', 'DPB1*04']","['A2', 'A2']","['B8', 'B12']","['Cw3', 'Cw6']","['DR8', 'DR2']","['DQ1', 'DQ1']","['DQ1', 'DQ1']","['DP1', 'DP1']","['DP4', 'DP4']",Bw4/Bw6,nan,R1851,O,POS,Kidney,70,Oslo,Norway,0,"['A*02', 'A*02']","['B*41', 'B*44']","['C*01', 'C*07']","['DRB1*15', 'DRB1*08']","['DQA1*05:01', 'DQA1*04:01']","['DQB1*03', 'DQB1*05']","['DPA1*02:02', 'DPA1*01']","['DPB1*04', 'DPB1*19']","['A2', 'A2']","['B41', 'B12']","['Cw1', 'Cw7']","['DR2', 'DR8']","['DQ1', 'DQ4']","['DQ3', 'DQ1']","['DP2', 'DP1']","['DP4', 'DP19']",Bw4/Bw6,[],0.0,0.41,nan,0,1
202,D0292_RK,kidney,True,AllocationPriority.PRIORITY_7,D0292,A,NEG,KD,54,Reykjavik,Iceland,202,"['A*29', 'A*01']","['B*14', 'B*08']","['C*03', 'C*02']","['DRB1*08', 'DRB1*12']","['DQA1*05:01', 'DQA1*01:02']","['DQB1*02', 'DQB1*03']","['DPA1*01', 'DPA1*02:02']","['DPB1*04', 'DPB1*04']","['A19', 'A1']","['B14', 'B8']","['Cw3', 'Cw2']","['DR8', 'DR5']","['DQ1', 'DQ1']","['DQ2', 'DQ3']","['DP1', 'DP2']","['DP4', 'DP4']",Bw4/Bw6,nan,R0251,A,POS,Kidney,73,Oslo,Norway,0,"['A*02', 'A*01']","['B*08', 'B*15']","['C*07', 'C*07']","['DRB1*08', 'DRB1*04']","['DQA1*02:01', 'DQA1*01:03']","['DQB1*06', 'DQB1*06']","['DPA1*01', 'DPA1*01']","['DPB1*14', 'DPB1*02']","['A2', 'A1']","['B8', 'B15']","['Cw7', 'Cw7']","['DR8', 'DR4']","['DQ2', 'DQ1']","['DQ1', 'DQ1']","['DP1', 'DP1']","['DP14', 'DP2']",Bw4/Bw6,"['B*35', 'C*03']",0.2886,0.6046900000000001,nan,1,2,3,1744.746020846713,0.5,0.6794036921080093,427.06986465509954
203,D0293_LK,kidney,False,AllocationPriority.PAYBACK,D0293,O,POS,KD,49,Oslo,Norway,203,"['A*68', 'A*11']","['B*40', 'B*15']","['C*03', 'C*03']","['DRB1*07', 'DRB1*13']","['DQA1*01:01', 'DQA1*03:01']","['DQB1*02', 'DQB1*03']","['DPA1*01', 'DPA1*01']","['DPB1*03', 'DPB1*14']","['A28', 'A11']","['B40', 'B15']","['Cw3', 'Cw3']","['DR7', 'DR6']","['DQ1', 'DQ3']","['DQ2', 'DQ3']","['DP1', 'DP1']","['DP3', 'DP14']",Bw4/Bw6,nan,R0184,O,POS,Kidney,84,Tartu,Estonia,0,"['A*02', 'A*02']","['B*13', 'B*15']","['C*07', 'C*07']","['DRB1*13', 'DRB1*07']","['DQA1*02:01', 'DQA1*04:01']","['DQB1*02', 'DQB1*05']","['DPA1*01', 'DPA1*01']","['DPB1*04', 'DPB1*04']","['A2', 'A2']","['B13', 'B15']","['Cw7', 'Cw7']","['DR6', 'DR7']","['DQ2', 'DQ4']","['DQ2', 'DQ1']","['DP1', 'DP1']","['DP4', 'DP4']",Bw4/Bw4,[],0.0,0.41,nan,0,3
203,D0294_LK,kidney,False,AllocationPriority.PAYBACK,D0294,B,POS,KD,57,Helsinki,Finland,203,"['A*02', 'A*02']","['B*07', 'B*07']","['C*07', 'C*05']","['DRB1*15', 'DRB1*04']","['DQA1*02:01', 'DQA1*05:01']","['DQB1*02', 'DQB1*03']","['DPA1*01', 'DPA1*01']","['DPB1*02', 'DPB1*19']","['A2', 'A2']","['B7', 'B7']","['Cw7', 'Cw5']","['DR2', 'DR4']","['DQ2', 'DQ1']","['DQ2', 'DQ3']","['DP1', 'DP1']","['DP2', 'DP19']",Bw6/Bw6,nan,R1115,B,POS,Kidney,70,Oslo,Norway,0,"['A*02', 'A*01']","['B*07', 'B*15']","['C*07', 'C*07']","['DRB1*15', 'DRB1*04']","['DQA1*05:01', 'DQA1*01:03']","['DQB1*06', 'DQB1*02']","['DPA1*01', 'DPA1*01']","['DPB1*01', 'DPB1*04']","['A2', 'A1']","['B7', 'B15']","['Cw7', 'Cw7']","['DR2', 'DR4']","['DQ1', 'DQ1']","['DQ1', 'DQ2']","['DP1', 'DP1']","['DP1', 'DP4']",Bw4/Bw6,[],0.0,0.52,nan,0,0
203,D0293_RK,kidney,True,AllocationPriority.PRIORITY_7,D0293,O,POS,KD,49,Oslo,Norway,203,"['A*68', 'A*11']","['B*40', 'B*15']","['C*03', 'C*03']","['DRB1*07', 'DRB1*13']","['DQA1*01:01', 'DQA1*03:01']","['DQB1*02', 'DQB1*03']","['DPA1*01', 'DPA1*01']","['DPB1*03', 'DPB1*14']","['A28', 'A11']","['B40', 'B15']","['Cw3', 'Cw3']","['DR7', 'DR6']","['DQ1', 'DQ3']","['DQ2', 'DQ3']","['DP1', 'DP1']","['DP3', 'DP14']",Bw4/Bw6,nan,R0482,O,POS,Kidney,90,Copenhagen,Denmark,0,"['A*32', 'A*68']","['B*15', 'B*40']","['C*03', 'C*03']","['DRB1*04', 'DRB1*07']","['DQA1*05:01', 'DQA1*05:01']","['DQB1*03', 'DQB1*03']","['DPA1*01', 'DPA1*02:02']","['DPB1*01', 'DPB1*04']","['A19', 'A28']","['B15', 'B40']","['Cw3', 'Cw3']","['DR4', 'DR7']","['DQ1', 'DQ1']","['DQ3', 'DQ3']","['DP1', 'DP2']","['DP1', 'DP4']",Bw4/Bw4,[],0.0,0.41,nan,1,1,2,483.3085545859356,0.6666666666666667,0.9111922673434893,571.3337071355082
203,D0294_RK,kidney,True,AllocationPriority.PRIORITY_7,D0294,B,POS,KD,57,Helsinki,Finland,203,"['A*02', 'A*02']","['B*07', 'B*07']","['C*07', 'C*05']","['DRB1*15', 'DRB1*04']","['DQA1*02:01', 'DQA1*05:01']","['DQB1*02', 'DQB1*03']","['DPA1*01', 'DPA1*01']","['DPB1*02', 'DPB1*19']","['A2', 'A2']","['B7', 'B7']","['Cw7', 'Cw5']","['DR2', 'DR4']","['DQ2', 'DQ1']","['DQ2', 'DQ3']","['DP1', 'DP1']","['DP2', 'DP19']",Bw6/Bw6,nan,R1947,B,NEG,Kidney,84,Helsinki,Finland,0,"['A*02', 'A*29']","['B*07', 'B*14']","['C*01', 'C*16']","['DRB1*08', 'DRB1*15']","['DQA1*05:01', 'DQA1*03:01']","['DQB1*03', 'DQB1*02']","['DPA1*01', 'DPA1*01']","['DPB1*03', 'DPB1*04']","['A2', 'A19']","['B7', 'B14']","['Cw1', 'Cw16']","['DR8', 'DR2']","['DQ1', 'DQ3']","['DQ3', 'DQ2']","['DP1', 'DP1']","['DP3', 'DP4']",Bw4/Bw6,[],0.0,0.52,nan,1,0,1,0.0,0.8333333333333334,1.0,664.345423057711
204,D0295_LK,kidney,False,AllocationPriority.PAYBACK,D0295,A,POS,KD,63,Odense,Denmark,204,"['A*01', 'A*01']","['B*07', 'B*44']","['C*07', 'C*03']","['DRB1*15', 'DRB1*03']","['DQA1*01:02', 'DQA1*01:03']","['DQB1*06', 'DQB1*05']","['DPA1*01', 'DPA1*01']","['DPB1*04', 'DPB1*05']","['A1', 'A1']","['B7', 'B12']","['Cw7', 'Cw3']","['DR2', 'DR3']","['DQ1', 'DQ1']","['DQ1', 'DQ1']","['DP1', 'DP1']","['DP4', 'DP5']",Bw4/Bw6,nan,R1606,A,POS,Kidney,56,Uppsala,Sweden,0,"['A*01', 'A*24']","['B*07', 'B*44']","['C*07', 'C*07']","['DRB1*15', 'DRB1*03']","['DQA1*01:03', 'DQA1*02:01']","['DQB1*05', 'DQB1*02']","['DPA1*01', 'DPA1*02:02']","['DPB1*04', 'DPB1*04']","['A1', 'A9']","['B7', 'B12']","['Cw7', 'Cw7']","['DR2', 'DR3']","['DQ1', 'DQ2']","['DQ1', 'DQ2']","['DP1', 'DP2']","['DP4', 'DP4']",Bw4/Bw4,"['B*56', 'DRB1*01', 'B*08', 'DPB1*10', 'DQB1*02', 'A*69']",0.4406,0.4754899999999999,nan,0,0
204,D0295_RK,kidney,True,AllocationPriority.PRIORITY_7,D0295,A,POS,KD,63,Odense,Denmark,204,"['A*01', 'A*01']","['B*07', 'B*44']","['C*07', 'C*03']","['DRB1*15', 'DRB1*03']","['DQA1*01:02', 'DQA1*01:03']","['DQB1*06', 'DQB1*05']","['DPA1*01', 'DPA1*01']","['DPB1*04', 'DPB1*05']","['A1', 'A1']","['B7', 'B12']","['Cw7', 'Cw3']","['DR2', 'DR3']","['DQ1', 'DQ1']","['DQ1', 'DQ1']","['DP1', 'DP1']","['DP4', 'DP5']",Bw4/Bw6,nan,R2798,A,NEG,Kidney,16,Copenhagen,Denmark,183,"['A*29', 'A*01']","['B*35', 'B*44']","['C*04', 'C*16']","['DRB1*03', 'DRB1*15']","['DQA1*03:01', 'DQA1*02:01']","['DQB1*04', 'DQB1*02']","['DPA1*01', 'DPA1*01']","['DPB1*04', 'DPB1*04']","['A19', 'A1']","['B35', 'B12']","['Cw4', 'Cw16']","['DR3', 'DR2']","['DQ3', 'DQ2']","['DQ4', 'DQ2']","['DP1', 'DP1']","['DP4', 'DP4']",Bw4/Bw4,[],0.0,0.85,nan,0,1,1,139.59013480576982,0.8333333333333334,0.9743503746091611,655.1511993911677
205,D0296_LK,kidney,False,AllocationPriority.LOCAL,D0296,O,POS,KD,59,Skane,Sweden,205,"['A*68', 'A*01']","['B*35', 'B*18']","['C*02', 'C*07']","['DRB1*11', 'DRB1*13']","['DQA1*01:02', 'DQA1*02:01']","['DQB1*06', 'DQB1*05']","['DPA1*01', 'DPA1*01']","['DPB1*04', 'DPB1*02']","['A28', 'A1']","['B35', 'B18']","['Cw2', 'Cw7']","['DR5', 'DR6']","['DQ1', 'DQ2']","['DQ1', 'DQ1']","['DP1', 'DP1']","['DP4', 'DP2']",Bw6/Bw6,nan,R0403,O,POS,Kidney,72,Skane,Sweden,0,"['A*01', 'A*11']","['B*13', 'B*08']","['C*03', 'C*03']","['DRB1*12', 'DRB1*14']","['DQA1*02:01', 'DQA1*05:01']","['DQB1*02', 'DQB1*06']","['DPA1*01', 'DPA1*01']","['DPB1*04', 'DPB1*03']","['A1', 'A11']","['B13', 'B8']","['Cw3', 'Cw3']","['DR5', 'DR6']","['DQ2', 'DQ1']","['DQ2', 'DQ1']","['DP1', 'DP1']","['DP4', 'DP3']",Bw4/Bw6,[],0.0,0.41,nan,0,3
205,D0297_LK,kidney,False,AllocationPriority.PAYBACK,D0297,O,POS,KD,86,Gothenburg,Sweden,205,"['A*02', 'A*11']","['B*07', 'B*40']","['C*12', 'C*04']","['DRB1*11', 'DRB1*15']","['DQA1*02:01', 'DQA1*01:01']","['DQB1*06', 'DQB1*03']","['DPA1*01', 'DPA1*02:02']","['DPB1*04', 'DPB1*06']","['A2', 'A11']","['B7', 'B40']","['Cw12', 'Cw4']","['DR5', 'DR2']","['DQ2', 'DQ1']","['DQ1', 'DQ3']","['DP1', 'DP2']","['DP4', 'DP6']",Bw6/Bw6,nan,R2802,O,POS,Kidney,60,Oslo,Norway,183,"['A*01', 'A*02']","['B*07', 'B*40']","['C*02', 'C*02']","['DRB1*11', 'DRB1*15']","['DQA1*05:01', 'DQA1*01:03']","['DQB1*03', 'DQB1*05']","['DPA1*01', 'DPA1*01']","['DPB1*04', 'DPB1*04']","['A1', 'A2']","['B7', 'B40']","['Cw2', 'Cw2']","['DR5', 'DR2']","['DQ1', 'DQ1']","['DQ3', 'DQ1']","['DP1', 'DP1']","['DP4', 'DP4']",Bw6/Bw6,[],0.0,0.41,nan,0,1
205,D0296_RK,kidney,True,AllocationPriority.PRIORITY_7,D0296,O,POS,KD,59,Skane,Sweden,205,"['A*68', 'A*01']","['B*35', 'B*18']","['C*02', 'C*07']","['DRB1*11', 'DRB1*13']","['DQA1*01:02', 'DQA1*02:01']","['DQB1*06', 'DQB1*05']","['DPA1*01', 'DPA1*01']","['DPB1*04', 'DPB1*02']","['A28', 'A1']","['B35', 'B18']","['Cw2', 'Cw7']","['DR5', 'DR6']","['DQ1', 'DQ2']","['DQ1', 'DQ1']","['DP1', 'DP1']","['DP4', 'DP2']",Bw6/Bw6,nan,R2121,O,POS,Kidney,71,Gothenburg,Sweden,0,"['A*01', 'A*68']","['B*18', 'B*08']","['C*07', 'C*07']","['DRB1*13', 'DRB1*03']","['DQA1*05:01', 'DQA1*02:01']","['DQB1*03', 'DQB1*03']","['DPA1*02:02', 'DPA1*01']","['DPB1*10', 'DPB1*04']","['A1', 'A28']","['B18', 'B8']","['Cw7', 'Cw7']","['DR6', 'DR3']","['DQ1', 'DQ2']","['DQ3', 'DQ3']","['DP2', 'DP1']","['DP10', 'DP4']",Bw6/Bw6,"['B*14', 'DRB1*10', 'DPB1*05', 'DRB1*08', 'A*31', 'A*66', 'DPB1*129', 'DQB1*06', 'B*73']",0.4411,0.2291489999999999,nan,1,1,2,242.24714531578837,0.6666666666666667,0.9554871944353673,587.2114231165535
205,D0297_RK,kidney,True,AllocationPriority.PRIORITY_7,D0297,O,POS,KD,86,Gothenburg,Sweden,205,"['A*02', 'A*11']","['B*07', 'B*40']","['C*12', 'C*04']","['DRB1*11', 'DRB1*15']","['DQA1*02:01', 'DQA1*01:01']","['DQB1*06', 'DQB1*03']","['DPA1*01', 'DPA1*02:02']","['DPB1*04', 'DPB1*06']","['A2', 'A11']","['B7', 'B40']","['Cw12', 'Cw4']","['DR5', 'DR2']","['DQ2', 'DQ1']","['DQ1', 'DQ3']","['DP1', 'DP2']","['DP4', 'DP6']",Bw6/Bw6,nan,R0623,O,POS,Kidney,49,Gothenburg,Sweden,0,"['A*02', 'A*01']","['B*07', 'B*40']","['C*15', 'C*03']","['DRB1*15', 'DRB1*13']","['DQA1*01:02', 'DQA1*05:01']","['DQB1*05', 'DQB1*06']","['DPA1*01', 'DPA1*02:02']","['DPB1*04', 'DPB1*04']","['A2', 'A1']","['B7', 'B40']","['Cw15', 'Cw3']","['DR2', 'DR6']","['DQ1', 'DQ1']","['DQ1', 'DQ1']","['DP1', 'DP2']","['DP4', 'DP4']",Bw6/Bw6,"['DRB1*13', 'DPB1*11', 'DPB1*13']",0.1672,0.341448,nan,1,1,2,0.0,0.6666666666666667,1.0,603.1672386167969
206,D0298_LK,kidney,False,AllocationPriority.LOCAL,D0298,O,POS,KD,46,Oslo,Norway,206,"['A*68', 'A*24']","['B*07', 'B*07']","['C*07', 'C*05']","['DRB1*04', 'DRB1*13']","['DQA1*03:01', 'DQA1*01:02']","['DQB1*03', 'DQB1*03']","['DPA1*02:02', 'DPA1*01']","['DPB1*04', 'DPB1*04']","['A28', 'A9']","['B7', 'B7']","['Cw7', 'Cw5']","['DR4', 'DR6']","['DQ3', 'DQ1']","['DQ3', 'DQ3']","['DP2', 'DP1']","['DP4', 'DP4']",Bw4/Bw6,nan,R1587,O,POS,Kidney,41,Oslo,Norway,0,"['A*24', 'A*03']","['B*07', 'B*07']","['C*07', 'C*03']","['DRB1*13', 'DRB1*04']","['DQA1*01:03', 'DQA1*03:01']","['DQB1*02', 'DQB1*05']","['DPA1*01', 'DPA1*01']","['DPB1*01', 'DPB1*03']","['A9', 'A3']","['B7', 'B7']","['Cw7', 'Cw3']","['DR6', 'DR4']","['DQ1', 'DQ3']","['DQ2', 'DQ1']","['DP1', 'DP1']","['DP1', 'DP3']",Bw4/Bw6,[],0.0,0.41,nan,0,1
206,D0298_RK,kidney,True,AllocationPriority.PRIORITY_7,D0298,O,POS,KD,46,Oslo,Norway,206,"['A*68', 'A*24']","['B*07', 'B*07']","['C*07', 'C*05']","['DRB1*04', 'DRB1*13']","['DQA1*03:01', 'DQA1*01:02']","['DQB1*03', 'DQB1*03']","['DPA1*02:02', 'DPA1*01']","['DPB1*04', 'DPB1*04']","['A28', 'A9']","['B7', 'B7']","['Cw7', 'Cw5']","['DR4', 'DR6']","['DQ3', 'DQ1']","['DQ3', 'DQ3']","['DP2', 'DP1']","['DP4', 'DP4']",Bw4/Bw6,nan,R0683,O,POS,Kidney,79,Gothenburg,Sweden,0,"['A*30', 'A*24']","['B*07', 'B*08']","['C*07', 'C*02']","['DRB1*04', 'DRB1*13']","['DQA1*01:02', 'DQA1*01:02']","['DQB1*03', 'DQB1*03']","['DPA1*01', 'DPA1*01']","['DPB1*04', 'DPB1*02']","['A19', 'A9']","['B7', 'B8']","['Cw7', 'Cw2']","['DR4', 'DR6']","['DQ1', 'DQ1']","['DQ3', 'DQ3']","['DP1', 'DP1']","['DP4', 'DP2']",Bw4/Bw4,[],0.0,0.41,nan,0,1,1,255.07748105944097,0.8333333333333334,0.9531296259301052,647.5445265156868
207,D0299_LK,kidney,False,AllocationPriority.PAYBACK,D0299,A,POS,KD,31,Helsinki,Finland,207,"['A*03', 'A*31']","['B*15', 'B*45']","['C*06', 'C*03']","['DRB1*13', 'DRB1*07']","['DQA1*05:01', 'DQA1*02:01']","['DQB1*06', 'DQB1*05']","['DPA1*01', 'DPA1*01']","['DPB1*04', 'DPB1*16']","['A3', 'A19']","['B15', 'B12']","['Cw6', 'Cw3']","['DR6', 'DR7']","['DQ1', 'DQ2']","['DQ1', 'DQ1']","['DP1', 'DP1']","['DP4', 'DP16']",Bw6/Bw6,nan,R0249,A,POS,Kidney,74,Odense,Denmark,0,"['A*03', 'A*02']","['B*44', 'B*44']","['C*03', 'C*06']","['DRB1*07', 'DRB1*13']","['DQA1*03:01', 'DQA1*01:02']","['DQB1*02', 'DQB1*05']","['DPA1*01', 'DPA1*01']","['DPB1*04', 'DPB1*04']","['A3', 'A2']","['B12', 'B12']","['Cw3', 'Cw6']","['DR7', 'DR6']","['DQ3', 'DQ1']","['DQ2', 'DQ1']","['DP1', 'DP1']","['DP4', 'DP4']",Bw4/Bw4,"['DQB1*04', 'DPB1*13', 'C*14', 'A*26']",0.0792,0.7826799999999999,nan,0,2
207,D0300_LK,kidney,False,AllocationPriority.PAYBACK,D0300,A,POS,KD,46,Helsinki,Finland,207,"['A*03', 'A*32']","['B*40', 'B*35']","['C*02', 'C*03']","['DRB1*15', 'DRB1*10']","['DQA1*05:01', 'DQA1*05:01']","['DQB1*04', 'DQB1*06']","['DPA1*01', 'DPA1*01']","['DPB1*04', 'DPB1*04']","['A3', 'A19']","['B40', 'B35']","['Cw2', 'Cw3']","['DR2', 'DR10']","['DQ1', 'DQ1']","['DQ4', 'DQ1']","['DP1', 'DP1']","['DP4', 'DP4']",Bw4/Bw6,nan,R2712,A,POS,Kidney,78,Stockholm,Sweden,158,"['A*01', 'A*03']","['B*35', 'B*08']","['C*02', 'C*05']","['DRB1*10', 'DRB1*15']","['DQA1*02:01', 'DQA1*03:01']","['DQB1*06', 'DQB1*03']","['DPA1*01', 'DPA1*02:02']","['DPB1*02', 'DPB1*04']","['A1', 'A3']","['B35', 'B8']","['Cw2', 'Cw5']","['DR10', 'DR2']","['DQ2', 'DQ3']","['DQ1', 'DQ3']","['DP1', 'DP2']","['DP2', 'DP4']",Bw6/Bw6,"['DRB1*07', 'DQA1*01:03', 'B*73', 'DRB1*09', 'B*53', 'DRB1*16', 'B*18', 'B*38']",0.2194,0.6635099999999999,nan,0,2
207,D0299_RK,kidney,True,AllocationPriority.PAYBACK,D0299,A,POS,KD,31,Helsinki,Finland,207,"['A*03', 'A*31']","['B*15', 'B*45']","['C*06', 'C*03']","['DRB1*13', 'DRB1*07']","['DQA1*05:01', 'DQA1*02:01']","['DQB1*06', 'DQB1*05']","['DPA1*01', 'DPA1*01']","['DPB1*04', 'DPB1*16']","['A3', 'A19']","['B15', 'B12']","['Cw6', 'Cw3']","['DR6', 'DR7']","['DQ1', 'DQ2']","['DQ1', 'DQ1']","['DP1', 'DP1']","['DP4', 'DP16']",Bw6/Bw6,nan,R0832,A,POS,Kidney,74,Helsinki,Finland,0,"['A*01', 'A*03']","['B*44', 'B*55']","['C*05', 'C*01']","['DRB1*07', 'DRB1*13']","['DQA1*01:03', 'DQA1*02:01']","['DQB1*02', 'DQB1*02']","['DPA1*01', 'DPA1*01']","['DPB1*04', 'DPB1*04']","['A1', 'A3']","['B12', 'B22']","['Cw5', 'Cw1']","['DR7', 'DR6']","['DQ1', 'DQ2']","['DQ2', 'DQ2']","['DP1', 'DP1']","['DP4', 'DP4']",Bw4/Bw6,[],0.0,0.85,nan,0,2
207,D0300_RK,kidney,True,AllocationPriority.PRIORITY_7,D0300,A,POS,KD,46,Helsinki,Finland,207,"['A*03', 'A*32']","['B*40', 'B*35']","['C*02', 'C*03']","['DRB1*15', 'DRB1*10']","['DQA1*05:01', 'DQA1*05:01']","['DQB1*04', 'DQB1*06']","['DPA1*01', 'DPA1*01']","['DPB1*04', 'DPB1*04']","['A3', 'A19']","['B40', 'B35']","['Cw2', 'Cw3']","['DR2', 'DR10']","['DQ1', 'DQ1']","['DQ4', 'DQ1']","['DP1', 'DP1']","['DP4', 'DP4']",Bw4/Bw6,nan,R1832,A,POS,Kidney,42,Helsinki,Finland,0,"['A*24', 'A*03']","['B*40', 'B*35']","['C*07', 'C*03']","['DRB1*15', 'DRB1*07']","['DQA1*03:01', 'DQA1*03:01']","['DQB1*03', 'DQB1*03']","['DPA1*01', 'DPA1*01']","['DPB1*02', 'DPB1*14']","['A9', 'A3']","['B40', 'B35']","['Cw7', 'Cw3']","['DR2', 'DR7']","['DQ3', 'DQ3']","['DQ3', 'DQ3']","['DP1', 'DP1']","['DP2', 'DP14']",Bw4/Bw6,"['DPB1*17', 'C*04', 'DRB1*12', 'DQA1*01:03', 'B*58', 'A*30', 'DPB1*01', 'DPB1*31', 'DQB1*03']",0.5891,0.349265,nan,1,1,2,0.0,0.6666666666666667,1.0,603.1672386167969
209,D0301_LK,kidney,False,AllocationPriority.PAYBACK,D0301,O,NEG,KD,79,Uppsala,Sweden,209,"['A*02', 'A*02']","['B*55', 'B*49']","['C*06', 'C*07']","['DRB1*15', 'DRB1*04']","['DQA1*05:01', 'DQA1*01:02']","['DQB1*06', 'DQB1*02']","['DPA1*01', 'DPA1*01']","['DPB1*02', 'DPB1*01']","['A2', 'A2']","['B22', 'B21']","['Cw6', 'Cw7']","['DR2', 'DR4']","['DQ1', 'DQ1']","['DQ1', 'DQ2']","['DP1', 'DP1']","['DP2', 'DP1']",Bw4/Bw6,nan,R0010,O,POS,Kidney,90,Oslo,Norway,0,"['A*31', 'A*02']","['B*56', 'B*07']","['C*03', 'C*07']","['DRB1*04', 'DRB1*15']","['DQA1*03:01', 'DQA1*02:01']","['DQB1*05', 'DQB1*03']","['DPA1*02:02', 'DPA1*01']","['DPB1*04', 'DPB1*04']","['A19', 'A2']","['B22', 'B7']","['Cw3', 'Cw7']","['DR4', 'DR2']","['DQ3', 'DQ2']","['DQ1', 'DQ3']","['DP2', 'DP1']","['DP4', 'DP4']",Bw4/Bw6,[],0.0,0.41,nan,0,1
209,D0302_LK,kidney,False,AllocationPriority.PAYBACK,D0302,O,NEG,KD,35,Aarhus,Denmark,209,"['A*11', 'A*68']","['B*07', 'B*27']","['C*07', 'C*07']","['DRB1*04', 'DRB1*07']","['DQA1*01:03', 'DQA1*05:01']","['DQB1*04', 'DQB1*03']","['DPA1*01', 'DPA1*01']","['DPB1*04', 'DPB1*04']","['A11', 'A28']","['B7', 'B27']","['Cw7', 'Cw7']","['DR4', 'DR7']","['DQ1', 'DQ1']","['DQ4', 'DQ3']","['DP1', 'DP1']","['DP4', 'DP4']",Bw4/Bw6,nan,R0655,O,POS,Kidney,87,Skane,Sweden,0,"['A*68', 'A*25']","['B*07', 'B*07']","['C*07', 'C*12']","['DRB1*07', 'DRB1*04']","['DQA1*01:01', 'DQA1*01:01']","['DQB1*02', 'DQB1*02']","['DPA1*01', 'DPA1*01']","['DPB1*04', 'DPB1*04']","['A28', 'A10']","['B7', 'B7']","['Cw7', 'Cw12']","['DR7', 'DR4']","['DQ1', 'DQ1']","['DQ2', 'DQ2']","['DP1', 'DP1']","['DP4', 'DP4']",Bw4/Bw6,[],0.0,0.41,nan,0,2
209,D0301_RK,kidney,True,AllocationPriority.PRIORITY_7,D0301,O,NEG,KD,79,Uppsala,Sweden,209,"['A*02', 'A*02']","['B*55', 'B*49']","['C*06', 'C*07']","['DRB1*15', 'DRB1*04']","['DQA1*05:01', 'DQA1*01:02']","['DQB1*06', 'DQB1*02']","['DPA1*01', 'DPA1*01']","['DPB1*02', 'DPB1*01']","['A2', 'A2']","['B22', 'B21']","['Cw6', 'Cw7']","['DR2', 'DR4']","['DQ1', 'DQ1']","['DQ1', 'DQ2']","['DP1', 'DP1']","['DP2', 'DP1']",Bw4/Bw6,nan,R2625,O,POS,Kidney,71,Stockholm,Sweden,129,"['A*02', 'A*24']","['B*49', 'B*57']","['C*04', 'C*16']","['DRB1*15', 'DRB1*04']","['DQA1*01:02', 'DQA1*03:01']","['DQB1*03', 'DQB1*02']","['DPA1*01', 'DPA1*02:02']","['DPB1*04', 'DPB1*04']","['A2', 'A9']","['B21', 'B17']","['Cw4', 'Cw16']","['DR2', 'DR4']","['DQ1', 'DQ3']","['DQ3', 'DQ2']","['DP1', 'DP2']","['DP4', 'DP4']",Bw6/Bw6,[],0.0,0.41,nan,0,1,1,63.62967887203856,0.8333333333333334,0.9883080747140327,660.1543998153173
209,D0302_RK,kidney,True,AllocationPriority.PAYBACK,D0302,O,NEG,KD,35,Aarhus,Denmark,209,"['A*11', 'A*68']","['B*07', 'B*27']","['C*07', 'C*07']","['DRB1*04', 'DRB1*07']","['DQA1*01:03', 'DQA1*05:01']","['DQB1*04', 'DQB1*03']","['DPA1*01', 'DPA1*01']","['DPB1*04', 'DPB1*04']","['A11', 'A28']","['B7', 'B27']","['Cw7', 'Cw7']","['DR4', 'DR7']","['DQ1', 'DQ1']","['DQ4', 'DQ3']","['DP1', 'DP1']","['DP4', 'DP4']",Bw4/Bw6,nan,R1008,O,POS,Kidney,47,Helsinki,Finland,0,"['A*02', 'A*11']","['B*07', 'B*44']","['C*04', 'C*07']","['DRB1*07', 'DRB1*04']","['DQA1*01:03', 'DQA1*05:01']","['DQB1*06', 'DQB1*02']","['DPA1*01', 'DPA1*01']","['DPB1*04', 'DPB1*04']","['A2', 'A11']","['B7', 'B12']","['Cw4', 'Cw7']","['DR7', 'DR4']","['DQ1', 'DQ1']","['DQ1', 'DQ2']","['DP1', 'DP1']","['DP4', 'DP4']",Bw4/Bw6,[],0.0,0.41,nan,0,2
210,D0303_LK,kidney,False,AllocationPriority.PAYBACK,D0303,B,POS,KD,33,Oslo,Norway,210,"['A*01', 'A*01']","['B*18', 'B*55']","['C*07', 'C*07']","['DRB1*01', 'DRB1*01']","['DQA1*01:02', 'DQA1*05:01']","['DQB1*02', 'DQB1*03']","['DPA1*01', 'DPA1*01']","['DPB1*02', 'DPB1*02']","['A1', 'A1']","['B18', 'B22']","['Cw7', 'Cw7']","['DR1', 'DR1']","['DQ1', 'DQ1']","['DQ2', 'DQ3']","['DP1', 'DP1']","['DP2', 'DP2']",Bw6/Bw6,nan,R0072,B,POS,Kidney,67,Tartu,Estonia,0,"['A*02', 'A*01']","['B*15', 'B*44']","['C*07', 'C*01']","['DRB1*01', 'DRB1*15']","['DQA1*01:02', 'DQA1*01:02']","['DQB1*04', 'DQB1*03']","['DPA1*02:02', 'DPA1*01']","['DPB1*01', 'DPB1*01']","['A2', 'A1']","['B15', 'B12']","['Cw7', 'Cw1']","['DR1', 'DR2']","['DQ1', 'DQ1']","['DQ4', 'DQ3']","['DP2', 'DP1']","['DP1', 'DP1']",Bw4/Bw4,[],0.0,0.52,nan,0,2
210,D0304_LK,kidney,False,AllocationPriority.PAYBACK,D0304,O,POS,KD,64,Uppsala,Sweden,210,"['A*02', 'A*01']","['B*08', 'B*41']","['C*07', 'C*07']","['DRB1*09', 'DRB1*04']","['DQA1*05:01', 'DQA1*01:01']","['DQB1*03', 'DQB1*02']","['DPA1*01', 'DPA1*02:02']","['DPB1*02', 'DPB1*05']","['A2', 'A1']","['B8', 'B41']","['Cw7', 'Cw7']","['DR9', 'DR4']","['DQ1', 'DQ1']","['DQ3', 'DQ2']","['DP1', 'DP2']","['DP2', 'DP5']",Bw6/Bw6,nan,R0873,O,NEG,Kidney,73,Helsinki,Finland,0,"['A*01', 'A*01']","['B*08', 'B*07']","['C*16', 'C*07']","['DRB1*04', 'DRB1*09']","['DQA1*03:01', 'DQA1*01:01']","['DQB1*03', 'DQB1*06']","['DPA1*01', 'DPA1*01']","['DPB1*04', 'DPB1*04']","['A1', 'A1']","['B8', 'B7']","['Cw16', 'Cw7']","['DR4', 'DR9']","['DQ3', 'DQ1']","['DQ3', 'DQ1']","['DP1', 'DP1']","['DP4', 'DP4']",Bw6/Bw6,[],0.0,0.41,nan,0,2
210,D0303_RK,kidney,True,AllocationPriority.PRIORITY_7,D0303,B,POS,KD,33,Oslo,Norway,210,"['A*01', 'A*01']","['B*18', 'B*55']","['C*07', 'C*07']","['DRB1*01', 'DRB1*01']","['DQA1*01:02', 'DQA1*05:01']","['DQB1*02', 'DQB1*03']","['DPA1*01', 'DPA1*01']","['DPB1*02', 'DPB1*02']","['A1', 'A1']","['B18', 'B22']","['Cw7', 'Cw7']","['DR1', 'DR1']","['DQ1', 'DQ1']","['DQ2', 'DQ3']","['DP1', 'DP1']","['DP2', 'DP2']",Bw6/Bw6,nan,R1528,B,POS,Kidney,49,Gothenburg,Sweden,0,"['A*01', 'A*01']","['B*44', 'B*44']","['C*03', 'C*03']","['DRB1*01', 'DRB1*14']","['DQA1*01:01', 'DQA1*02:01']","['DQB1*02', 'DQB1*03']","['DPA1*01', 'DPA1*01']","['DPB1*04', 'DPB1*03']","['A1', 'A1']","['B12', 'B12']","['Cw3', 'Cw3']","['DR1', 'DR6']","['DQ1', 'DQ2']","['DQ2', 'DQ3']","['DP1', 'DP1']","['DP4', 'DP3']",Bw4/Bw4,[],0.0,0.52,nan,0,2,2,255.07748105944097,0.6666666666666667,0.9531296259301052,586.3663420747728
210,D0304_RK,kidney,True,AllocationPriority.PRIORITY_7,D0304,O,POS,KD,64,Uppsala,Sweden,210,"['A*02', 'A*01']","['B*08', 'B*41']","['C*07', 'C*07']","['DRB1*09', 'DRB1*04']","['DQA1*05:01', 'DQA1*01:01']","['DQB1*03', 'DQB1*02']","['DPA1*01', 'DPA1*02:02']","['DPB1*02', 'DPB1*05']","['A2', 'A1']","['B8', 'B41']","['Cw7', 'Cw7']","['DR9', 'DR4']","['DQ1', 'DQ1']","['DQ3', 'DQ2']","['DP1', 'DP2']","['DP2', 'DP5']",Bw6/Bw6,nan,R0191,O,NEG,Kidney,70,Stockholm,Sweden,0,"['A*01', 'A*02']","['B*08', 'B*44']","['C*01', 'C*07']","['DRB1*04', 'DRB1*13']","['DQA1*03:01', 'DQA1*03:01']","['DQB1*02', 'DQB1*06']","['DPA1*01', 'DPA1*01']","['DPB1*04', 'DPB1*02']","['A1', 'A2']","['B8', 'B12']","['Cw1', 'Cw7']","['DR4', 'DR6']","['DQ3', 'DQ3']","['DQ2', 'DQ1']","['DP1', 'DP1']","['DP4', 'DP2']",Bw4/Bw6,[],0.0,0.41,nan,1,1,2,63.62967887203856,0.6666666666666667,0.9883080747140327,598.9762153744033
211,D0305_LK,kidney,False,AllocationPriority.PAYBACK,D0305,A,POS,KD,38,Helsinki,Finland,211,"['A*02', 'A*02']","['B*08', 'B*07']","['C*02', 'C*07']","['DRB1*04', 'DRB1*10']","['DQA1*04:01', 'DQA1*02:01']","['DQB1*02', 'DQB1*03']","['DPA1*01', 'DPA1*01']","['DPB1*04', 'DPB1*05']","['A2', 'A2']","['B8', 'B7']","['Cw2', 'Cw7']","['DR4', 'DR10']","['DQ4', 'DQ2']","['DQ2', 'DQ3']","['DP1', 'DP1']","['DP4', 'DP5']",Bw6/Bw6,nan,R1303,A,NEG,Kidney,55,Copenhagen,Denmark,0,"['A*31', 'A*02']","['B*08', 'B*40']","['C*03', 'C*07']","['DRB1*10', 'DRB1*04']","['DQA1*05:01', 'DQA1*01:02']","['DQB1*02', 'DQB1*06']","['DPA1*01', 'DPA1*01']","['DPB1*04', 'DPB1*04']","['A19', 'A2']","['B8', 'B40']","['Cw3', 'Cw7']","['DR10', 'DR4']","['DQ1', 'DQ1']","['DQ2', 'DQ1']","['DP1', 'DP1']","['DP4', 'DP4']",Bw4/Bw6,[],0.0,0.85,nan,0,1
211,D0306_LK,kidney,False,AllocationPriority.LOCAL,D0306,O,POS,KD,28,Oslo,Norway,211,"['A*01', 'A*02']","['B*44', 'B*15']","['C*07', 'C*03']","['DRB1*09', 'DRB1*03']","['DQA1*05:01', 'DQA1*01:03']","['DQB1*05', 'DQB1*06']","['DPA1*01', 'DPA1*01']","['DPB1*04', 'DPB1*04']","['A1', 'A2']","['B12', 'B15']","['Cw7', 'Cw3']","['DR9', 'DR3']","['DQ1', 'DQ1']","['DQ1', 'DQ1']","['DP1', 'DP1']","['DP4', 'DP4']",Bw4/Bw4,nan,R0557,O,POS,Kidney,78,Oslo,Norway,0,"['A*02', 'A*02']","['B*08', 'B*15']","['C*08', 'C*02']","['DRB1*03', 'DRB1*13']","['DQA1*01:01', 'DQA1*01:01']","['DQB1*05', 'DQB1*05']","['DPA1*02:02', 'DPA1*01']","['DPB1*02', 'DPB1*04']","['A2', 'A2']","['B8', 'B15']","['Cw8', 'Cw2']","['DR3', 'DR6']","['DQ1', 'DQ1']","['DQ1', 'DQ1']","['DP2', 'DP1']","['DP2', 'DP4']",Bw4/Bw6,"['DPB1*20', 'A*29', 'DPB1*11', 'B*37', 'B*73', 'DPB1*03']",0.168,0.34112,nan,1,2
211,D0307_LK,kidney,False,AllocationPriority.PAYBACK,D0307,B,POS,KD,68,Copenhagen,Denmark,211,"['A*02', 'A*01']","['B*14', 'B*15']","['C*03', 'C*06']","['DRB1*04', 'DRB1*04']","['DQA1*01:02', 'DQA1*01:02']","['DQB1*06', 'DQB1*05']","['DPA1*01', 'DPA1*01']","['DPB1*16', 'DPB1*06']","['A2', 'A1']","['B14', 'B15']","['Cw3', 'Cw6']","['DR4', 'DR4']","['DQ1', 'DQ1']","['DQ1', 'DQ1']","['DP1', 'DP1']","['DP16', 'DP6']",Bw4/Bw6,nan,R2486,B,POS,Kidney,68,Oslo,Norway,84,"['A*02', 'A*68']","['B*15', 'B*14']","['C*07', 'C*07']","['DRB1*15', 'DRB1*04']","['DQA1*01:02', 'DQA1*01:02']","['DQB1*05', 'DQB1*03']","['DPA1*01', 'DPA1*01']","['DPB1*16', 'DPB1*06']","['A2', 'A28']","['B15', 'B14']","['Cw7', 'Cw7']","['DR2', 'DR4']","['DQ1', 'DQ1']","['DQ1', 'DQ3']","['DP1', 'DP1']","['DP16', 'DP6']",Bw4/Bw6,"['DPB1*51', 'DRB1*01']",0.1028,0.466544,nan,0,1
211,D0305_RK,kidney,True,AllocationPriority.PRIORITY_7,D0305,A,POS,KD,38,Helsinki,Finland,211,"['A*02', 'A*02']","['B*08', 'B*07']","['C*02', 'C*07']","['DRB1*04', 'DRB1*10']","['DQA1*04:01', 'DQA1*02:01']","['DQB1*02', 'DQB1*03']","['DPA1*01', 'DPA1*01']","['DPB1*04', 'DPB1*05']","['A2', 'A2']","['B8', 'B7']","['Cw2', 'Cw7']","['DR4', 'DR10']","['DQ4', 'DQ2']","['DQ2', 'DQ3']","['DP1', 'DP1']","['DP4', 'DP5']",Bw6/Bw6,nan,R0568,A,POS,Kidney,72,Helsinki,Finland,0,"['A*02', 'A*02']","['B*08', 'B*07']","['C*07', 'C*07']","['DRB1*04', 'DRB1*11']","['DQA1*05:01', 'DQA1*01:02']","['DQB1*03', 'DQB1*06']","['DPA1*01', 'DPA1*01']","['DPB1*04', 'DPB1*04']","['A2', 'A2']","['B8', 'B7']","['Cw7', 'Cw7']","['DR4', 'DR5']","['DQ1', 'DQ1']","['DQ3', 'DQ1']","['DP1', 'DP1']","['DP4', 'DP4']",Bw6/Bw6,"['B*39', 'A*26', 'C*02', 'B*42', 'DPB1*20', 'DPB1*35', 'DRB1*16', 'B*41']",0.0957,0.768655,nan,1,0,1,0.0,0.8333333333333334,1.0,664.345423057711
211,D0306_RK,kidney,True,AllocationPriority.PRIORITY_7,D0306,O,POS,KD,28,Oslo,Norway,211,"['A*01', 'A*02']","['B*44', 'B*15']","['C*07', 'C*03']","['DRB1*09', 'DRB1*03']","['DQA1*05:01', 'DQA1*01:03']","['DQB1*05', 'DQB1*06']","['DPA1*01', 'DPA1*01']","['DPB1*04', 'DPB1*04']","['A1', 'A2']","['B12', 'B15']","['Cw7', 'Cw3']","['DR9', 'DR3']","['DQ1', 'DQ1']","['DQ1', 'DQ1']","['DP1', 'DP1']","['DP4', 'DP4']",Bw4/Bw4,nan,R0500,O,POS,Kidney,60,Gothenburg,Sweden,0,"['A*25', 'A*01']","['B*15', 'B*44']","['C*04', 'C*05']","['DRB1*01', 'DRB1*03']","['DQA1*03:01', 'DQA1*01:02']","['DQB1*06', 'DQB1*03']","['DPA1*01', 'DPA1*01']","['DPB1*03', 'DPB1*03']","['A10', 'A1']","['B15', 'B12']","['Cw4', 'Cw5']","['DR1', 'DR3']","['DQ3', 'DQ1']","['DQ1', 'DQ3']","['DP1', 'DP1']","['DP3', 'DP3']",Bw6/Bw6,[],0.0,0.41,nan,1,1,2,255.07748105944097,0.6666666666666667,0.9531296259301052,586.3663420747728
211,D0307_RK,kidney,True,AllocationPriority.PRIORITY_7,D0307,B,POS,KD,68,Copenhagen,Denmark,211,"['A*02', 'A*01']","['B*14', 'B*15']","['C*03', 'C*06']","['DRB1*04', 'DRB1*04']","['DQA1*01:02', 'DQA1*01:02']","['DQB1*06', 'DQB1*05']","['DPA1*01', 'DPA1*01']","['DPB1*16', 'DPB1*06']","['A2', 'A1']","['B14', 'B15']","['Cw3', 'Cw6']","['DR4', 'DR4']","['DQ1', 'DQ1']","['DQ1', 'DQ1']","['DP1', 'DP1']","['DP16', 'DP6']",Bw4/Bw6,nan,R0489,B,POS,Kidney,80,Copenhagen,Denmark,0,"['A*03', 'A*01']","['B*15', 'B*27']","['C*05', 'C*07']","['DRB1*04', 'DRB1*01']","['DQA1*01:02', 'DQA1*03:01']","['DQB1*06', 'DQB1*04']","['DPA1*01', 'DPA1*01']","['DPB1*11', 'DPB1*04']","['A3', 'A1']","['B15', 'B27']","['Cw5', 'Cw7']","['DR4', 'DR1']","['DQ1', 'DQ3']","['DQ1', 'DQ4']","['DP1', 'DP1']","['DP11', 'DP4']",Bw4/Bw4,"['DRB1*12', 'A*25', 'C*08', 'B*56', 'B*37', 'B*13', 'C*02', 'C*06', 'DQA1*01:03']",0.2818,0.3734639999999999,nan,0,2,2,0.0,0.6666666666666667,1.0,603.1672386167969
212,D0308_LK,kidney,False,AllocationPriority.PAYBACK,D0308,B,POS,KD,57,Helsinki,Finland,212,"['A*02', 'A*02']","['B*44', 'B*51']","['C*04', 'C*07']","['DRB1*03', 'DRB1*03']","['DQA1*05:01', 'DQA1*03:01']","['DQB1*06', 'DQB1*05']","['DPA1*02:02', 'DPA1*01']","['DPB1*04', 'DPB1*04']","['A2', 'A2']","['B12', 'B5']","['Cw4', 'Cw7']","['DR3', 'DR3']","['DQ1', 'DQ3']","['DQ1', 'DQ1']","['DP2', 'DP1']","['DP4', 'DP4']",Bw4/Bw4,nan,R0059,B,POS,Kidney,69,Helsinki,Finland,0,"['A*03', 'A*02']","['B*07', 'B*44']","['C*03', 'C*07']","['DRB1*03', 'DRB1*01']","['DQA1*03:01', 'DQA1*03:01']","['DQB1*02', 'DQB1*03']","['DPA1*01', 'DPA1*01']","['DPB1*03', 'DPB1*03']","['A3', 'A2']","['B7', 'B12']","['Cw3', 'Cw7']","['DR3', 'DR1']","['DQ3', 'DQ3']","['DQ2', 'DQ3']","['DP1', 'DP1']","['DP3', 'DP3']",Bw4/Bw6,[],0.0,0.52,nan,0,1
212,D0309_LK,kidney,False,AllocationPriority.LOCAL,D0309,O,POS,KD,17,Uppsala,Sweden,212,"['A*11', 'A*32']","['B*08', 'B*18']","['C*07', 'C*03']","['DRB1*13', 'DRB1*04']","['DQA1*01:02', 'DQA1*01:02']","['DQB1*06', 'DQB1*03']","['DPA1*01', 'DPA1*01']","['DPB1*04', 'DPB1*04']","['A11', 'A19']","['B8', 'B18']","['Cw7', 'Cw3']","['DR6', 'DR4']","['DQ1', 'DQ1']","['DQ1', 'DQ3']","['DP1', 'DP1']","['DP4', 'DP4']",Bw4/Bw6,nan,R2361,O,NEG,Kidney,58,Uppsala,Sweden,47,"['A*24', 'A*31']","['B*07', 'B*07']","['C*04', 'C*05']","['DRB1*04', 'DRB1*14']","['DQA1*01:02', 'DQA1*02:01']","['DQB1*05', 'DQB1*06']","['DPA1*01', 'DPA1*01']","['DPB1*14', 'DPB1*03']","['A9', 'A19']","['B7', 'B7']","['Cw4', 'Cw5']","['DR4', 'DR6']","['DQ1', 'DQ2']","['DQ1', 'DQ1']","['DP1', 'DP1']","['DP14', 'DP3']",Bw4/Bw4,"['DPA1*02:02', 'C*08', 'A*30', 'A*29', 'C*04', 'B*39']",0.2953,0.288927,nan,0,3
212,D0308_RK,kidney,True,AllocationPriority.PRIORITY_7,D0308,B,POS,KD,57,Helsinki,Finland,212,"['A*02', 'A*02']","['B*44', 'B*51']","['C*04', 'C*07']","['DRB1*03', 'DRB1*03']","['DQA1*05:01', 'DQA1*03:01']","['DQB1*06', 'DQB1*05']","['DPA1*02:02', 'DPA1*01']","['DPB1*04', 'DPB1*04']","['A2', 'A2']","['B12', 'B5']","['Cw4', 'Cw7']","['DR3', 'DR3']","['DQ1', 'DQ3']","['DQ1', 'DQ1']","['DP2', 'DP1']","['DP4', 'DP4']",Bw4/Bw4,nan,R0114,B,POS,Kidney,82,Helsinki,Finland,0,"['A*02', 'A*32']","['B*07', 'B*44']","['C*07', 'C*04']","['DRB1*08', 'DRB1*03']","['DQA1*01:01', 'DQA1*05:01']","['DQB1*06', 'DQB1*06']","['DPA1*01', 'DPA1*01']","['DPB1*04', 'DPB1*04']","['A2', 'A19']","['B7', 'B12']","['Cw7', 'Cw4']","['DR8', 'DR3']","['DQ1', 'DQ1']","['DQ1', 'DQ1']","['DP1', 'DP1']","['DP4', 'DP4']",Bw4/Bw4,[],0.0,0.52,nan,0,1,1,0.0,0.8333333333333334,1.0,664.345423057711
212,D0309_RK,kidney,True,AllocationPriority.PRIORITY_7,D0309,O,POS,KD,17,Uppsala,Sweden,212,"['A*11', 'A*32']","['B*08', 'B*18']","['C*07', 'C*03']","['DRB1*13', 'DRB1*04']","['DQA1*01:02', 'DQA1*01:02']","['DQB1*06', 'DQB1*03']","['DPA1*01', 'DPA1*01']","['DPB1*04', 'DPB1*04']","['A11', 'A19']","['B8', 'B18']","['Cw7', 'Cw3']","['DR6', 'DR4']","['DQ1', 'DQ1']","['DQ1', 'DQ3']","['DP1', 'DP1']","['DP4', 'DP4']",Bw4/Bw6,nan,R1595,O,POS,Kidney,61,Uppsala,Sweden,0,"['A*31', 'A*11']","['B*08', 'B*18']","['C*03', 'C*07']","['DRB1*04', 'DRB1*04']","['DQA1*02:01', 'DQA1*05:01']","['DQB1*02', 'DQB1*06']","['DPA1*01', 'DPA1*01']","['DPB1*04', 'DPB1*04']","['A19', 'A11']","['B8', 'B18']","['Cw3', 'Cw7']","['DR4', 'DR4']","['DQ2', 'DQ1']","['DQ2', 'DQ1']","['DP1', 'DP1']","['DP4', 'DP4']",Bw4/Bw6,[],0.0,0.41,nan,1,1,2,0.0,0.6666666666666667,1.0,603.1672386167969
214,D0310_LK,kidney,False,AllocationPriority.PAYBACK,D0310,O,POS,KD,59,Odense,Denmark,214,"['A*01', 'A*29']","['B*15', 'B*08']","['C*05', 'C*03']","['DRB1*04', 'DRB1*15']","['DQA1*01:02', 'DQA1*02:01']","['DQB1*02', 'DQB1*05']","['DPA1*01', 'DPA1*01']","['DPB1*04', 'DPB1*04']","['A1', 'A19']","['B15', 'B8']","['Cw5', 'Cw3']","['DR4', 'DR2']","['DQ1', 'DQ2']","['DQ2', 'DQ1']","['DP1', 'DP1']","['DP4', 'DP4']",Bw4/Bw4,nan,R1953,O,POS,Kidney,42,Oslo,Norway,0,"['A*01', 'A*03']","['B*15', 'B*08']","['C*01', 'C*07']","['DRB1*15', 'DRB1*04']","['DQA1*02:01', 'DQA1*02:01']","['DQB1*06', 'DQB1*03']","['DPA1*01', 'DPA1*01']","['DPB1*04', 'DPB1*04']","['A1', 'A3']","['B15', 'B8']","['Cw1', 'Cw7']","['DR2', 'DR4']","['DQ2', 'DQ2']","['DQ1', 'DQ3']","['DP1', 'DP1']","['DP4', 'DP4']",Bw4/Bw6,"['B*15', 'B*37', 'DRB1*08', 'DPB1*13', 'DPB1*115', 'DRB1*09', 'B*49', 'A*24', 'C*08']",0.3138,0.2813419999999999,nan,0,1
214,D0311_LK,kidney,False,AllocationPriority.PAYBACK,D0311,B,POS,KD,66,Helsinki,Finland,214,"['A*02', 'A*29']","['B*15', 'B*07']","['C*01', 'C*03']","['DRB1*03', 'DRB1*15']","['DQA1*03:01', 'DQA1*01:01']","['DQB1*06', 'DQB1*02']","['DPA1*01', 'DPA1*01']","['DPB1*04', 'DPB1*04']","['A2', 'A19']","['B15', 'B7']","['Cw1', 'Cw3']","['DR3', 'DR2']","['DQ3', 'DQ1']","['DQ1', 'DQ2']","['DP1', 'DP1']","['DP4', 'DP4']",Bw4/Bw4,nan,R1631,B,POS,Kidney,60,Copenhagen,Denmark,0,"['A*02', 'A*33']","['B*07', 'B*08']","['C*07', 'C*07']","['DRB1*03', 'DRB1*15']","['DQA1*03:01', 'DQA1*01:01']","['DQB1*03', 'DQB1*06']","['DPA1*01', 'DPA1*02:02']","['DPB1*01', 'DPB1*04']","['A2', 'A19']","['B7', 'B8']","['Cw7', 'Cw7']","['DR3', 'DR2']","['DQ3', 'DQ1']","['DQ3', 'DQ1']","['DP1', 'DP2']","['DP1', 'DP4']",Bw4/Bw6,[],0.0,0.52,nan,0,1
214,D0312_LK,kidney,False,AllocationPriority.LOCAL,D0312,O,POS,KD,63,Oslo,Norway,214,"['A*02', 'A*02']","['B*49', 'B*37']","['C*05', 'C*08']","['DRB1*03', 'DRB1*13']","['DQA1*05:01', 'DQA1*02:01']","['DQB1*04', 'DQB1*03']","['DPA1*01', 'DPA1*01']","['DPB1*04', 'DPB1*01']","['A2', 'A2']","['B21', 'B37']","['Cw5', 'Cw8']","['DR3', 'DR6']","['DQ1', 'DQ2']","['DQ4', 'DQ3']","['DP1', 'DP1']","['DP4', 'DP1']",Bw4/Bw4,nan,R2400,O,POS,Kidney,71,Oslo,Norway,58,"['A*02', 'A*31']","['B*40', 'B*08']","['C*03', 'C*01']","['DRB1*13', 'DRB1*03']","['DQA1*03:01', 'DQA1*01:01']","['DQB1*02', 'DQB1*03']","['DPA1*01', 'DPA1*02:02']","['DPB1*04', 'DPB1*09']","['A2', 'A19']","['B40', 'B8']","['Cw3', 'Cw1']","['DR6', 'DR3']","['DQ3', 'DQ1']","['DQ2', 'DQ3']","['DP1', 'DP2']","['DP4', 'DP9']",Bw4/Bw6,[],0.0,0.41,nan,0,2
214,D0310_RK,kidney,True,AllocationPriority.PRIORITY_7,D0310,O,POS,KD,59,Odense,Denmark,214,"['A*01', 'A*29']","['B*15', 'B*08']","['C*05', 'C*03']","['DRB1*04', 'DRB1*15']","['DQA1*01:02', 'DQA1*02:01']","['DQB1*02', 'DQB1*05']","['DPA1*01', 'DPA1*01']","['DPB1*04', 'DPB1*04']","['A1', 'A19']","['B15', 'B8']","['Cw5', 'Cw3']","['DR4', 'DR2']","['DQ1', 'DQ2']","['DQ2', 'DQ1']","['DP1', 'DP1']","['DP4', 'DP4']",Bw4/Bw4,nan,R0799,O,POS,Kidney,80,Odense,Denmark,0,"['A*01', 'A*02']","['B*15', 'B*08']","['C*03', 'C*03']","['DRB1*15', 'DRB1*15']","['DQA1*05:01', 'DQA1*05:01']","['DQB1*02', 'DQB1*06']","['DPA1*02:02', 'DPA1*01']","['DPB1*05', 'DPB1*04']","['A1', 'A2']","['B15', 'B8']","['Cw3', 'Cw3']","['DR2', 'DR2']","['DQ1', 'DQ1']","['DQ2', 'DQ1']","['DP2', 'DP1']","['DP5', 'DP4']",Bw4/Bw6,[],0.0,0.41,nan,1,1,2,0.0,0.6666666666666667,1.0,603.1672386167969
214,D0311_RK,kidney,True,AllocationPriority.PRIORITY_7,D0311,B,POS,KD,66,Helsinki,Finland,214,"['A*02', 'A*29']","['B*15', 'B*07']","['C*01', 'C*03']","['DRB1*03', 'DRB1*15']","['DQA1*03:01', 'DQA1*01:01']","['DQB1*06', 'DQB1*02']","['DPA1*01', 'DPA1*01']","['DPB1*04', 'DPB1*04']","['A2', 'A19']","['B15', 'B7']","['Cw1', 'Cw3']","['DR3', 'DR2']","['DQ3', 'DQ1']","['DQ1', 'DQ2']","['DP1', 'DP1']","['DP4', 'DP4']",Bw4/Bw4,nan,R0301,B,POS,Kidney,66,Helsinki,Finland,0,"['A*68', 'A*11']","['B*15', 'B*07']","['C*05', 'C*01']","['DRB1*03', 'DRB1*15']","['DQA1*01:02', 'DQA1*01:03']","['DQB1*03', 'DQB1*03']","['DPA1*01', 'DPA1*01']","['DPB1*03', 'DPB1*04']","['A28', 'A11']","['B15', 'B7']","['Cw5', 'Cw1']","['DR3', 'DR2']","['DQ1', 'DQ1']","['DQ3', 'DQ3']","['DP1', 'DP1']","['DP3', 'DP4']",Bw4/Bw6,[],0.0,0.52,nan,0,2,2,0.0,0.6666666666666667,1.0,603.1672386167969
214,D0312_RK,kidney,True,AllocationPriority.PRIORITY_7,D0312,O,POS,KD,63,Oslo,Norway,214,"['A*02', 'A*02']","['B*49', 'B*37']","['C*05', 'C*08']","['DRB1*03', 'DRB1*13']","['DQA1*05:01', 'DQA1*02:01']","['DQB1*04', 'DQB1*03']","['DPA1*01', 'DPA1*01']","['DPB1*04', 'DPB1*01']","['A2', 'A2']","['B21', 'B37']","['Cw5', 'Cw8']","['DR3', 'DR6']","['DQ1', 'DQ2']","['DQ4', 'DQ3']","['DP1', 'DP1']","['DP4', 'DP1']",Bw4/Bw4,nan,R1488,O,POS,Kidney,72,Aarhus,Denmark,0,"['A*02', 'A*01']","['B*57', 'B*49']","['C*05', 'C*07']","['DRB1*03', 'DRB1*13']","['DQA1*05:01', 'DQA1*02:01']","['DQB1*04', 'DQB1*03']","['DPA1*01', 'DPA1*01']","['DPB1*10', 'DPB1*04']","['A2', 'A1']","['B17', 'B21']","['Cw5', 'Cw7']","['DR3', 'DR6']","['DQ1', 'DQ2']","['DQ4', 'DQ3']","['DP1', 'DP1']","['DP10', 'DP4']",Bw4/Bw4,[],0.0,0.41,nan,0,1,1,418.3350508270757,0.8333333333333334,0.9231311198566982,636.7914269948038
216,D0313_LK,kidney,False,AllocationPriority.PAYBACK,D0313,A,POS,KD,44,Helsinki,Finland,216,"['A*02', 'A*03']","['B*51', 'B*15']","['C*07', 'C*03']","['DRB1*15', 'DRB1*04']","['DQA1*05:01', 'DQA1*01:01']","['DQB1*06', 'DQB1*06']","['DPA1*01', 'DPA1*01']","['DPB1*04', 'DPB1*01']","['A2', 'A3']","['B5', 'B15']","['Cw7', 'Cw3']","['DR2', 'DR4']","['DQ1', 'DQ1']","['DQ1', 'DQ1']","['DP1', 'DP1']","['DP4', 'DP1']",Bw4/Bw4,nan,R0012,A,POS,Kidney,86,Gothenburg,Sweden,0,"['A*03', 'A*02']","['B*08', 'B*40']","['C*07', 'C*06']","['DRB1*04', 'DRB1*15']","['DQA1*01:01', 'DQA1*02:01']","['DQB1*06', 'DQB1*02']","['DPA1*01', 'DPA1*01']","['DPB1*04', 'DPB1*04']","['A3', 'A2']","['B8', 'B40']","['Cw7', 'Cw6']","['DR4', 'DR2']","['DQ1', 'DQ2']","['DQ1', 'DQ2']","['DP1', 'DP1']","['DP4', 'DP4']",Bw6/Bw6,[],0.0,0.85,nan,0,2
216,D0314_LK,kidney,False,AllocationPriority.PAYBACK,D0314,A,POS,KD,59,Copenhagen,Denmark,216,"['A*03', 'A*24']","['B*07', 'B*07']","['C*05', 'C*03']","['DRB1*01', 'DRB1*04']","['DQA1*01:03', 'DQA1*05:01']","['DQB1*03', 'DQB1*03']","['DPA1*02:02', 'DPA1*01']","['DPB1*16', 'DPB1*16']","['A3', 'A9']","['B7', 'B7']","['Cw5', 'Cw3']","['DR1', 'DR4']","['DQ1', 'DQ1']","['DQ3', 'DQ3']","['DP2', 'DP1']","['DP16', 'DP16']",Bw4/Bw6,nan,R2644,A,POS,Kidney,77,Helsinki,Finland,135,"['A*03', 'A*24']","['B*40', 'B*07']","['C*12', 'C*07']","['DRB1*04', 'DRB1*01']","['DQA1*01:02', 'DQA1*03:01']","['DQB1*02', 'DQB1*03']","['DPA1*01', 'DPA1*01']","['DPB1*04', 'DPB1*02']","['A3', 'A9']","['B40', 'B7']","['Cw12', 'Cw7']","['DR4', 'DR1']","['DQ1', 'DQ3']","['DQ2', 'DQ3']","['DP1', 'DP1']","['DP4', 'DP2']",Bw4/Bw6,"['B*45', 'DPB1*20', 'B*14', 'DQA1*01:01', 'DPB1*09', 'B*15', 'DQB1*04', 'DQA1*05:01', 'C*08']",0.5599,0.374085,nan,0,0
216,D0313_RK,kidney,True,AllocationPriority.PRIORITY_7,D0313,A,POS,KD,44,Helsinki,Finland,216,"['A*02', 'A*03']","['B*51', 'B*15']","['C*07', 'C*03']","['DRB1*15', 'DRB1*04']","['DQA1*05:01', 'DQA1*01:01']","['DQB1*06', 'DQB1*06']","['DPA1*01', 'DPA1*01']","['DPB1*04', 'DPB1*01']","['A2', 'A3']","['B5', 'B15']","['Cw7', 'Cw3']","['DR2', 'DR4']","['DQ1', 'DQ1']","['DQ1', 'DQ1']","['DP1', 'DP1']","['DP4', 'DP1']",Bw4/Bw4,nan,R1608,A,POS,Kidney,80,Stockholm,Sweden,0,"['A*03', 'A*02']","['B*15', 'B*51']","['C*07', 'C*14']","['DRB1*04', 'DRB1*07']","['DQA1*01:03', 'DQA1*01:02']","['DQB1*03', 'DQB1*06']","['DPA1*02:02', 'DPA1*01']","['DPB1*04', 'DPB1*04']","['A3', 'A2']","['B15', 'B5']","['Cw7', 'Cw14']","['DR4', 'DR7']","['DQ1', 'DQ1']","['DQ3', 'DQ1']","['DP2', 'DP1']","['DP4', 'DP4']",Bw4/Bw4,[],0.0,0.85,nan,1,0,1,395.64825735091034,0.8333333333333334,0.9272998081009831,638.2857120586214
216,D0314_RK,kidney,True,AllocationPriority.PRIORITY_7,D0314,A,POS,KD,59,Copenhagen,Denmark,216,"['A*03', 'A*24']","['B*07', 'B*07']","['C*05', 'C*03']","['DRB1*01', 'DRB1*04']","['DQA1*01:03', 'DQA1*05:01']","['DQB1*03', 'DQB1*03']","['DPA1*02:02', 'DPA1*01']","['DPB1*16', 'DPB1*16']","['A3', 'A9']","['B7', 'B7']","['Cw5', 'Cw3']","['DR1', 'DR4']","['DQ1', 'DQ1']","['DQ3', 'DQ3']","['DP2', 'DP1']","['DP16', 'DP16']",Bw4/Bw6,nan,R2816,A,POS,Kidney,66,Stockholm,Sweden,187,"['A*24', 'A*03']","['B*07', 'B*27']","['C*07', 'C*07']","['DRB1*04', 'DRB1*13']","['DQA1*01:02', 'DQA1*01:01']","['DQB1*06', 'DQB1*03']","['DPA1*02:02', 'DPA1*01']","['DPB1*01', 'DPB1*04']","['A9', 'A3']","['B7', 'B27']","['Cw7', 'Cw7']","['DR4', 'DR6']","['DQ1', 'DQ1']","['DQ1', 'DQ3']","['DP2', 'DP1']","['DP1', 'DP4']",Bw4/Bw4,[],0.0,0.85,nan,1,0,1,522.1289049932946,0.8333333333333334,0.9040590451650357,629.9549559809701
217,D0315_LK,kidney,False,AllocationPriority.LOCAL,D0315,A,POS,KD,27,Gothenburg,Sweden,217,"['A*02', 'A*03']","['B*55', 'B*49']","['C*03', 'C*05']","['DRB1*03', 'DRB1*13']","['DQA1*04:01', 'DQA1*05:01']","['DQB1*03', 'DQB1*03']","['DPA1*01', 'DPA1*02:02']","['DPB1*06', 'DPB1*04']","['A2', 'A3']","['B22', 'B21']","['Cw3', 'Cw5']","['DR3', 'DR6']","['DQ4', 'DQ1']","['DQ3', 'DQ3']","['DP1', 'DP2']","['DP6', 'DP4']",Bw4/Bw6,nan,R2502,A,POS,Kidney,72,Gothenburg,Sweden,91,"['A*11', 'A*02']","['B*44', 'B*51']","['C*04', 'C*12']","['DRB1*03', 'DRB1*13']","['DQA1*01:02', 'DQA1*01:02']","['DQB1*03', 'DQB1*05']","['DPA1*01', 'DPA1*01']","['DPB1*04', 'DPB1*19']","['A11', 'A2']","['B12', 'B5']","['Cw4', 'Cw12']","['DR3', 'DR6']","['DQ1', 'DQ1']","['DQ3', 'DQ1']","['DP1', 'DP1']","['DP4', 'DP19']",Bw4/Bw4,[],0.0,0.85,nan,0,3
217,D0315_RK,kidney,True,AllocationPriority.PRIORITY_7,D0315,A,POS,KD,27,Gothenburg,Sweden,217,"['A*02', 'A*03']","['B*55', 'B*49']","['C*03', 'C*05']","['DRB1*03', 'DRB1*13']","['DQA1*04:01', 'DQA1*05:01']","['DQB1*03', 'DQB1*03']","['DPA1*01', 'DPA1*02:02']","['DPB1*06', 'DPB1*04']","['A2', 'A3']","['B22', 'B21']","['Cw3', 'Cw5']","['DR3', 'DR6']","['DQ4', 'DQ1']","['DQ3', 'DQ3']","['DP1', 'DP2']","['DP6', 'DP4']",Bw4/Bw6,nan,R1111,A,POS,Kidney,77,Gothenburg,Sweden,0,"['A*03', 'A*02']","['B*55', 'B*35']","['C*06', 'C*07']","['DRB1*15', 'DRB1*03']","['DQA1*03:01', 'DQA1*01:02']","['DQB1*05', 'DQB1*02']","['DPA1*01', 'DPA1*01']","['DPB1*05', 'DPB1*04']","['A3', 'A2']","['B22', 'B35']","['Cw6', 'Cw7']","['DR2', 'DR3']","['DQ3', 'DQ1']","['DQ1', 'DQ2']","['DP1', 'DP1']","['DP5', 'DP4']",Bw6/Bw6,[],0.0,0.85,nan,1,1,2,0.0,0.6666666666666667,1.0,603.1672386167969
219,D0316_LK,kidney,False,AllocationPriority.LOCAL,D0316,A,POS,KD,26,Odense,Denmark,219,"['A*01', 'A*02']","['B*15', 'B*18']","['C*07', 'C*03']","['DRB1*04', 'DRB1*07']","['DQA1*04:01', 'DQA1*05:01']","['DQB1*05', 'DQB1*05']","['DPA1*02:02', 'DPA1*01']","['DPB1*04', 'DPB1*03']","['A1', 'A2']","['B15', 'B18']","['Cw7', 'Cw3']","['DR4', 'DR7']","['DQ4', 'DQ1']","['DQ1', 'DQ1']","['DP2', 'DP1']","['DP4', 'DP3']",Bw4/Bw6,nan,R0918,A,POS,Kidney,71,Odense,Denmark,0,"['A*03', 'A*01']","['B*15', 'B*15']","['C*04', 'C*03']","['DRB1*07', 'DRB1*04']","['DQA1*03:01', 'DQA1*01:01']","['DQB1*03', 'DQB1*06']","['DPA1*01', 'DPA1*02:02']","['DPB1*04', 'DPB1*04']","['A3', 'A1']","['B15', 'B15']","['Cw4', 'Cw3']","['DR7', 'DR4']","['DQ3', 'DQ1']","['DQ3', 'DQ1']","['DP1', 'DP2']","['DP4', 'DP4']",Bw4/Bw4,[],0.0,0.85,nan,0,2
219,D0316_RK,kidney,True,AllocationPriority.PRIORITY_7,D0316,A,POS,KD,26,Odense,Denmark,219,"['A*01', 'A*02']","['B*15', 'B*18']","['C*07', 'C*03']","['DRB1*04', 'DRB1*07']","['DQA1*04:01', 'DQA1*05:01']","['DQB1*05', 'DQB1*05']","['DPA1*02:02', 'DPA1*01']","['DPB1*04', 'DPB1*03']","['A1', 'A2']","['B15', 'B18']","['Cw7', 'Cw3']","['DR4', 'DR7']","['DQ4', 'DQ1']","['DQ1', 'DQ1']","['DP2', 'DP1']","['DP4', 'DP3']",Bw4/Bw6,nan,R0443,A,POS,Kidney,79,Oslo,Norway,0,"['A*02', 'A*01']","['B*35', 'B*15']","['C*07', 'C*07']","['DRB1*07', 'DRB1*04']","['DQA1*01:01', 'DQA1*03:01']","['DQB1*03', 'DQB1*06']","['DPA1*01', 'DPA1*01']","['DPB1*11', 'DPB1*04']","['A2', 'A1']","['B35', 'B15']","['Cw7', 'Cw7']","['DR7', 'DR4']","['DQ1', 'DQ3']","['DQ3', 'DQ1']","['DP1', 'DP1']","['DP11', 'DP4']",Bw4/Bw6,"['DRB1*08', 'B*58', 'DPB1*11', 'C*08', 'DPB1*424', 'B*40', 'B*37', 'DQA1*01:03']",0.2939,0.600185,nan,0,1,1,501.9298300705601,0.8333333333333334,0.9077706162279229,631.2853853336983
220,D0317_LK,kidney,False,AllocationPriority.LOCAL,D0317,B,POS,KD,31,Oslo,Norway,220,"['A*02', 'A*02']","['B*27', 'B*07']","['C*07', 'C*07']","['DRB1*03', 'DRB1*04']","['DQA1*05:01', 'DQA1*02:01']","['DQB1*02', 'DQB1*03']","['DPA1*01', 'DPA1*01']","['DPB1*04', 'DPB1*04']","['A2', 'A2']","['B27', 'B7']","['Cw7', 'Cw7']","['DR3', 'DR4']","['DQ1', 'DQ2']","['DQ2', 'DQ3']","['DP1', 'DP1']","['DP4', 'DP4']",Bw4/Bw6,nan,R0638,B,POS,Kidney,70,Oslo,Norway,0,"['A*02', 'A*03']","['B*38', 'B*15']","['C*06', 'C*07']","['DRB1*03', 'DRB1*04']","['DQA1*02:01', 'DQA1*03:01']","['DQB1*03', 'DQB1*06']","['DPA1*01', 'DPA1*01']","['DPB1*05', 'DPB1*04']","['A2', 'A3']","['B16', 'B15']","['Cw6', 'Cw7']","['DR3', 'DR4']","['DQ2', 'DQ3']","['DQ3', 'DQ1']","['DP1', 'DP1']","['DP5', 'DP4']",Bw4/Bw4,"['C*07', 'B*51', 'B*38', 'C*16', 'DPB1*19', 'DPB1*26', 'B*46']",0.4186,0.3023280000000001,nan,0,2
220,D0317_RK,kidney,True,AllocationPriority.PRIORITY_7,D0317,B,POS,KD,31,Oslo,Norway,220,"['A*02', 'A*02']","['B*27', 'B*07']","['C*07', 'C*07']","['DRB1*03', 'DRB1*04']","['DQA1*05:01', 'DQA1*02:01']","['DQB1*02', 'DQB1*03']","['DPA1*01', 'DPA1*01']","['DPB1*04', 'DPB1*04']","['A2', 'A2']","['B27', 'B7']","['Cw7', 'Cw7']","['DR3', 'DR4']","['DQ1', 'DQ2']","['DQ2', 'DQ3']","['DP1', 'DP1']","['DP4', 'DP4']",Bw4/Bw6,nan,R2576,B,POS,Kidney,74,Stockholm,Sweden,117,"['A*31', 'A*02']","['B*07', 'B*57']","['C*12', 'C*07']","['DRB1*03', 'DRB1*04']","['DQA1*01:03', 'DQA1*01:02']","['DQB1*02', 'DQB1*03']","['DPA1*01', 'DPA1*01']","['DPB1*04', 'DPB1*02']","['A19', 'A2']","['B7', 'B17']","['Cw12', 'Cw7']","['DR3', 'DR4']","['DQ1', 'DQ1']","['DQ2', 'DQ3']","['DP1', 'DP1']","['DP4', 'DP2']",Bw4/Bw4,"['B*15', 'B*37', 'DQA1*01:01', 'B*39', 'DPB1*02', 'C*18', 'DRB1*03', 'B*27', 'DRB1*07']",0.6688,0.172224,nan,0,1,1,416.29852378382344,0.8333333333333334,0.9235053307981119,636.9255645910221
222,D0318_LK,kidney,False,AllocationPriority.LOCAL,D0318,A,POS,KD,73,Oslo,Norway,222,"['A*31', 'A*02']","['B*14', 'B*18']","['C*07', 'C*08']","['DRB1*04', 'DRB1*13']","['DQA1*01:03', 'DQA1*03:01']","['DQB1*06', 'DQB1*02']","['DPA1*01', 'DPA1*01']","['DPB1*04', 'DPB1*04']","['A19', 'A2']","['B14', 'B18']","['Cw7', 'Cw8']","['DR4', 'DR6']","['DQ1', 'DQ3']","['DQ1', 'DQ2']","['DP1', 'DP1']","['DP4', 'DP4']",Bw4/Bw6,nan,R0535,A,POS,Kidney,67,Oslo,Norway,0,"['A*11', 'A*02']","['B*14', 'B*37']","['C*07', 'C*07']","['DRB1*14', 'DRB1*04']","['DQA1*02:01', 'DQA1*05:01']","['DQB1*03', 'DQB1*03']","['DPA1*01', 'DPA1*01']","['DPB1*04', 'DPB1*02']","['A11', 'A2']","['B14', 'B37']","['Cw7', 'Cw7']","['DR6', 'DR4']","['DQ2', 'DQ1']","['DQ3', 'DQ3']","['DP1', 'DP1']","['DP4', 'DP2']",Bw4/Bw6,"['B*42', 'DPB1*26', 'B*40', 'DPB1*129', 'DRB1*03', 'DPB1*20', 'DPB1*06', 'B*51']",0.3162,0.5812299999999999,nan,0,2
222,D0319_LK,kidney,False,AllocationPriority.PAYBACK,D0319,B,NEG,KD,81,Helsinki,Finland,222,"['A*03', 'A*02']","['B*08', 'B*08']","['C*07', 'C*05']","['DRB1*01', 'DRB1*13']","['DQA1*01:01', 'DQA1*03:01']","['DQB1*06', 'DQB1*03']","['DPA1*02:02', 'DPA1*01']","['DPB1*05', 'DPB1*04']","['A3', 'A2']","['B8', 'B8']","['Cw7', 'Cw5']","['DR1', 'DR6']","['DQ1', 'DQ3']","['DQ1', 'DQ3']","['DP2', 'DP1']","['DP5', 'DP4']",Bw6/Bw6,nan,R1678,B,POS,Kidney,67,Stockholm,Sweden,0,"['A*03', 'A*02']","['B*35', 'B*07']","['C*07', 'C*01']","['DRB1*13', 'DRB1*01']","['DQA1*05:01', 'DQA1*03:01']","['DQB1*06', 'DQB1*03']","['DPA1*01', 'DPA1*01']","['DPB1*04', 'DPB1*04']","['A3', 'A2']","['B35', 'B7']","['Cw7', 'Cw1']","['DR6', 'DR1']","['DQ1', 'DQ3']","['DQ1', 'DQ3']","['DP1', 'DP1']","['DP4', 'DP4']",Bw6/Bw6,[],0.0,0.52,nan,0,2
222,D0320_LK,kidney,False,AllocationPriority.PAYBACK,D0320,O,NEG,KD,27,Copenhagen,Denmark,222,"['A*11', 'A*03']","['B*07', 'B*18']","['C*07', 'C*06']","['DRB1*04', 'DRB1*04']","['DQA1*01:01', 'DQA1*01:01']","['DQB1*03', 'DQB1*02']","['DPA1*01', 'DPA1*01']","['DPB1*02', 'DPB1*04']","['A11', 'A3']","['B7', 'B18']","['Cw7', 'Cw6']","['DR4', 'DR4']","['DQ1', 'DQ1']","['DQ3', 'DQ2']","['DP1', 'DP1']","['DP2', 'DP4']",Bw6/Bw6,nan,R1784,O,POS,Kidney,49,Oslo,Norway,0,"['A*02', 'A*03']","['B*07', 'B*18']","['C*04', 'C*04']","['DRB1*15', 'DRB1*04']","['DQA1*05:01', 'DQA1*05:01']","['DQB1*03', 'DQB1*02']","['DPA1*01', 'DPA1*01']","['DPB1*19', 'DPB1*04']","['A2', 'A3']","['B7', 'B18']","['Cw4', 'Cw4']","['DR2', 'DR4']","['DQ1', 'DQ1']","['DQ3', 'DQ2']","['DP1', 'DP1']","['DP19', 'DP4']",Bw6/Bw6,[],0.0,0.41,nan,0,1
222,D0321_LK,kidney,False,AllocationPriority.PAYBACK,D0321,O,POS,KD,60,Gothenburg,Sweden,222,"['A*03', 'A*01']","['B*27', 'B*51']","['C*05', 'C*07']","['DRB1*09', 'DRB1*03']","['DQA1*05:01', 'DQA1*02:01']","['DQB1*03', 'DQB1*05']","['DPA1*01', 'DPA1*01']","['DPB1*04', 'DPB1*04']","['A3', 'A1']","['B27', 'B5']","['Cw5', 'Cw7']","['DR9', 'DR3']","['DQ1', 'DQ2']","['DQ3', 'DQ1']","['DP1', 'DP1']","['DP4', 'DP4']",Bw4/Bw4,nan,R1495,O,POS,Kidney,70,Reykjavik,Iceland,0,"['A*32', 'A*03']","['B*27', 'B*27']","['C*03', 'C*15']","['DRB1*03', 'DRB1*09']","['DQA1*02:01', 'DQA1*05:01']","['DQB1*02', 'DQB1*03']","['DPA1*01', 'DPA1*01']","['DPB1*02', 'DPB1*04']","['A19', 'A3']","['B27', 'B27']","['Cw3', 'Cw15']","['DR3', 'DR9']","['DQ2', 'DQ1']","['DQ2', 'DQ3']","['DP1', 'DP1']","['DP2', 'DP4']",Bw6/Bw6,[],0.0,0.41,nan,0,2
222,D0318_RK,kidney,True,AllocationPriority.PRIORITY_7,D0318,A,POS,KD,73,Oslo,Norway,222,"['A*31', 'A*02']","['B*14', 'B*18']","['C*07', 'C*08']","['DRB1*04', 'DRB1*13']","['DQA1*01:03', 'DQA1*03:01']","['DQB1*06', 'DQB1*02']","['DPA1*01', 'DPA1*01']","['DPB1*04', 'DPB1*04']","['A19', 'A2']","['B14', 'B18']","['Cw7', 'Cw8']","['DR4', 'DR6']","['DQ1', 'DQ3']","['DQ1', 'DQ2']","['DP1', 'DP1']","['DP4', 'DP4']",Bw4/Bw6,nan,R0758,A,POS,Kidney,81,Gothenburg,Sweden,0,"['A*02', 'A*01']","['B*07', 'B*14']","['C*03', 'C*03']","['DRB1*13', 'DRB1*04']","['DQA1*03:01', 'DQA1*01:03']","['DQB1*06', 'DQB1*03']","['DPA1*01', 'DPA1*01']","['DPB1*03', 'DPB1*03']","['A2', 'A1']","['B7', 'B14']","['Cw3', 'Cw3']","['DR6', 'DR4']","['DQ3', 'DQ1']","['DQ1', 'DQ3']","['DP1', 'DP1']","['DP3', 'DP3']",Bw6/Bw6,[],0.0,0.85,nan,0,2,2,255.07748105944097,0.6666666666666667,0.9531296259301052,586.3663420747728
222,D0319_RK,kidney,True,AllocationPriority.PAYBACK,D0319,B,NEG,KD,81,Helsinki,Finland,222,"['A*03', 'A*02']","['B*08', 'B*08']","['C*07', 'C*05']","['DRB1*01', 'DRB1*13']","['DQA1*01:01', 'DQA1*03:01']","['DQB1*06', 'DQB1*03']","['DPA1*02:02', 'DPA1*01']","['DPB1*05', 'DPB1*04']","['A3', 'A2']","['B8', 'B8']","['Cw7', 'Cw5']","['DR1', 'DR6']","['DQ1', 'DQ3']","['DQ1', 'DQ3']","['DP2', 'DP1']","['DP5', 'DP4']",Bw6/Bw6,nan,R2460,B,NEG,Kidney,86,Oslo,Norway,74,"['A*03', 'A*02']","['B*15', 'B*07']","['C*08', 'C*07']","['DRB1*01', 'DRB1*13']","['DQA1*05:01', 'DQA1*01:01']","['DQB1*02', 'DQB1*02']","['DPA1*01', 'DPA1*01']","['DPB1*04', 'DPB1*03']","['A3', 'A2']","['B15', 'B7']","['Cw8', 'Cw7']","['DR1', 'DR6']","['DQ1', 'DQ1']","['DQ2', 'DQ2']","['DP1', 'DP1']","['DP4', 'DP3']",Bw4/Bw6,[],0.0,0.52,nan,0,2
222,D0320_RK,kidney,True,AllocationPriority.PRIORITY_4,D0320,O,NEG,KD,27,Copenhagen,Denmark,222,"['A*11', 'A*03']","['B*07', 'B*18']","['C*07', 'C*06']","['DRB1*04', 'DRB1*04']","['DQA1*01:01', 'DQA1*01:01']","['DQB1*03', 'DQB1*02']","['DPA1*01', 'DPA1*01']","['DPB1*02', 'DPB1*04']","['A11', 'A3']","['B7', 'B18']","['Cw7', 'Cw6']","['DR4', 'DR4']","['DQ1', 'DQ1']","['DQ3', 'DQ2']","['DP1', 'DP1']","['DP2', 'DP4']",Bw6/Bw6,nan,R0610,O,POS,Kidney,1,Oslo,Norway,0,"['A*31', 'A*03']","['B*08', 'B*07']","['C*03', 'C*07']","['DRB1*01', 'DRB1*04']","['DQA1*01:01', 'DQA1*05:01']","['DQB1*06', 'DQB1*03']","['DPA1*01', 'DPA1*02:02']","['DPB1*13', 'DPB1*01']","['A19', 'A3']","['B8', 'B7']","['Cw3', 'Cw7']","['DR1', 'DR4']","['DQ1', 'DQ1']","['DQ1', 'DQ3']","['DP1', 'DP2']","['DP13', 'DP1']",Bw4/Bw6,"['DPB1*01', 'B*57', 'DPB1*11', 'B*13', 'DPB1*35', 'B*08', 'DPB1*16', 'B*15', 'B*40']",0.489,0.20951,nan,0,2
222,D0321_RK,kidney,True,AllocationPriority.PAYBACK,D0321,O,POS,KD,60,Gothenburg,Sweden,222,"['A*03', 'A*01']","['B*27', 'B*51']","['C*05', 'C*07']","['DRB1*09', 'DRB1*03']","['DQA1*05:01', 'DQA1*02:01']","['DQB1*03', 'DQB1*05']","['DPA1*01', 'DPA1*01']","['DPB1*04', 'DPB1*04']","['A3', 'A1']","['B27', 'B5']","['Cw5', 'Cw7']","['DR9', 'DR3']","['DQ1', 'DQ2']","['DQ3', 'DQ1']","['DP1', 'DP1']","['DP4', 'DP4']",Bw4/Bw4,nan,R2008,O,POS,Kidney,71,Uppsala,Sweden,0,"['A*03', 'A*01']","['B*08', 'B*08']","['C*04', 'C*05']","['DRB1*09', 'DRB1*03']","['DQA1*02:01', 'DQA1*01:02']","['DQB1*03', 'DQB1*03']","['DPA1*01', 'DPA1*01']","['DPB1*03', 'DPB1*04']","['A3', 'A1']","['B8', 'B8']","['Cw4', 'Cw5']","['DR9', 'DR3']","['DQ2', 'DQ1']","['DQ3', 'DQ3']","['DP1', 'DP1']","['DP3', 'DP4']",Bw6/Bw6,[],0.0,0.41,nan,0,2
223,D0322_LK,kidney,False,AllocationPriority.PAYBACK,D0322,O,POS,KD,36,Oslo,Norway,223,"['A*32', 'A*25']","['B*07', 'B*15']","['C*03', 'C*03']","['DRB1*01', 'DRB1*13']","['DQA1*01:02', 'DQA1*02:01']","['DQB1*03', 'DQB1*06']","['DPA1*01', 'DPA1*01']","['DPB1*10', 'DPB1*01']","['A19', 'A10']","['B7', 'B15']","['Cw3', 'Cw3']","['DR1', 'DR6']","['DQ1', 'DQ2']","['DQ3', 'DQ1']","['DP1', 'DP1']","['DP10', 'DP1']",Bw6/Bw6,nan,R0882,O,POS,Kidney,71,Oslo,Norway,0,"['A*25', 'A*01']","['B*07', 'B*15']","['C*04', 'C*06']","['DRB1*13', 'DRB1*01']","['DQA1*03:01', 'DQA1*03:01']","['DQB1*06', 'DQB1*02']","['DPA1*01', 'DPA1*01']","['DPB1*04', 'DPB1*04']","['A10', 'A1']","['B7', 'B15']","['Cw4', 'Cw6']","['DR6', 'DR1']","['DQ3', 'DQ3']","['DQ1', 'DQ2']","['DP1', 'DP1']","['DP4', 'DP4']",Bw4/Bw4,[],0.0,0.41,nan,0,1
223,D0323_LK,kidney,False,AllocationPriority.PAYBACK,D0323,A,POS,KD,22,Gothenburg,Sweden,223,"['A*30', 'A*02']","['B*08', 'B*41']","['C*07', 'C*02']","['DRB1*07', 'DRB1*15']","['DQA1*05:01', 'DQA1*02:01']","['DQB1*02', 'DQB1*06']","['DPA1*01', 'DPA1*01']","['DPB1*04', 'DPB1*02']","['A19', 'A2']","['B8', 'B41']","['Cw7', 'Cw2']","['DR7', 'DR2']","['DQ1', 'DQ2']","['DQ2', 'DQ1']","['DP1', 'DP1']","['DP4', 'DP2']",Bw4/Bw6,nan,R0078,A,POS,Kidney,71,Gothenburg,Sweden,0,"['A*32', 'A*02']","['B*08', 'B*44']","['C*05', 'C*06']","['DRB1*07', 'DRB1*15']","['DQA1*02:01', 'DQA1*03:01']","['DQB1*02', 'DQB1*03']","['DPA1*01', 'DPA1*01']","['DPB1*04', 'DPB1*02']","['A19', 'A2']","['B8', 'B12']","['Cw5', 'Cw6']","['DR7', 'DR2']","['DQ2', 'DQ3']","['DQ2', 'DQ3']","['DP1', 'DP1']","['DP4', 'DP2']",Bw4/Bw4,[],0.0,0.85,nan,0,1
223,D0324_LK,kidney,False,AllocationPriority.LOCAL,D0324,AB,POS,KD,63,Odense,Denmark,223,"['A*01', 'A*01']","['B*27', 'B*44']","['C*07', 'C*05']","['DRB1*03', 'DRB1*15']","['DQA1*01:02', 'DQA1*01:02']","['DQB1*02', 'DQB1*06']","['DPA1*01', 'DPA1*01']","['DPB1*02', 'DPB1*02']","['A1', 'A1']","['B27', 'B12']","['Cw7', 'Cw5']","['DR3', 'DR2']","['DQ1', 'DQ1']","['DQ2', 'DQ1']","['DP1', 'DP1']","['DP2', 'DP2']",Bw4/Bw4,nan,R1671,AB,POS,Kidney,90,Odense,Denmark,0,"['A*02', 'A*01']","['B*18', 'B*07']","['C*03', 'C*07']","['DRB1*15', 'DRB1*12']","['DQA1*01:01', 'DQA1*03:01']","['DQB1*02', 'DQB1*03']","['DPA1*02:02', 'DPA1*01']","['DPB1*03', 'DPB1*04']","['A2', 'A1']","['B18', 'B7']","['Cw3', 'Cw7']","['DR2', 'DR5']","['DQ1', 'DQ3']","['DQ2', 'DQ3']","['DP2', 'DP1']","['DP3', 'DP4']",Bw6/Bw6,[],0.0,1.0,nan
223,D0322_RK,kidney,True,AllocationPriority.PRIORITY_7,D0322,O,POS,KD,36,Oslo,Norway,223,"['A*32', 'A*25']","['B*07', 'B*15']","['C*03', 'C*03']","['DRB1*01', 'DRB1*13']","['DQA1*01:02', 'DQA1*02:01']","['DQB1*03', 'DQB1*06']","['DPA1*01', 'DPA1*01']","['DPB1*10', 'DPB1*01']","['A19', 'A10']","['B7', 'B15']","['Cw3', 'Cw3']","['DR1', 'DR6']","['DQ1', 'DQ2']","['DQ3', 'DQ1']","['DP1', 'DP1']","['DP10', 'DP1']",Bw6/Bw6,nan,R2152,O,POS,Kidney,59,Gothenburg,Sweden,0,"['A*11', 'A*02']","['B*07', 'B*15']","['C*07', 'C*12']","['DRB1*13', 'DRB1*01']","['DQA1*03:01', 'DQA1*05:01']","['DQB1*06', 'DQB1*02']","['DPA1*01', 'DPA1*02:02']","['DPB1*04', 'DPB1*04']","['A11', 'A2']","['B7', 'B15']","['Cw7', 'Cw12']","['DR6', 'DR1']","['DQ3', 'DQ1']","['DQ1', 'DQ2']","['DP1', 'DP2']","['DP4', 'DP4']",Bw4/Bw6,[],0.0,0.41,nan,0,2,2,255.07748105944097,0.6666666666666667,0.9531296259301052,586.3663420747728
223,D0323_RK,kidney,True,AllocationPriority.PRIORITY_7,D0323,A,POS,KD,22,Gothenburg,Sweden,223,"['A*30', 'A*02']","['B*08', 'B*41']","['C*07', 'C*02']","['DRB1*07', 'DRB1*15']","['DQA1*05:01', 'DQA1*02:01']","['DQB1*02', 'DQB1*06']","['DPA1*01', 'DPA1*01']","['DPB1*04', 'DPB1*02']","['A19', 'A2']","['B8', 'B41']","['Cw7', 'Cw2']","['DR7', 'DR2']","['DQ1', 'DQ2']","['DQ2', 'DQ1']","['DP1', 'DP1']","['DP4', 'DP2']",Bw4/Bw6,nan,R0734,A,POS,Kidney,51,Copenhagen,Denmark,0,"['A*02', 'A*01']","['B*08', 'B*35']","['C*07', 'C*04']","['DRB1*15', 'DRB1*07']","['DQA1*03:01', 'DQA1*01:02']","['DQB1*03', 'DQB1*06']","['DPA1*01', 'DPA1*01']","['DPB1*02', 'DPB1*04']","['A2', 'A1']","['B8', 'B35']","['Cw7', 'Cw4']","['DR2', 'DR7']","['DQ3', 'DQ1']","['DQ3', 'DQ1']","['DP1', 'DP1']","['DP2', 'DP4']",Bw6/Bw6,[],0.0,0.85,nan,0,2,2,228.9232004239295,0.6666666666666667,0.9579354634027974,588.089016147228
223,D0324_RK,kidney,True,AllocationPriority.PRIORITY_7,D0324,AB,POS,KD,63,Odense,Denmark,223,"['A*01', 'A*01']","['B*27', 'B*44']","['C*07', 'C*05']","['DRB1*03', 'DRB1*15']","['DQA1*01:02', 'DQA1*01:02']","['DQB1*02', 'DQB1*06']","['DPA1*01', 'DPA1*01']","['DPB1*02', 'DPB1*02']","['A1', 'A1']","['B27', 'B12']","['Cw7', 'Cw5']","['DR3', 'DR2']","['DQ1', 'DQ1']","['DQ2', 'DQ1']","['DP1', 'DP1']","['DP2', 'DP2']",Bw4/Bw4,nan,R2862,AB,NEG,Kidney,70,Oslo,Norway,205,"['A*01', 'A*02']","['B*44', 'B*27']","['C*03', 'C*07']","['DRB1*15', 'DRB1*13']","['DQA1*01:02', 'DQA1*05:01']","['DQB1*03', 'DQB1*02']","['DPA1*02:02', 'DPA1*01']","['DPB1*04', 'DPB1*01']","['A1', 'A2']","['B12', 'B27']","['Cw3', 'Cw7']","['DR2', 'DR6']","['DQ1', 'DQ1']","['DQ3', 'DQ2']","['DP2', 'DP1']","['DP4', 'DP1']",Bw4/Bw4,"['B*27', 'C*15', 'A*34', 'A*31', 'DPB1*115', 'DQB1*02', 'DPB1*23', 'DPB1*26', 'B*13']",0.3199,0.6800999999999999,nan,1,0,1,501.9298300705601,0.8333333333333334,0.9077706162279229,631.2853853336983
224,D0325_LK,kidney,False,AllocationPriority.PAYBACK,D0325,A,POS,KD,53,Oslo,Norway,224,"['A*02', 'A*01']","['B*44', 'B*08']","['C*07', 'C*07']","['DRB1*15', 'DRB1*15']","['DQA1*01:02', 'DQA1*01:03']","['DQB1*02', 'DQB1*03']","['DPA1*01', 'DPA1*01']","['DPB1*04', 'DPB1*04']","['A2', 'A1']","['B12', 'B8']","['Cw7', 'Cw7']","['DR2', 'DR2']","['DQ1', 'DQ1']","['DQ2', 'DQ3']","['DP1', 'DP1']","['DP4', 'DP4']",Bw4/Bw6,nan,R0994,A,POS,Kidney,73,Oslo,Norway,0,"['A*02', 'A*01']","['B*08', 'B*44']","['C*03', 'C*03']","['DRB1*15', 'DRB1*07']","['DQA1*02:01', 'DQA1*05:01']","['DQB1*04', 'DQB1*06']","['DPA1*01', 'DPA1*01']","['DPB1*06', 'DPB1*04']","['A2', 'A1']","['B8', 'B12']","['Cw3', 'Cw3']","['DR2', 'DR7']","['DQ2', 'DQ1']","['DQ4', 'DQ1']","['DP1', 'DP1']","['DP6', 'DP4']",Bw4/Bw6,[],0.0,0.85,nan,0,0
224,D0326_LK,kidney,False,AllocationPriority.LOCAL,D0326,A,POS,KD,79,Oslo,Norway,224,"['A*02', 'A*32']","['B*07', 'B*39']","['C*07', 'C*16']","['DRB1*04', 'DRB1*13']","['DQA1*05:01', 'DQA1*01:01']","['DQB1*06', 'DQB1*06']","['DPA1*01', 'DPA1*01']","['DPB1*02', 'DPB1*17']","['A2', 'A19']","['B7', 'B16']","['Cw7', 'Cw16']","['DR4', 'DR6']","['DQ1', 'DQ1']","['DQ1', 'DQ1']","['DP1', 'DP1']","['DP2', 'DP17']",Bw4/Bw4,nan,R1047,A,NEG,Kidney,70,Oslo,Norway,0,"['A*30', 'A*02']","['B*35', 'B*07']","['C*16', 'C*07']","['DRB1*04', 'DRB1*13']","['DQA1*01:02', 'DQA1*03:01']","['DQB1*02', 'DQB1*03']","['DPA1*01', 'DPA1*01']","['DPB1*04', 'DPB1*04']","['A19', 'A2']","['B35', 'B7']","['Cw16', 'Cw7']","['DR4', 'DR6']","['DQ1', 'DQ3']","['DQ2', 'DQ3']","['DP1', 'DP1']","['DP4', 'DP4']",Bw4/Bw6,[],0.0,0.85,nan,0,1
224,D0325_RK,kidney,True,AllocationPriority.PRIORITY_3,D0325,A,POS,KD,53,Oslo,Norway,224,"['A*02', 'A*01']","['B*44', 'B*08']","['C*07', 'C*07']","['DRB1*15', 'DRB1*15']","['DQA1*01:02', 'DQA1*01:03']","['DQB1*02', 'DQB1*03']","['DPA1*01', 'DPA1*01']","['DPB1*04', 'DPB1*04']","['A2', 'A1']","['B12', 'B8']","['Cw7', 'Cw7']","['DR2', 'DR2']","['DQ1', 'DQ1']","['DQ2', 'DQ3']","['DP1', 'DP1']","['DP4', 'DP4']",Bw4/Bw6,nan,R1099,A,POS,Kidney,67,Uppsala,Sweden,0,"['A*01', 'A*02']","['B*08', 'B*44']","['C*07', 'C*05']","['DRB1*15', 'DRB1*04']","['DQA1*02:01', 'DQA1*02:01']","['DQB1*03', 'DQB1*02']","['DPA1*01', 'DPA1*02:02']","['DPB1*02', 'DPB1*02']","['A1', 'A2']","['B8', 'B12']","['Cw7', 'Cw5']","['DR2', 'DR4']","['DQ2', 'DQ2']","['DQ3', 'DQ2']","['DP1', 'DP2']","['DP2', 'DP2']",Bw4/Bw6,"['DQA1*06:01', 'A*29', 'A*34', 'A*68', 'DRB1*16', 'B*51', 'DPB1*23', 'DQA1*01:01', 'A*24']",0.324,0.5745999999999999,nan
224,D0326_RK,kidney,True,AllocationPriority.PRIORITY_7,D0326,A,POS,KD,79,Oslo,Norway,224,"['A*02', 'A*32']","['B*07', 'B*39']","['C*07', 'C*16']","['DRB1*04', 'DRB1*13']","['DQA1*05:01', 'DQA1*01:01']","['DQB1*06', 'DQB1*06']","['DPA1*01', 'DPA1*01']","['DPB1*02', 'DPB1*17']","['A2', 'A19']","['B7', 'B16']","['Cw7', 'Cw16']","['DR4', 'DR6']","['DQ1', 'DQ1']","['DQ1', 'DQ1']","['DP1', 'DP1']","['DP2', 'DP17']",Bw4/Bw4,nan,R1556,A,POS,Kidney,82,Gothenburg,Sweden,0,"['A*02', 'A*03']","['B*27', 'B*07']","['C*07', 'C*03']","['DRB1*04', 'DRB1*13']","['DQA1*03:01', 'DQA1*05:01']","['DQB1*06', 'DQB1*03']","['DPA1*02:02', 'DPA1*02:02']","['DPB1*04', 'DPB1*02']","['A2', 'A3']","['B27', 'B7']","['Cw7', 'Cw3']","['DR4', 'DR6']","['DQ3', 'DQ1']","['DQ1', 'DQ3']","['DP2', 'DP2']","['DP4', 'DP2']",Bw4/Bw6,[],0.0,0.85,nan,0,2,2,255.07748105944097,0.6666666666666667,0.9531296259301052,586.3663420747728
225,D0327_LK,kidney,False,AllocationPriority.PAYBACK,D0327,O,POS,KD,47,Stockholm,Sweden,225,"['A*02', 'A*29']","['B*15', 'B*44']","['C*07', 'C*06']","['DRB1*01', 'DRB1*03']","['DQA1*03:01', 'DQA1*05:01']","['DQB1*02', 'DQB1*03']","['DPA1*01', 'DPA1*01']","['DPB1*04', 'DPB1*03']","['A2', 'A19']","['B15', 'B12']","['Cw7', 'Cw6']","['DR1', 'DR3']","['DQ3', 'DQ1']","['DQ2', 'DQ3']","['DP1', 'DP1']","['DP4', 'DP3']",Bw6/Bw6,nan,R1653,O,POS,Kidney,73,Oslo,Norway,0,"['A*33', 'A*02']","['B*44', 'B*18']","['C*01', 'C*03']","['DRB1*01', 'DRB1*03']","['DQA1*02:01', 'DQA1*01:01']","['DQB1*02', 'DQB1*02']","['DPA1*01', 'DPA1*01']","['DPB1*04', 'DPB1*04']","['A19', 'A2']","['B12', 'B18']","['Cw1', 'Cw3']","['DR1', 'DR3']","['DQ2', 'DQ1']","['DQ2', 'DQ2']","['DP1', 'DP1']","['DP4', 'DP4']",Bw4/Bw4,[],0.0,0.41,nan,0,1
225,D0327_RK,kidney,True,AllocationPriority.PAYBACK,D0327,O,POS,KD,47,Stockholm,Sweden,225,"['A*02', 'A*29']","['B*15', 'B*44']","['C*07', 'C*06']","['DRB1*01', 'DRB1*03']","['DQA1*03:01', 'DQA1*05:01']","['DQB1*02', 'DQB1*03']","['DPA1*01', 'DPA1*01']","['DPB1*04', 'DPB1*03']","['A2', 'A19']","['B15', 'B12']","['Cw7', 'Cw6']","['DR1', 'DR3']","['DQ3', 'DQ1']","['DQ2', 'DQ3']","['DP1', 'DP1']","['DP4', 'DP3']",Bw6/Bw6,nan,R2114,O,POS,Kidney,53,Aarhus,Denmark,0,"['A*31', 'A*02']","['B*44', 'B*07']","['C*16', 'C*07']","['DRB1*01', 'DRB1*03']","['DQA1*04:01', 'DQA1*03:01']","['DQB1*05', 'DQB1*03']","['DPA1*02:02', 'DPA1*01']","['DPB1*04', 'DPB1*04']","['A19', 'A2']","['B12', 'B7']","['Cw16', 'Cw7']","['DR1', 'DR3']","['DQ4', 'DQ3']","['DQ1', 'DQ3']","['DP2', 'DP1']","['DP4', 'DP4']",Bw4/Bw4,"['B*13', 'B*73', 'B*52', 'B*48', 'C*16', 'B*56', 'DPB1*20', 'DQB1*05', 'B*51']",0.2211,0.3193489999999999,nan,0,1
226,D0328_LK,kidney,False,AllocationPriority.LOCAL,D0328,O,POS,KD,19,Oslo,Norway,226,"['A*01', 'A*33']","['B*40', 'B*55']","['C*07', 'C*07']","['DRB1*15', 'DRB1*01']","['DQA1*01:03', 'DQA1*01:03']","['DQB1*06', 'DQB1*06']","['DPA1*01', 'DPA1*01']","['DPB1*01', 'DPB1*04']","['A1', 'A19']","['B40', 'B22']","['Cw7', 'Cw7']","['DR2', 'DR1']","['DQ1', 'DQ1']","['DQ1', 'DQ1']","['DP1', 'DP1']","['DP1', 'DP4']",Bw4/Bw6,nan,R2868,O,POS,Kidney,73,Oslo,Norway,206,"['A*02', 'A*01']","['B*40', 'B*40']","['C*06', 'C*07']","['DRB1*15', 'DRB1*01']","['DQA1*01:02', 'DQA1*05:01']","['DQB1*03', 'DQB1*06']","['DPA1*01', 'DPA1*01']","['DPB1*04', 'DPB1*04']","['A2', 'A1']","['B40', 'B40']","['Cw6', 'Cw7']","['DR2', 'DR1']","['DQ1', 'DQ1']","['DQ3', 'DQ1']","['DP1', 'DP1']","['DP4', 'DP4']",Bw6/Bw6,[],0.0,0.41,nan,0,2
226,D0328_RK,kidney,True,AllocationPriority.PRIORITY_7,D0328,O,POS,KD,19,Oslo,Norway,226,"['A*01', 'A*33']","['B*40', 'B*55']","['C*07', 'C*07']","['DRB1*15', 'DRB1*01']","['DQA1*01:03', 'DQA1*01:03']","['DQB1*06', 'DQB1*06']","['DPA1*01', 'DPA1*01']","['DPB1*01', 'DPB1*04']","['A1', 'A19']","['B40', 'B22']","['Cw7', 'Cw7']","['DR2', 'DR1']","['DQ1', 'DQ1']","['DQ1', 'DQ1']","['DP1', 'DP1']","['DP1', 'DP4']",Bw4/Bw6,nan,R2751,O,POS,Kidney,51,Uppsala,Sweden,172,"['A*01', 'A*24']","['B*08', 'B*40']","['C*08', 'C*04']","['DRB1*15', 'DRB1*01']","['DQA1*01:03', 'DQA1*01:02']","['DQB1*02', 'DQB1*05']","['DPA1*01', 'DPA1*01']","['DPB1*05', 'DPB1*04']","['A1', 'A9']","['B8', 'B40']","['Cw8', 'Cw4']","['DR2', 'DR1']","['DQ1', 'DQ1']","['DQ2', 'DQ1']","['DP1', 'DP1']","['DP5', 'DP4']",Bw4/Bw6,"['DQA1*04:01', 'DPA1*02:02', 'A*69', 'A*30', 'DPB1*17', 'DPB1*35', 'DPB1*129', 'A*11', 'B*52']",0.2605,0.3031949999999999,nan,0,2,2,384.0748843519863,0.6666666666666667,0.9294264102591078,577.869817732811
228,D0329_LK,kidney,False,AllocationPriority.PAYBACK,D0329,O,POS,KD,79,Gothenburg,Sweden,228,"['A*02', 'A*02']","['B*50', 'B*44']","['C*07', 'C*01']","['DRB1*15', 'DRB1*01']","['DQA1*05:01', 'DQA1*01:02']","['DQB1*03', 'DQB1*02']","['DPA1*01', 'DPA1*02:02']","['DPB1*04', 'DPB1*13']","['A2', 'A2']","['B21', 'B12']","['Cw7', 'Cw1']","['DR2', 'DR1']","['DQ1', 'DQ1']","['DQ3', 'DQ2']","['DP1', 'DP2']","['DP4', 'DP13']",Bw4/Bw4,nan,R0050,O,POS,Kidney,66,Tartu,Estonia,0,"['A*01', 'A*02']","['B*44', 'B*50']","['C*04', 'C*01']","['DRB1*15', 'DRB1*01']","['DQA1*01:02', 'DQA1*03:01']","['DQB1*03', 'DQB1*05']","['DPA1*01', 'DPA1*02:02']","['DPB1*04', 'DPB1*01']","['A1', 'A2']","['B12', 'B21']","['Cw4', 'Cw1']","['DR2', 'DR1']","['DQ1', 'DQ3']","['DQ3', 'DQ1']","['DP1', 'DP2']","['DP4', 'DP1']",Bw4/Bw4,"['C*03', 'DPB1*115', 'A*26', 'DRB1*12', 'DPB1*26', 'DPB1*129', 'DQB1*03', 'DRB1*14', 'DPB1*01']",0.6739,0.133701,nan,0,0
228,D0329_RK,kidney,True,AllocationPriority.PRIORITY_3,D0329,O,POS,KD,79,Gothenburg,Sweden,228,"['A*02', 'A*02']","['B*50', 'B*44']","['C*07', 'C*01']","['DRB1*15', 'DRB1*01']","['DQA1*05:01', 'DQA1*01:02']","['DQB1*03', 'DQB1*02']","['DPA1*01', 'DPA1*02:02']","['DPB1*04', 'DPB1*13']","['A2', 'A2']","['B21', 'B12']","['Cw7', 'Cw1']","['DR2', 'DR1']","['DQ1', 'DQ1']","['DQ3', 'DQ2']","['DP1', 'DP2']","['DP4', 'DP13']",Bw4/Bw4,nan,R0716,O,POS,Kidney,82,Helsinki,Finland,0,"['A*02', 'A*03']","['B*45', 'B*49']","['C*07', 'C*07']","['DRB1*15', 'DRB1*01']","['DQA1*05:01', 'DQA1*02:01']","['DQB1*03', 'DQB1*04']","['DPA1*01', 'DPA1*01']","['DPB1*05', 'DPB1*04']","['A2', 'A3']","['B12', 'B21']","['Cw7', 'Cw7']","['DR2', 'DR1']","['DQ1', 'DQ2']","['DQ3', 'DQ4']","['DP1', 'DP1']","['DP5', 'DP4']",Bw4/Bw4,"['DPB1*13', 'A*74', 'B*55', 'B*35', 'B*48', 'DRB1*03', 'DRB1*10', 'DRB1*01', 'B*57']",0.3713,0.257767,nan
229,D0330_LK,kidney,False,AllocationPriority.LOCAL,D0330,A,POS,KD,17,Helsinki,Finland,229,"['A*01', 'A*31']","['B*27', 'B*07']","['C*07', 'C*05']","['DRB1*08', 'DRB1*04']","['DQA1*01:02', 'DQA1*03:01']","['DQB1*04', 'DQB1*03']","['DPA1*01', 'DPA1*01']","['DPB1*04', 'DPB1*04']","['A1', 'A19']","['B27', 'B7']","['Cw7', 'Cw5']","['DR8', 'DR4']","['DQ1', 'DQ3']","['DQ4', 'DQ3']","['DP1', 'DP1']","['DP4', 'DP4']",Bw4/Bw4,nan,R1083,A,POS,Kidney,64,Helsinki,Finland,0,"['A*11', 'A*32']","['B*07', 'B*15']","['C*04', 'C*07']","['DRB1*08', 'DRB1*04']","['DQA1*05:01', 'DQA1*03:01']","['DQB1*06', 'DQB1*06']","['DPA1*01', 'DPA1*01']","['DPB1*04', 'DPB1*04']","['A11', 'A19']","['B7', 'B15']","['Cw4', 'Cw7']","['DR8', 'DR4']","['DQ1', 'DQ3']","['DQ1', 'DQ1']","['DP1', 'DP1']","['DP4', 'DP4']",Bw4/Bw4,"['DPB1*115', 'B*27', 'B*58', 'A*66', 'DPB1*424', 'DPB1*23', 'DPB1*09', 'A*23', 'C*15']",0.1075,0.758625,nan,0,2
229,D0330_RK,kidney,True,AllocationPriority.PRIORITY_7,D0330,A,POS,KD,17,Helsinki,Finland,229,"['A*01', 'A*31']","['B*27', 'B*07']","['C*07', 'C*05']","['DRB1*08', 'DRB1*04']","['DQA1*01:02', 'DQA1*03:01']","['DQB1*04', 'DQB1*03']","['DPA1*01', 'DPA1*01']","['DPB1*04', 'DPB1*04']","['A1', 'A19']","['B27', 'B7']","['Cw7', 'Cw5']","['DR8', 'DR4']","['DQ1', 'DQ3']","['DQ4', 'DQ3']","['DP1', 'DP1']","['DP4', 'DP4']",Bw4/Bw4,nan,R0651,A,POS,Kidney,50,Oslo,Norway,0,"['A*01', 'A*25']","['B*27', 'B*07']","['C*12', 'C*07']","['DRB1*08', 'DRB1*04']","['DQA1*01:02', 'DQA1*02:01']","['DQB1*06', 'DQB1*03']","['DPA1*02:02', 'DPA1*01']","['DPB1*04', 'DPB1*04']","['A1', 'A10']","['B27', 'B7']","['Cw12', 'Cw7']","['DR8', 'DR4']","['DQ1', 'DQ2']","['DQ1', 'DQ3']","['DP2', 'DP1']","['DP4', 'DP4']",Bw4/Bw4,[],0.0,0.85,nan,0,1,1,786.5519919158309,0.8333333333333334,0.8554714201606649,612.5385031123888
230,D0331_LK,kidney,False,AllocationPriority.PAYBACK,D0331,O,POS,KD,81,Aarhus,Denmark,230,"['A*30', 'A*02']","['B*15', 'B*45']","['C*07', 'C*05']","['DRB1*04', 'DRB1*03']","['DQA1*01:02', 'DQA1*05:01']","['DQB1*05', 'DQB1*05']","['DPA1*01', 'DPA1*01']","['DPB1*04', 'DPB1*04']","['A19', 'A2']","['B15', 'B12']","['Cw7', 'Cw5']","['DR4', 'DR3']","['DQ1', 'DQ1']","['DQ1', 'DQ1']","['DP1', 'DP1']","['DP4', 'DP4']",Bw6/Bw6,nan,R1980,O,POS,Kidney,60,Odense,Denmark,0,"['A*32', 'A*02']","['B*44', 'B*07']","['C*03', 'C*05']","['DRB1*04', 'DRB1*03']","['DQA1*01:01', 'DQA1*01:01']","['DQB1*03', 'DQB1*03']","['DPA1*01', 'DPA1*02:02']","['DPB1*04', 'DPB1*04']","['A19', 'A2']","['B12', 'B7']","['Cw3', 'Cw5']","['DR4', 'DR3']","['DQ1', 'DQ1']","['DQ3', 'DQ3']","['DP1', 'DP2']","['DP4', 'DP4']",Bw4/Bw4,"['DPB1*19', 'DQA1*01:01', 'C*04', 'B*45', 'C*18', 'B*13', 'DRB1*14', 'DRB1*08']",0.3146,0.281014,nan,0,1
230,D0332_LK,kidney,False,AllocationPriority.PAYBACK,D0332,B,POS,KD,30,Gothenburg,Sweden,230,"['A*01', 'A*03']","['B*08', 'B*08']","['C*07', 'C*04']","['DRB1*15', 'DRB1*07']","['DQA1*03:01', 'DQA1*03:01']","['DQB1*04', 'DQB1*06']","['DPA1*01', 'DPA1*01']","['DPB1*02', 'DPB1*04']","['A1', 'A3']","['B8', 'B8']","['Cw7', 'Cw4']","['DR2', 'DR7']","['DQ3', 'DQ3']","['DQ4', 'DQ1']","['DP1', 'DP1']","['DP2', 'DP4']",Bw6/Bw6,nan,R2838,B,POS,Kidney,72,Stockholm,Sweden,196,"['A*24', 'A*02']","['B*40', 'B*08']","['C*07', 'C*07']","['DRB1*07', 'DRB1*15']","['DQA1*03:01', 'DQA1*05:01']","['DQB1*03', 'DQB1*06']","['DPA1*01', 'DPA1*01']","['DPB1*02', 'DPB1*04']","['A9', 'A2']","['B40', 'B8']","['Cw7', 'Cw7']","['DR7', 'DR2']","['DQ3', 'DQ1']","['DQ3', 'DQ1']","['DP1', 'DP1']","['DP2', 'DP4']",Bw4/Bw6,[],0.0,0.52,nan,0,2
230,D0331_RK,kidney,True,AllocationPriority.PRIORITY_7,D0331,O,POS,KD,81,Aarhus,Denmark,230,"['A*30', 'A*02']","['B*15', 'B*45']","['C*07', 'C*05']","['DRB1*04', 'DRB1*03']","['DQA1*01:02', 'DQA1*05:01']","['DQB1*05', 'DQB1*05']","['DPA1*01', 'DPA1*01']","['DPB1*04', 'DPB1*04']","['A19', 'A2']","['B15', 'B12']","['Cw7', 'Cw5']","['DR4', 'DR3']","['DQ1', 'DQ1']","['DQ1', 'DQ1']","['DP1', 'DP1']","['DP4', 'DP4']",Bw6/Bw6,nan,R1191,O,POS,Kidney,73,Aarhus,Denmark,0,"['A*02', 'A*02']","['B*15', 'B*15']","['C*07', 'C*02']","['DRB1*04', 'DRB1*03']","['DQA1*01:01', 'DQA1*05:01']","['DQB1*06', 'DQB1*02']","['DPA1*01', 'DPA1*01']","['DPB1*04', 'DPB1*10']","['A2', 'A2']","['B15', 'B15']","['Cw7', 'Cw2']","['DR4', 'DR3']","['DQ1', 'DQ1']","['DQ1', 'DQ2']","['DP1', 'DP1']","['DP4', 'DP10']",Bw4/Bw4,[],0.0,0.41,nan,0,2,2,0.0,0.6666666666666667,1.0,603.1672386167969
230,D0332_RK,kidney,True,AllocationPriority.PAYBACK,D0332,B,POS,KD,30,Gothenburg,Sweden,230,"['A*01', 'A*03']","['B*08', 'B*08']","['C*07', 'C*04']","['DRB1*15', 'DRB1*07']","['DQA1*03:01', 'DQA1*03:01']","['DQB1*04', 'DQB1*06']","['DPA1*01', 'DPA1*01']","['DPB1*02', 'DPB1*04']","['A1', 'A3']","['B8', 'B8']","['Cw7', 'Cw4']","['DR2', 'DR7']","['DQ3', 'DQ3']","['DQ4', 'DQ1']","['DP1', 'DP1']","['DP2', 'DP4']",Bw6/Bw6,nan,R0092,B,POS,Kidney,59,Gothenburg,Sweden,0,"['A*03', 'A*02']","['B*35', 'B*15']","['C*07', 'C*03']","['DRB1*15', 'DRB1*07']","['DQA1*03:01', 'DQA1*01:02']","['DQB1*06', 'DQB1*06']","['DPA1*01', 'DPA1*01']","['DPB1*04', 'DPB1*04']","['A3', 'A2']","['B35', 'B15']","['Cw7', 'Cw3']","['DR2', 'DR7']","['DQ3', 'DQ1']","['DQ1', 'DQ1']","['DP1', 'DP1']","['DP4', 'DP4']",Bw4/Bw6,[],0.0,0.52,nan,0,3
232,D0333_LK,kidney,False,AllocationPriority.LOCAL,D0333,B,POS,KD,49,Helsinki,Finland,232,"['A*03', 'A*01']","['B*08', 'B*07']","['C*07', 'C*02']","['DRB1*15', 'DRB1*15']","['DQA1*03:01', 'DQA1*02:01']","['DQB1*03', 'DQB1*03']","['DPA1*01', 'DPA1*01']","['DPB1*04', 'DPB1*03']","['A3', 'A1']","['B8', 'B7']","['Cw7', 'Cw2']","['DR2', 'DR2']","['DQ3', 'DQ2']","['DQ3', 'DQ3']","['DP1', 'DP1']","['DP4', 'DP3']",Bw6/Bw6,nan,R0350,B,NEG,Kidney,70,Helsinki,Finland,0,"['A*01', 'A*68']","['B*07', 'B*40']","['C*04', 'C*02']","['DRB1*13', 'DRB1*15']","['DQA1*02:01', 'DQA1*05:01']","['DQB1*04', 'DQB1*03']","['DPA1*01', 'DPA1*01']","['DPB1*19', 'DPB1*01']","['A1', 'A28']","['B7', 'B40']","['Cw4', 'Cw2']","['DR6', 'DR2']","['DQ2', 'DQ1']","['DQ4', 'DQ3']","['DP1', 'DP1']","['DP19', 'DP1']",Bw6/Bw6,"['DQA1*05:01', 'DRB1*03', 'B*52', 'DPB1*26', 'DPB1*09', 'B*39', 'A*32', 'B*49', 'C*17']",0.4272,0.297856,nan,0,2
232,D0334_LK,kidney,False,AllocationPriority.PAYBACK,D0334,B,NEG,KD,57,Uppsala,Sweden,232,"['A*02', 'A*03']","['B*15', 'B*18']","['C*07', 'C*07']","['DRB1*15', 'DRB1*03']","['DQA1*01:02', 'DQA1*05:01']","['DQB1*02', 'DQB1*04']","['DPA1*02:02', 'DPA1*01']","['DPB1*11', 'DPB1*04']","['A2', 'A3']","['B15', 'B18']","['Cw7', 'Cw7']","['DR2', 'DR3']","['DQ1', 'DQ1']","['DQ2', 'DQ4']","['DP2', 'DP1']","['DP11', 'DP4']",Bw4/Bw6,nan,R0153,B,POS,Kidney,62,Aarhus,Denmark,0,"['A*03', 'A*02']","['B*07', 'B*52']","['C*05', 'C*07']","['DRB1*15', 'DRB1*03']","['DQA1*03:01', 'DQA1*01:02']","['DQB1*03', 'DQB1*06']","['DPA1*01', 'DPA1*01']","['DPB1*04', 'DPB1*10']","['A3', 'A2']","['B7', 'B5']","['Cw5', 'Cw7']","['DR2', 'DR3']","['DQ3', 'DQ1']","['DQ3', 'DQ1']","['DP1', 'DP1']","['DP4', 'DP10']",Bw4/Bw6,"['C*18', 'B*08', 'B*51', 'DQA1*01:01', 'A*25', 'A*68', 'DRB1*03', 'DQB1*02', 'DRB1*11']",0.7374,0.1365519999999999,nan,0,2
232,D0333_RK,kidney,True,AllocationPriority.PRIORITY_7,D0333,B,POS,KD,49,Helsinki,Finland,232,"['A*03', 'A*01']","['B*08', 'B*07']","['C*07', 'C*02']","['DRB1*15', 'DRB1*15']","['DQA1*03:01', 'DQA1*02:01']","['DQB1*03', 'DQB1*03']","['DPA1*01', 'DPA1*01']","['DPB1*04', 'DPB1*03']","['A3', 'A1']","['B8', 'B7']","['Cw7', 'Cw2']","['DR2', 'DR2']","['DQ3', 'DQ2']","['DQ3', 'DQ3']","['DP1', 'DP1']","['DP4', 'DP3']",Bw6/Bw6,nan,R2233,B,POS,Kidney,86,Tartu,Estonia,7,"['A*03', 'A*01']","['B*57', 'B*08']","['C*16', 'C*16']","['DRB1*15', 'DRB1*04']","['DQA1*01:01', 'DQA1*01:02']","['DQB1*06', 'DQB1*02']","['DPA1*01', 'DPA1*01']","['DPB1*04', 'DPB1*04']","['A3', 'A1']","['B17', 'B8']","['Cw16', 'Cw16']","['DR2', 'DR4']","['DQ1', 'DQ1']","['DQ1', 'DQ2']","['DP1', 'DP1']","['DP4', 'DP4']",Bw4/Bw6,"['DPB1*11', 'C*12']",0.0479,0.495092,nan,0,1,1,223.77640682897163,0.8333333333333334,0.958881184444319,649.606198552027
232,D0334_RK,kidney,True,AllocationPriority.PAYBACK,D0334,B,NEG,KD,57,Uppsala,Sweden,232,"['A*02', 'A*03']","['B*15', 'B*18']","['C*07', 'C*07']","['DRB1*15', 'DRB1*03']","['DQA1*01:02', 'DQA1*05:01']","['DQB1*02', 'DQB1*04']","['DPA1*02:02', 'DPA1*01']","['DPB1*11', 'DPB1*04']","['A2', 'A3']","['B15', 'B18']","['Cw7', 'Cw7']","['DR2', 'DR3']","['DQ1', 'DQ1']","['DQ2', 'DQ4']","['DP2', 'DP1']","['DP11', 'DP4']",Bw4/Bw6,nan,R2799,B,POS,Kidney,85,Skane,Sweden,183,"['A*03', 'A*02']","['B*40', 'B*44']","['C*03', 'C*03']","['DRB1*15', 'DRB1*03']","['DQA1*02:01', 'DQA1*02:01']","['DQB1*02', 'DQB1*03']","['DPA1*01', 'DPA1*01']","['DPB1*04', 'DPB1*04']","['A3', 'A2']","['B40', 'B12']","['Cw3', 'Cw3']","['DR2', 'DR3']","['DQ2', 'DQ2']","['DQ2', 'DQ3']","['DP1', 'DP1']","['DP4', 'DP4']",Bw4/Bw6,"['DQB1*04', 'A*66', 'DPB1*19', 'B*55', 'DPB1*09', 'C*12', 'DPB1*31', 'DRB1*15', 'B*46']",0.2735,0.3777799999999999,nan,0,2
234,D0335_LK,kidney,False,AllocationPriority.PAYBACK,D0335,O,POS,KD,35,Tartu,Estonia,234,"['A*02', 'A*01']","['B*44', 'B*07']","['C*06', 'C*07']","['DRB1*03', 'DRB1*04']","['DQA1*05:01', 'DQA1*01:02']","['DQB1*05', 'DQB1*05']","['DPA1*02:02', 'DPA1*01']","['DPB1*04', 'DPB1*04']","['A2', 'A1']","['B12', 'B7']","['Cw6', 'Cw7']","['DR3', 'DR4']","['DQ1', 'DQ1']","['DQ1', 'DQ1']","['DP2', 'DP1']","['DP4', 'DP4']",Bw4/Bw6,nan,R0565,O,POS,Kidney,86,Tartu,Estonia,0,"['A*01', 'A*02']","['B*08', 'B*44']","['C*03', 'C*03']","['DRB1*04', 'DRB1*03']","['DQA1*03:01', 'DQA1*01:03']","['DQB1*06', 'DQB1*03']","['DPA1*01', 'DPA1*01']","['DPB1*04', 'DPB1*04']","['A1', 'A2']","['B8', 'B12']","['Cw3', 'Cw3']","['DR4', 'DR3']","['DQ3', 'DQ1']","['DQ1', 'DQ3']","['DP1', 'DP1']","['DP4', 'DP4']",Bw4/Bw6,[],0.0,0.41,nan,0,1
234,D0336_LK,kidney,False,AllocationPriority.LOCAL,D0336,O,POS,KD,73,Gothenburg,Sweden,234,"['A*68', 'A*03']","['B*07', 'B*44']","['C*01', 'C*06']","['DRB1*15', 'DRB1*03']","['DQA1*05:01', 'DQA1*01:01']","['DQB1*02', 'DQB1*04']","['DPA1*01', 'DPA1*01']","['DPB1*04', 'DPB1*03']","['A28', 'A3']","['B7', 'B12']","['Cw1', 'Cw6']","['DR2', 'DR3']","['DQ1', 'DQ1']","['DQ2', 'DQ4']","['DP1', 'DP1']","['DP4', 'DP3']",Bw4/Bw6,nan,R2153,O,POS,Kidney,53,Gothenburg,Sweden,0,"['A*01', 'A*03']","['B*40', 'B*44']","['C*07', 'C*03']","['DRB1*15', 'DRB1*03']","['DQA1*04:01', 'DQA1*02:01']","['DQB1*06', 'DQB1*06']","['DPA1*02:02', 'DPA1*01']","['DPB1*04', 'DPB1*04']","['A1', 'A3']","['B40', 'B12']","['Cw7', 'Cw3']","['DR2', 'DR3']","['DQ4', 'DQ2']","['DQ1', 'DQ1']","['DP2', 'DP1']","['DP4', 'DP4']",Bw4/Bw6,[],0.0,0.41,nan,0,2
234,D0335_RK,kidney,True,AllocationPriority.PAYBACK,D0335,O,POS,KD,35,Tartu,Estonia,234,"['A*02', 'A*01']","['B*44', 'B*07']","['C*06', 'C*07']","['DRB1*03', 'DRB1*04']","['DQA1*05:01', 'DQA1*01:02']","['DQB1*05', 'DQB1*05']","['DPA1*02:02', 'DPA1*01']","['DPB1*04', 'DPB1*04']","['A2', 'A1']","['B12', 'B7']","['Cw6', 'Cw7']","['DR3', 'DR4']","['DQ1', 'DQ1']","['DQ1', 'DQ1']","['DP2', 'DP1']","['DP4', 'DP4']",Bw4/Bw6,nan,R0174,O,POS,Kidney,74,Copenhagen,Denmark,0,"['A*03', 'A*02']","['B*14', 'B*07']","['C*03', 'C*03']","['DRB1*04', 'DRB1*03']","['DQA1*05:01', 'DQA1*01:02']","['DQB1*03', 'DQB1*04']","['DPA1*01', 'DPA1*01']","['DPB1*04', 'DPB1*02']","['A3', 'A2']","['B14', 'B7']","['Cw3', 'Cw3']","['DR4', 'DR3']","['DQ1', 'DQ1']","['DQ3', 'DQ4']","['DP1', 'DP1']","['DP4', 'DP2']",Bw6/Bw6,[],0.0,0.41,nan,0,2
234,D0336_RK,kidney,True,AllocationPriority.PRIORITY_7,D0336,O,POS,KD,73,Gothenburg,Sweden,234,"['A*68', 'A*03']","['B*07', 'B*44']","['C*01', 'C*06']","['DRB1*15', 'DRB1*03']","['DQA1*05:01', 'DQA1*01:01']","['DQB1*02', 'DQB1*04']","['DPA1*01', 'DPA1*01']","['DPB1*04', 'DPB1*03']","['A28', 'A3']","['B7', 'B12']","['Cw1', 'Cw6']","['DR2', 'DR3']","['DQ1', 'DQ1']","['DQ2', 'DQ4']","['DP1', 'DP1']","['DP4', 'DP3']",Bw4/Bw6,nan,R0464,O,POS,Kidney,69,Gothenburg,Sweden,0,"['A*03', 'A*68']","['B*44', 'B*15']","['C*04', 'C*01']","['DRB1*04', 'DRB1*15']","['DQA1*05:01', 'DQA1*01:03']","['DQB1*02', 'DQB1*03']","['DPA1*01', 'DPA1*02:02']","['DPB1*01', 'DPB1*04']","['A3', 'A28']","['B12', 'B15']","['Cw4', 'Cw1']","['DR4', 'DR2']","['DQ1', 'DQ1']","['DQ2', 'DQ3']","['DP1', 'DP2']","['DP1', 'DP4']",Bw4/Bw4,"['DRB1*12', 'A*24', 'B*52', 'B*48', 'DPB1*20', 'B*39', 'A*31', 'B*46']",0.1665,0.341735,nan,1,1,2,0.0,0.6666666666666667,1.0,603.1672386167969
235,D0337_LK,kidney,False,AllocationPriority.PAYBACK,D0337,A,POS,KD,89,Helsinki,Finland,235,"['A*02', 'A*01']","['B*44', 'B*08']","['C*07', 'C*07']","['DRB1*04', 'DRB1*03']","['DQA1*05:01', 'DQA1*01:01']","['DQB1*02', 'DQB1*02']","['DPA1*01', 'DPA1*01']","['DPB1*04', 'DPB1*02']","['A2', 'A1']","['B12', 'B8']","['Cw7', 'Cw7']","['DR4', 'DR3']","['DQ1', 'DQ1']","['DQ2', 'DQ2']","['DP1', 'DP1']","['DP4', 'DP2']",Bw4/Bw6,nan,R1101,A,POS,Kidney,71,Stockholm,Sweden,0,"['A*02', 'A*01']","['B*44', 'B*08']","['C*12', 'C*05']","['DRB1*04', 'DRB1*03']","['DQA1*03:01', 'DQA1*01:02']","['DQB1*03', 'DQB1*02']","['DPA1*01', 'DPA1*01']","['DPB1*04', 'DPB1*06']","['A2', 'A1']","['B12', 'B8']","['Cw12', 'Cw5']","['DR4', 'DR3']","['DQ3', 'DQ1']","['DQ3', 'DQ2']","['DP1', 'DP1']","['DP4', 'DP6']",Bw4/Bw6,[],0.0,0.85,nan,0,0
235,D0338_LK,kidney,False,AllocationPriority.PAYBACK,D0338,O,POS,KD,63,Aarhus,Denmark,235,"['A*02', 'A*02']","['B*40', 'B*44']","['C*07', 'C*07']","['DRB1*13', 'DRB1*13']","['DQA1*02:01', 'DQA1*01:03']","['DQB1*06', 'DQB1*06']","['DPA1*01', 'DPA1*01']","['DPB1*04', 'DPB1*04']","['A2', 'A2']","['B40', 'B12']","['Cw7', 'Cw7']","['DR6', 'DR6']","['DQ2', 'DQ1']","['DQ1', 'DQ1']","['DP1', 'DP1']","['DP4', 'DP4']",Bw4/Bw6,nan,R0109,O,POS,Kidney,88,Gothenburg,Sweden,0,"['A*03', 'A*02']","['B*44', 'B*40']","['C*07', 'C*07']","['DRB1*13', 'DRB1*15']","['DQA1*01:02', 'DQA1*02:01']","['DQB1*05', 'DQB1*03']","['DPA1*01', 'DPA1*01']","['DPB1*02', 'DPB1*04']","['A3', 'A2']","['B12', 'B40']","['Cw7', 'Cw7']","['DR6', 'DR2']","['DQ1', 'DQ2']","['DQ1', 'DQ3']","['DP1', 'DP1']","['DP2', 'DP4']",Bw4/Bw6,[],0.0,0.41,nan,0,0
235,D0339_LK,kidney,False,AllocationPriority.LOCAL,D0339,A,POS,KD,19,Helsinki,Finland,235,"['A*02', 'A*24']","['B*40', 'B*44']","['C*02', 'C*07']","['DRB1*09', 'DRB1*04']","['DQA1*01:02', 'DQA1*01:03']","['DQB1*02', 'DQB1*06']","['DPA1*02:02', 'DPA1*02:02']","['DPB1*05', 'DPB1*02']","['A2', 'A9']","['B40', 'B12']","['Cw2', 'Cw7']","['DR9', 'DR4']","['DQ1', 'DQ1']","['DQ2', 'DQ1']","['DP2', 'DP2']","['DP5', 'DP2']",Bw4/Bw4,nan,R0121,A,POS,Kidney,80,Helsinki,Finland,0,"['A*02', 'A*11']","['B*15', 'B*51']","['C*16', 'C*06']","['DRB1*13', 'DRB1*13']","['DQA1*01:02', 'DQA1*03:01']","['DQB1*04', 'DQB1*06']","['DPA1*01', 'DPA1*01']","['DPB1*02', 'DPB1*02']","['A2', 'A11']","['B15', 'B5']","['Cw16', 'Cw6']","['DR6', 'DR6']","['DQ1', 'DQ3']","['DQ4', 'DQ1']","['DP1', 'DP1']","['DP2', 'DP2']",Bw4/Bw4,"['B*54', 'C*06', 'DPA1*01', 'B*47', 'DPB1*09', 'DRB1*14']",0.9562,0.0372299999999999,nan
235,D0337_RK,kidney,True,AllocationPriority.PRIORITY_7,D0337,A,POS,KD,89,Helsinki,Finland,235,"['A*02', 'A*01']","['B*44', 'B*08']","['C*07', 'C*07']","['DRB1*04', 'DRB1*03']","['DQA1*05:01', 'DQA1*01:01']","['DQB1*02', 'DQB1*02']","['DPA1*01', 'DPA1*01']","['DPB1*04', 'DPB1*02']","['A2', 'A1']","['B12', 'B8']","['Cw7', 'Cw7']","['DR4', 'DR3']","['DQ1', 'DQ1']","['DQ2', 'DQ2']","['DP1', 'DP1']","['DP4', 'DP2']",Bw4/Bw6,nan,R1823,A,POS,Kidney,62,Helsinki,Finland,0,"['A*01', 'A*02']","['B*57', 'B*44']","['C*04', 'C*03']","['DRB1*03', 'DRB1*04']","['DQA1*05:01', 'DQA1*01:02']","['DQB1*03', 'DQB1*05']","['DPA1*01', 'DPA1*01']","['DPB1*03', 'DPB1*04']","['A1', 'A2']","['B17', 'B12']","['Cw4', 'Cw3']","['DR3', 'DR4']","['DQ1', 'DQ1']","['DQ3', 'DQ1']","['DP1', 'DP1']","['DP3', 'DP4']",Bw4/Bw4,[],0.0,0.85,nan,0,1,1,0.0,0.8333333333333334,1.0,664.345423057711
235,D0338_RK,kidney,True,AllocationPriority.PRIORITY_3,D0338,O,POS,KD,63,Aarhus,Denmark,235,"['A*02', 'A*02']","['B*40', 'B*44']","['C*07', 'C*07']","['DRB1*13', 'DRB1*13']","['DQA1*02:01', 'DQA1*01:03']","['DQB1*06', 'DQB1*06']","['DPA1*01', 'DPA1*01']","['DPB1*04', 'DPB1*04']","['A2', 'A2']","['B40', 'B12']","['Cw7', 'Cw7']","['DR6', 'DR6']","['DQ2', 'DQ1']","['DQ1', 'DQ1']","['DP1', 'DP1']","['DP4', 'DP4']",Bw4/Bw6,nan,R0542,O,POS,Kidney,69,Uppsala,Sweden,0,"['A*02', 'A*24']","['B*44', 'B*40']","['C*07', 'C*03']","['DRB1*15', 'DRB1*13']","['DQA1*05:01', 'DQA1*03:01']","['DQB1*02', 'DQB1*02']","['DPA1*01', 'DPA1*01']","['DPB1*04', 'DPB1*04']","['A2', 'A9']","['B12', 'B40']","['Cw7', 'Cw3']","['DR2', 'DR6']","['DQ1', 'DQ3']","['DQ2', 'DQ2']","['DP1', 'DP1']","['DP4', 'DP4']",Bw4/Bw4,"['DPA1*02:02', 'B*51', 'B*35', 'C*01', 'A*29', 'A*30']",0.3204,0.278636,nan
235,D0339_RK,kidney,True,AllocationPriority.PRIORITY_7,D0339,A,POS,KD,19,Helsinki,Finland,235,"['A*02', 'A*24']","['B*40', 'B*44']","['C*02', 'C*07']","['DRB1*09', 'DRB1*04']","['DQA1*01:02', 'DQA1*01:03']","['DQB1*02', 'DQB1*06']","['DPA1*02:02', 'DPA1*02:02']","['DPB1*05', 'DPB1*02']","['A2', 'A9']","['B40', 'B12']","['Cw2', 'Cw7']","['DR9', 'DR4']","['DQ1', 'DQ1']","['DQ2', 'DQ1']","['DP2', 'DP2']","['DP5', 'DP2']",Bw4/Bw4,nan,R1229,A,POS,Kidney,85,Helsinki,Finland,0,"['A*24', 'A*02']","['B*07', 'B*44']","['C*06', 'C*06']","['DRB1*04', 'DRB1*04']","['DQA1*03:01', 'DQA1*05:01']","['DQB1*02', 'DQB1*03']","['DPA1*01', 'DPA1*02:02']","['DPB1*02', 'DPB1*04']","['A9', 'A2']","['B7', 'B12']","['Cw6', 'Cw6']","['DR4', 'DR4']","['DQ3', 'DQ1']","['DQ2', 'DQ3']","['DP1', 'DP2']","['DP2', 'DP4']",Bw4/Bw4,[],0.0,0.85,nan,1,1,2,0.0,0.6666666666666667,1.0,603.1672386167969
236,D0340_LK,kidney,False,AllocationPriority.LOCAL,D0340,B,POS,KD,59,Skane,Sweden,236,"['A*03', 'A*02']","['B*40', 'B*44']","['C*03', 'C*07']","['DRB1*15', 'DRB1*15']","['DQA1*04:01', 'DQA1*01:01']","['DQB1*03', 'DQB1*03']","['DPA1*01', 'DPA1*01']","['DPB1*04', 'DPB1*19']","['A3', 'A2']","['B40', 'B12']","['Cw3', 'Cw7']","['DR2', 'DR2']","['DQ4', 'DQ1']","['DQ3', 'DQ3']","['DP1', 'DP1']","['DP4', 'DP19']",Bw4/Bw6,nan,R0361,B,POS,Kidney,49,Skane,Sweden,0,"['A*31', 'A*68']","['B*44', 'B*14']","['C*05', 'C*06']","['DRB1*15', 'DRB1*09']","['DQA1*01:02', 'DQA1*03:01']","['DQB1*03', 'DQB1*03']","['DPA1*02:02', 'DPA1*01']","['DPB1*04', 'DPB1*01']","['A19', 'A28']","['B12', 'B14']","['Cw5', 'Cw6']","['DR2', 'DR9']","['DQ1', 'DQ3']","['DQ3', 'DQ3']","['DP2', 'DP1']","['DP4', 'DP1']",Bw4/Bw4,[],0.0,0.52,nan,0,3
236,D0340_RK,kidney,True,AllocationPriority.PRIORITY_7,D0340,B,POS,KD,59,Skane,Sweden,236,"['A*03', 'A*02']","['B*40', 'B*44']","['C*03', 'C*07']","['DRB1*15', 'DRB1*15']","['DQA1*04:01', 'DQA1*01:01']","['DQB1*03', 'DQB1*03']","['DPA1*01', 'DPA1*01']","['DPB1*04', 'DPB1*19']","['A3', 'A2']","['B40', 'B12']","['Cw3', 'Cw7']","['DR2', 'DR2']","['DQ4', 'DQ1']","['DQ3', 'DQ3']","['DP1', 'DP1']","['DP4', 'DP19']",Bw4/Bw6,nan,R2186,B,POS,Kidney,31,Oslo,Norway,0,"['A*03', 'A*02']","['B*40', 'B*07']","['C*06', 'C*04']","['DRB1*15', 'DRB1*12']","['DQA1*01:03', 'DQA1*01:02']","['DQB1*02', 'DQB1*06']","['DPA1*01', 'DPA1*01']","['DPB1*16', 'DPB1*04']","['A3', 'A2']","['B40', 'B7']","['Cw6', 'Cw4']","['DR2', 'DR5']","['DQ1', 'DQ1']","['DQ2', 'DQ1']","['DP1', 'DP1']","['DP16', 'DP4']",Bw6/Bw6,[],0.0,0.52,nan,0,1,1,497.32462184478567,0.8333333333333334,0.9086168211979395,631.5887113138451
237,D0341_LK,kidney,False,AllocationPriority.PAYBACK,D0341,A,POS,KD,43,Oslo,Norway,237,"['A*01', 'A*03']","['B*40', 'B*41']","['C*07', 'C*07']","['DRB1*09', 'DRB1*03']","['DQA1*01:03', 'DQA1*01:01']","['DQB1*03', 'DQB1*05']","['DPA1*01', 'DPA1*01']","['DPB1*04', 'DPB1*04']","['A1', 'A3']","['B40', 'B41']","['Cw7', 'Cw7']","['DR9', 'DR3']","['DQ1', 'DQ1']","['DQ3', 'DQ1']","['DP1', 'DP1']","['DP4', 'DP4']",Bw6/Bw6,nan,R1795,A,POS,Kidney,61,Stockholm,Sweden,0,"['A*03', 'A*24']","['B*15', 'B*40']","['C*02', 'C*05']","['DRB1*03', 'DRB1*09']","['DQA1*05:01', 'DQA1*01:01']","['DQB1*02', 'DQB1*06']","['DPA1*01', 'DPA1*01']","['DPB1*04', 'DPB1*10']","['A3', 'A9']","['B15', 'B40']","['Cw2', 'Cw5']","['DR3', 'DR9']","['DQ1', 'DQ1']","['DQ2', 'DQ1']","['DP1', 'DP1']","['DP4', 'DP10']",Bw4/Bw4,[],0.0,0.85,nan,0,2
237,D0342_LK,kidney,False,AllocationPriority.LOCAL,D0342,A,POS,KD,63,Copenhagen,Denmark,237,"['A*01', 'A*01']","['B*07', 'B*44']","['C*05', 'C*03']","['DRB1*15', 'DRB1*13']","['DQA1*02:01', 'DQA1*05:01']","['DQB1*03', 'DQB1*04']","['DPA1*01', 'DPA1*01']","['DPB1*04', 'DPB1*04']","['A1', 'A1']","['B7', 'B12']","['Cw5', 'Cw3']","['DR2', 'DR6']","['DQ2', 'DQ1']","['DQ3', 'DQ4']","['DP1', 'DP1']","['DP4', 'DP4']",Bw4/Bw6,nan,R1674,A,POS,Kidney,90,Copenhagen,Denmark,0,"['A*01', 'A*29']","['B*27', 'B*27']","['C*12', 'C*07']","['DRB1*15', 'DRB1*13']","['DQA1*05:01', 'DQA1*02:01']","['DQB1*03', 'DQB1*06']","['DPA1*02:02', 'DPA1*01']","['DPB1*04', 'DPB1*04']","['A1', 'A19']","['B27', 'B27']","['Cw12', 'Cw7']","['DR2', 'DR6']","['DQ1', 'DQ2']","['DQ3', 'DQ1']","['DP2', 'DP1']","['DP4', 'DP4']",Bw6/Bw6,[],0.0,0.85,nan,0,2
237,D0341_RK,kidney,True,AllocationPriority.PAYBACK,D0341,A,POS,KD,43,Oslo,Norway,237,"['A*01', 'A*03']","['B*40', 'B*41']","['C*07', 'C*07']","['DRB1*09', 'DRB1*03']","['DQA1*01:03', 'DQA1*01:01']","['DQB1*03', 'DQB1*05']","['DPA1*01', 'DPA1*01']","['DPB1*04', 'DPB1*04']","['A1', 'A3']","['B40', 'B41']","['Cw7', 'Cw7']","['DR9', 'DR3']","['DQ1', 'DQ1']","['DQ3', 'DQ1']","['DP1', 'DP1']","['DP4', 'DP4']",Bw6/Bw6,nan,R1463,A,POS,Kidney,61,Oslo,Norway,0,"['A*01', 'A*68']","['B*07', 'B*14']","['C*01', 'C*07']","['DRB1*09', 'DRB1*03']","['DQA1*04:01', 'DQA1*01:01']","['DQB1*02', 'DQB1*03']","['DPA1*01', 'DPA1*01']","['DPB1*04', 'DPB1*04']","['A1', 'A28']","['B7', 'B14']","['Cw1', 'Cw7']","['DR9', 'DR3']","['DQ4', 'DQ1']","['DQ2', 'DQ3']","['DP1', 'DP1']","['DP4', 'DP4']",Bw6/Bw6,[],0.0,0.85,nan,0,3
237,D0342_RK,kidney,True,AllocationPriority.PRIORITY_7,D0342,A,POS,KD,63,Copenhagen,Denmark,237,"['A*01', 'A*01']","['B*07', 'B*44']","['C*05', 'C*03']","['DRB1*15', 'DRB1*13']","['DQA1*02:01', 'DQA1*05:01']","['DQB1*03', 'DQB1*04']","['DPA1*01', 'DPA1*01']","['DPB1*04', 'DPB1*04']","['A1', 'A1']","['B7', 'B12']","['Cw5', 'Cw3']","['DR2', 'DR6']","['DQ2', 'DQ1']","['DQ3', 'DQ4']","['DP1', 'DP1']","['DP4', 'DP4']",Bw4/Bw6,nan,R2866,A,POS,Kidney,60,Skane,Sweden,206,"['A*01', 'A*03']","['B*07', 'B*38']","['C*07', 'C*08']","['DRB1*15', 'DRB1*13']","['DQA1*03:01', 'DQA1*03:01']","['DQB1*05', 'DQB1*02']","['DPA1*01', 'DPA1*01']","['DPB1*04', 'DPB1*04']","['A1', 'A3']","['B7', 'B16']","['Cw7', 'Cw8']","['DR2', 'DR6']","['DQ3', 'DQ3']","['DQ1', 'DQ2']","['DP1', 'DP1']","['DP4', 'DP4']",Bw4/Bw6,[],0.0,0.85,nan,0,1,1,28.452846136850336,0.8333333333333334,0.9947718021353811,662.4713520017875
238,D0343_LK,kidney,False,AllocationPriority.LOCAL,D0343,O,POS,KD,54,Gothenburg,Sweden,238,"['A*02', 'A*02']","['B*35', 'B*51']","['C*05', 'C*07']","['DRB1*01', 'DRB1*03']","['DQA1*01:03', 'DQA1*03:01']","['DQB1*03', 'DQB1*03']","['DPA1*01', 'DPA1*01']","['DPB1*04', 'DPB1*02']","['A2', 'A2']","['B35', 'B5']","['Cw5', 'Cw7']","['DR1', 'DR3']","['DQ1', 'DQ3']","['DQ3', 'DQ3']","['DP1', 'DP1']","['DP4', 'DP2']",Bw4/Bw6,nan,R0269,O,POS,Kidney,74,Gothenburg,Sweden,0,"['A*02', 'A*03']","['B*35', 'B*08']","['C*07', 'C*05']","['DRB1*01', 'DRB1*07']","['DQA1*05:01', 'DQA1*05:01']","['DQB1*06', 'DQB1*06']","['DPA1*01', 'DPA1*02:02']","['DPB1*04', 'DPB1*04']","['A2', 'A3']","['B35', 'B8']","['Cw7', 'Cw5']","['DR1', 'DR7']","['DQ1', 'DQ1']","['DQ1', 'DQ1']","['DP1', 'DP2']","['DP4', 'DP4']",Bw6/Bw6,"['DRB1*14', 'DPB1*11', 'DPB1*05', 'A*33', 'B*55', 'C*01', 'DPB1*129', 'DPB1*17']",0.1378,0.353502,nan,1,1
238,D0343_RK,kidney,True,AllocationPriority.PRIORITY_7,D0343,O,POS,KD,54,Gothenburg,Sweden,238,"['A*02', 'A*02']","['B*35', 'B*51']","['C*05', 'C*07']","['DRB1*01', 'DRB1*03']","['DQA1*01:03', 'DQA1*03:01']","['DQB1*03', 'DQB1*03']","['DPA1*01', 'DPA1*01']","['DPB1*04', 'DPB1*02']","['A2', 'A2']","['B35', 'B5']","['Cw5', 'Cw7']","['DR1', 'DR3']","['DQ1', 'DQ3']","['DQ3', 'DQ3']","['DP1', 'DP1']","['DP4', 'DP2']",Bw4/Bw6,nan,R2496,O,POS,Kidney,60,Helsinki,Finland,88,"['A*23', 'A*02']","['B*40', 'B*51']","['C*03', 'C*05']","['DRB1*01', 'DRB1*03']","['DQA1*01:02', 'DQA1*01:01']","['DQB1*03', 'DQB1*06']","['DPA1*02:02', 'DPA1*01']","['DPB1*04', 'DPB1*04']","['A9', 'A2']","['B40', 'B5']","['Cw3', 'Cw5']","['DR1', 'DR3']","['DQ1', 'DQ1']","['DQ3', 'DQ1']","['DP2', 'DP1']","['DP4', 'DP4']",Bw4/Bw4,[],0.0,0.41,nan,0,1,1,790.7219255251106,0.8333333333333334,0.8547051967084739,612.2638468672917
239,D0344_LK,kidney,False,AllocationPriority.LOCAL,D0344,A,NEG,KD,54,Helsinki,Finland,239,"['A*02', 'A*11']","['B*40', 'B*08']","['C*08', 'C*15']","['DRB1*04', 'DRB1*11']","['DQA1*03:01', 'DQA1*02:01']","['DQB1*06', 'DQB1*05']","['DPA1*01', 'DPA1*01']","['DPB1*06', 'DPB1*04']","['A2', 'A11']","['B40', 'B8']","['Cw8', 'Cw15']","['DR4', 'DR5']","['DQ3', 'DQ2']","['DQ1', 'DQ1']","['DP1', 'DP1']","['DP6', 'DP4']",Bw6/Bw6,nan,R2704,A,POS,Kidney,50,Helsinki,Finland,156,"['A*02', 'A*23']","['B*57', 'B*08']","['C*03', 'C*04']","['DRB1*04', 'DRB1*11']","['DQA1*05:01', 'DQA1*01:02']","['DQB1*06', 'DQB1*02']","['DPA1*02:02', 'DPA1*01']","['DPB1*04', 'DPB1*04']","['A2', 'A9']","['B17', 'B8']","['Cw3', 'Cw4']","['DR4', 'DR5']","['DQ1', 'DQ1']","['DQ1', 'DQ2']","['DP2', 'DP1']","['DP4', 'DP4']",Bw4/Bw4,[],0.0,0.85,nan,0,2
239,D0345_LK,kidney,False,AllocationPriority.LOCAL,D0345,B,NEG,KD,57,Stockholm,Sweden,239,"['A*02', 'A*26']","['B*07', 'B*08']","['C*07', 'C*06']","['DRB1*03', 'DRB1*08']","['DQA1*01:01', 'DQA1*03:01']","['DQB1*02', 'DQB1*03']","['DPA1*01', 'DPA1*01']","['DPB1*03', 'DPB1*04']","['A2', 'A10']","['B7', 'B8']","['Cw7', 'Cw6']","['DR3', 'DR8']","['DQ1', 'DQ3']","['DQ2', 'DQ3']","['DP1', 'DP1']","['DP3', 'DP4']",Bw4/Bw6,nan,R0877,B,POS,Kidney,71,Stockholm,Sweden,0,"['A*68', 'A*02']","['B*07', 'B*14']","['C*07', 'C*03']","['DRB1*03', 'DRB1*15']","['DQA1*01:03', 'DQA1*01:01']","['DQB1*03', 'DQB1*02']","['DPA1*01', 'DPA1*01']","['DPB1*04', 'DPB1*04']","['A28', 'A2']","['B7', 'B14']","['Cw7', 'Cw3']","['DR3', 'DR2']","['DQ1', 'DQ1']","['DQ3', 'DQ2']","['DP1', 'DP1']","['DP4', 'DP4']",Bw6/Bw6,[],0.0,0.52,nan,1,2
239,D0346_LK,kidney,False,AllocationPriority.LOCAL,D0346,O,POS,KD,64,Aarhus,Denmark,239,"['A*68', 'A*02']","['B*44', 'B*15']","['C*07', 'C*07']","['DRB1*01', 'DRB1*01']","['DQA1*01:01', 'DQA1*05:01']","['DQB1*02', 'DQB1*06']","['DPA1*01', 'DPA1*01']","['DPB1*04', 'DPB1*03']","['A28', 'A2']","['B12', 'B15']","['Cw7', 'Cw7']","['DR1', 'DR1']","['DQ1', 'DQ1']","['DQ2', 'DQ1']","['DP1', 'DP1']","['DP4', 'DP3']",Bw4/Bw4,nan,R1447,O,NEG,Kidney,59,Aarhus,Denmark,0,"['A*02', 'A*24']","['B*44', 'B*27']","['C*07', 'C*05']","['DRB1*03', 'DRB1*01']","['DQA1*03:01', 'DQA1*03:01']","['DQB1*05', 'DQB1*06']","['DPA1*01', 'DPA1*01']","['DPB1*04', 'DPB1*05']","['A2', 'A9']","['B12', 'B27']","['Cw7', 'Cw5']","['DR3', 'DR1']","['DQ3', 'DQ3']","['DQ1', 'DQ1']","['DP1', 'DP1']","['DP4', 'DP5']",Bw6/Bw6,['DPB1*03'],0.1111,0.3644489999999999,nan,0,2
239,D0347_LK,kidney,False,AllocationPriority.PAYBACK,D0347,A,POS,KD,28,Helsinki,Finland,239,"['A*26', 'A*01']","['B*07', 'B*40']","['C*05', 'C*02']","['DRB1*07', 'DRB1*13']","['DQA1*01:03', 'DQA1*01:01']","['DQB1*04', 'DQB1*03']","['DPA1*01', 'DPA1*01']","['DPB1*04', 'DPB1*01']","['A10', 'A1']","['B7', 'B40']","['Cw5', 'Cw2']","['DR7', 'DR6']","['DQ1', 'DQ1']","['DQ4', 'DQ3']","['DP1', 'DP1']","['DP4', 'DP1']",Bw4/Bw6,nan,R1205,A,POS,Kidney,66,Tartu,Estonia,0,"['A*25', 'A*01']","['B*40', 'B*27']","['C*03', 'C*06']","['DRB1*14', 'DRB1*07']","['DQA1*01:02', 'DQA1*03:01']","['DQB1*06', 'DQB1*05']","['DPA1*01', 'DPA1*02:02']","['DPB1*11', 'DPB1*04']","['A10', 'A1']","['B40', 'B27']","['Cw3', 'Cw6']","['DR6', 'DR7']","['DQ1', 'DQ3']","['DQ1', 'DQ1']","['DP1', 'DP2']","['DP11', 'DP4']",Bw4/Bw4,[],0.0,0.85,nan,0,1
239,D0344_RK,kidney,True,AllocationPriority.PRIORITY_7,D0344,A,NEG,KD,54,Helsinki,Finland,239,"['A*02', 'A*11']","['B*40', 'B*08']","['C*08', 'C*15']","['DRB1*04', 'DRB1*11']","['DQA1*03:01', 'DQA1*02:01']","['DQB1*06', 'DQB1*05']","['DPA1*01', 'DPA1*01']","['DPB1*06', 'DPB1*04']","['A2', 'A11']","['B40', 'B8']","['Cw8', 'Cw15']","['DR4', 'DR5']","['DQ3', 'DQ2']","['DQ1', 'DQ1']","['DP1', 'DP1']","['DP6', 'DP4']",Bw6/Bw6,nan,R0409,A,POS,Kidney,84,Helsinki,Finland,0,"['A*02', 'A*11']","['B*15', 'B*40']","['C*03', 'C*08']","['DRB1*08', 'DRB1*04']","['DQA1*02:01', 'DQA1*02:01']","['DQB1*06', 'DQB1*05']","['DPA1*01', 'DPA1*01']","['DPB1*04', 'DPB1*02']","['A2', 'A11']","['B15', 'B40']","['Cw3', 'Cw8']","['DR8', 'DR4']","['DQ2', 'DQ2']","['DQ1', 'DQ1']","['DP1', 'DP1']","['DP4', 'DP2']",Bw4/Bw6,[],0.0,0.85,nan,1,1,2,0.0,0.6666666666666667,1.0,603.1672386167969
239,D0345_RK,kidney,True,AllocationPriority.PRIORITY_7,D0345,B,NEG,KD,57,Stockholm,Sweden,239,"['A*02', 'A*26']","['B*07', 'B*08']","['C*07', 'C*06']","['DRB1*03', 'DRB1*08']","['DQA1*01:01', 'DQA1*03:01']","['DQB1*02', 'DQB1*03']","['DPA1*01', 'DPA1*01']","['DPB1*03', 'DPB1*04']","['A2', 'A10']","['B7', 'B8']","['Cw7', 'Cw6']","['DR3', 'DR8']","['DQ1', 'DQ3']","['DQ2', 'DQ3']","['DP1', 'DP1']","['DP3', 'DP4']",Bw4/Bw6,nan,R0276,B,POS,Kidney,86,Oslo,Norway,0,"['A*02', 'A*01']","['B*51', 'B*08']","['C*06', 'C*04']","['DRB1*03', 'DRB1*08']","['DQA1*03:01', 'DQA1*05:01']","['DQB1*06', 'DQB1*03']","['DPA1*01', 'DPA1*02:02']","['DPB1*14', 'DPB1*04']","['A2', 'A1']","['B5', 'B8']","['Cw6', 'Cw4']","['DR3', 'DR8']","['DQ3', 'DQ1']","['DQ1', 'DQ3']","['DP1', 'DP2']","['DP14', 'DP4']",Bw4/Bw6,[],0.0,0.52,nan,0,2,2,416.29852378382344,0.6666666666666667,0.9235053307981119,575.747380150108
239,D0346_RK,kidney,True,AllocationPriority.PRIORITY_7,D0346,O,POS,KD,64,Aarhus,Denmark,239,"['A*68', 'A*02']","['B*44', 'B*15']","['C*07', 'C*07']","['DRB1*01', 'DRB1*01']","['DQA1*01:01', 'DQA1*05:01']","['DQB1*02', 'DQB1*06']","['DPA1*01', 'DPA1*01']","['DPB1*04', 'DPB1*03']","['A28', 'A2']","['B12', 'B15']","['Cw7', 'Cw7']","['DR1', 'DR1']","['DQ1', 'DQ1']","['DQ2', 'DQ1']","['DP1', 'DP1']","['DP4', 'DP3']",Bw4/Bw4,nan,R2320,O,POS,Kidney,49,Gothenburg,Sweden,35,"['A*02', 'A*31']","['B*44', 'B*15']","['C*04', 'C*07']","['DRB1*13', 'DRB1*01']","['DQA1*04:01', 'DQA1*01:02']","['DQB1*03', 'DQB1*02']","['DPA1*01', 'DPA1*01']","['DPB1*04', 'DPB1*03']","['A2', 'A19']","['B12', 'B15']","['Cw4', 'Cw7']","['DR6', 'DR1']","['DQ4', 'DQ1']","['DQ3', 'DQ2']","['DP1', 'DP1']","['DP4', 'DP3']",Bw6/Bw6,[],0.0,0.41,nan,0,1,1,202.6942002796759,0.8333333333333334,0.9627550305520983,650.9947961249729
239,D0347_RK,kidney,True,AllocationPriority.PRIORITY_7,D0347,A,POS,KD,28,Helsinki,Finland,239,"['A*26', 'A*01']","['B*07', 'B*40']","['C*05', 'C*02']","['DRB1*07', 'DRB1*13']","['DQA1*01:03', 'DQA1*01:01']","['DQB1*04', 'DQB1*03']","['DPA1*01', 'DPA1*01']","['DPB1*04', 'DPB1*01']","['A10', 'A1']","['B7', 'B40']","['Cw5', 'Cw2']","['DR7', 'DR6']","['DQ1', 'DQ1']","['DQ4', 'DQ3']","['DP1', 'DP1']","['DP4', 'DP1']",Bw4/Bw6,nan,R0166,A,POS,Kidney,83,Helsinki,Finland,0,"['A*26', 'A*02']","['B*40', 'B*07']","['C*07', 'C*03']","['DRB1*04', 'DRB1*07']","['DQA1*01:01', 'DQA1*01:02']","['DQB1*03', 'DQB1*05']","['DPA1*01', 'DPA1*01']","['DPB1*04', 'DPB1*04']","['A10', 'A2']","['B40', 'B7']","['Cw7', 'Cw3']","['DR4', 'DR7']","['DQ1', 'DQ1']","['DQ3', 'DQ1']","['DP1', 'DP1']","['DP4', 'DP4']",Bw4/Bw6,[],0.0,0.85,nan,1,1,2,0.0,0.6666666666666667,1.0,603.1672386167969
240,D0348_LK,kidney,False,AllocationPriority.PAYBACK,D0348,A,POS,KD,76,Gothenburg,Sweden,240,"['A*01', 'A*03']","['B*52', 'B*08']","['C*04', 'C*07']","['DRB1*03', 'DRB1*03']","['DQA1*05:01', 'DQA1*01:03']","['DQB1*06', 'DQB1*03']","['DPA1*01', 'DPA1*01']","['DPB1*06', 'DPB1*04']","['A1', 'A3']","['B5', 'B8']","['Cw4', 'Cw7']","['DR3', 'DR3']","['DQ1', 'DQ1']","['DQ1', 'DQ3']","['DP1', 'DP1']","['DP6', 'DP4']",Bw4/Bw6,nan,R0026,A,NEG,Kidney,73,Aarhus,Denmark,0,"['A*01', 'A*03']","['B*08', 'B*08']","['C*04', 'C*04']","['DRB1*03', 'DRB1*03']","['DQA1*01:01', 'DQA1*03:01']","['DQB1*04', 'DQB1*05']","['DPA1*01', 'DPA1*01']","['DPB1*05', 'DPB1*04']","['A1', 'A3']","['B8', 'B8']","['Cw4', 'Cw4']","['DR3', 'DR3']","['DQ1', 'DQ3']","['DQ4', 'DQ1']","['DP1', 'DP1']","['DP5', 'DP4']",Bw6/Bw6,"['A*66', 'DPB1*20', 'C*14', 'DQA1*06:01', 'DPA1*02:02', 'B*54', 'A*69', 'DRB1*01', 'DPB1*31']",0.2599,0.629085,nan,0,1
240,D0348_RK,kidney,True,AllocationPriority.PAYBACK,D0348,A,POS,KD,76,Gothenburg,Sweden,240,"['A*01', 'A*03']","['B*52', 'B*08']","['C*04', 'C*07']","['DRB1*03', 'DRB1*03']","['DQA1*05:01', 'DQA1*01:03']","['DQB1*06', 'DQB1*03']","['DPA1*01', 'DPA1*01']","['DPB1*06', 'DPB1*04']","['A1', 'A3']","['B5', 'B8']","['Cw4', 'Cw7']","['DR3', 'DR3']","['DQ1', 'DQ1']","['DQ1', 'DQ3']","['DP1', 'DP1']","['DP6', 'DP4']",Bw4/Bw6,nan,R0657,A,POS,Kidney,56,Skane,Sweden,0,"['A*03', 'A*01']","['B*44', 'B*08']","['C*03', 'C*07']","['DRB1*07', 'DRB1*03']","['DQA1*01:01', 'DQA1*01:01']","['DQB1*02', 'DQB1*02']","['DPA1*01', 'DPA1*01']","['DPB1*04', 'DPB1*04']","['A3', 'A1']","['B12', 'B8']","['Cw3', 'Cw7']","['DR7', 'DR3']","['DQ1', 'DQ1']","['DQ2', 'DQ2']","['DP1', 'DP1']","['DP4', 'DP4']",Bw4/Bw6,[],0.0,0.85,nan,0,1
242,D0349_LK,kidney,False,AllocationPriority.LOCAL,D0349,A,POS,KD,42,Copenhagen,Denmark,242,"['A*11', 'A*01']","['B*40', 'B*08']","['C*07', 'C*07']","['DRB1*01', 'DRB1*13']","['DQA1*01:02', 'DQA1*02:01']","['DQB1*03', 'DQB1*02']","['DPA1*02:02', 'DPA1*01']","['DPB1*04', 'DPB1*11']","['A11', 'A1']","['B40', 'B8']","['Cw7', 'Cw7']","['DR1', 'DR6']","['DQ1', 'DQ2']","['DQ3', 'DQ2']","['DP2', 'DP1']","['DP4', 'DP11']",Bw6/Bw6,nan,R0433,A,POS,Kidney,62,Copenhagen,Denmark,0,"['A*01', 'A*01']","['B*35', 'B*44']","['C*07', 'C*07']","['DRB1*01', 'DRB1*13']","['DQA1*01:02', 'DQA1*03:01']","['DQB1*06', 'DQB1*06']","['DPA1*01', 'DPA1*01']","['DPB1*04', 'DPB1*04']","['A1', 'A1']","['B35', 'B12']","['Cw7', 'Cw7']","['DR1', 'DR6']","['DQ1', 'DQ3']","['DQ1', 'DQ1']","['DP1', 'DP1']","['DP4', 'DP4']",Bw4/Bw6,[],0.0,0.85,nan,0,3
242,D0349_RK,kidney,True,AllocationPriority.PRIORITY_7,D0349,A,POS,KD,42,Copenhagen,Denmark,242,"['A*11', 'A*01']","['B*40', 'B*08']","['C*07', 'C*07']","['DRB1*01', 'DRB1*13']","['DQA1*01:02', 'DQA1*02:01']","['DQB1*03', 'DQB1*02']","['DPA1*02:02', 'DPA1*01']","['DPB1*04', 'DPB1*11']","['A11', 'A1']","['B40', 'B8']","['Cw7', 'Cw7']","['DR1', 'DR6']","['DQ1', 'DQ2']","['DQ3', 'DQ2']","['DP2', 'DP1']","['DP4', 'DP11']",Bw6/Bw6,nan,R1979,A,POS,Kidney,64,Copenhagen,Denmark,0,"['A*11', 'A*01']","['B*15', 'B*08']","['C*07', 'C*08']","['DRB1*13', 'DRB1*04']","['DQA1*05:01', 'DQA1*05:01']","['DQB1*05', 'DQB1*03']","['DPA1*01', 'DPA1*01']","['DPB1*04', 'DPB1*02']","['A11', 'A1']","['B15', 'B8']","['Cw7', 'Cw8']","['DR6', 'DR4']","['DQ1', 'DQ1']","['DQ1', 'DQ3']","['DP1', 'DP1']","['DP4', 'DP2']",Bw4/Bw6,[],0.0,0.85,nan,1,1,2,0.0,0.6666666666666667,1.0,603.1672386167969
243,D0350_LK,kidney,False,AllocationPriority.LOCAL,D0350,B,POS,KD,33,Oslo,Norway,243,"['A*01', 'A*02']","['B*35', 'B*44']","['C*05', 'C*07']","['DRB1*11', 'DRB1*04']","['DQA1*03:01', 'DQA1*01:02']","['DQB1*03', 'DQB1*02']","['DPA1*01', 'DPA1*01']","['DPB1*04', 'DPB1*04']","['A1', 'A2']","['B35', 'B12']","['Cw5', 'Cw7']","['DR5', 'DR4']","['DQ3', 'DQ1']","['DQ3', 'DQ2']","['DP1', 'DP1']","['DP4', 'DP4']",Bw4/Bw6,nan,R0885,B,POS,Kidney,66,Oslo,Norway,0,"['A*01', 'A*03']","['B*08', 'B*08']","['C*07', 'C*04']","['DRB1*04', 'DRB1*11']","['DQA1*03:01', 'DQA1*03:01']","['DQB1*02', 'DQB1*06']","['DPA1*01', 'DPA1*01']","['DPB1*04', 'DPB1*04']","['A1', 'A3']","['B8', 'B8']","['Cw7', 'Cw4']","['DR4', 'DR5']","['DQ3', 'DQ3']","['DQ2', 'DQ1']","['DP1', 'DP1']","['DP4', 'DP4']",Bw6/Bw6,[],0.0,0.52,nan,0,3
243,D0350_RK,kidney,True,AllocationPriority.PRIORITY_7,D0350,B,POS,KD,33,Oslo,Norway,243,"['A*01', 'A*02']","['B*35', 'B*44']","['C*05', 'C*07']","['DRB1*11', 'DRB1*04']","['DQA1*03:01', 'DQA1*01:02']","['DQB1*03', 'DQB1*02']","['DPA1*01', 'DPA1*01']","['DPB1*04', 'DPB1*04']","['A1', 'A2']","['B35', 'B12']","['Cw5', 'Cw7']","['DR5', 'DR4']","['DQ3', 'DQ1']","['DQ3', 'DQ2']","['DP1', 'DP1']","['DP4', 'DP4']",Bw4/Bw6,nan,R0447,B,POS,Kidney,72,Gothenburg,Sweden,0,"['A*66', 'A*02']","['B*44', 'B*08']","['C*01', 'C*03']","['DRB1*04', 'DRB1*11']","['DQA1*05:01', 'DQA1*01:02']","['DQB1*06', 'DQB1*05']","['DPA1*01', 'DPA1*01']","['DPB1*04', 'DPB1*04']","['A10', 'A2']","['B12', 'B8']","['Cw1', 'Cw3']","['DR4', 'DR5']","['DQ1', 'DQ1']","['DQ1', 'DQ1']","['DP1', 'DP1']","['DP4', 'DP4']",Bw4/Bw4,[],0.0,0.52,nan,0,2,2,255.07748105944097,0.6666666666666667,0.9531296259301052,586.3663420747728
245,D0351_LK,kidney,False,AllocationPriority.LOCAL,D0351,O,POS,KD,52,Skane,Sweden,245,"['A*03', 'A*03']","['B*15', 'B*35']","['C*03', 'C*05']","['DRB1*07', 'DRB1*03']","['DQA1*05:01', 'DQA1*02:01']","['DQB1*03', 'DQB1*06']","['DPA1*01', 'DPA1*01']","['DPB1*04', 'DPB1*04']","['A3', 'A3']","['B15', 'B35']","['Cw3', 'Cw5']","['DR7', 'DR3']","['DQ1', 'DQ2']","['DQ3', 'DQ1']","['DP1', 'DP1']","['DP4', 'DP4']",Bw4/Bw6,nan,R0113,O,POS,Kidney,83,Skane,Sweden,0,"['A*31', 'A*03']","['B*08', 'B*40']","['C*12', 'C*04']","['DRB1*03', 'DRB1*07']","['DQA1*02:01', 'DQA1*05:01']","['DQB1*06', 'DQB1*02']","['DPA1*01', 'DPA1*01']","['DPB1*03', 'DPB1*04']","['A19', 'A3']","['B8', 'B40']","['Cw12', 'Cw4']","['DR3', 'DR7']","['DQ2', 'DQ1']","['DQ1', 'DQ2']","['DP1', 'DP1']","['DP3', 'DP4']",Bw4/Bw6,[],0.0,0.41,nan,0,2
245,D0351_RK,kidney,True,AllocationPriority.PRIORITY_7,D0351,O,POS,KD,52,Skane,Sweden,245,"['A*03', 'A*03']","['B*15', 'B*35']","['C*03', 'C*05']","['DRB1*07', 'DRB1*03']","['DQA1*05:01', 'DQA1*02:01']","['DQB1*03', 'DQB1*06']","['DPA1*01', 'DPA1*01']","['DPB1*04', 'DPB1*04']","['A3', 'A3']","['B15', 'B35']","['Cw3', 'Cw5']","['DR7', 'DR3']","['DQ1', 'DQ2']","['DQ3', 'DQ1']","['DP1', 'DP1']","['DP4', 'DP4']",Bw4/Bw6,nan,R1284,O,POS,Kidney,68,Gothenburg,Sweden,0,"['A*03', 'A*02']","['B*15', 'B*40']","['C*03', 'C*07']","['DRB1*07', 'DRB1*03']","['DQA1*03:01', 'DQA1*03:01']","['DQB1*03', 'DQB1*05']","['DPA1*01', 'DPA1*01']","['DPB1*04', 'DPB1*04']","['A3', 'A2']","['B15', 'B40']","['Cw3', 'Cw7']","['DR7', 'DR3']","['DQ3', 'DQ3']","['DQ3', 'DQ1']","['DP1', 'DP1']","['DP4', 'DP4']",Bw4/Bw6,[],0.0,0.41,nan,0,1,1,242.24714531578837,0.8333333333333334,0.9554871944353673,648.3896075574676
246,D0352_LK,kidney,False,AllocationPriority.PAYBACK,D0352,O,POS,KD,62,Tartu,Estonia,246,"['A*02', 'A*02']","['B*49', 'B*35']","['C*14', 'C*15']","['DRB1*04', 'DRB1*04']","['DQA1*01:02', 'DQA1*03:01']","['DQB1*06', 'DQB1*02']","['DPA1*01', 'DPA1*01']","['DPB1*04', 'DPB1*13']","['A2', 'A2']","['B21', 'B35']","['Cw14', 'Cw15']","['DR4', 'DR4']","['DQ1', 'DQ3']","['DQ1', 'DQ2']","['DP1', 'DP1']","['DP4', 'DP13']",Bw4/Bw6,nan,R2034,O,POS,Kidney,58,Gothenburg,Sweden,0,"['A*01', 'A*02']","['B*35', 'B*49']","['C*07', 'C*07']","['DRB1*04', 'DRB1*13']","['DQA1*01:03', 'DQA1*03:01']","['DQB1*06', 'DQB1*06']","['DPA1*01', 'DPA1*01']","['DPB1*13', 'DPB1*03']","['A1', 'A2']","['B35', 'B21']","['Cw7', 'Cw7']","['DR4', 'DR6']","['DQ1', 'DQ3']","['DQ1', 'DQ1']","['DP1', 'DP1']","['DP13', 'DP3']",Bw4/Bw6,"['DPB1*02', 'DQB1*02', 'DRB1*01', 'DRB1*12', 'A*03', 'DPB1*10', 'A*23', 'C*17', 'A*26']",0.6433,0.146247,nan,0,0
246,D0353_LK,kidney,False,AllocationPriority.LOCAL,D0353,O,POS,KD,75,Oslo,Norway,246,"['A*03', 'A*02']","['B*44', 'B*47']","['C*03', 'C*07']","['DRB1*13', 'DRB1*11']","['DQA1*05:01', 'DQA1*02:01']","['DQB1*06', 'DQB1*02']","['DPA1*01', 'DPA1*01']","['DPB1*04', 'DPB1*04']","['A3', 'A2']","['B12', 'B47']","['Cw3', 'Cw7']","['DR6', 'DR5']","['DQ1', 'DQ2']","['DQ1', 'DQ2']","['DP1', 'DP1']","['DP4', 'DP4']",Bw4/Bw4,nan,R2781,O,POS,Kidney,80,Oslo,Norway,178,"['A*01', 'A*03']","['B*35', 'B*44']","['C*07', 'C*14']","['DRB1*13', 'DRB1*11']","['DQA1*05:01', 'DQA1*03:01']","['DQB1*06', 'DQB1*06']","['DPA1*01', 'DPA1*02:02']","['DPB1*04', 'DPB1*04']","['A1', 'A3']","['B35', 'B12']","['Cw7', 'Cw14']","['DR6', 'DR5']","['DQ1', 'DQ3']","['DQ1', 'DQ1']","['DP1', 'DP2']","['DP4', 'DP4']",Bw4/Bw6,[],0.0,0.41,nan,0,2
246,D0354_LK,kidney,False,AllocationPriority.PAYBACK,D0354,A,NEG,KD,33,Skane,Sweden,246,"['A*03', 'A*32']","['B*08', 'B*40']","['C*05', 'C*06']","['DRB1*04', 'DRB1*13']","['DQA1*01:02', 'DQA1*01:02']","['DQB1*04', 'DQB1*03']","['DPA1*01', 'DPA1*01']","['DPB1*03', 'DPB1*01']","['A3', 'A19']","['B8', 'B40']","['Cw5', 'Cw6']","['DR4', 'DR6']","['DQ1', 'DQ1']","['DQ4', 'DQ3']","['DP1', 'DP1']","['DP3', 'DP1']",Bw4/Bw6,nan,R1269,A,POS,Kidney,90,Aarhus,Denmark,0,"['A*03', 'A*02']","['B*08', 'B*40']","['C*07', 'C*07']","['DRB1*04', 'DRB1*13']","['DQA1*05:01', 'DQA1*01:02']","['DQB1*06', 'DQB1*03']","['DPA1*01', 'DPA1*02:02']","['DPB1*05', 'DPB1*05']","['A3', 'A2']","['B8', 'B40']","['Cw7', 'Cw7']","['DR4', 'DR6']","['DQ1', 'DQ1']","['DQ1', 'DQ3']","['DP1', 'DP2']","['DP5', 'DP5']",Bw6/Bw6,[],0.0,0.85,nan,0,1
246,D0352_RK,kidney,True,AllocationPriority.PRIORITY_7,D0352,O,POS,KD,62,Tartu,Estonia,246,"['A*02', 'A*02']","['B*49', 'B*35']","['C*14', 'C*15']","['DRB1*04', 'DRB1*04']","['DQA1*01:02', 'DQA1*03:01']","['DQB1*06', 'DQB1*02']","['DPA1*01', 'DPA1*01']","['DPB1*04', 'DPB1*13']","['A2', 'A2']","['B21', 'B35']","['Cw14', 'Cw15']","['DR4', 'DR4']","['DQ1', 'DQ3']","['DQ1', 'DQ2']","['DP1', 'DP1']","['DP4', 'DP13']",Bw4/Bw6,nan,R2238,O,POS,Kidney,68,Tartu,Estonia,10,"['A*02', 'A*68']","['B*40', 'B*35']","['C*07', 'C*14']","['DRB1*04', 'DRB1*15']","['DQA1*01:02', 'DQA1*05:01']","['DQB1*04', 'DQB1*05']","['DPA1*02:02', 'DPA1*01']","['DPB1*05', 'DPB1*03']","['A2', 'A28']","['B40', 'B35']","['Cw7', 'Cw14']","['DR4', 'DR2']","['DQ1', 'DQ1']","['DQ4', 'DQ1']","['DP2', 'DP1']","['DP5', 'DP3']",Bw6/Bw6,"['B*14', 'DQA1*02:01', 'DPB1*24', 'DQB1*06', 'B*52', 'B*39', 'DRB1*12', 'B*45', 'DQA1*01:03']",0.5577,0.1813429999999999,nan,0,1,1,0.0,0.8333333333333334,1.0,664.345423057711
246,D0353_RK,kidney,True,AllocationPriority.PRIORITY_7,D0353,O,POS,KD,75,Oslo,Norway,246,"['A*03', 'A*02']","['B*44', 'B*47']","['C*03', 'C*07']","['DRB1*13', 'DRB1*11']","['DQA1*05:01', 'DQA1*02:01']","['DQB1*06', 'DQB1*02']","['DPA1*01', 'DPA1*01']","['DPB1*04', 'DPB1*04']","['A3', 'A2']","['B12', 'B47']","['Cw3', 'Cw7']","['DR6', 'DR5']","['DQ1', 'DQ2']","['DQ1', 'DQ2']","['DP1', 'DP1']","['DP4', 'DP4']",Bw4/Bw4,nan,R1700,O,POS,Kidney,77,Helsinki,Finland,0,"['A*02', 'A*03']","['B*15', 'B*44']","['C*02', 'C*03']","['DRB1*13', 'DRB1*11']","['DQA1*01:02', 'DQA1*02:01']","['DQB1*03', 'DQB1*06']","['DPA1*01', 'DPA1*01']","['DPB1*04', 'DPB1*04']","['A2', 'A3']","['B15', 'B12']","['Cw2', 'Cw3']","['DR6', 'DR5']","['DQ1', 'DQ2']","['DQ3', 'DQ1']","['DP1', 'DP1']","['DP4', 'DP4']",Bw4/Bw4,"['DQA1*06:01', 'A*26', 'B*14', 'A*29', 'A*23', 'A*34', 'DPB1*35']",0.0738,0.3797419999999999,nan,0,1,1,786.5519919158309,0.8333333333333334,0.8554714201606649,612.5385031123888
246,D0354_RK,kidney,True,AllocationPriority.PRIORITY_4,D0354,A,NEG,KD,33,Skane,Sweden,246,"['A*03', 'A*32']","['B*08', 'B*40']","['C*05', 'C*06']","['DRB1*04', 'DRB1*13']","['DQA1*01:02', 'DQA1*01:02']","['DQB1*04', 'DQB1*03']","['DPA1*01', 'DPA1*01']","['DPB1*03', 'DPB1*01']","['A3', 'A19']","['B8', 'B40']","['Cw5', 'Cw6']","['DR4', 'DR6']","['DQ1', 'DQ1']","['DQ4', 'DQ3']","['DP1', 'DP1']","['DP3', 'DP1']",Bw4/Bw6,nan,R2743,AB,POS,Kidney,6,Helsinki,Finland,170,"['A*24', 'A*31']","['B*08', 'B*40']","['C*16', 'C*03']","['DRB1*13', 'DRB1*04']","['DQA1*05:01', 'DQA1*03:01']","['DQB1*03', 'DQB1*03']","['DPA1*01', 'DPA1*01']","['DPB1*03', 'DPB1*03']","['A9', 'A19']","['B8', 'B40']","['Cw16', 'Cw3']","['DR6', 'DR4']","['DQ1', 'DQ3']","['DQ3', 'DQ3']","['DP1', 'DP1']","['DP3', 'DP3']",Bw4/Bw4,[],0.0,1.0,nan
247,D0355_LK,kidney,False,AllocationPriority.LOCAL,D0355,O,POS,KD,33,Helsinki,Finland,247,"['A*01', 'A*03']","['B*27', 'B*14']","['C*07', 'C*05']","['DRB1*09', 'DRB1*01']","['DQA1*01:02', 'DQA1*03:01']","['DQB1*06', 'DQB1*03']","['DPA1*01', 'DPA1*01']","['DPB1*04', 'DPB1*02']","['A1', 'A3']","['B27', 'B14']","['Cw7', 'Cw5']","['DR9', 'DR1']","['DQ1', 'DQ3']","['DQ1', 'DQ3']","['DP1', 'DP1']","['DP4', 'DP2']",Bw4/Bw6,nan,R0901,O,POS,Kidney,66,Helsinki,Finland,0,"['A*01', 'A*03']","['B*27', 'B*35']","['C*07', 'C*07']","['DRB1*01', 'DRB1*13']","['DQA1*01:02', 'DQA1*01:01']","['DQB1*03', 'DQB1*06']","['DPA1*02:02', 'DPA1*01']","['DPB1*01', 'DPB1*04']","['A1', 'A3']","['B27', 'B35']","['Cw7', 'Cw7']","['DR1', 'DR6']","['DQ1', 'DQ1']","['DQ3', 'DQ1']","['DP2', 'DP1']","['DP1', 'DP4']",Bw4/Bw6,"['B*52', 'A*74', 'DPB1*13', 'A*66', 'DQA1*03:01', 'DPB1*31', 'A*26', 'DPB1*16', 'C*15']",0.2619,0.302621,nan,1,1
247,D0356_LK,kidney,False,AllocationPriority.LOCAL,D0356,B,POS,KD,66,Skane,Sweden,247,"['A*01', 'A*02']","['B*47', 'B*37']","['C*01', 'C*07']","['DRB1*04', 'DRB1*14']","['DQA1*01:02', 'DQA1*01:03']","['DQB1*03', 'DQB1*02']","['DPA1*01', 'DPA1*01']","['DPB1*04', 'DPB1*04']","['A1', 'A2']","['B47', 'B37']","['Cw1', 'Cw7']","['DR4', 'DR6']","['DQ1', 'DQ1']","['DQ3', 'DQ2']","['DP1', 'DP1']","['DP4', 'DP4']",Bw4/Bw4,nan,R0736,B,NEG,Kidney,63,Skane,Sweden,0,"['A*01', 'A*11']","['B*07', 'B*15']","['C*02', 'C*03']","['DRB1*04', 'DRB1*13']","['DQA1*04:01', 'DQA1*02:01']","['DQB1*05', 'DQB1*05']","['DPA1*01', 'DPA1*02:02']","['DPB1*19', 'DPB1*04']","['A1', 'A11']","['B7', 'B15']","['Cw2', 'Cw3']","['DR4', 'DR6']","['DQ4', 'DQ2']","['DQ1', 'DQ1']","['DP1', 'DP2']","['DP19', 'DP4']",Bw4/Bw6,[],0.0,0.52,nan,0,3
247,D0357_LK,kidney,False,AllocationPriority.LOCAL,D0357,O,POS,KD,64,Aarhus,Denmark,247,"['A*32', 'A*02']","['B*15', 'B*15']","['C*14', 'C*02']","['DRB1*11', 'DRB1*09']","['DQA1*03:01', 'DQA1*05:01']","['DQB1*03', 'DQB1*03']","['DPA1*01', 'DPA1*01']","['DPB1*02', 'DPB1*04']","['A19', 'A2']","['B15', 'B15']","['Cw14', 'Cw2']","['DR5', 'DR9']","['DQ3', 'DQ1']","['DQ3', 'DQ3']","['DP1', 'DP1']","['DP2', 'DP4']",Bw6/Bw6,nan,R1436,A,POS,Kidney,79,Aarhus,Denmark,0,"['A*02', 'A*24']","['B*57', 'B*07']","['C*02', 'C*03']","['DRB1*03', 'DRB1*07']","['DQA1*05:01', 'DQA1*03:01']","['DQB1*06', 'DQB1*04']","['DPA1*01', 'DPA1*01']","['DPB1*02', 'DPB1*01']","['A2', 'A9']","['B17', 'B7']","['Cw2', 'Cw3']","['DR3', 'DR7']","['DQ1', 'DQ3']","['DQ1', 'DQ4']","['DP1', 'DP1']","['DP2', 'DP1']",Bw4/Bw4,"['C*07', 'DRB1*15', 'A*31', 'C*04', 'B*54', 'B*47', 'A*03', 'DRB1*01']",0.8945,0.0896750000000001,nan
247,D0355_RK,kidney,True,AllocationPriority.PRIORITY_7,D0355,O,POS,KD,33,Helsinki,Finland,247,"['A*01', 'A*03']","['B*27', 'B*14']","['C*07', 'C*05']","['DRB1*09', 'DRB1*01']","['DQA1*01:02', 'DQA1*03:01']","['DQB1*06', 'DQB1*03']","['DPA1*01', 'DPA1*01']","['DPB1*04', 'DPB1*02']","['A1', 'A3']","['B27', 'B14']","['Cw7', 'Cw5']","['DR9', 'DR1']","['DQ1', 'DQ3']","['DQ1', 'DQ3']","['DP1', 'DP1']","['DP4', 'DP2']",Bw4/Bw6,nan,R0673,O,POS,Kidney,84,Gothenburg,Sweden,0,"['A*03', 'A*01']","['B*27', 'B*07']","['C*01', 'C*06']","['DRB1*01', 'DRB1*07']","['DQA1*01:01', 'DQA1*05:01']","['DQB1*03', 'DQB1*03']","['DPA1*01', 'DPA1*01']","['DPB1*02', 'DPB1*02']","['A3', 'A1']","['B27', 'B7']","['Cw1', 'Cw6']","['DR1', 'DR7']","['DQ1', 'DQ1']","['DQ3', 'DQ3']","['DP1', 'DP1']","['DP2', 'DP2']",Bw4/Bw6,"['DPB1*02', 'B*18', 'A*33', 'B*14', 'DRB1*09']",0.2022,0.327098,nan,1,1,2,790.7219255251106,0.6666666666666667,0.8547051967084739,551.0856624263777
247,D0356_RK,kidney,True,AllocationPriority.PRIORITY_7,D0356,B,POS,KD,66,Skane,Sweden,247,"['A*01', 'A*02']","['B*47', 'B*37']","['C*01', 'C*07']","['DRB1*04', 'DRB1*14']","['DQA1*01:02', 'DQA1*01:03']","['DQB1*03', 'DQB1*02']","['DPA1*01', 'DPA1*01']","['DPB1*04', 'DPB1*04']","['A1', 'A2']","['B47', 'B37']","['Cw1', 'Cw7']","['DR4', 'DR6']","['DQ1', 'DQ1']","['DQ3', 'DQ2']","['DP1', 'DP1']","['DP4', 'DP4']",Bw4/Bw4,nan,R1702,B,POS,Kidney,77,Odense,Denmark,0,"['A*68', 'A*01']","['B*47', 'B*08']","['C*03', 'C*07']","['DRB1*04', 'DRB1*14']","['DQA1*01:02', 'DQA1*05:01']","['DQB1*06', 'DQB1*05']","['DPA1*01', 'DPA1*02:02']","['DPB1*04', 'DPB1*13']","['A28', 'A1']","['B47', 'B8']","['Cw3', 'Cw7']","['DR4', 'DR6']","['DQ1', 'DQ1']","['DQ1', 'DQ1']","['DP1', 'DP2']","['DP4', 'DP13']",Bw4/Bw6,"['A*32', 'B*35', 'A*26', 'DRB1*08', 'DRB1*03', 'B*08', 'A*01', 'DQA1*03:01', 'A*66']",0.7926,0.107848,nan,0,2,2,165.33340318130047,0.6666666666666667,0.9696200604570402,592.2774125519767
247,D0357_RK,kidney,True,AllocationPriority.PRIORITY_7,D0357,O,POS,KD,64,Aarhus,Denmark,247,"['A*32', 'A*02']","['B*15', 'B*15']","['C*14', 'C*02']","['DRB1*11', 'DRB1*09']","['DQA1*03:01', 'DQA1*05:01']","['DQB1*03', 'DQB1*03']","['DPA1*01', 'DPA1*01']","['DPB1*02', 'DPB1*04']","['A19', 'A2']","['B15', 'B15']","['Cw14', 'Cw2']","['DR5', 'DR9']","['DQ3', 'DQ1']","['DQ3', 'DQ3']","['DP1', 'DP1']","['DP2', 'DP4']",Bw6/Bw6,nan,R2567,O,POS,Kidney,87,Aarhus,Denmark,115,"['A*03', 'A*02']","['B*15', 'B*07']","['C*07', 'C*07']","['DRB1*07', 'DRB1*11']","['DQA1*03:01', 'DQA1*01:01']","['DQB1*05', 'DQB1*05']","['DPA1*01', 'DPA1*02:02']","['DPB1*04', 'DPB1*04']","['A3', 'A2']","['B15', 'B7']","['Cw7', 'Cw7']","['DR7', 'DR5']","['DQ3', 'DQ1']","['DQ1', 'DQ1']","['DP1', 'DP2']","['DP4', 'DP4']",Bw4/Bw6,"['B*53', 'A*32', 'DPB1*04', 'C*02', 'DPB1*13', 'DPB1*24', 'B*41', 'C*01']",0.7035,0.121565,nan,1,1,2,0.0,0.6666666666666667,1.0,603.1672386167969
249,D0358_LK,kidney,False,AllocationPriority.LOCAL,D0358,O,POS,KD,84,Oslo,Norway,249,"['A*03', 'A*03']","['B*27', 'B*38']","['C*04', 'C*07']","['DRB1*04', 'DRB1*14']","['DQA1*01:02', 'DQA1*03:01']","['DQB1*03', 'DQB1*03']","['DPA1*01', 'DPA1*01']","['DPB1*04', 'DPB1*04']","['A3', 'A3']","['B27', 'B16']","['Cw4', 'Cw7']","['DR4', 'DR6']","['DQ1', 'DQ3']","['DQ3', 'DQ3']","['DP1', 'DP1']","['DP4', 'DP4']",Bw4/Bw4,nan,R1015,O,POS,Kidney,71,Oslo,Norway,0,"['A*02', 'A*03']","['B*15', 'B*27']","['C*06', 'C*07']","['DRB1*13', 'DRB1*04']","['DQA1*01:02', 'DQA1*02:01']","['DQB1*06', 'DQB1*05']","['DPA1*01', 'DPA1*01']","['DPB1*06', 'DPB1*04']","['A2', 'A3']","['B15', 'B27']","['Cw6', 'Cw7']","['DR6', 'DR4']","['DQ1', 'DQ2']","['DQ1', 'DQ1']","['DP1', 'DP1']","['DP6', 'DP4']",Bw4/Bw4,"['DRB1*01', 'B*53', 'DQB1*05', 'DRB1*15', 'B*08', 'C*16', 'A*66', 'B*42']",0.5628,0.179252,nan,0,1
249,D0359_LK,kidney,False,AllocationPriority.PAYBACK,D0359,O,POS,KD,51,Gothenburg,Sweden,249,"['A*01', 'A*02']","['B*44', 'B*44']","['C*15', 'C*03']","['DRB1*01', 'DRB1*04']","['DQA1*03:01', 'DQA1*01:02']","['DQB1*03', 'DQB1*03']","['DPA1*01', 'DPA1*01']","['DPB1*04', 'DPB1*05']","['A1', 'A2']","['B12', 'B12']","['Cw15', 'Cw3']","['DR1', 'DR4']","['DQ3', 'DQ1']","['DQ3', 'DQ3']","['DP1', 'DP1']","['DP4', 'DP5']",Bw4/Bw4,nan,R1329,O,POS,Kidney,83,Gothenburg,Sweden,0,"['A*02', 'A*01']","['B*44', 'B*52']","['C*01', 'C*12']","['DRB1*04', 'DRB1*01']","['DQA1*03:01', 'DQA1*03:01']","['DQB1*06', 'DQB1*06']","['DPA1*01', 'DPA1*01']","['DPB1*04', 'DPB1*04']","['A2', 'A1']","['B12', 'B5']","['Cw1', 'Cw12']","['DR4', 'DR1']","['DQ3', 'DQ3']","['DQ1', 'DQ1']","['DP1', 'DP1']","['DP4', 'DP4']",Bw4/Bw4,[],0.0,0.41,nan,0,0
249,D0358_RK,kidney,True,AllocationPriority.PRIORITY_7,D0358,O,POS,KD,84,Oslo,Norway,249,"['A*03', 'A*03']","['B*27', 'B*38']","['C*04', 'C*07']","['DRB1*04', 'DRB1*14']","['DQA1*01:02', 'DQA1*03:01']","['DQB1*03', 'DQB1*03']","['DPA1*01', 'DPA1*01']","['DPB1*04', 'DPB1*04']","['A3', 'A3']","['B27', 'B16']","['Cw4', 'Cw7']","['DR4', 'DR6']","['DQ1', 'DQ3']","['DQ3', 'DQ3']","['DP1', 'DP1']","['DP4', 'DP4']",Bw4/Bw4,nan,R0069,O,POS,Kidney,81,Oslo,Norway,0,"['A*03', 'A*24']","['B*07', 'B*27']","['C*16', 'C*01']","['DRB1*04', 'DRB1*04']","['DQA1*05:01', 'DQA1*02:01']","['DQB1*06', 'DQB1*03']","['DPA1*01', 'DPA1*01']","['DPB1*01', 'DPB1*04']","['A3', 'A9']","['B7', 'B27']","['Cw16', 'Cw1']","['DR4', 'DR4']","['DQ1', 'DQ2']","['DQ1', 'DQ3']","['DP1', 'DP1']","['DP1', 'DP4']",Bw4/Bw4,"['DPB1*26', 'DPB1*04', 'C*18', 'DRB1*09', 'B*14', 'DPB1*15', 'DRB1*12', 'A*34', 'DPB1*09']",0.6306,0.1514539999999999,nan,1,1,2,0.0,0.6666666666666667,1.0,603.1672386167969
249,D0359_RK,kidney,True,AllocationPriority.PAYBACK,D0359,O,POS,KD,51,Gothenburg,Sweden,249,"['A*01', 'A*02']","['B*44', 'B*44']","['C*15', 'C*03']","['DRB1*01', 'DRB1*04']","['DQA1*03:01', 'DQA1*01:02']","['DQB1*03', 'DQB1*03']","['DPA1*01', 'DPA1*01']","['DPB1*04', 'DPB1*05']","['A1', 'A2']","['B12', 'B12']","['Cw15', 'Cw3']","['DR1', 'DR4']","['DQ3', 'DQ1']","['DQ3', 'DQ3']","['DP1', 'DP1']","['DP4', 'DP5']",Bw4/Bw4,nan,R0196,O,POS,Kidney,74,Helsinki,Finland,0,"['A*26', 'A*02']","['B*44', 'B*07']","['C*07', 'C*06']","['DRB1*04', 'DRB1*01']","['DQA1*03:01', 'DQA1*01:02']","['DQB1*06', 'DQB1*06']","['DPA1*01', 'DPA1*01']","['DPB1*04', 'DPB1*04']","['A10', 'A2']","['B12', 'B7']","['Cw7', 'Cw6']","['DR4', 'DR1']","['DQ3', 'DQ1']","['DQ1', 'DQ1']","['DP1', 'DP1']","['DP4', 'DP4']",Bw4/Bw4,[],0.0,0.41,nan,0,1
250,D0360_LK,kidney,False,AllocationPriority.PAYBACK,D0360,O,POS,KD,57,Copenhagen,Denmark,250,"['A*25', 'A*32']","['B*40', 'B*40']","['C*03', 'C*05']","['DRB1*15', 'DRB1*04']","['DQA1*01:01', 'DQA1*05:01']","['DQB1*03', 'DQB1*02']","['DPA1*01', 'DPA1*01']","['DPB1*01', 'DPB1*05']","['A10', 'A19']","['B40', 'B40']","['Cw3', 'Cw5']","['DR2', 'DR4']","['DQ1', 'DQ1']","['DQ3', 'DQ2']","['DP1', 'DP1']","['DP1', 'DP5']",Bw4/Bw4,nan,R0074,O,POS,Kidney,54,Aarhus,Denmark,0,"['A*03', 'A*32']","['B*40', 'B*07']","['C*05', 'C*07']","['DRB1*15', 'DRB1*04']","['DQA1*01:02', 'DQA1*05:01']","['DQB1*06', 'DQB1*05']","['DPA1*01', 'DPA1*01']","['DPB1*04', 'DPB1*02']","['A3', 'A19']","['B40', 'B7']","['Cw5', 'Cw7']","['DR2', 'DR4']","['DQ1', 'DQ1']","['DQ1', 'DQ1']","['DP1', 'DP1']","['DP4', 'DP2']",Bw4/Bw6,"['DPA1*02:02', 'B*55', 'DPB1*11', 'B*44', 'C*18', 'DPB1*19', 'A*11', 'DRB1*10', 'DPB1*01']",0.4482,0.226238,nan,0,1
250,D0361_LK,kidney,False,AllocationPriority.LOCAL,D0361,A,POS,KD,51,Tartu,Estonia,250,"['A*25', 'A*68']","['B*44', 'B*35']","['C*07', 'C*07']","['DRB1*15', 'DRB1*07']","['DQA1*04:01', 'DQA1*03:01']","['DQB1*03', 'DQB1*03']","['DPA1*01', 'DPA1*01']","['DPB1*04', 'DPB1*01']","['A10', 'A28']","['B12', 'B35']","['Cw7', 'Cw7']","['DR2', 'DR7']","['DQ4', 'DQ3']","['DQ3', 'DQ3']","['DP1', 'DP1']","['DP4', 'DP1']",Bw4/Bw4,nan,R1598,A,POS,Kidney,69,Tartu,Estonia,0,"['A*02', 'A*02']","['B*51', 'B*08']","['C*07', 'C*07']","['DRB1*15', 'DRB1*07']","['DQA1*01:02', 'DQA1*02:01']","['DQB1*03', 'DQB1*06']","['DPA1*01', 'DPA1*01']","['DPB1*04', 'DPB1*03']","['A2', 'A2']","['B5', 'B8']","['Cw7', 'Cw7']","['DR2', 'DR7']","['DQ1', 'DQ2']","['DQ3', 'DQ1']","['DP1', 'DP1']","['DP4', 'DP3']",Bw4/Bw6,[],0.0,0.85,nan,0,4
250,D0362_LK,kidney,False,AllocationPriority.PAYBACK,D0362,O,POS,KD,89,Helsinki,Finland,250,"['A*68', 'A*24']","['B*27', 'B*08']","['C*03', 'C*04']","['DRB1*04', 'DRB1*01']","['DQA1*02:01', 'DQA1*05:01']","['DQB1*02', 'DQB1*03']","['DPA1*01', 'DPA1*01']","['DPB1*04', 'DPB1*02']","['A28', 'A9']","['B27', 'B8']","['Cw3', 'Cw4']","['DR4', 'DR1']","['DQ2', 'DQ1']","['DQ2', 'DQ3']","['DP1', 'DP1']","['DP4', 'DP2']",Bw4/Bw4,nan,R0713,O,POS,Kidney,86,Aarhus,Denmark,0,"['A*29', 'A*24']","['B*08', 'B*44']","['C*03', 'C*07']","['DRB1*04', 'DRB1*01']","['DQA1*01:02', 'DQA1*05:01']","['DQB1*06', 'DQB1*03']","['DPA1*01', 'DPA1*01']","['DPB1*03', 'DPB1*04']","['A19', 'A9']","['B8', 'B12']","['Cw3', 'Cw7']","['DR4', 'DR1']","['DQ1', 'DQ1']","['DQ1', 'DQ3']","['DP1', 'DP1']","['DP3', 'DP4']",Bw6/Bw6,[],0.0,0.41,nan,0,2
250,D0360_RK,kidney,True,AllocationPriority.PAYBACK,D0360,O,POS,KD,57,Copenhagen,Denmark,250,"['A*25', 'A*32']","['B*40', 'B*40']","['C*03', 'C*05']","['DRB1*15', 'DRB1*04']","['DQA1*01:01', 'DQA1*05:01']","['DQB1*03', 'DQB1*02']","['DPA1*01', 'DPA1*01']","['DPB1*01', 'DPB1*05']","['A10', 'A19']","['B40', 'B40']","['Cw3', 'Cw5']","['DR2', 'DR4']","['DQ1', 'DQ1']","['DQ3', 'DQ2']","['DP1', 'DP1']","['DP1', 'DP5']",Bw4/Bw4,nan,R0419,O,POS,Kidney,52,Copenhagen,Denmark,0,"['A*33', 'A*03']","['B*07', 'B*40']","['C*01', 'C*03']","['DRB1*04', 'DRB1*15']","['DQA1*02:01', 'DQA1*01:02']","['DQB1*04', 'DQB1*06']","['DPA1*01', 'DPA1*01']","['DPB1*04', 'DPB1*04']","['A19', 'A3']","['B7', 'B40']","['Cw1', 'Cw3']","['DR4', 'DR2']","['DQ2', 'DQ1']","['DQ4', 'DQ1']","['DP1', 'DP1']","['DP4', 'DP4']",Bw4/Bw6,"['B*15', 'C*02', 'B*73', 'B*41', 'DQA1*02:01', 'DPB1*14', 'B*40', 'DPB1*51', 'B*57']",0.4417,0.228903,nan,0,1
250,D0361_RK,kidney,True,AllocationPriority.PRIORITY_7,D0361,A,POS,KD,51,Tartu,Estonia,250,"['A*25', 'A*68']","['B*44', 'B*35']","['C*07', 'C*07']","['DRB1*15', 'DRB1*07']","['DQA1*04:01', 'DQA1*03:01']","['DQB1*03', 'DQB1*03']","['DPA1*01', 'DPA1*01']","['DPB1*04', 'DPB1*01']","['A10', 'A28']","['B12', 'B35']","['Cw7', 'Cw7']","['DR2', 'DR7']","['DQ4', 'DQ3']","['DQ3', 'DQ3']","['DP1', 'DP1']","['DP4', 'DP1']",Bw4/Bw4,nan,R0324,A,POS,Kidney,80,Copenhagen,Denmark,0,"['A*68', 'A*25']","['B*44', 'B*44']","['C*06', 'C*07']","['DRB1*15', 'DRB1*11']","['DQA1*03:01', 'DQA1*01:01']","['DQB1*02', 'DQB1*06']","['DPA1*01', 'DPA1*01']","['DPB1*04', 'DPB1*03']","['A28', 'A10']","['B12', 'B12']","['Cw6', 'Cw7']","['DR2', 'DR5']","['DQ3', 'DQ1']","['DQ2', 'DQ1']","['DP1', 'DP1']","['DP4', 'DP3']",Bw6/Bw6,[],0.0,0.85,nan,1,1,2,906.0329022103791,0.6666666666666667,0.833516855859428,543.4906062834267
250,D0362_RK,kidney,True,AllocationPriority.PAYBACK,D0362,O,POS,KD,89,Helsinki,Finland,250,"['A*68', 'A*24']","['B*27', 'B*08']","['C*03', 'C*04']","['DRB1*04', 'DRB1*01']","['DQA1*02:01', 'DQA1*05:01']","['DQB1*02', 'DQB1*03']","['DPA1*01', 'DPA1*01']","['DPB1*04', 'DPB1*02']","['A28', 'A9']","['B27', 'B8']","['Cw3', 'Cw4']","['DR4', 'DR1']","['DQ2', 'DQ1']","['DQ2', 'DQ3']","['DP1', 'DP1']","['DP4', 'DP2']",Bw4/Bw4,nan,R1326,O,NEG,Kidney,90,Odense,Denmark,0,"['A*24', 'A*03']","['B*15', 'B*27']","['C*05', 'C*05']","['DRB1*04', 'DRB1*01']","['DQA1*02:01', 'DQA1*01:03']","['DQB1*05', 'DQB1*03']","['DPA1*02:02', 'DPA1*02:02']","['DPB1*02', 'DPB1*04']","['A9', 'A3']","['B15', 'B27']","['Cw5', 'Cw5']","['DR4', 'DR1']","['DQ2', 'DQ1']","['DQ1', 'DQ3']","['DP2', 'DP2']","['DP2', 'DP4']",Bw6/Bw6,"['B*45', 'B*18', 'DPB1*15', 'DQA1*01:03', 'DPB1*26', 'DRB1*04', 'C*17', 'B*14', 'B*51']",0.3777,0.2551429999999999,nan,0,2
251,D0363_LK,kidney,False,AllocationPriority.LOCAL,D0363,A,POS,KD,74,Copenhagen,Denmark,251,"['A*03', 'A*02']","['B*27', 'B*18']","['C*04', 'C*03']","['DRB1*07', 'DRB1*01']","['DQA1*03:01', 'DQA1*01:02']","['DQB1*02', 'DQB1*05']","['DPA1*01', 'DPA1*01']","['DPB1*04', 'DPB1*15']","['A3', 'A2']","['B27', 'B18']","['Cw4', 'Cw3']","['DR7', 'DR1']","['DQ3', 'DQ1']","['DQ2', 'DQ1']","['DP1', 'DP1']","['DP4', 'DP15']",Bw4/Bw6,nan,R1803,A,POS,Kidney,87,Copenhagen,Denmark,0,"['A*02', 'A*03']","['B*27', 'B*35']","['C*05', 'C*15']","['DRB1*07', 'DRB1*01']","['DQA1*05:01', 'DQA1*02:01']","['DQB1*05', 'DQB1*05']","['DPA1*02:02', 'DPA1*01']","['DPB1*04', 'DPB1*04']","['A2', 'A3']","['B27', 'B35']","['Cw5', 'Cw15']","['DR7', 'DR1']","['DQ1', 'DQ2']","['DQ1', 'DQ1']","['DP2', 'DP1']","['DP4', 'DP4']",Bw4/Bw6,"['C*01', 'B*44', 'A*01', 'DPB1*115', 'B*39', 'B*37', 'C*17', 'DRB1*07', 'A*30']",0.4638,0.45577,nan,0,1
251,D0363_RK,kidney,True,AllocationPriority.PRIORITY_7,D0363,A,POS,KD,74,Copenhagen,Denmark,251,"['A*03', 'A*02']","['B*27', 'B*18']","['C*04', 'C*03']","['DRB1*07', 'DRB1*01']","['DQA1*03:01', 'DQA1*01:02']","['DQB1*02', 'DQB1*05']","['DPA1*01', 'DPA1*01']","['DPB1*04', 'DPB1*15']","['A3', 'A2']","['B27', 'B18']","['Cw4', 'Cw3']","['DR7', 'DR1']","['DQ3', 'DQ1']","['DQ2', 'DQ1']","['DP1', 'DP1']","['DP4', 'DP15']",Bw4/Bw6,nan,R1697,A,POS,Kidney,78,Copenhagen,Denmark,0,"['A*02', 'A*03']","['B*44', 'B*35']","['C*05', 'C*07']","['DRB1*07', 'DRB1*01']","['DQA1*05:01', 'DQA1*03:01']","['DQB1*05', 'DQB1*06']","['DPA1*02:02', 'DPA1*01']","['DPB1*04', 'DPB1*11']","['A2', 'A3']","['B12', 'B35']","['Cw5', 'Cw7']","['DR7', 'DR1']","['DQ1', 'DQ3']","['DQ1', 'DQ1']","['DP2', 'DP1']","['DP4', 'DP11']",Bw4/Bw6,[],0.0,0.85,nan,0,2,2,0.0,0.6666666666666667,1.0,603.1672386167969
252,D0364_LK,kidney,False,AllocationPriority.PAYBACK,D0364,O,POS,KD,48,Aarhus,Denmark,252,"['A*02', 'A*31']","['B*15', 'B*40']","['C*05', 'C*07']","['DRB1*04', 'DRB1*01']","['DQA1*01:01', 'DQA1*05:01']","['DQB1*05', 'DQB1*03']","['DPA1*01', 'DPA1*01']","['DPB1*04', 'DPB1*03']","['A2', 'A19']","['B15', 'B40']","['Cw5', 'Cw7']","['DR4', 'DR1']","['DQ1', 'DQ1']","['DQ1', 'DQ3']","['DP1', 'DP1']","['DP4', 'DP3']",Bw4/Bw4,nan,R0444,O,POS,Kidney,78,Copenhagen,Denmark,0,"['A*02', 'A*25']","['B*40', 'B*15']","['C*06', 'C*07']","['DRB1*01', 'DRB1*04']","['DQA1*01:02', 'DQA1*01:02']","['DQB1*03', 'DQB1*06']","['DPA1*01', 'DPA1*01']","['DPB1*04', 'DPB1*01']","['A2', 'A10']","['B40', 'B15']","['Cw6', 'Cw7']","['DR1', 'DR4']","['DQ1', 'DQ1']","['DQ3', 'DQ1']","['DP1', 'DP1']","['DP4', 'DP1']",Bw4/Bw4,[],0.0,0.41,nan,0,1
252,D0365_LK,kidney,False,AllocationPriority.PAYBACK,D0365,O,POS,KD,57,Gothenburg,Sweden,252,"['A*01', 'A*01']","['B*15', 'B*40']","['C*06', 'C*03']","['DRB1*04', 'DRB1*04']","['DQA1*01:02', 'DQA1*05:01']","['DQB1*03', 'DQB1*04']","['DPA1*01', 'DPA1*01']","['DPB1*02', 'DPB1*04']","['A1', 'A1']","['B15', 'B40']","['Cw6', 'Cw3']","['DR4', 'DR4']","['DQ1', 'DQ1']","['DQ3', 'DQ4']","['DP1', 'DP1']","['DP2', 'DP4']",Bw4/Bw6,nan,R0539,O,POS,Kidney,70,Stockholm,Sweden,0,"['A*01', 'A*03']","['B*40', 'B*15']","['C*07', 'C*07']","['DRB1*08', 'DRB1*04']","['DQA1*02:01', 'DQA1*05:01']","['DQB1*03', 'DQB1*02']","['DPA1*01', 'DPA1*02:02']","['DPB1*04', 'DPB1*16']","['A1', 'A3']","['B40', 'B15']","['Cw7', 'Cw7']","['DR8', 'DR4']","['DQ2', 'DQ1']","['DQ3', 'DQ2']","['DP1', 'DP2']","['DP4', 'DP16']",Bw4/Bw6,[],0.0,0.41,nan,0,0
252,D0366_LK,kidney,False,AllocationPriority.PAYBACK,D0366,O,POS,KD,30,Aarhus,Denmark,252,"['A*03', 'A*24']","['B*27', 'B*40']","['C*03', 'C*07']","['DRB1*04', 'DRB1*15']","['DQA1*01:02', 'DQA1*01:02']","['DQB1*03', 'DQB1*03']","['DPA1*01', 'DPA1*01']","['DPB1*04', 'DPB1*04']","['A3', 'A9']","['B27', 'B40']","['Cw3', 'Cw7']","['DR4', 'DR2']","['DQ1', 'DQ1']","['DQ3', 'DQ3']","['DP1', 'DP1']","['DP4', 'DP4']",Bw4/Bw4,nan,R2572,O,POS,Kidney,81,Gothenburg,Sweden,116,"['A*01', 'A*24']","['B*27', 'B*40']","['C*05', 'C*07']","['DRB1*15', 'DRB1*04']","['DQA1*01:03', 'DQA1*03:01']","['DQB1*03', 'DQB1*02']","['DPA1*01', 'DPA1*02:02']","['DPB1*02', 'DPB1*01']","['A1', 'A9']","['B27', 'B40']","['Cw5', 'Cw7']","['DR2', 'DR4']","['DQ1', 'DQ3']","['DQ3', 'DQ2']","['DP1', 'DP2']","['DP2', 'DP1']",Bw4/Bw4,[],0.0,0.41,nan,0,1
252,D0367_LK,kidney,False,AllocationPriority.PAYBACK,D0367,B,POS,KD,27,Gothenburg,Sweden,252,"['A*01', 'A*30']","['B*44', 'B*07']","['C*07', 'C*06']","['DRB1*07', 'DRB1*07']","['DQA1*05:01', 'DQA1*01:02']","['DQB1*03', 'DQB1*04']","['DPA1*01', 'DPA1*02:02']","['DPB1*04', 'DPB1*04']","['A1', 'A19']","['B12', 'B7']","['Cw7', 'Cw6']","['DR7', 'DR7']","['DQ1', 'DQ1']","['DQ3', 'DQ4']","['DP1', 'DP2']","['DP4', 'DP4']",Bw4/Bw4,nan,R2909,B,POS,Kidney,90,Gothenburg,Sweden,219,"['A*30', 'A*68']","['B*07', 'B*44']","['C*05', 'C*07']","['DRB1*04', 'DRB1*07']","['DQA1*03:01', 'DQA1*05:01']","['DQB1*06', 'DQB1*03']","['DPA1*01', 'DPA1*01']","['DPB1*02', 'DPB1*02']","['A19', 'A28']","['B7', 'B12']","['Cw5', 'Cw7']","['DR4', 'DR7']","['DQ3', 'DQ1']","['DQ1', 'DQ3']","['DP1', 'DP1']","['DP2', 'DP2']",Bw4/Bw4,[],0.0,0.52,nan,0,1
252,D0364_RK,kidney,True,AllocationPriority.PRIORITY_7,D0364,O,POS,KD,48,Aarhus,Denmark,252,"['A*02', 'A*31']","['B*15', 'B*40']","['C*05', 'C*07']","['DRB1*04', 'DRB1*01']","['DQA1*01:01', 'DQA1*05:01']","['DQB1*05', 'DQB1*03']","['DPA1*01', 'DPA1*01']","['DPB1*04', 'DPB1*03']","['A2', 'A19']","['B15', 'B40']","['Cw5', 'Cw7']","['DR4', 'DR1']","['DQ1', 'DQ1']","['DQ1', 'DQ3']","['DP1', 'DP1']","['DP4', 'DP3']",Bw4/Bw4,nan,R2794,O,POS,Kidney,85,Aarhus,Denmark,182,"['A*01', 'A*02']","['B*15', 'B*40']","['C*05', 'C*05']","['DRB1*15', 'DRB1*01']","['DQA1*03:01', 'DQA1*02:01']","['DQB1*06', 'DQB1*02']","['DPA1*01', 'DPA1*01']","['DPB1*04', 'DPB1*01']","['A1', 'A2']","['B15', 'B40']","['Cw5', 'Cw5']","['DR2', 'DR1']","['DQ3', 'DQ2']","['DQ1', 'DQ2']","['DP1', 'DP1']","['DP4', 'DP1']",Bw4/Bw6,[],0.0,0.41,nan,1,1,2,0.0,0.6666666666666667,1.0,603.1672386167969
252,D0365_RK,kidney,True,AllocationPriority.PRIORITY_3,D0365,O,POS,KD,57,Gothenburg,Sweden,252,"['A*01', 'A*01']","['B*15', 'B*40']","['C*06', 'C*03']","['DRB1*04', 'DRB1*04']","['DQA1*01:02', 'DQA1*05:01']","['DQB1*03', 'DQB1*04']","['DPA1*01', 'DPA1*01']","['DPB1*02', 'DPB1*04']","['A1', 'A1']","['B15', 'B40']","['Cw6', 'Cw3']","['DR4', 'DR4']","['DQ1', 'DQ1']","['DQ3', 'DQ4']","['DP1', 'DP1']","['DP2', 'DP4']",Bw4/Bw6,nan,R2072,O,POS,Kidney,63,Oslo,Norway,0,"['A*01', 'A*31']","['B*40', 'B*15']","['C*03', 'C*04']","['DRB1*04', 'DRB1*13']","['DQA1*01:02', 'DQA1*03:01']","['DQB1*05', 'DQB1*02']","['DPA1*02:02', 'DPA1*02:02']","['DPB1*02', 'DPB1*04']","['A1', 'A19']","['B40', 'B15']","['Cw3', 'Cw4']","['DR4', 'DR6']","['DQ1', 'DQ3']","['DQ1', 'DQ2']","['DP2', 'DP2']","['DP2', 'DP4']",Bw4/Bw4,"['A*25', 'DRB1*10', 'DQA1*04:01', 'DRB1*03', 'DPB1*11', 'DPB1*02', 'A*32', 'B*41']",0.3844,0.2523959999999999,nan
252,D0366_RK,kidney,True,AllocationPriority.PRIORITY_7,D0366,O,POS,KD,30,Aarhus,Denmark,252,"['A*03', 'A*24']","['B*27', 'B*40']","['C*03', 'C*07']","['DRB1*04', 'DRB1*15']","['DQA1*01:02', 'DQA1*01:02']","['DQB1*03', 'DQB1*03']","['DPA1*01', 'DPA1*01']","['DPB1*04', 'DPB1*04']","['A3', 'A9']","['B27', 'B40']","['Cw3', 'Cw7']","['DR4', 'DR2']","['DQ1', 'DQ1']","['DQ3', 'DQ3']","['DP1', 'DP1']","['DP4', 'DP4']",Bw4/Bw4,nan,R0023,O,POS,Kidney,55,Aarhus,Denmark,0,"['A*03', 'A*01']","['B*40', 'B*35']","['C*07', 'C*03']","['DRB1*15', 'DRB1*04']","['DQA1*05:01', 'DQA1*03:01']","['DQB1*03', 'DQB1*03']","['DPA1*01', 'DPA1*01']","['DPB1*04', 'DPB1*01']","['A3', 'A1']","['B40', 'B35']","['Cw7', 'Cw3']","['DR2', 'DR4']","['DQ1', 'DQ3']","['DQ3', 'DQ3']","['DP1', 'DP1']","['DP4', 'DP1']",Bw6/Bw6,[],0.0,0.41,nan,0,2,2,0.0,0.6666666666666667,1.0,603.1672386167969
252,D0367_RK,kidney,True,AllocationPriority.PRIORITY_7,D0367,B,POS,KD,27,Gothenburg,Sweden,252,"['A*01', 'A*30']","['B*44', 'B*07']","['C*07', 'C*06']","['DRB1*07', 'DRB1*07']","['DQA1*05:01', 'DQA1*01:02']","['DQB1*03', 'DQB1*04']","['DPA1*01', 'DPA1*02:02']","['DPB1*04', 'DPB1*04']","['A1', 'A19']","['B12', 'B7']","['Cw7', 'Cw6']","['DR7', 'DR7']","['DQ1', 'DQ1']","['DQ3', 'DQ4']","['DP1', 'DP2']","['DP4', 'DP4']",Bw4/Bw4,nan,R1789,B,POS,Kidney,47,Uppsala,Sweden,0,"['A*01', 'A*01']","['B*15', 'B*07']","['C*08', 'C*05']","['DRB1*04', 'DRB1*07']","['DQA1*01:01', 'DQA1*03:01']","['DQB1*03', 'DQB1*03']","['DPA1*01', 'DPA1*01']","['DPB1*04', 'DPB1*14']","['A1', 'A1']","['B15', 'B7']","['Cw8', 'Cw5']","['DR4', 'DR7']","['DQ1', 'DQ3']","['DQ3', 'DQ3']","['DP1', 'DP1']","['DP4', 'DP14']",Bw4/Bw6,[],0.0,0.52,nan,0,2,2,404.3699331806153,0.6666666666666667,0.9256972040335572,576.5330669766529
253,D0368_LK,kidney,False,AllocationPriority.LOCAL,D0368,O,NEG,KD,18,Stockholm,Sweden,253,"['A*02', 'A*03']","['B*44', 'B*08']","['C*04', 'C*03']","['DRB1*15', 'DRB1*04']","['DQA1*01:02', 'DQA1*03:01']","['DQB1*03', 'DQB1*06']","['DPA1*01', 'DPA1*02:02']","['DPB1*04', 'DPB1*03']","['A2', 'A3']","['B12', 'B8']","['Cw4', 'Cw3']","['DR2', 'DR4']","['DQ1', 'DQ3']","['DQ3', 'DQ1']","['DP1', 'DP2']","['DP4', 'DP3']",Bw4/Bw6,nan,R0286,O,POS,Kidney,90,Stockholm,Sweden,0,"['A*68', 'A*02']","['B*08', 'B*44']","['C*05', 'C*07']","['DRB1*15', 'DRB1*04']","['DQA1*01:01', 'DQA1*01:02']","['DQB1*03', 'DQB1*06']","['DPA1*01', 'DPA1*01']","['DPB1*03', 'DPB1*04']","['A28', 'A2']","['B8', 'B12']","['Cw5', 'Cw7']","['DR2', 'DR4']","['DQ1', 'DQ1']","['DQ3', 'DQ1']","['DP1', 'DP1']","['DP3', 'DP4']",Bw4/Bw6,[],0.0,0.41,nan,0,1
253,D0369_LK,kidney,False,AllocationPriority.LOCAL,D0369,O,NEG,KD,19,Oslo,Norway,253,"['A*24', 'A*02']","['B*08', 'B*49']","['C*05', 'C*05']","['DRB1*03', 'DRB1*04']","['DQA1*03:01', 'DQA1*05:01']","['DQB1*05', 'DQB1*02']","['DPA1*01', 'DPA1*02:02']","['DPB1*04', 'DPB1*04']","['A9', 'A2']","['B8', 'B21']","['Cw5', 'Cw5']","['DR3', 'DR4']","['DQ3', 'DQ1']","['DQ1', 'DQ2']","['DP1', 'DP2']","['DP4', 'DP4']",Bw4/Bw4,nan,R0013,O,POS,Kidney,57,Oslo,Norway,0,"['A*26', 'A*24']","['B*08', 'B*18']","['C*03', 'C*04']","['DRB1*04', 'DRB1*03']","['DQA1*01:02', 'DQA1*05:01']","['DQB1*03', 'DQB1*06']","['DPA1*02:02', 'DPA1*01']","['DPB1*04', 'DPB1*19']","['A10', 'A9']","['B8', 'B18']","['Cw3', 'Cw4']","['DR4', 'DR3']","['DQ1', 'DQ1']","['DQ3', 'DQ1']","['DP2', 'DP1']","['DP4', 'DP19']",Bw4/Bw4,[],0.0,0.41,nan,0,2
253,D0370_LK,kidney,False,AllocationPriority.PAYBACK,D0370,O,POS,KD,22,Helsinki,Finland,253,"['A*01', 'A*01']","['B*44', 'B*15']","['C*07', 'C*16']","['DRB1*08', 'DRB1*01']","['DQA1*01:03', 'DQA1*03:01']","['DQB1*03', 'DQB1*05']","['DPA1*02:02', 'DPA1*01']","['DPB1*01', 'DPB1*03']","['A1', 'A1']","['B12', 'B15']","['Cw7', 'Cw16']","['DR8', 'DR1']","['DQ1', 'DQ3']","['DQ3', 'DQ1']","['DP2', 'DP1']","['DP1', 'DP3']",Bw4/Bw4,nan,R2582,O,NEG,Kidney,74,Oslo,Norway,118,"['A*02', 'A*01']","['B*35', 'B*15']","['C*12', 'C*07']","['DRB1*04', 'DRB1*04']","['DQA1*02:01', 'DQA1*02:01']","['DQB1*02', 'DQB1*02']","['DPA1*02:02', 'DPA1*01']","['DPB1*20', 'DPB1*01']","['A2', 'A1']","['B35', 'B15']","['Cw12', 'Cw7']","['DR4', 'DR4']","['DQ2', 'DQ2']","['DQ2', 'DQ2']","['DP2', 'DP1']","['DP20', 'DP1']",Bw4/Bw6,"['DRB1*10', 'B*50', 'B*54', 'DPB1*04', 'DPB1*20', 'DPB1*424', 'B*49', 'B*40', 'DRB1*03']",0.848,0.06232,nan
253,D0371_LK,kidney,False,AllocationPriority.PAYBACK,D0371,B,POS,KD,87,Gothenburg,Sweden,253,"['A*68', 'A*01']","['B*18', 'B*57']","['C*07', 'C*06']","['DRB1*13', 'DRB1*04']","['DQA1*05:01', 'DQA1*05:01']","['DQB1*06', 'DQB1*04']","['DPA1*01', 'DPA1*01']","['DPB1*02', 'DPB1*04']","['A28', 'A1']","['B18', 'B17']","['Cw7', 'Cw6']","['DR6', 'DR4']","['DQ1', 'DQ1']","['DQ1', 'DQ4']","['DP1', 'DP1']","['DP2', 'DP4']",Bw4/Bw6,nan,R1491,B,POS,Kidney,72,Odense,Denmark,0,"['A*01', 'A*02']","['B*35', 'B*40']","['C*01', 'C*06']","['DRB1*04', 'DRB1*13']","['DQA1*05:01', 'DQA1*01:01']","['DQB1*06', 'DQB1*06']","['DPA1*01', 'DPA1*01']","['DPB1*10', 'DPB1*04']","['A1', 'A2']","['B35', 'B40']","['Cw1', 'Cw6']","['DR4', 'DR6']","['DQ1', 'DQ1']","['DQ1', 'DQ1']","['DP1', 'DP1']","['DP10', 'DP4']",Bw6/Bw6,"['DQB1*03', 'DRB1*08', 'DPB1*03', 'C*16', 'DPA1*02:02', 'DQA1*06:01', 'DPB1*24', 'DPB1*424']",0.64,0.1872,nan,0,3
253,D0368_RK,kidney,True,AllocationPriority.PRIORITY_7,D0368,O,NEG,KD,18,Stockholm,Sweden,253,"['A*02', 'A*03']","['B*44', 'B*08']","['C*04', 'C*03']","['DRB1*15', 'DRB1*04']","['DQA1*01:02', 'DQA1*03:01']","['DQB1*03', 'DQB1*06']","['DPA1*01', 'DPA1*02:02']","['DPB1*04', 'DPB1*03']","['A2', 'A3']","['B12', 'B8']","['Cw4', 'Cw3']","['DR2', 'DR4']","['DQ1', 'DQ3']","['DQ3', 'DQ1']","['DP1', 'DP2']","['DP4', 'DP3']",Bw4/Bw6,nan,R2134,O,POS,Kidney,34,Stockholm,Sweden,0,"['A*03', 'A*02']","['B*44', 'B*44']","['C*03', 'C*07']","['DRB1*15', 'DRB1*04']","['DQA1*01:02', 'DQA1*01:02']","['DQB1*06', 'DQB1*06']","['DPA1*02:02', 'DPA1*01']","['DPB1*04', 'DPB1*04']","['A3', 'A2']","['B12', 'B12']","['Cw3', 'Cw7']","['DR2', 'DR4']","['DQ1', 'DQ1']","['DQ1', 'DQ1']","['DP2', 'DP1']","['DP4', 'DP4']",Bw4/Bw4,[],0.0,0.41,nan,0,1,1,0.0,0.8333333333333334,1.0,664.345423057711
253,D0369_RK,kidney,True,AllocationPriority.PRIORITY_4,D0369,O,NEG,KD,19,Oslo,Norway,253,"['A*24', 'A*02']","['B*08', 'B*49']","['C*05', 'C*05']","['DRB1*03', 'DRB1*04']","['DQA1*03:01', 'DQA1*05:01']","['DQB1*05', 'DQB1*02']","['DPA1*01', 'DPA1*02:02']","['DPB1*04', 'DPB1*04']","['A9', 'A2']","['B8', 'B21']","['Cw5', 'Cw5']","['DR3', 'DR4']","['DQ3', 'DQ1']","['DQ1', 'DQ2']","['DP1', 'DP2']","['DP4', 'DP4']",Bw4/Bw4,nan,R2316,O,POS,Kidney,11,Helsinki,Finland,33,"['A*24', 'A*03']","['B*08', 'B*39']","['C*07', 'C*03']","['DRB1*04', 'DRB1*03']","['DQA1*03:01', 'DQA1*01:02']","['DQB1*03', 'DQB1*06']","['DPA1*01', 'DPA1*01']","['DPB1*04', 'DPB1*02']","['A9', 'A3']","['B8', 'B16']","['Cw7', 'Cw3']","['DR4', 'DR3']","['DQ3', 'DQ1']","['DQ3', 'DQ1']","['DP1', 'DP1']","['DP4', 'DP2']",Bw4/Bw4,"['A*25', 'DPB1*115', 'B*27', 'C*07', 'C*14', 'A*34', 'DPB1*01', 'DRB1*16']",0.5088,0.201392,nan
253,D0370_RK,kidney,True,AllocationPriority.PAYBACK,D0370,O,POS,KD,22,Helsinki,Finland,253,"['A*01', 'A*01']","['B*44', 'B*15']","['C*07', 'C*16']","['DRB1*08', 'DRB1*01']","['DQA1*01:03', 'DQA1*03:01']","['DQB1*03', 'DQB1*05']","['DPA1*02:02', 'DPA1*01']","['DPB1*01', 'DPB1*03']","['A1', 'A1']","['B12', 'B15']","['Cw7', 'Cw16']","['DR8', 'DR1']","['DQ1', 'DQ3']","['DQ3', 'DQ1']","['DP2', 'DP1']","['DP1', 'DP3']",Bw4/Bw4,nan,R0049,O,POS,Kidney,85,Helsinki,Finland,0,"['A*23', 'A*01']","['B*35', 'B*27']","['C*03', 'C*07']","['DRB1*08', 'DRB1*01']","['DQA1*01:02', 'DQA1*05:01']","['DQB1*02', 'DQB1*05']","['DPA1*02:02', 'DPA1*01']","['DPB1*04', 'DPB1*04']","['A9', 'A1']","['B35', 'B27']","['Cw3', 'Cw7']","['DR8', 'DR1']","['DQ1', 'DQ1']","['DQ2', 'DQ1']","['DP2', 'DP1']","['DP4', 'DP4']",Bw4/Bw4,"['DQA1*04:01', 'C*14', 'B*49', 'DPB1*24', 'B*44', 'C*18', 'DPB1*01', 'B*47']",0.2641,0.3017189999999999,nan,0,2
253,D0371_RK,kidney,True,AllocationPriority.PRIORITY_7,D0371,B,POS,KD,87,Gothenburg,Sweden,253,"['A*68', 'A*01']","['B*18', 'B*57']","['C*07', 'C*06']","['DRB1*13', 'DRB1*04']","['DQA1*05:01', 'DQA1*05:01']","['DQB1*06', 'DQB1*04']","['DPA1*01', 'DPA1*01']","['DPB1*02', 'DPB1*04']","['A28', 'A1']","['B18', 'B17']","['Cw7', 'Cw6']","['DR6', 'DR4']","['DQ1', 'DQ1']","['DQ1', 'DQ4']","['DP1', 'DP1']","['DP2', 'DP4']",Bw4/Bw6,nan,R2243,B,POS,Kidney,36,Helsinki,Finland,11,"['A*68', 'A*01']","['B*15', 'B*18']","['C*07', 'C*06']","['DRB1*04', 'DRB1*03']","['DQA1*05:01', 'DQA1*03:01']","['DQB1*06', 'DQB1*05']","['DPA1*01', 'DPA1*01']","['DPB1*04', 'DPB1*04']","['A28', 'A1']","['B15', 'B18']","['Cw7', 'Cw6']","['DR4', 'DR3']","['DQ1', 'DQ3']","['DQ1', 'DQ1']","['DP1', 'DP1']","['DP4', 'DP4']",Bw4/Bw6,[],0.0,0.52,nan,1,1,2,790.7219255251106,0.6666666666666667,0.8547051967084739,551.0856624263777
254,D0372_LK,kidney,False,AllocationPriority.LOCAL,D0372,O,POS,KD,22,Oslo,Norway,254,"['A*02', 'A*24']","['B*51', 'B*35']","['C*03', 'C*06']","['DRB1*07', 'DRB1*03']","['DQA1*02:01', 'DQA1*01:02']","['DQB1*06', 'DQB1*02']","['DPA1*01', 'DPA1*01']","['DPB1*03', 'DPB1*02']","['A2', 'A9']","['B5', 'B35']","['Cw3', 'Cw6']","['DR7', 'DR3']","['DQ2', 'DQ1']","['DQ1', 'DQ2']","['DP1', 'DP1']","['DP3', 'DP2']",Bw4/Bw4,nan,R0563,O,POS,Kidney,88,Oslo,Norway,0,"['A*01', 'A*24']","['B*51', 'B*15']","['C*07', 'C*05']","['DRB1*08', 'DRB1*03']","['DQA1*01:03', 'DQA1*01:02']","['DQB1*06', 'DQB1*06']","['DPA1*01', 'DPA1*01']","['DPB1*04', 'DPB1*01']","['A1', 'A9']","['B5', 'B15']","['Cw7', 'Cw5']","['DR8', 'DR3']","['DQ1', 'DQ1']","['DQ1', 'DQ1']","['DP1', 'DP1']","['DP4', 'DP1']",Bw6/Bw6,"['DQB1*02', 'B*38', 'DQB1*05', 'B*13', 'A*74', 'DQA1*05:01', 'DPB1*26', 'C*02', 'DPA1*02:02']",0.7592,0.098728,nan,1,2
254,D0372_RK,kidney,True,AllocationPriority.PRIORITY_7,D0372,O,POS,KD,22,Oslo,Norway,254,"['A*02', 'A*24']","['B*51', 'B*35']","['C*03', 'C*06']","['DRB1*07', 'DRB1*03']","['DQA1*02:01', 'DQA1*01:02']","['DQB1*06', 'DQB1*02']","['DPA1*01', 'DPA1*01']","['DPB1*03', 'DPB1*02']","['A2', 'A9']","['B5', 'B35']","['Cw3', 'Cw6']","['DR7', 'DR3']","['DQ2', 'DQ1']","['DQ1', 'DQ2']","['DP1', 'DP1']","['DP3', 'DP2']",Bw4/Bw4,nan,R2142,O,POS,Kidney,50,Gothenburg,Sweden,0,"['A*24', 'A*02']","['B*44', 'B*35']","['C*03', 'C*07']","['DRB1*12', 'DRB1*03']","['DQA1*01:02', 'DQA1*03:01']","['DQB1*05', 'DQB1*02']","['DPA1*01', 'DPA1*01']","['DPB1*04', 'DPB1*02']","['A9', 'A2']","['B12', 'B35']","['Cw3', 'Cw7']","['DR5', 'DR3']","['DQ1', 'DQ3']","['DQ1', 'DQ2']","['DP1', 'DP1']","['DP4', 'DP2']",Bw4/Bw4,[],0.0,0.41,nan,1,1,2,255.07748105944097,0.6666666666666667,0.9531296259301052,586.3663420747728
255,D0373_LK,kidney,False,AllocationPriority.PAYBACK,D0373,A,POS,KD,89,Helsinki,Finland,255,"['A*03', 'A*31']","['B*27', 'B*27']","['C*03', 'C*01']","['DRB1*01', 'DRB1*15']","['DQA1*05:01', 'DQA1*03:01']","['DQB1*02', 'DQB1*06']","['DPA1*01', 'DPA1*01']","['DPB1*16', 'DPB1*01']","['A3', 'A19']","['B27', 'B27']","['Cw3', 'Cw1']","['DR1', 'DR2']","['DQ1', 'DQ3']","['DQ2', 'DQ1']","['DP1', 'DP1']","['DP16', 'DP1']",Bw6/Bw6,nan,R0609,A,POS,Kidney,39,Helsinki,Finland,0,"['A*02', 'A*03']","['B*57', 'B*07']","['C*04', 'C*03']","['DRB1*15', 'DRB1*01']","['DQA1*01:01', 'DQA1*02:01']","['DQB1*05', 'DQB1*03']","['DPA1*01', 'DPA1*01']","['DPB1*01', 'DPB1*04']","['A2', 'A3']","['B17', 'B7']","['Cw4', 'Cw3']","['DR2', 'DR1']","['DQ1', 'DQ2']","['DQ1', 'DQ3']","['DP1', 'DP1']","['DP1', 'DP4']",Bw4/Bw6,"['DQA1*06:01', 'A*32']",0.0333,0.821695,nan,0,3
255,D0373_RK,kidney,True,AllocationPriority.PRIORITY_7,D0373,A,POS,KD,89,Helsinki,Finland,255,"['A*03', 'A*31']","['B*27', 'B*27']","['C*03', 'C*01']","['DRB1*01', 'DRB1*15']","['DQA1*05:01', 'DQA1*03:01']","['DQB1*02', 'DQB1*06']","['DPA1*01', 'DPA1*01']","['DPB1*16', 'DPB1*01']","['A3', 'A19']","['B27', 'B27']","['Cw3', 'Cw1']","['DR1', 'DR2']","['DQ1', 'DQ3']","['DQ2', 'DQ1']","['DP1', 'DP1']","['DP16', 'DP1']",Bw6/Bw6,nan,R1746,A,POS,Kidney,68,Helsinki,Finland,0,"['A*31', 'A*03']","['B*07', 'B*27']","['C*07', 'C*05']","['DRB1*15', 'DRB1*15']","['DQA1*01:01', 'DQA1*02:01']","['DQB1*03', 'DQB1*06']","['DPA1*01', 'DPA1*01']","['DPB1*04', 'DPB1*04']","['A19', 'A3']","['B7', 'B27']","['Cw7', 'Cw5']","['DR2', 'DR2']","['DQ1', 'DQ2']","['DQ3', 'DQ1']","['DP1', 'DP1']","['DP4', 'DP4']",Bw4/Bw4,[],0.0,0.85,nan,1,0,1,0.0,0.8333333333333334,1.0,664.345423057711
256,D0374_LK,kidney,False,AllocationPriority.LOCAL,D0374,A,POS,KD,42,Oslo,Norway,256,"['A*31', 'A*02']","['B*08', 'B*37']","['C*12', 'C*07']","['DRB1*13', 'DRB1*15']","['DQA1*05:01', 'DQA1*05:01']","['DQB1*04', 'DQB1*06']","['DPA1*01', 'DPA1*01']","['DPB1*03', 'DPB1*02']","['A19', 'A2']","['B8', 'B37']","['Cw12', 'Cw7']","['DR6', 'DR2']","['DQ1', 'DQ1']","['DQ4', 'DQ1']","['DP1', 'DP1']","['DP3', 'DP2']",Bw4/Bw4,nan,R1922,A,POS,Kidney,68,Oslo,Norway,0,"['A*02', 'A*11']","['B*08', 'B*51']","['C*03', 'C*03']","['DRB1*15', 'DRB1*13']","['DQA1*01:01', 'DQA1*02:01']","['DQB1*06', 'DQB1*02']","['DPA1*02:02', 'DPA1*01']","['DPB1*04', 'DPB1*04']","['A2', 'A11']","['B8', 'B5']","['Cw3', 'Cw3']","['DR2', 'DR6']","['DQ1', 'DQ2']","['DQ1', 'DQ2']","['DP2', 'DP1']","['DP4', 'DP4']",Bw4/Bw6,[],0.0,0.85,nan,0,2
256,D0375_LK,kidney,False,AllocationPriority.LOCAL,D0375,O,POS,KD,57,Gothenburg,Sweden,256,"['A*24', 'A*11']","['B*57', 'B*14']","['C*07', 'C*03']","['DRB1*01', 'DRB1*01']","['DQA1*01:02', 'DQA1*02:01']","['DQB1*03', 'DQB1*05']","['DPA1*01', 'DPA1*02:02']","['DPB1*04', 'DPB1*04']","['A9', 'A11']","['B17', 'B14']","['Cw7', 'Cw3']","['DR1', 'DR1']","['DQ1', 'DQ2']","['DQ3', 'DQ1']","['DP1', 'DP2']","['DP4', 'DP4']",Bw4/Bw4,nan,R0035,O,POS,Kidney,76,Gothenburg,Sweden,0,"['A*30', 'A*02']","['B*57', 'B*27']","['C*02', 'C*06']","['DRB1*01', 'DRB1*01']","['DQA1*02:01', 'DQA1*01:02']","['DQB1*06', 'DQB1*03']","['DPA1*01', 'DPA1*01']","['DPB1*11', 'DPB1*04']","['A19', 'A2']","['B17', 'B27']","['Cw2', 'Cw6']","['DR1', 'DR1']","['DQ2', 'DQ1']","['DQ1', 'DQ3']","['DP1', 'DP1']","['DP11', 'DP4']",Bw6/Bw6,[],0.0,0.41,nan,0,3
256,D0374_RK,kidney,True,AllocationPriority.PRIORITY_7,D0374,A,POS,KD,42,Oslo,Norway,256,"['A*31', 'A*02']","['B*08', 'B*37']","['C*12', 'C*07']","['DRB1*13', 'DRB1*15']","['DQA1*05:01', 'DQA1*05:01']","['DQB1*04', 'DQB1*06']","['DPA1*01', 'DPA1*01']","['DPB1*03', 'DPB1*02']","['A19', 'A2']","['B8', 'B37']","['Cw12', 'Cw7']","['DR6', 'DR2']","['DQ1', 'DQ1']","['DQ4', 'DQ1']","['DP1', 'DP1']","['DP3', 'DP2']",Bw4/Bw4,nan,R0258,A,POS,Kidney,76,Oslo,Norway,0,"['A*31', 'A*02']","['B*40', 'B*08']","['C*07', 'C*03']","['DRB1*13', 'DRB1*14']","['DQA1*01:02', 'DQA1*01:02']","['DQB1*06', 'DQB1*03']","['DPA1*01', 'DPA1*01']","['DPB1*02', 'DPB1*04']","['A19', 'A2']","['B40', 'B8']","['Cw7', 'Cw3']","['DR6', 'DR6']","['DQ1', 'DQ1']","['DQ1', 'DQ3']","['DP1', 'DP1']","['DP2', 'DP4']",Bw4/Bw6,[],0.0,0.85,nan,1,1,2,0.0,0.6666666666666667,1.0,603.1672386167969
256,D0375_RK,kidney,True,AllocationPriority.PRIORITY_7,D0375,O,POS,KD,57,Gothenburg,Sweden,256,"['A*24', 'A*11']","['B*57', 'B*14']","['C*07', 'C*03']","['DRB1*01', 'DRB1*01']","['DQA1*01:02', 'DQA1*02:01']","['DQB1*03', 'DQB1*05']","['DPA1*01', 'DPA1*02:02']","['DPB1*04', 'DPB1*04']","['A9', 'A11']","['B17', 'B14']","['Cw7', 'Cw3']","['DR1', 'DR1']","['DQ1', 'DQ2']","['DQ3', 'DQ1']","['DP1', 'DP2']","['DP4', 'DP4']",Bw4/Bw4,nan,R1140,O,POS,Kidney,66,Aarhus,Denmark,0,"['A*24', 'A*01']","['B*07', 'B*57']","['C*04', 'C*07']","['DRB1*01', 'DRB1*04']","['DQA1*03:01', 'DQA1*02:01']","['DQB1*05', 'DQB1*02']","['DPA1*01', 'DPA1*01']","['DPB1*03', 'DPB1*04']","['A9', 'A1']","['B7', 'B17']","['Cw4', 'Cw7']","['DR1', 'DR4']","['DQ3', 'DQ2']","['DQ1', 'DQ2']","['DP1', 'DP1']","['DP3', 'DP4']",Bw4/Bw4,[],0.0,0.41,nan,0,2,2,202.6942002796759,0.6666666666666667,0.9627550305520983,589.8166116840588
258,D0376_LK,kidney,False,AllocationPriority.PAYBACK,D0376,A,POS,KD,68,Helsinki,Finland,258,"['A*01', 'A*03']","['B*07', 'B*07']","['C*01', 'C*05']","['DRB1*13', 'DRB1*15']","['DQA1*01:02', 'DQA1*03:01']","['DQB1*02', 'DQB1*06']","['DPA1*01', 'DPA1*01']","['DPB1*04', 'DPB1*14']","['A1', 'A3']","['B7', 'B7']","['Cw1', 'Cw5']","['DR6', 'DR2']","['DQ1', 'DQ3']","['DQ2', 'DQ1']","['DP1', 'DP1']","['DP4', 'DP14']",Bw6/Bw6,nan,R2688,A,POS,Kidney,89,Helsinki,Finland,149,"['A*01', 'A*03']","['B*58', 'B*07']","['C*07', 'C*12']","['DRB1*15', 'DRB1*13']","['DQA1*03:01', 'DQA1*03:01']","['DQB1*04', 'DQB1*05']","['DPA1*01', 'DPA1*01']","['DPB1*04', 'DPB1*01']","['A1', 'A3']","['B17', 'B7']","['Cw7', 'Cw12']","['DR2', 'DR6']","['DQ3', 'DQ3']","['DQ4', 'DQ1']","['DP1', 'DP1']","['DP4', 'DP1']",Bw4/Bw6,[],0.0,0.85,nan,0,0
258,D0376_RK,kidney,True,AllocationPriority.PRIORITY_7,D0376,A,POS,KD,68,Helsinki,Finland,258,"['A*01', 'A*03']","['B*07', 'B*07']","['C*01', 'C*05']","['DRB1*13', 'DRB1*15']","['DQA1*01:02', 'DQA1*03:01']","['DQB1*02', 'DQB1*06']","['DPA1*01', 'DPA1*01']","['DPB1*04', 'DPB1*14']","['A1', 'A3']","['B7', 'B7']","['Cw1', 'Cw5']","['DR6', 'DR2']","['DQ1', 'DQ3']","['DQ2', 'DQ1']","['DP1', 'DP1']","['DP4', 'DP14']",Bw6/Bw6,nan,R2325,A,POS,Kidney,67,Helsinki,Finland,36,"['A*01', 'A*03']","['B*07', 'B*27']","['C*04', 'C*05']","['DRB1*13', 'DRB1*01']","['DQA1*01:01', 'DQA1*01:02']","['DQB1*06', 'DQB1*06']","['DPA1*01', 'DPA1*01']","['DPB1*23', 'DPB1*11']","['A1', 'A3']","['B7', 'B27']","['Cw4', 'Cw5']","['DR6', 'DR1']","['DQ1', 'DQ1']","['DQ1', 'DQ1']","['DP1', 'DP1']","['DP23', 'DP11']",Bw4/Bw6,[],0.0,0.85,nan,1,0,1,0.0,0.8333333333333334,1.0,664.345423057711
259,D0377_LK,kidney,False,AllocationPriority.LOCAL,D0377,B,POS,KD,52,Copenhagen,Denmark,259,"['A*31', 'A*03']","['B*07', 'B*08']","['C*06', 'C*07']","['DRB1*01', 'DRB1*07']","['DQA1*02:01', 'DQA1*03:01']","['DQB1*06', 'DQB1*02']","['DPA1*01', 'DPA1*01']","['DPB1*03', 'DPB1*04']","['A19', 'A3']","['B7', 'B8']","['Cw6', 'Cw7']","['DR1', 'DR7']","['DQ2', 'DQ3']","['DQ1', 'DQ2']","['DP1', 'DP1']","['DP3', 'DP4']",Bw4/Bw6,nan,R2541,B,NEG,Kidney,66,Copenhagen,Denmark,106,"['A*03', 'A*02']","['B*14', 'B*08']","['C*03', 'C*07']","['DRB1*07', 'DRB1*01']","['DQA1*01:01', 'DQA1*02:01']","['DQB1*06', 'DQB1*02']","['DPA1*01', 'DPA1*01']","['DPB1*02', 'DPB1*04']","['A3', 'A2']","['B14', 'B8']","['Cw3', 'Cw7']","['DR7', 'DR1']","['DQ1', 'DQ2']","['DQ1', 'DQ2']","['DP1', 'DP1']","['DP2', 'DP4']",Bw6/Bw6,"['B*42', 'B*56', 'A*34', 'DPB1*05', 'C*18', 'A*32', 'A*30', 'B*53', 'DRB1*04']",0.2778,0.375544,nan,0,2
259,D0378_LK,kidney,False,AllocationPriority.PAYBACK,D0378,O,POS,KD,62,Oslo,Norway,259,"['A*02', 'A*24']","['B*07', 'B*44']","['C*06', 'C*01']","['DRB1*15', 'DRB1*13']","['DQA1*03:01', 'DQA1*01:02']","['DQB1*05', 'DQB1*02']","['DPA1*02:02', 'DPA1*01']","['DPB1*04', 'DPB1*09']","['A2', 'A9']","['B7', 'B12']","['Cw6', 'Cw1']","['DR2', 'DR6']","['DQ3', 'DQ1']","['DQ1', 'DQ2']","['DP2', 'DP1']","['DP4', 'DP9']",Bw4/Bw4,nan,R0680,O,POS,Kidney,84,Odense,Denmark,0,"['A*23', 'A*02']","['B*14', 'B*07']","['C*03', 'C*07']","['DRB1*13', 'DRB1*15']","['DQA1*01:02', 'DQA1*01:01']","['DQB1*05', 'DQB1*06']","['DPA1*01', 'DPA1*01']","['DPB1*04', 'DPB1*03']","['A9', 'A2']","['B14', 'B7']","['Cw3', 'Cw7']","['DR6', 'DR2']","['DQ1', 'DQ1']","['DQ1', 'DQ1']","['DP1', 'DP1']","['DP4', 'DP3']",Bw4/Bw6,"['DRB1*08', 'B*54', 'DRB1*15', 'A*30', 'DRB1*11', 'C*04', 'C*08', 'DPB1*11', 'B*47']",0.3989,0.2464509999999999,nan,0,1
259,D0377_RK,kidney,True,AllocationPriority.PRIORITY_7,D0377,B,POS,KD,52,Copenhagen,Denmark,259,"['A*31', 'A*03']","['B*07', 'B*08']","['C*06', 'C*07']","['DRB1*01', 'DRB1*07']","['DQA1*02:01', 'DQA1*03:01']","['DQB1*06', 'DQB1*02']","['DPA1*01', 'DPA1*01']","['DPB1*03', 'DPB1*04']","['A19', 'A3']","['B7', 'B8']","['Cw6', 'Cw7']","['DR1', 'DR7']","['DQ2', 'DQ3']","['DQ1', 'DQ2']","['DP1', 'DP1']","['DP3', 'DP4']",Bw4/Bw6,nan,R0407,B,POS,Kidney,72,Tartu,Estonia,0,"['A*03', 'A*01']","['B*27', 'B*08']","['C*16', 'C*07']","['DRB1*07', 'DRB1*01']","['DQA1*01:02', 'DQA1*01:03']","['DQB1*06', 'DQB1*05']","['DPA1*01', 'DPA1*01']","['DPB1*02', 'DPB1*04']","['A3', 'A1']","['B27', 'B8']","['Cw16', 'Cw7']","['DR7', 'DR1']","['DQ1', 'DQ1']","['DQ1', 'DQ1']","['DP1', 'DP1']","['DP2', 'DP4']",Bw4/Bw6,"['B*47', 'DQA1*01:01', 'DPB1*11', 'B*35', 'DPB1*02', 'DQB1*03', 'C*17', 'DPB1*31']",0.6684,0.172432,nan,0,2,2,906.0329022103791,0.6666666666666667,0.833516855859428,543.4906062834267
259,D0378_RK,kidney,True,AllocationPriority.PRIORITY_7,D0378,O,POS,KD,62,Oslo,Norway,259,"['A*02', 'A*24']","['B*07', 'B*44']","['C*06', 'C*01']","['DRB1*15', 'DRB1*13']","['DQA1*03:01', 'DQA1*01:02']","['DQB1*05', 'DQB1*02']","['DPA1*02:02', 'DPA1*01']","['DPB1*04', 'DPB1*09']","['A2', 'A9']","['B7', 'B12']","['Cw6', 'Cw1']","['DR2', 'DR6']","['DQ3', 'DQ1']","['DQ1', 'DQ2']","['DP2', 'DP1']","['DP4', 'DP9']",Bw4/Bw4,nan,R0561,O,POS,Kidney,72,Gothenburg,Sweden,0,"['A*02', 'A*24']","['B*44', 'B*07']","['C*03', 'C*07']","['DRB1*13', 'DRB1*03']","['DQA1*01:03', 'DQA1*01:02']","['DQB1*04', 'DQB1*03']","['DPA1*02:02', 'DPA1*01']","['DPB1*04', 'DPB1*02']","['A2', 'A9']","['B12', 'B7']","['Cw3', 'Cw7']","['DR6', 'DR3']","['DQ1', 'DQ1']","['DQ4', 'DQ3']","['DP2', 'DP1']","['DP4', 'DP2']",Bw4/Bw4,[],0.0,0.41,nan,1,0,1,255.07748105944097,0.8333333333333334,0.9531296259301052,647.5445265156868
263,D0379_LK,kidney,False,AllocationPriority.PAYBACK,D0379,O,POS,KD,58,Gothenburg,Sweden,263,"['A*29', 'A*01']","['B*57', 'B*07']","['C*06', 'C*08']","['DRB1*07', 'DRB1*07']","['DQA1*01:02', 'DQA1*05:01']","['DQB1*02', 'DQB1*06']","['DPA1*01', 'DPA1*01']","['DPB1*04', 'DPB1*04']","['A19', 'A1']","['B17', 'B7']","['Cw6', 'Cw8']","['DR7', 'DR7']","['DQ1', 'DQ1']","['DQ2', 'DQ1']","['DP1', 'DP1']","['DP4', 'DP4']",Bw4/Bw4,nan,R3053,O,POS,Kidney,68,Gothenburg,Sweden,262,"['A*32', 'A*01']","['B*57', 'B*44']","['C*07', 'C*03']","['DRB1*04', 'DRB1*07']","['DQA1*05:01', 'DQA1*01:02']","['DQB1*05', 'DQB1*06']","['DPA1*01', 'DPA1*01']","['DPB1*03', 'DPB1*04']","['A19', 'A1']","['B17', 'B12']","['Cw7', 'Cw3']","['DR4', 'DR7']","['DQ1', 'DQ1']","['DQ1', 'DQ1']","['DP1', 'DP1']","['DP3', 'DP4']",Bw6/Bw6,"['DPB1*26', 'DQA1*01:02', 'B*37', 'B*53', 'DRB1*10', 'DQA1*03:01', 'DPB1*15', 'DQB1*02', 'B*58']",0.6453,0.145427,nan,0,1
263,D0379_RK,kidney,True,AllocationPriority.PAYBACK,D0379,O,POS,KD,58,Gothenburg,Sweden,263,"['A*29', 'A*01']","['B*57', 'B*07']","['C*06', 'C*08']","['DRB1*07', 'DRB1*07']","['DQA1*01:02', 'DQA1*05:01']","['DQB1*02', 'DQB1*06']","['DPA1*01', 'DPA1*01']","['DPB1*04', 'DPB1*04']","['A19', 'A1']","['B17', 'B7']","['Cw6', 'Cw8']","['DR7', 'DR7']","['DQ1', 'DQ1']","['DQ2', 'DQ1']","['DP1', 'DP1']","['DP4', 'DP4']",Bw4/Bw4,nan,R0192,O,NEG,Kidney,46,Tartu,Estonia,0,"['A*01', 'A*02']","['B*35', 'B*07']","['C*07', 'C*04']","['DRB1*03', 'DRB1*07']","['DQA1*05:01', 'DQA1*01:02']","['DQB1*03', 'DQB1*05']","['DPA1*01', 'DPA1*01']","['DPB1*04', 'DPB1*04']","['A1', 'A2']","['B35', 'B7']","['Cw7', 'Cw4']","['DR3', 'DR7']","['DQ1', 'DQ1']","['DQ3', 'DQ1']","['DP1', 'DP1']","['DP4', 'DP4']",Bw6/Bw6,"['A*30', 'A*25', 'B*48', 'B*49', 'C*12', 'B*39', 'C*08', 'DPB1*13', 'B*37']",0.1419,0.351821,nan,0,2
264,D0380_LK,kidney,False,AllocationPriority.PAYBACK,D0380,A,POS,KD,71,Helsinki,Finland,264,"['A*68', 'A*29']","['B*35', 'B*40']","['C*16', 'C*07']","['DRB1*01', 'DRB1*12']","['DQA1*01:01', 'DQA1*03:01']","['DQB1*06', 'DQB1*05']","['DPA1*01', 'DPA1*01']","['DPB1*04', 'DPB1*04']","['A28', 'A19']","['B35', 'B40']","['Cw16', 'Cw7']","['DR1', 'DR5']","['DQ1', 'DQ3']","['DQ1', 'DQ1']","['DP1', 'DP1']","['DP4', 'DP4']",Bw4/Bw6,nan,R2879,A,POS,Kidney,85,Stockholm,Sweden,209,"['A*24', 'A*32']","['B*40', 'B*57']","['C*07', 'C*07']","['DRB1*11', 'DRB1*01']","['DQA1*01:02', 'DQA1*01:02']","['DQB1*03', 'DQB1*04']","['DPA1*01', 'DPA1*01']","['DPB1*04', 'DPB1*04']","['A9', 'A19']","['B40', 'B17']","['Cw7', 'Cw7']","['DR5', 'DR1']","['DQ1', 'DQ1']","['DQ3', 'DQ4']","['DP1', 'DP1']","['DP4', 'DP4']",Bw6/Bw6,[],0.0,0.85,nan,0,2
264,D0380_RK,kidney,True,AllocationPriority.PRIORITY_7,D0380,A,POS,KD,71,Helsinki,Finland,264,"['A*68', 'A*29']","['B*35', 'B*40']","['C*16', 'C*07']","['DRB1*01', 'DRB1*12']","['DQA1*01:01', 'DQA1*03:01']","['DQB1*06', 'DQB1*05']","['DPA1*01', 'DPA1*01']","['DPB1*04', 'DPB1*04']","['A28', 'A19']","['B35', 'B40']","['Cw16', 'Cw7']","['DR1', 'DR5']","['DQ1', 'DQ3']","['DQ1', 'DQ1']","['DP1', 'DP1']","['DP4', 'DP4']",Bw4/Bw6,nan,R1536,A,POS,Kidney,51,Helsinki,Finland,0,"['A*01', 'A*29']","['B*27', 'B*40']","['C*05', 'C*15']","['DRB1*01', 'DRB1*04']","['DQA1*03:01', 'DQA1*03:01']","['DQB1*02', 'DQB1*04']","['DPA1*01', 'DPA1*01']","['DPB1*04', 'DPB1*04']","['A1', 'A19']","['B27', 'B40']","['Cw5', 'Cw15']","['DR1', 'DR4']","['DQ3', 'DQ3']","['DQ2', 'DQ4']","['DP1', 'DP1']","['DP4', 'DP4']",Bw4/Bw4,"['A*31', 'DQA1*01:03', 'DPB1*129']",0.1036,0.76194,nan,1,2,3,0.0,0.5,1.0,541.9890541758828
265,D0381_LK,kidney,False,AllocationPriority.LOCAL,D0381,A,NEG,KD,59,Oslo,Norway,265,"['A*02', 'A*26']","['B*07', 'B*27']","['C*07', 'C*05']","['DRB1*03', 'DRB1*01']","['DQA1*03:01', 'DQA1*03:01']","['DQB1*06', 'DQB1*02']","['DPA1*01', 'DPA1*01']","['DPB1*04', 'DPB1*04']","['A2', 'A10']","['B7', 'B27']","['Cw7', 'Cw5']","['DR3', 'DR1']","['DQ3', 'DQ3']","['DQ1', 'DQ2']","['DP1', 'DP1']","['DP4', 'DP4']",Bw4/Bw4,nan,R2589,A,POS,Kidney,56,Oslo,Norway,120,"['A*02', 'A*25']","['B*39', 'B*14']","['C*07', 'C*07']","['DRB1*01', 'DRB1*03']","['DQA1*03:01', 'DQA1*02:01']","['DQB1*03', 'DQB1*03']","['DPA1*01', 'DPA1*01']","['DPB1*02', 'DPB1*04']","['A2', 'A10']","['B16', 'B14']","['Cw7', 'Cw7']","['DR1', 'DR3']","['DQ3', 'DQ2']","['DQ3', 'DQ3']","['DP1', 'DP1']","['DP2', 'DP4']",Bw4/Bw4,[],0.0,0.85,nan,0,2
265,D0382_LK,kidney,False,AllocationPriority.PAYBACK,D0382,A,POS,KD,58,Helsinki,Finland,265,"['A*02', 'A*02']","['B*07', 'B*08']","['C*02', 'C*07']","['DRB1*15', 'DRB1*03']","['DQA1*04:01', 'DQA1*04:01']","['DQB1*06', 'DQB1*03']","['DPA1*01', 'DPA1*01']","['DPB1*02', 'DPB1*01']","['A2', 'A2']","['B7', 'B8']","['Cw2', 'Cw7']","['DR2', 'DR3']","['DQ4', 'DQ4']","['DQ1', 'DQ3']","['DP1', 'DP1']","['DP2', 'DP1']",Bw6/Bw6,nan,R2278,A,POS,Kidney,68,Gothenburg,Sweden,21,"['A*01', 'A*02']","['B*08', 'B*07']","['C*04', 'C*03']","['DRB1*03', 'DRB1*15']","['DQA1*02:01', 'DQA1*01:02']","['DQB1*05', 'DQB1*05']","['DPA1*01', 'DPA1*01']","['DPB1*04', 'DPB1*03']","['A1', 'A2']","['B8', 'B7']","['Cw4', 'Cw3']","['DR3', 'DR2']","['DQ2', 'DQ1']","['DQ1', 'DQ1']","['DP1', 'DP1']","['DP4', 'DP3']",Bw6/Bw6,[],0.0,0.85,nan,0,0
265,D0383_LK,kidney,False,AllocationPriority.PAYBACK,D0383,O,POS,KD,50,Stockholm,Sweden,265,"['A*01', 'A*24']","['B*27', 'B*44']","['C*04', 'C*03']","['DRB1*08', 'DRB1*04']","['DQA1*05:01', 'DQA1*03:01']","['DQB1*03', 'DQB1*03']","['DPA1*01', 'DPA1*01']","['DPB1*02', 'DPB1*04']","['A1', 'A9']","['B27', 'B12']","['Cw4', 'Cw3']","['DR8', 'DR4']","['DQ1', 'DQ3']","['DQ3', 'DQ3']","['DP1', 'DP1']","['DP2', 'DP4']",Bw6/Bw6,nan,R0046,O,POS,Kidney,50,Uppsala,Sweden,0,"['A*02', 'A*01']","['B*39', 'B*44']","['C*02', 'C*07']","['DRB1*04', 'DRB1*08']","['DQA1*01:02', 'DQA1*05:01']","['DQB1*06', 'DQB1*06']","['DPA1*01', 'DPA1*01']","['DPB1*03', 'DPB1*04']","['A2', 'A1']","['B16', 'B12']","['Cw2', 'Cw7']","['DR4', 'DR8']","['DQ1', 'DQ1']","['DQ1', 'DQ1']","['DP1', 'DP1']","['DP3', 'DP4']",Bw4/Bw4,[],0.0,0.41,nan,0,2
265,D0381_RK,kidney,True,AllocationPriority.PRIORITY_7,D0381,A,NEG,KD,59,Oslo,Norway,265,"['A*02', 'A*26']","['B*07', 'B*27']","['C*07', 'C*05']","['DRB1*03', 'DRB1*01']","['DQA1*03:01', 'DQA1*03:01']","['DQB1*06', 'DQB1*02']","['DPA1*01', 'DPA1*01']","['DPB1*04', 'DPB1*04']","['A2', 'A10']","['B7', 'B27']","['Cw7', 'Cw5']","['DR3', 'DR1']","['DQ3', 'DQ3']","['DQ1', 'DQ2']","['DP1', 'DP1']","['DP4', 'DP4']",Bw4/Bw4,nan,R1793,A,POS,Kidney,72,Gothenburg,Sweden,0,"['A*02', 'A*26']","['B*51', 'B*27']","['C*06', 'C*07']","['DRB1*03', 'DRB1*01']","['DQA1*05:01', 'DQA1*01:03']","['DQB1*06', 'DQB1*04']","['DPA1*01', 'DPA1*01']","['DPB1*04', 'DPB1*16']","['A2', 'A10']","['B5', 'B27']","['Cw6', 'Cw7']","['DR3', 'DR1']","['DQ1', 'DQ1']","['DQ1', 'DQ4']","['DP1', 'DP1']","['DP4', 'DP16']",Bw6/Bw6,[],0.0,0.85,nan,0,1,1,255.07748105944097,0.8333333333333334,0.9531296259301052,647.5445265156868
265,D0382_RK,kidney,True,AllocationPriority.PRIORITY_7,D0382,A,POS,KD,58,Helsinki,Finland,265,"['A*02', 'A*02']","['B*07', 'B*08']","['C*02', 'C*07']","['DRB1*15', 'DRB1*03']","['DQA1*04:01', 'DQA1*04:01']","['DQB1*06', 'DQB1*03']","['DPA1*01', 'DPA1*01']","['DPB1*02', 'DPB1*01']","['A2', 'A2']","['B7', 'B8']","['Cw2', 'Cw7']","['DR2', 'DR3']","['DQ4', 'DQ4']","['DQ1', 'DQ3']","['DP1', 'DP1']","['DP2', 'DP1']",Bw6/Bw6,nan,R2827,A,POS,Kidney,76,Gothenburg,Sweden,193,"['A*11', 'A*02']","['B*07', 'B*08']","['C*03', 'C*07']","['DRB1*15', 'DRB1*03']","['DQA1*05:01', 'DQA1*01:01']","['DQB1*03', 'DQB1*02']","['DPA1*02:02', 'DPA1*01']","['DPB1*04', 'DPB1*03']","['A11', 'A2']","['B7', 'B8']","['Cw3', 'Cw7']","['DR2', 'DR3']","['DQ1', 'DQ1']","['DQ3', 'DQ2']","['DP2', 'DP1']","['DP4', 'DP3']",Bw6/Bw6,[],0.0,0.85,nan,0,0,0,790.7219255251106,1.0,0.8547051967084739,673.4420313082057
265,D0383_RK,kidney,True,AllocationPriority.PAYBACK,D0383,O,POS,KD,50,Stockholm,Sweden,265,"['A*01', 'A*24']","['B*27', 'B*44']","['C*04', 'C*03']","['DRB1*08', 'DRB1*04']","['DQA1*05:01', 'DQA1*03:01']","['DQB1*03', 'DQB1*03']","['DPA1*01', 'DPA1*01']","['DPB1*02', 'DPB1*04']","['A1', 'A9']","['B27', 'B12']","['Cw4', 'Cw3']","['DR8', 'DR4']","['DQ1', 'DQ3']","['DQ3', 'DQ3']","['DP1', 'DP1']","['DP2', 'DP4']",Bw6/Bw6,nan,R1098,O,POS,Kidney,88,Aarhus,Denmark,0,"['A*25', 'A*01']","['B*27', 'B*15']","['C*07', 'C*03']","['DRB1*08', 'DRB1*04']","['DQA1*01:02', 'DQA1*01:02']","['DQB1*03', 'DQB1*02']","['DPA1*01', 'DPA1*01']","['DPB1*04', 'DPB1*02']","['A10', 'A1']","['B27', 'B15']","['Cw7', 'Cw3']","['DR8', 'DR4']","['DQ1', 'DQ1']","['DQ3', 'DQ2']","['DP1', 'DP1']","['DP4', 'DP2']",Bw6/Bw6,[],0.0,0.41,nan,0,2
266,D0384_LK,kidney,False,AllocationPriority.LOCAL,D0384,A,POS,KD,62,Oslo,Norway,266,"['A*31', 'A*24']","['B*35', 'B*35']","['C*07', 'C*08']","['DRB1*04', 'DRB1*03']","['DQA1*01:02', 'DQA1*01:03']","['DQB1*05', 'DQB1*04']","['DPA1*01', 'DPA1*01']","['DPB1*04', 'DPB1*04']","['A19', 'A9']","['B35', 'B35']","['Cw7', 'Cw8']","['DR4', 'DR3']","['DQ1', 'DQ1']","['DQ1', 'DQ4']","['DP1', 'DP1']","['DP4', 'DP4']",Bw4/Bw4,nan,R1403,A,POS,Kidney,74,Oslo,Norway,0,"['A*02', 'A*03']","['B*08', 'B*35']","['C*12', 'C*07']","['DRB1*04', 'DRB1*03']","['DQA1*03:01', 'DQA1*05:01']","['DQB1*05', 'DQB1*03']","['DPA1*01', 'DPA1*02:02']","['DPB1*01', 'DPB1*02']","['A2', 'A3']","['B8', 'B35']","['Cw12', 'Cw7']","['DR4', 'DR3']","['DQ3', 'DQ1']","['DQ1', 'DQ3']","['DP1', 'DP2']","['DP1', 'DP2']",Bw6/Bw6,"['A*74', 'DPB1*09', 'DPB1*35', 'A*26', 'A*69', 'B*47', 'DPB1*03', 'C*17', 'DRB1*15']",0.3083,0.5879449999999999,nan,0,2
266,D0384_RK,kidney,True,AllocationPriority.PRIORITY_7,D0384,A,POS,KD,62,Oslo,Norway,266,"['A*31', 'A*24']","['B*35', 'B*35']","['C*07', 'C*08']","['DRB1*04', 'DRB1*03']","['DQA1*01:02', 'DQA1*01:03']","['DQB1*05', 'DQB1*04']","['DPA1*01', 'DPA1*01']","['DPB1*04', 'DPB1*04']","['A19', 'A9']","['B35', 'B35']","['Cw7', 'Cw8']","['DR4', 'DR3']","['DQ1', 'DQ1']","['DQ1', 'DQ4']","['DP1', 'DP1']","['DP4', 'DP4']",Bw4/Bw4,nan,R1752,A,POS,Kidney,80,Helsinki,Finland,0,"['A*24', 'A*02']","['B*13', 'B*35']","['C*05', 'C*05']","['DRB1*03', 'DRB1*04']","['DQA1*03:01', 'DQA1*04:01']","['DQB1*03', 'DQB1*03']","['DPA1*01', 'DPA1*01']","['DPB1*04', 'DPB1*04']","['A9', 'A2']","['B13', 'B35']","['Cw5', 'Cw5']","['DR3', 'DR4']","['DQ3', 'DQ4']","['DQ3', 'DQ3']","['DP1', 'DP1']","['DP4', 'DP4']",Bw4/Bw4,[],0.0,0.85,nan,0,1,1,786.5519919158309,0.8333333333333334,0.8554714201606649,612.5385031123888
267,D0385_LK,kidney,False,AllocationPriority.LOCAL,D0385,O,NEG,KD,54,Oslo,Norway,267,"['A*68', 'A*24']","['B*08', 'B*18']","['C*07', 'C*07']","['DRB1*13', 'DRB1*13']","['DQA1*05:01', 'DQA1*05:01']","['DQB1*02', 'DQB1*06']","['DPA1*01', 'DPA1*02:02']","['DPB1*03', 'DPB1*02']","['A28', 'A9']","['B8', 'B18']","['Cw7', 'Cw7']","['DR6', 'DR6']","['DQ1', 'DQ1']","['DQ2', 'DQ1']","['DP1', 'DP2']","['DP3', 'DP2']",Bw4/Bw6,nan,R0615,O,NEG,Kidney,52,Oslo,Norway,0,"['A*02', 'A*24']","['B*08', 'B*18']","['C*03', 'C*03']","['DRB1*15', 'DRB1*13']","['DQA1*03:01', 'DQA1*03:01']","['DQB1*06', 'DQB1*03']","['DPA1*02:02', 'DPA1*01']","['DPB1*03', 'DPB1*04']","['A2', 'A9']","['B8', 'B18']","['Cw3', 'Cw3']","['DR2', 'DR6']","['DQ3', 'DQ3']","['DQ1', 'DQ3']","['DP2', 'DP1']","['DP3', 'DP4']",Bw4/Bw6,[],0.0,0.41,nan,0,1
267,D0386_LK,kidney,False,AllocationPriority.PAYBACK,D0386,B,POS,KD,83,Helsinki,Finland,267,"['A*02', 'A*24']","['B*08', 'B*08']","['C*01', 'C*07']","['DRB1*01', 'DRB1*03']","['DQA1*03:01', 'DQA1*02:01']","['DQB1*06', 'DQB1*02']","['DPA1*01', 'DPA1*02:02']","['DPB1*10', 'DPB1*04']","['A2', 'A9']","['B8', 'B8']","['Cw1', 'Cw7']","['DR1', 'DR3']","['DQ3', 'DQ2']","['DQ1', 'DQ2']","['DP1', 'DP2']","['DP10', 'DP4']",Bw4/Bw6,nan,R2765,B,POS,Kidney,72,Oslo,Norway,175,"['A*02', 'A*02']","['B*08', 'B*35']","['C*08', 'C*02']","['DRB1*03', 'DRB1*01']","['DQA1*01:03', 'DQA1*01:03']","['DQB1*03', 'DQB1*03']","['DPA1*01', 'DPA1*01']","['DPB1*02', 'DPB1*04']","['A2', 'A2']","['B8', 'B35']","['Cw8', 'Cw2']","['DR3', 'DR1']","['DQ1', 'DQ1']","['DQ3', 'DQ3']","['DP1', 'DP1']","['DP2', 'DP4']",Bw6/Bw6,[],0.0,0.52,nan,0,1
267,D0385_RK,kidney,True,AllocationPriority.PRIORITY_7,D0385,O,NEG,KD,54,Oslo,Norway,267,"['A*68', 'A*24']","['B*08', 'B*18']","['C*07', 'C*07']","['DRB1*13', 'DRB1*13']","['DQA1*05:01', 'DQA1*05:01']","['DQB1*02', 'DQB1*06']","['DPA1*01', 'DPA1*02:02']","['DPB1*03', 'DPB1*02']","['A28', 'A9']","['B8', 'B18']","['Cw7', 'Cw7']","['DR6', 'DR6']","['DQ1', 'DQ1']","['DQ2', 'DQ1']","['DP1', 'DP2']","['DP3', 'DP2']",Bw4/Bw6,nan,R0552,O,NEG,Kidney,71,Oslo,Norway,0,"['A*02', 'A*02']","['B*18', 'B*08']","['C*02', 'C*02']","['DRB1*04', 'DRB1*13']","['DQA1*03:01', 'DQA1*03:01']","['DQB1*03', 'DQB1*02']","['DPA1*01', 'DPA1*02:02']","['DPB1*03', 'DPB1*04']","['A2', 'A2']","['B18', 'B8']","['Cw2', 'Cw2']","['DR4', 'DR6']","['DQ3', 'DQ3']","['DQ3', 'DQ2']","['DP1', 'DP2']","['DP3', 'DP4']",Bw6/Bw6,[],0.0,0.41,nan,0,2,2,0.0,0.6666666666666667,1.0,603.1672386167969
267,D0386_RK,kidney,True,AllocationPriority.PAYBACK,D0386,B,POS,KD,83,Helsinki,Finland,267,"['A*02', 'A*24']","['B*08', 'B*08']","['C*01', 'C*07']","['DRB1*01', 'DRB1*03']","['DQA1*03:01', 'DQA1*02:01']","['DQB1*06', 'DQB1*02']","['DPA1*01', 'DPA1*02:02']","['DPB1*10', 'DPB1*04']","['A2', 'A9']","['B8', 'B8']","['Cw1', 'Cw7']","['DR1', 'DR3']","['DQ3', 'DQ2']","['DQ1', 'DQ2']","['DP1', 'DP2']","['DP10', 'DP4']",Bw4/Bw6,nan,R0362,B,POS,Kidney,82,Oslo,Norway,0,"['A*02', 'A*02']","['B*13', 'B*27']","['C*07', 'C*08']","['DRB1*03', 'DRB1*01']","['DQA1*03:01', 'DQA1*01:03']","['DQB1*03', 'DQB1*06']","['DPA1*02:02', 'DPA1*01']","['DPB1*04', 'DPB1*04']","['A2', 'A2']","['B13', 'B27']","['Cw7', 'Cw8']","['DR3', 'DR1']","['DQ3', 'DQ1']","['DQ3', 'DQ1']","['DP2', 'DP1']","['DP4', 'DP4']",Bw4/Bw4,[],0.0,0.52,nan,0,3
268,D0387_LK,kidney,False,AllocationPriority.LOCAL,D0387,A,POS,KD,36,Gothenburg,Sweden,268,"['A*03', 'A*24']","['B*18', 'B*18']","['C*03', 'C*03']","['DRB1*15', 'DRB1*07']","['DQA1*01:02', 'DQA1*01:02']","['DQB1*03', 'DQB1*03']","['DPA1*01', 'DPA1*01']","['DPB1*03', 'DPB1*04']","['A3', 'A9']","['B18', 'B18']","['Cw3', 'Cw3']","['DR2', 'DR7']","['DQ1', 'DQ1']","['DQ3', 'DQ3']","['DP1', 'DP1']","['DP3', 'DP4']",Bw4/Bw6,nan,R1427,A,POS,Kidney,54,Gothenburg,Sweden,0,"['A*24', 'A*11']","['B*40', 'B*40']","['C*03', 'C*07']","['DRB1*15', 'DRB1*07']","['DQA1*05:01', 'DQA1*01:01']","['DQB1*03', 'DQB1*05']","['DPA1*01', 'DPA1*01']","['DPB1*03', 'DPB1*04']","['A9', 'A11']","['B40', 'B40']","['Cw3', 'Cw7']","['DR2', 'DR7']","['DQ1', 'DQ1']","['DQ3', 'DQ1']","['DP1', 'DP1']","['DP3', 'DP4']",Bw4/Bw6,[],0.0,0.85,nan,0,3
268,D0388_LK,kidney,False,AllocationPriority.LOCAL,D0388,O,POS,KD,28,Oslo,Norway,268,"['A*02', 'A*02']","['B*51', 'B*07']","['C*16', 'C*04']","['DRB1*15', 'DRB1*13']","['DQA1*03:01', 'DQA1*03:01']","['DQB1*06', 'DQB1*06']","['DPA1*01', 'DPA1*02:02']","['DPB1*16', 'DPB1*03']","['A2', 'A2']","['B5', 'B7']","['Cw16', 'Cw4']","['DR2', 'DR6']","['DQ3', 'DQ3']","['DQ1', 'DQ1']","['DP1', 'DP2']","['DP16', 'DP3']",Bw4/Bw6,nan,R2228,O,POS,Kidney,79,Oslo,Norway,7,"['A*01', 'A*02']","['B*07', 'B*07']","['C*03', 'C*03']","['DRB1*13', 'DRB1*15']","['DQA1*05:01', 'DQA1*01:01']","['DQB1*03', 'DQB1*03']","['DPA1*02:02', 'DPA1*01']","['DPB1*04', 'DPB1*04']","['A1', 'A2']","['B7', 'B7']","['Cw3', 'Cw3']","['DR6', 'DR2']","['DQ1', 'DQ1']","['DQ3', 'DQ3']","['DP2', 'DP1']","['DP4', 'DP4']",Bw6/Bw6,[],0.0,0.41,nan,0,1
268,D0389_LK,kidney,False,AllocationPriority.LOCAL,D0389,A,POS,KD,21,Gothenburg,Sweden,268,"['A*02', 'A*02']","['B*57', 'B*07']","['C*01', 'C*03']","['DRB1*09', 'DRB1*04']","['DQA1*01:02', 'DQA1*05:01']","['DQB1*06', 'DQB1*06']","['DPA1*02:02', 'DPA1*02:02']","['DPB1*04', 'DPB1*04']","['A2', 'A2']","['B17', 'B7']","['Cw1', 'Cw3']","['DR9', 'DR4']","['DQ1', 'DQ1']","['DQ1', 'DQ1']","['DP2', 'DP2']","['DP4', 'DP4']",Bw4/Bw6,nan,R3036,A,POS,Kidney,67,Gothenburg,Sweden,257,"['A*02', 'A*02']","['B*08', 'B*44']","['C*12', 'C*12']","['DRB1*04', 'DRB1*09']","['DQA1*01:02', 'DQA1*01:01']","['DQB1*02', 'DQB1*05']","['DPA1*01', 'DPA1*01']","['DPB1*04', 'DPB1*04']","['A2', 'A2']","['B8', 'B12']","['Cw12', 'Cw12']","['DR4', 'DR9']","['DQ1', 'DQ1']","['DQ2', 'DQ1']","['DP1', 'DP1']","['DP4', 'DP4']",Bw4/Bw6,[],0.0,0.85,nan,0,2
268,D0387_RK,kidney,True,AllocationPriority.PRIORITY_7,D0387,A,POS,KD,36,Gothenburg,Sweden,268,"['A*03', 'A*24']","['B*18', 'B*18']","['C*03', 'C*03']","['DRB1*15', 'DRB1*07']","['DQA1*01:02', 'DQA1*01:02']","['DQB1*03', 'DQB1*03']","['DPA1*01', 'DPA1*01']","['DPB1*03', 'DPB1*04']","['A3', 'A9']","['B18', 'B18']","['Cw3', 'Cw3']","['DR2', 'DR7']","['DQ1', 'DQ1']","['DQ3', 'DQ3']","['DP1', 'DP1']","['DP3', 'DP4']",Bw4/Bw6,nan,R2716,A,POS,Kidney,90,Copenhagen,Denmark,159,"['A*31', 'A*24']","['B*18', 'B*18']","['C*06', 'C*04']","['DRB1*07', 'DRB1*15']","['DQA1*01:01', 'DQA1*05:01']","['DQB1*03', 'DQB1*06']","['DPA1*01', 'DPA1*01']","['DPB1*04', 'DPB1*04']","['A19', 'A9']","['B18', 'B18']","['Cw6', 'Cw4']","['DR7', 'DR2']","['DQ1', 'DQ1']","['DQ3', 'DQ1']","['DP1', 'DP1']","['DP4', 'DP4']",Bw4/Bw4,[],0.0,0.85,nan,0,1,1,228.9232004239295,0.8333333333333334,0.9579354634027974,649.267200588142
268,D0388_RK,kidney,True,AllocationPriority.PRIORITY_7,D0388,O,POS,KD,28,Oslo,Norway,268,"['A*02', 'A*02']","['B*51', 'B*07']","['C*16', 'C*04']","['DRB1*15', 'DRB1*13']","['DQA1*03:01', 'DQA1*03:01']","['DQB1*06', 'DQB1*06']","['DPA1*01', 'DPA1*02:02']","['DPB1*16', 'DPB1*03']","['A2', 'A2']","['B5', 'B7']","['Cw16', 'Cw4']","['DR2', 'DR6']","['DQ3', 'DQ3']","['DQ1', 'DQ1']","['DP1', 'DP2']","['DP16', 'DP3']",Bw4/Bw6,nan,R2431,O,POS,Kidney,90,Oslo,Norway,67,"['A*29', 'A*02']","['B*07', 'B*08']","['C*07', 'C*07']","['DRB1*15', 'DRB1*13']","['DQA1*05:01', 'DQA1*03:01']","['DQB1*03', 'DQB1*04']","['DPA1*01', 'DPA1*01']","['DPB1*04', 'DPB1*04']","['A19', 'A2']","['B7', 'B8']","['Cw7', 'Cw7']","['DR2', 'DR6']","['DQ1', 'DQ3']","['DQ3', 'DQ4']","['DP1', 'DP1']","['DP4', 'DP4']",Bw4/Bw6,[],0.0,0.41,nan,0,1,1,0.0,0.8333333333333334,1.0,664.345423057711
268,D0389_RK,kidney,True,AllocationPriority.PRIORITY_7,D0389,A,POS,KD,21,Gothenburg,Sweden,268,"['A*02', 'A*02']","['B*57', 'B*07']","['C*01', 'C*03']","['DRB1*09', 'DRB1*04']","['DQA1*01:02', 'DQA1*05:01']","['DQB1*06', 'DQB1*06']","['DPA1*02:02', 'DPA1*02:02']","['DPB1*04', 'DPB1*04']","['A2', 'A2']","['B17', 'B7']","['Cw1', 'Cw3']","['DR9', 'DR4']","['DQ1', 'DQ1']","['DQ1', 'DQ1']","['DP2', 'DP2']","['DP4', 'DP4']",Bw4/Bw6,nan,R1787,A,POS,Kidney,86,Gothenburg,Sweden,0,"['A*02', 'A*02']","['B*07', 'B*57']","['C*17', 'C*07']","['DRB1*04', 'DRB1*01']","['DQA1*05:01', 'DQA1*01:01']","['DQB1*03', 'DQB1*03']","['DPA1*01', 'DPA1*01']","['DPB1*04', 'DPB1*04']","['A2', 'A2']","['B7', 'B17']","['Cw17', 'Cw7']","['DR4', 'DR1']","['DQ1', 'DQ1']","['DQ3', 'DQ3']","['DP1', 'DP1']","['DP4', 'DP4']",Bw4/Bw6,"['B*45', 'A*01', 'DQA1*02:01']",0.2837,0.6088549999999999,nan,1,0,1,0.0,0.8333333333333334,1.0,664.345423057711
269,D0390_LK,kidney,False,AllocationPriority.PAYBACK,D0390,O,POS,KD,62,Aarhus,Denmark,269,"['A*02', 'A*02']","['B*40', 'B*27']","['C*07', 'C*03']","['DRB1*04', 'DRB1*15']","['DQA1*01:02', 'DQA1*01:01']","['DQB1*03', 'DQB1*03']","['DPA1*01', 'DPA1*01']","['DPB1*04', 'DPB1*04']","['A2', 'A2']","['B40', 'B27']","['Cw7', 'Cw3']","['DR4', 'DR2']","['DQ1', 'DQ1']","['DQ3', 'DQ3']","['DP1', 'DP1']","['DP4', 'DP4']",Bw4/Bw6,nan,R1706,O,POS,Kidney,73,Tartu,Estonia,0,"['A*02', 'A*02']","['B*18', 'B*40']","['C*03', 'C*07']","['DRB1*15', 'DRB1*04']","['DQA1*01:02', 'DQA1*02:01']","['DQB1*03', 'DQB1*06']","['DPA1*02:02', 'DPA1*02:02']","['DPB1*04', 'DPB1*06']","['A2', 'A2']","['B18', 'B40']","['Cw3', 'Cw7']","['DR2', 'DR4']","['DQ1', 'DQ2']","['DQ3', 'DQ1']","['DP2', 'DP2']","['DP4', 'DP6']",Bw6/Bw6,[],0.0,0.41,nan,0,1
269,D0391_LK,kidney,False,AllocationPriority.LOCAL,D0391,B,POS,KD,50,Helsinki,Finland,269,"['A*01', 'A*24']","['B*08', 'B*08']","['C*05', 'C*04']","['DRB1*04', 'DRB1*01']","['DQA1*05:01', 'DQA1*01:01']","['DQB1*02', 'DQB1*03']","['DPA1*01', 'DPA1*02:02']","['DPB1*04', 'DPB1*01']","['A1', 'A9']","['B8', 'B8']","['Cw5', 'Cw4']","['DR4', 'DR1']","['DQ1', 'DQ1']","['DQ2', 'DQ3']","['DP1', 'DP2']","['DP4', 'DP1']",Bw4/Bw6,nan,R0828,B,POS,Kidney,78,Helsinki,Finland,0,"['A*02', 'A*02']","['B*44', 'B*08']","['C*15', 'C*03']","['DRB1*01', 'DRB1*15']","['DQA1*01:02', 'DQA1*01:01']","['DQB1*02', 'DQB1*03']","['DPA1*01', 'DPA1*01']","['DPB1*01', 'DPB1*04']","['A2', 'A2']","['B12', 'B8']","['Cw15', 'Cw3']","['DR1', 'DR2']","['DQ1', 'DQ1']","['DQ2', 'DQ3']","['DP1', 'DP1']","['DP1', 'DP4']",Bw4/Bw6,[],0.0,0.52,nan,1,2
269,D0392_LK,kidney,False,AllocationPriority.PAYBACK,D0392,A,POS,KD,59,Uppsala,Sweden,269,"['A*01', 'A*02']","['B*07', 'B*15']","['C*05', 'C*03']","['DRB1*13', 'DRB1*12']","['DQA1*03:01', 'DQA1*02:01']","['DQB1*04', 'DQB1*06']","['DPA1*01', 'DPA1*01']","['DPB1*04', 'DPB1*03']","['A1', 'A2']","['B7', 'B15']","['Cw5', 'Cw3']","['DR6', 'DR5']","['DQ3', 'DQ2']","['DQ4', 'DQ1']","['DP1', 'DP1']","['DP4', 'DP3']",Bw4/Bw6,nan,R0452,A,POS,Kidney,66,Gothenburg,Sweden,0,"['A*02', 'A*02']","['B*07', 'B*15']","['C*07', 'C*03']","['DRB1*13', 'DRB1*11']","['DQA1*02:01', 'DQA1*03:01']","['DQB1*02', 'DQB1*06']","['DPA1*01', 'DPA1*01']","['DPB1*20', 'DPB1*02']","['A2', 'A2']","['B7', 'B15']","['Cw7', 'Cw3']","['DR6', 'DR5']","['DQ2', 'DQ3']","['DQ2', 'DQ1']","['DP1', 'DP1']","['DP20', 'DP2']",Bw4/Bw6,[],0.0,0.85,nan,0,1
269,D0393_LK,kidney,False,AllocationPriority.PAYBACK,D0393,O,POS,KD,59,Helsinki,Finland,269,"['A*01', 'A*01']","['B*07', 'B*44']","['C*06', 'C*07']","['DRB1*04', 'DRB1*15']","['DQA1*02:01', 'DQA1*01:03']","['DQB1*03', 'DQB1*06']","['DPA1*01', 'DPA1*01']","['DPB1*05', 'DPB1*04']","['A1', 'A1']","['B7', 'B12']","['Cw6', 'Cw7']","['DR4', 'DR2']","['DQ2', 'DQ1']","['DQ3', 'DQ1']","['DP1', 'DP1']","['DP5', 'DP4']",Bw4/Bw6,nan,R0011,O,POS,Kidney,52,Copenhagen,Denmark,0,"['A*03', 'A*01']","['B*07', 'B*35']","['C*12', 'C*07']","['DRB1*04', 'DRB1*15']","['DQA1*01:02', 'DQA1*05:01']","['DQB1*06', 'DQB1*02']","['DPA1*01', 'DPA1*01']","['DPB1*09', 'DPB1*04']","['A3', 'A1']","['B7', 'B35']","['Cw12', 'Cw7']","['DR4', 'DR2']","['DQ1', 'DQ1']","['DQ1', 'DQ2']","['DP1', 'DP1']","['DP9', 'DP4']",Bw6/Bw6,"['DPB1*13', 'B*13', 'DPB1*15', 'DQA1*06:01', 'C*15', 'A*23', 'DPB1*17', 'DPB1*03', 'DQB1*05']",0.3147,0.280973,nan,0,1
269,D0394_LK,kidney,False,AllocationPriority.PAYBACK,D0394,O,POS,KD,61,Uppsala,Sweden,269,"['A*01', 'A*24']","['B*08', 'B*44']","['C*07', 'C*07']","['DRB1*13', 'DRB1*04']","['DQA1*01:01', 'DQA1*02:01']","['DQB1*04', 'DQB1*02']","['DPA1*02:02', 'DPA1*01']","['DPB1*01', 'DPB1*04']","['A1', 'A9']","['B8', 'B12']","['Cw7', 'Cw7']","['DR6', 'DR4']","['DQ1', 'DQ2']","['DQ4', 'DQ2']","['DP2', 'DP1']","['DP1', 'DP4']",Bw4/Bw4,nan,R0917,O,POS,Kidney,90,Odense,Denmark,0,"['A*01', 'A*25']","['B*44', 'B*08']","['C*08', 'C*07']","['DRB1*04', 'DRB1*13']","['DQA1*05:01', 'DQA1*03:01']","['DQB1*06', 'DQB1*06']","['DPA1*01', 'DPA1*01']","['DPB1*04', 'DPB1*02']","['A1', 'A10']","['B12', 'B8']","['Cw8', 'Cw7']","['DR4', 'DR6']","['DQ1', 'DQ3']","['DQ1', 'DQ1']","['DP1', 'DP1']","['DP4', 'DP2']",Bw4/Bw4,[],0.0,0.41,nan,0,1
269,D0390_RK,kidney,True,AllocationPriority.PAYBACK,D0390,O,POS,KD,62,Aarhus,Denmark,269,"['A*02', 'A*02']","['B*40', 'B*27']","['C*07', 'C*03']","['DRB1*04', 'DRB1*15']","['DQA1*01:02', 'DQA1*01:01']","['DQB1*03', 'DQB1*03']","['DPA1*01', 'DPA1*01']","['DPB1*04', 'DPB1*04']","['A2', 'A2']","['B40', 'B27']","['Cw7', 'Cw3']","['DR4', 'DR2']","['DQ1', 'DQ1']","['DQ3', 'DQ3']","['DP1', 'DP1']","['DP4', 'DP4']",Bw4/Bw6,nan,R1804,O,NEG,Kidney,86,Skane,Sweden,0,"['A*23', 'A*02']","['B*27', 'B*07']","['C*08', 'C*16']","['DRB1*04', 'DRB1*15']","['DQA1*01:03', 'DQA1*02:01']","['DQB1*03', 'DQB1*06']","['DPA1*01', 'DPA1*01']","['DPB1*04', 'DPB1*04']","['A9', 'A2']","['B27', 'B7']","['Cw8', 'Cw16']","['DR4', 'DR2']","['DQ1', 'DQ2']","['DQ3', 'DQ1']","['DP1', 'DP1']","['DP4', 'DP4']",Bw4/Bw4,[],0.0,0.41,nan,0,1
269,D0391_RK,kidney,True,AllocationPriority.PRIORITY_7,D0391,B,POS,KD,50,Helsinki,Finland,269,"['A*01', 'A*24']","['B*08', 'B*08']","['C*05', 'C*04']","['DRB1*04', 'DRB1*01']","['DQA1*05:01', 'DQA1*01:01']","['DQB1*02', 'DQB1*03']","['DPA1*01', 'DPA1*02:02']","['DPB1*04', 'DPB1*01']","['A1', 'A9']","['B8', 'B8']","['Cw5', 'Cw4']","['DR4', 'DR1']","['DQ1', 'DQ1']","['DQ2', 'DQ3']","['DP1', 'DP2']","['DP4', 'DP1']",Bw4/Bw6,nan,R1060,B,POS,Kidney,34,Skane,Sweden,0,"['A*33', 'A*24']","['B*07', 'B*08']","['C*07', 'C*05']","['DRB1*04', 'DRB1*03']","['DQA1*05:01', 'DQA1*05:01']","['DQB1*02', 'DQB1*05']","['DPA1*01', 'DPA1*01']","['DPB1*04', 'DPB1*04']","['A19', 'A9']","['B7', 'B8']","['Cw7', 'Cw5']","['DR4', 'DR3']","['DQ1', 'DQ1']","['DQ2', 'DQ1']","['DP1', 'DP1']","['DP4', 'DP4']",Bw4/Bw4,"['DQA1*01:03', 'DRB1*14', 'A*66', 'DPB1*05', 'DRB1*12', 'DQA1*04:01', 'B*55', 'DRB1*07', 'B*57']",0.316,0.35568,nan,1,1,2,866.8707084757625,0.6666666666666667,0.8407128915977277,546.0700576821203
269,D0392_RK,kidney,True,AllocationPriority.PAYBACK,D0392,A,POS,KD,59,Uppsala,Sweden,269,"['A*01', 'A*02']","['B*07', 'B*15']","['C*05', 'C*03']","['DRB1*13', 'DRB1*12']","['DQA1*03:01', 'DQA1*02:01']","['DQB1*04', 'DQB1*06']","['DPA1*01', 'DPA1*01']","['DPB1*04', 'DPB1*03']","['A1', 'A2']","['B7', 'B15']","['Cw5', 'Cw3']","['DR6', 'DR5']","['DQ3', 'DQ2']","['DQ4', 'DQ1']","['DP1', 'DP1']","['DP4', 'DP3']",Bw4/Bw6,nan,R2998,A,POS,Kidney,88,Odense,Denmark,246,"['A*01', 'A*02']","['B*07', 'B*07']","['C*07', 'C*03']","['DRB1*13', 'DRB1*11']","['DQA1*02:01', 'DQA1*02:01']","['DQB1*06', 'DQB1*03']","['DPA1*02:02', 'DPA1*01']","['DPB1*10', 'DPB1*04']","['A1', 'A2']","['B7', 'B7']","['Cw7', 'Cw3']","['DR6', 'DR5']","['DQ2', 'DQ2']","['DQ1', 'DQ3']","['DP2', 'DP1']","['DP10', 'DP4']",Bw6/Bw6,[],0.0,0.85,nan,0,1
269,D0393_RK,kidney,True,AllocationPriority.PRIORITY_7,D0393,O,POS,KD,59,Helsinki,Finland,269,"['A*01', 'A*01']","['B*07', 'B*44']","['C*06', 'C*07']","['DRB1*04', 'DRB1*15']","['DQA1*02:01', 'DQA1*01:03']","['DQB1*03', 'DQB1*06']","['DPA1*01', 'DPA1*01']","['DPB1*05', 'DPB1*04']","['A1', 'A1']","['B7', 'B12']","['Cw6', 'Cw7']","['DR4', 'DR2']","['DQ2', 'DQ1']","['DQ3', 'DQ1']","['DP1', 'DP1']","['DP5', 'DP4']",Bw4/Bw6,nan,R0848,O,POS,Kidney,70,Helsinki,Finland,0,"['A*01', 'A*02']","['B*44', 'B*07']","['C*05', 'C*07']","['DRB1*15', 'DRB1*15']","['DQA1*02:01', 'DQA1*01:01']","['DQB1*03', 'DQB1*03']","['DPA1*01', 'DPA1*01']","['DPB1*02', 'DPB1*04']","['A1', 'A2']","['B12', 'B7']","['Cw5', 'Cw7']","['DR2', 'DR2']","['DQ2', 'DQ1']","['DQ3', 'DQ3']","['DP1', 'DP1']","['DP2', 'DP4']",Bw4/Bw6,"['DQA1*02:01', 'DRB1*04', 'B*45', 'C*08', 'B*39', 'C*01', 'DQA1*01:02', 'DPB1*31', 'A*30']",0.6354,0.149486,nan,1,0,1,0.0,0.8333333333333334,1.0,664.345423057711
269,D0394_RK,kidney,True,AllocationPriority.PRIORITY_7,D0394,O,POS,KD,61,Uppsala,Sweden,269,"['A*01', 'A*24']","['B*08', 'B*44']","['C*07', 'C*07']","['DRB1*13', 'DRB1*04']","['DQA1*01:01', 'DQA1*02:01']","['DQB1*04', 'DQB1*02']","['DPA1*02:02', 'DPA1*01']","['DPB1*01', 'DPB1*04']","['A1', 'A9']","['B8', 'B12']","['Cw7', 'Cw7']","['DR6', 'DR4']","['DQ1', 'DQ2']","['DQ4', 'DQ2']","['DP2', 'DP1']","['DP1', 'DP4']",Bw4/Bw4,nan,R3063,O,NEG,Kidney,89,Gothenburg,Sweden,264,"['A*01', 'A*24']","['B*44', 'B*08']","['C*02', 'C*05']","['DRB1*13', 'DRB1*01']","['DQA1*01:01', 'DQA1*01:02']","['DQB1*06', 'DQB1*02']","['DPA1*02:02', 'DPA1*01']","['DPB1*13', 'DPB1*02']","['A1', 'A9']","['B12', 'B8']","['Cw2', 'Cw5']","['DR6', 'DR1']","['DQ1', 'DQ1']","['DQ1', 'DQ2']","['DP2', 'DP1']","['DP13', 'DP2']",Bw4/Bw4,[],0.0,0.41,nan,1,0,1,404.3699331806153,0.8333333333333334,0.9256972040335572,637.7112514175669
271,D0395_LK,kidney,False,AllocationPriority.PAYBACK,D0395,O,POS,KD,63,Tartu,Estonia,271,"['A*25', 'A*02']","['B*08', 'B*27']","['C*07', 'C*04']","['DRB1*15', 'DRB1*04']","['DQA1*05:01', 'DQA1*02:01']","['DQB1*05', 'DQB1*05']","['DPA1*01', 'DPA1*01']","['DPB1*02', 'DPB1*04']","['A10', 'A2']","['B8', 'B27']","['Cw7', 'Cw4']","['DR2', 'DR4']","['DQ1', 'DQ2']","['DQ1', 'DQ1']","['DP1', 'DP1']","['DP2', 'DP4']",Bw4/Bw4,nan,R0290,O,NEG,Kidney,73,Aarhus,Denmark,0,"['A*02', 'A*25']","['B*07', 'B*08']","['C*07', 'C*03']","['DRB1*04', 'DRB1*16']","['DQA1*01:03', 'DQA1*03:01']","['DQB1*03', 'DQB1*03']","['DPA1*01', 'DPA1*02:02']","['DPB1*04', 'DPB1*01']","['A2', 'A10']","['B7', 'B8']","['Cw7', 'Cw3']","['DR4', 'DR2']","['DQ1', 'DQ3']","['DQ3', 'DQ3']","['DP1', 'DP2']","['DP4', 'DP1']",Bw4/Bw6,"['B*40', 'B*47', 'DRB1*08', 'DPB1*05', 'DPB1*03', 'B*49', 'B*73', 'DPB1*09', 'DPB1*10']",0.3366,0.2719939999999999,nan,0,1
271,D0396_LK,kidney,False,AllocationPriority.LOCAL,D0396,A,POS,KD,77,Oslo,Norway,271,"['A*02', 'A*11']","['B*15', 'B*57']","['C*04', 'C*17']","['DRB1*03', 'DRB1*15']","['DQA1*03:01', 'DQA1*02:01']","['DQB1*03', 'DQB1*02']","['DPA1*01', 'DPA1*02:02']","['DPB1*04', 'DPB1*04']","['A2', 'A11']","['B15', 'B17']","['Cw4', 'Cw17']","['DR3', 'DR2']","['DQ3', 'DQ2']","['DQ3', 'DQ2']","['DP1', 'DP2']","['DP4', 'DP4']",Bw4/Bw4,nan,R0468,A,NEG,Kidney,67,Oslo,Norway,0,"['A*01', 'A*01']","['B*15', 'B*57']","['C*16', 'C*12']","['DRB1*03', 'DRB1*15']","['DQA1*03:01', 'DQA1*01:02']","['DQB1*04', 'DQB1*05']","['DPA1*02:02', 'DPA1*01']","['DPB1*03', 'DPB1*04']","['A1', 'A1']","['B15', 'B17']","['Cw16', 'Cw12']","['DR3', 'DR2']","['DQ3', 'DQ1']","['DQ4', 'DQ1']","['DP2', 'DP1']","['DP3', 'DP4']",Bw4/Bw4,"['DRB1*12', 'B*37', 'B*55', 'DPB1*20', 'DPB1*15', 'DRB1*14']",0.086,0.7769,nan,0,2
271,D0395_RK,kidney,True,AllocationPriority.PRIORITY_7,D0395,O,POS,KD,63,Tartu,Estonia,271,"['A*25', 'A*02']","['B*08', 'B*27']","['C*07', 'C*04']","['DRB1*15', 'DRB1*04']","['DQA1*05:01', 'DQA1*02:01']","['DQB1*05', 'DQB1*05']","['DPA1*01', 'DPA1*01']","['DPB1*02', 'DPB1*04']","['A10', 'A2']","['B8', 'B27']","['Cw7', 'Cw4']","['DR2', 'DR4']","['DQ1', 'DQ2']","['DQ1', 'DQ1']","['DP1', 'DP1']","['DP2', 'DP4']",Bw4/Bw4,nan,R2829,O,POS,Kidney,76,Stockholm,Sweden,195,"['A*02', 'A*25']","['B*08', 'B*27']","['C*03', 'C*07']","['DRB1*08', 'DRB1*15']","['DQA1*05:01', 'DQA1*04:01']","['DQB1*02', 'DQB1*05']","['DPA1*01', 'DPA1*01']","['DPB1*04', 'DPB1*04']","['A2', 'A10']","['B8', 'B27']","['Cw3', 'Cw7']","['DR8', 'DR2']","['DQ1', 'DQ4']","['DQ2', 'DQ1']","['DP1', 'DP1']","['DP4', 'DP4']",Bw4/Bw4,[],0.0,0.41,nan,1,0,1,508.81373983816144,0.8333333333333334,0.9065057008597345,630.8319707267729
271,D0396_RK,kidney,True,AllocationPriority.PRIORITY_7,D0396,A,POS,KD,77,Oslo,Norway,271,"['A*02', 'A*11']","['B*15', 'B*57']","['C*04', 'C*17']","['DRB1*03', 'DRB1*15']","['DQA1*03:01', 'DQA1*02:01']","['DQB1*03', 'DQB1*02']","['DPA1*01', 'DPA1*02:02']","['DPB1*04', 'DPB1*04']","['A2', 'A11']","['B15', 'B17']","['Cw4', 'Cw17']","['DR3', 'DR2']","['DQ3', 'DQ2']","['DQ3', 'DQ2']","['DP1', 'DP2']","['DP4', 'DP4']",Bw4/Bw4,nan,R2954,A,POS,Kidney,69,Oslo,Norway,231,"['A*11', 'A*02']","['B*07', 'B*35']","['C*12', 'C*05']","['DRB1*15', 'DRB1*03']","['DQA1*05:01', 'DQA1*01:03']","['DQB1*06', 'DQB1*05']","['DPA1*01', 'DPA1*01']","['DPB1*04', 'DPB1*04']","['A11', 'A2']","['B7', 'B35']","['Cw12', 'Cw5']","['DR2', 'DR3']","['DQ1', 'DQ1']","['DQ1', 'DQ1']","['DP1', 'DP1']","['DP4', 'DP4']",Bw6/Bw6,[],0.0,0.85,nan,0,2,2,0.0,0.6666666666666667,1.0,603.1672386167969
272,D0397_LK,kidney,False,AllocationPriority.LOCAL,D0397,O,POS,KD,40,Stockholm,Sweden,272,"['A*03', 'A*30']","['B*08', 'B*44']","['C*12', 'C*06']","['DRB1*04', 'DRB1*04']","['DQA1*05:01', 'DQA1*05:01']","['DQB1*06', 'DQB1*03']","['DPA1*01', 'DPA1*02:02']","['DPB1*05', 'DPB1*01']","['A3', 'A19']","['B8', 'B12']","['Cw12', 'Cw6']","['DR4', 'DR4']","['DQ1', 'DQ1']","['DQ1', 'DQ3']","['DP1', 'DP2']","['DP5', 'DP1']",Bw4/Bw4,nan,R2534,AB,POS,Kidney,61,Stockholm,Sweden,104,"['A*31', 'A*03']","['B*44', 'B*27']","['C*06', 'C*05']","['DRB1*14', 'DRB1*14']","['DQA1*01:02', 'DQA1*05:01']","['DQB1*06', 'DQB1*06']","['DPA1*01', 'DPA1*02:02']","['DPB1*04', 'DPB1*04']","['A19', 'A3']","['B12', 'B27']","['Cw6', 'Cw5']","['DR6', 'DR6']","['DQ1', 'DQ1']","['DQ1', 'DQ1']","['DP1', 'DP2']","['DP4', 'DP4']",Bw6/Bw6,"['DRB1*15', 'DPB1*24', 'C*03', 'C*07', 'DRB1*12', 'C*04', 'B*56', 'B*41']",0.8473,0.1527,nan
272,D0398_LK,kidney,False,AllocationPriority.PAYBACK,D0398,AB,POS,KD,34,Gothenburg,Sweden,272,"['A*01', 'A*03']","['B*44', 'B*35']","['C*06', 'C*07']","['DRB1*07', 'DRB1*13']","['DQA1*01:01', 'DQA1*01:01']","['DQB1*06', 'DQB1*03']","['DPA1*01', 'DPA1*01']","['DPB1*02', 'DPB1*04']","['A1', 'A3']","['B12', 'B35']","['Cw6', 'Cw7']","['DR7', 'DR6']","['DQ1', 'DQ1']","['DQ1', 'DQ3']","['DP1', 'DP1']","['DP2', 'DP4']",Bw4/Bw6,nan,R1457,AB,POS,Kidney,88,Stockholm,Sweden,0,"['A*02', 'A*02']","['B*35', 'B*07']","['C*03', 'C*01']","['DRB1*14', 'DRB1*07']","['DQA1*02:01', 'DQA1*03:01']","['DQB1*02', 'DQB1*03']","['DPA1*01', 'DPA1*01']","['DPB1*06', 'DPB1*04']","['A2', 'A2']","['B35', 'B7']","['Cw3', 'Cw1']","['DR6', 'DR7']","['DQ2', 'DQ3']","['DQ2', 'DQ3']","['DP1', 'DP1']","['DP6', 'DP4']",Bw6/Bw6,[],0.0,1.0,nan,0,3
272,D0397_RK,kidney,True,AllocationPriority.PRIORITY_7,D0397,O,POS,KD,40,Stockholm,Sweden,272,"['A*03', 'A*30']","['B*08', 'B*44']","['C*12', 'C*06']","['DRB1*04', 'DRB1*04']","['DQA1*05:01', 'DQA1*05:01']","['DQB1*06', 'DQB1*03']","['DPA1*01', 'DPA1*02:02']","['DPB1*05', 'DPB1*01']","['A3', 'A19']","['B8', 'B12']","['Cw12', 'Cw6']","['DR4', 'DR4']","['DQ1', 'DQ1']","['DQ1', 'DQ3']","['DP1', 'DP2']","['DP5', 'DP1']",Bw4/Bw4,nan,R0816,O,POS,Kidney,69,Helsinki,Finland,0,"['A*03', 'A*02']","['B*44', 'B*08']","['C*02', 'C*07']","['DRB1*13', 'DRB1*04']","['DQA1*02:01', 'DQA1*01:02']","['DQB1*06', 'DQB1*04']","['DPA1*01', 'DPA1*01']","['DPB1*03', 'DPB1*04']","['A3', 'A2']","['B12', 'B8']","['Cw2', 'Cw7']","['DR6', 'DR4']","['DQ2', 'DQ1']","['DQ1', 'DQ4']","['DP1', 'DP1']","['DP3', 'DP4']",Bw4/Bw6,[],0.0,0.41,nan,0,1,1,395.64825735091034,0.8333333333333334,0.9272998081009831,638.2857120586214
272,D0398_RK,kidney,True,AllocationPriority.PRIORITY_7,D0398,AB,POS,KD,34,Gothenburg,Sweden,272,"['A*01', 'A*03']","['B*44', 'B*35']","['C*06', 'C*07']","['DRB1*07', 'DRB1*13']","['DQA1*01:01', 'DQA1*01:01']","['DQB1*06', 'DQB1*03']","['DPA1*01', 'DPA1*01']","['DPB1*02', 'DPB1*04']","['A1', 'A3']","['B12', 'B35']","['Cw6', 'Cw7']","['DR7', 'DR6']","['DQ1', 'DQ1']","['DQ1', 'DQ3']","['DP1', 'DP1']","['DP2', 'DP4']",Bw4/Bw6,nan,R1219,AB,POS,Kidney,68,Gothenburg,Sweden,0,"['A*24', 'A*03']","['B*44', 'B*14']","['C*16', 'C*01']","['DRB1*07', 'DRB1*09']","['DQA1*02:01', 'DQA1*02:01']","['DQB1*02', 'DQB1*05']","['DPA1*01', 'DPA1*01']","['DPB1*04', 'DPB1*03']","['A9', 'A3']","['B12', 'B14']","['Cw16', 'Cw1']","['DR7', 'DR9']","['DQ2', 'DQ2']","['DQ2', 'DQ1']","['DP1', 'DP1']","['DP4', 'DP3']",Bw4/Bw4,[],0.0,1.0,nan,1,2,3,0.0,0.5,1.0,541.9890541758828
273,D0399_LK,kidney,False,AllocationPriority.LOCAL,D0399,O,POS,KD,61,Uppsala,Sweden,273,"['A*02', 'A*01']","['B*40', 'B*40']","['C*05', 'C*07']","['DRB1*13', 'DRB1*09']","['DQA1*05:01', 'DQA1*01:02']","['DQB1*06', 'DQB1*03']","['DPA1*01', 'DPA1*01']","['DPB1*04', 'DPB1*02']","['A2', 'A1']","['B40', 'B40']","['Cw5', 'Cw7']","['DR6', 'DR9']","['DQ1', 'DQ1']","['DQ1', 'DQ3']","['DP1', 'DP1']","['DP4', 'DP2']",Bw6/Bw6,nan,R1186,O,POS,Kidney,72,Uppsala,Sweden,0,"['A*11', 'A*11']","['B*07', 'B*35']","['C*07', 'C*02']","['DRB1*09', 'DRB1*13']","['DQA1*05:01', 'DQA1*05:01']","['DQB1*03', 'DQB1*03']","['DPA1*01', 'DPA1*02:02']","['DPB1*04', 'DPB1*16']","['A11', 'A11']","['B7', 'B35']","['Cw7', 'Cw2']","['DR9', 'DR6']","['DQ1', 'DQ1']","['DQ3', 'DQ3']","['DP1', 'DP2']","['DP4', 'DP16']",Bw6/Bw6,[],0.0,0.41,nan,0,4
273,D0400_LK,kidney,False,AllocationPriority.PAYBACK,D0400,O,POS,KD,59,Aarhus,Denmark,273,"['A*23', 'A*02']","['B*39', 'B*57']","['C*07', 'C*06']","['DRB1*04', 'DRB1*04']","['DQA1*05:01', 'DQA1*03:01']","['DQB1*03', 'DQB1*02']","['DPA1*01', 'DPA1*01']","['DPB1*01', 'DPB1*03']","['A9', 'A2']","['B16', 'B17']","['Cw7', 'Cw6']","['DR4', 'DR4']","['DQ1', 'DQ3']","['DQ3', 'DQ2']","['DP1', 'DP1']","['DP1', 'DP3']",Bw6/Bw6,nan,R1087,O,POS,Kidney,71,Oslo,Norway,0,"['A*02', 'A*03']","['B*39', 'B*57']","['C*04', 'C*04']","['DRB1*04', 'DRB1*14']","['DQA1*01:01', 'DQA1*05:01']","['DQB1*02', 'DQB1*04']","['DPA1*01', 'DPA1*01']","['DPB1*04', 'DPB1*04']","['A2', 'A3']","['B16', 'B17']","['Cw4', 'Cw4']","['DR4', 'DR6']","['DQ1', 'DQ1']","['DQ2', 'DQ4']","['DP1', 'DP1']","['DP4', 'DP4']",Bw4/Bw4,[],0.0,0.41,nan,0,1
273,D0401_LK,kidney,False,AllocationPriority.PAYBACK,D0401,A,POS,KD,50,Copenhagen,Denmark,273,"['A*02', 'A*03']","['B*18', 'B*08']","['C*02', 'C*07']","['DRB1*15', 'DRB1*07']","['DQA1*03:01', 'DQA1*05:01']","['DQB1*05', 'DQB1*03']","['DPA1*01', 'DPA1*01']","['DPB1*04', 'DPB1*06']","['A2', 'A3']","['B18', 'B8']","['Cw2', 'Cw7']","['DR2', 'DR7']","['DQ3', 'DQ1']","['DQ1', 'DQ3']","['DP1', 'DP1']","['DP4', 'DP6']",Bw6/Bw6,nan,R0656,A,POS,Kidney,85,Oslo,Norway,0,"['A*02', 'A*02']","['B*18', 'B*08']","['C*07', 'C*07']","['DRB1*15', 'DRB1*07']","['DQA1*01:01', 'DQA1*03:01']","['DQB1*06', 'DQB1*06']","['DPA1*01', 'DPA1*01']","['DPB1*02', 'DPB1*04']","['A2', 'A2']","['B18', 'B8']","['Cw7', 'Cw7']","['DR2', 'DR7']","['DQ1', 'DQ3']","['DQ1', 'DQ1']","['DP1', 'DP1']","['DP2', 'DP4']",Bw6/Bw6,"['B*40', 'B*73', 'A*33', 'DQA1*04:01', 'B*38', 'DQA1*01:02', 'A*23', 'B*49', 'DPB1*35']",0.4195,0.493425,nan,0,1
273,D0402_LK,kidney,False,AllocationPriority.PAYBACK,D0402,B,POS,KD,51,Oslo,Norway,273,"['A*23', 'A*01']","['B*44', 'B*08']","['C*03', 'C*04']","['DRB1*03', 'DRB1*13']","['DQA1*02:01', 'DQA1*02:01']","['DQB1*03', 'DQB1*06']","['DPA1*01', 'DPA1*01']","['DPB1*19', 'DPB1*02']","['A9', 'A1']","['B12', 'B8']","['Cw3', 'Cw4']","['DR3', 'DR6']","['DQ2', 'DQ2']","['DQ3', 'DQ1']","['DP1', 'DP1']","['DP19', 'DP2']",Bw4/Bw4,nan,R0217,B,POS,Kidney,51,Oslo,Norway,0,"['A*68', 'A*03']","['B*08', 'B*44']","['C*04', 'C*07']","['DRB1*13', 'DRB1*03']","['DQA1*03:01', 'DQA1*01:02']","['DQB1*06', 'DQB1*03']","['DPA1*01', 'DPA1*01']","['DPB1*04', 'DPB1*16']","['A28', 'A3']","['B8', 'B12']","['Cw4', 'Cw7']","['DR6', 'DR3']","['DQ3', 'DQ1']","['DQ1', 'DQ3']","['DP1', 'DP1']","['DP4', 'DP16']",Bw4/Bw6,[],0.0,0.52,nan,0,2
273,D0399_RK,kidney,True,AllocationPriority.PRIORITY_7,D0399,O,POS,KD,61,Uppsala,Sweden,273,"['A*02', 'A*01']","['B*40', 'B*40']","['C*05', 'C*07']","['DRB1*13', 'DRB1*09']","['DQA1*05:01', 'DQA1*01:02']","['DQB1*06', 'DQB1*03']","['DPA1*01', 'DPA1*01']","['DPB1*04', 'DPB1*02']","['A2', 'A1']","['B40', 'B40']","['Cw5', 'Cw7']","['DR6', 'DR9']","['DQ1', 'DQ1']","['DQ1', 'DQ3']","['DP1', 'DP1']","['DP4', 'DP2']",Bw6/Bw6,nan,R2563,O,POS,Kidney,63,Oslo,Norway,113,"['A*02', 'A*01']","['B*44', 'B*40']","['C*01', 'C*01']","['DRB1*13', 'DRB1*13']","['DQA1*03:01', 'DQA1*05:01']","['DQB1*05', 'DQB1*03']","['DPA1*02:02', 'DPA1*01']","['DPB1*03', 'DPB1*04']","['A2', 'A1']","['B12', 'B40']","['Cw1', 'Cw1']","['DR6', 'DR6']","['DQ3', 'DQ1']","['DQ1', 'DQ3']","['DP2', 'DP1']","['DP3', 'DP4']",Bw4/Bw6,[],0.0,0.41,nan,1,0,1,384.0748843519863,0.8333333333333334,0.9294264102591078,639.0480021737251
273,D0400_RK,kidney,True,AllocationPriority.PRIORITY_7,D0400,O,POS,KD,59,Aarhus,Denmark,273,"['A*23', 'A*02']","['B*39', 'B*57']","['C*07', 'C*06']","['DRB1*04', 'DRB1*04']","['DQA1*05:01', 'DQA1*03:01']","['DQB1*03', 'DQB1*02']","['DPA1*01', 'DPA1*01']","['DPB1*01', 'DPB1*03']","['A9', 'A2']","['B16', 'B17']","['Cw7', 'Cw6']","['DR4', 'DR4']","['DQ1', 'DQ3']","['DQ3', 'DQ2']","['DP1', 'DP1']","['DP1', 'DP3']",Bw6/Bw6,nan,R0336,O,POS,Kidney,66,Aarhus,Denmark,0,"['A*03', 'A*02']","['B*44', 'B*57']","['C*03', 'C*05']","['DRB1*15', 'DRB1*04']","['DQA1*05:01', 'DQA1*03:01']","['DQB1*03', 'DQB1*06']","['DPA1*01', 'DPA1*01']","['DPB1*04', 'DPB1*04']","['A3', 'A2']","['B12', 'B17']","['Cw3', 'Cw5']","['DR2', 'DR4']","['DQ1', 'DQ3']","['DQ3', 'DQ1']","['DP1', 'DP1']","['DP4', 'DP4']",Bw4/Bw4,[],0.0,0.41,nan,0,2,2,0.0,0.6666666666666667,1.0,603.1672386167969
273,D0401_RK,kidney,True,AllocationPriority.PAYBACK,D0401,A,POS,KD,50,Copenhagen,Denmark,273,"['A*02', 'A*03']","['B*18', 'B*08']","['C*02', 'C*07']","['DRB1*15', 'DRB1*07']","['DQA1*03:01', 'DQA1*05:01']","['DQB1*05', 'DQB1*03']","['DPA1*01', 'DPA1*01']","['DPB1*04', 'DPB1*06']","['A2', 'A3']","['B18', 'B8']","['Cw2', 'Cw7']","['DR2', 'DR7']","['DQ3', 'DQ1']","['DQ1', 'DQ3']","['DP1', 'DP1']","['DP4', 'DP6']",Bw6/Bw6,nan,R0530,A,POS,Kidney,23,Helsinki,Finland,0,"['A*02', 'A*29']","['B*08', 'B*15']","['C*05', 'C*06']","['DRB1*15', 'DRB1*07']","['DQA1*01:02', 'DQA1*05:01']","['DQB1*06', 'DQB1*03']","['DPA1*01', 'DPA1*01']","['DPB1*04', 'DPB1*04']","['A2', 'A19']","['B8', 'B15']","['Cw5', 'Cw6']","['DR2', 'DR7']","['DQ1', 'DQ1']","['DQ1', 'DQ3']","['DP1', 'DP1']","['DP4', 'DP4']",Bw4/Bw4,"['B*46', 'C*04', 'A*33', 'A*66']",0.0966,0.76789,nan,0,2
273,D0402_RK,kidney,True,AllocationPriority.PAYBACK,D0402,B,POS,KD,51,Oslo,Norway,273,"['A*23', 'A*01']","['B*44', 'B*08']","['C*03', 'C*04']","['DRB1*03', 'DRB1*13']","['DQA1*02:01', 'DQA1*02:01']","['DQB1*03', 'DQB1*06']","['DPA1*01', 'DPA1*01']","['DPB1*19', 'DPB1*02']","['A9', 'A1']","['B12', 'B8']","['Cw3', 'Cw4']","['DR3', 'DR6']","['DQ2', 'DQ2']","['DQ3', 'DQ1']","['DP1', 'DP1']","['DP19', 'DP2']",Bw4/Bw4,nan,R0778,B,NEG,Kidney,67,Uppsala,Sweden,0,"['A*01', 'A*11']","['B*08', 'B*18']","['C*07', 'C*06']","['DRB1*13', 'DRB1*03']","['DQA1*01:02', 'DQA1*01:02']","['DQB1*05', 'DQB1*03']","['DPA1*01', 'DPA1*02:02']","['DPB1*04', 'DPB1*04']","['A1', 'A11']","['B8', 'B18']","['Cw7', 'Cw6']","['DR6', 'DR3']","['DQ1', 'DQ1']","['DQ1', 'DQ3']","['DP1', 'DP2']","['DP4', 'DP4']",Bw6/Bw6,"['DPB1*26', 'A*26', 'DPB1*06', 'DRB1*12', 'DRB1*15', 'DPB1*09', 'A*30', 'DQA1*01:03', 'DPB1*23']",0.3118,0.3578639999999999,nan,0,2
274,D0403_LK,kidney,False,AllocationPriority.PAYBACK,D0403,A,POS,KD,60,Copenhagen,Denmark,274,"['A*02', 'A*02']","['B*44', 'B*07']","['C*03', 'C*07']","['DRB1*07', 'DRB1*15']","['DQA1*01:02', 'DQA1*05:01']","['DQB1*04', 'DQB1*03']","['DPA1*01', 'DPA1*02:02']","['DPB1*04', 'DPB1*02']","['A2', 'A2']","['B12', 'B7']","['Cw3', 'Cw7']","['DR7', 'DR2']","['DQ1', 'DQ1']","['DQ4', 'DQ3']","['DP1', 'DP2']","['DP4', 'DP2']",Bw4/Bw6,nan,R0397,A,POS,Kidney,74,Copenhagen,Denmark,0,"['A*02', 'A*02']","['B*07', 'B*15']","['C*05', 'C*07']","['DRB1*07', 'DRB1*15']","['DQA1*02:01', 'DQA1*05:01']","['DQB1*03', 'DQB1*03']","['DPA1*01', 'DPA1*01']","['DPB1*06', 'DPB1*04']","['A2', 'A2']","['B7', 'B15']","['Cw5', 'Cw7']","['DR7', 'DR2']","['DQ2', 'DQ1']","['DQ3', 'DQ3']","['DP1', 'DP1']","['DP6', 'DP4']",Bw4/Bw6,[],0.0,0.85,nan,0,1
274,D0403_RK,kidney,True,AllocationPriority.PAYBACK,D0403,A,POS,KD,60,Copenhagen,Denmark,274,"['A*02', 'A*02']","['B*44', 'B*07']","['C*03', 'C*07']","['DRB1*07', 'DRB1*15']","['DQA1*01:02', 'DQA1*05:01']","['DQB1*04', 'DQB1*03']","['DPA1*01', 'DPA1*02:02']","['DPB1*04', 'DPB1*02']","['A2', 'A2']","['B12', 'B7']","['Cw3', 'Cw7']","['DR7', 'DR2']","['DQ1', 'DQ1']","['DQ4', 'DQ3']","['DP1', 'DP2']","['DP4', 'DP2']",Bw4/Bw6,nan,R0786,A,POS,Kidney,69,Gothenburg,Sweden,0,"['A*02', 'A*02']","['B*44', 'B*57']","['C*01', 'C*03']","['DRB1*15', 'DRB1*07']","['DQA1*03:01', 'DQA1*02:01']","['DQB1*06', 'DQB1*03']","['DPA1*01', 'DPA1*01']","['DPB1*04', 'DPB1*03']","['A2', 'A2']","['B12', 'B17']","['Cw1', 'Cw3']","['DR2', 'DR7']","['DQ3', 'DQ2']","['DQ1', 'DQ3']","['DP1', 'DP1']","['DP4', 'DP3']",Bw4/Bw4,[],0.0,0.85,nan,0,1
275,D0404_LK,kidney,False,AllocationPriority.LOCAL,D0404,O,NEG,KD,20,Copenhagen,Denmark,275,"['A*02', 'A*02']","['B*44', 'B*40']","['C*03', 'C*05']","['DRB1*13', 'DRB1*04']","['DQA1*02:01', 'DQA1*01:01']","['DQB1*03', 'DQB1*03']","['DPA1*01', 'DPA1*02:02']","['DPB1*04', 'DPB1*04']","['A2', 'A2']","['B12', 'B40']","['Cw3', 'Cw5']","['DR6', 'DR4']","['DQ2', 'DQ1']","['DQ3', 'DQ3']","['DP1', 'DP2']","['DP4', 'DP4']",Bw4/Bw6,nan,R0619,O,POS,Kidney,77,Copenhagen,Denmark,0,"['A*02', 'A*68']","['B*44', 'B*18']","['C*07', 'C*03']","['DRB1*13', 'DRB1*04']","['DQA1*03:01', 'DQA1*01:01']","['DQB1*02', 'DQB1*06']","['DPA1*02:02', 'DPA1*01']","['DPB1*23', 'DPB1*03']","['A2', 'A28']","['B12', 'B18']","['Cw7', 'Cw3']","['DR6', 'DR4']","['DQ3', 'DQ1']","['DQ2', 'DQ1']","['DP2', 'DP1']","['DP23', 'DP3']",Bw4/Bw6,[],0.0,0.41,nan,0,1
275,D0404_RK,kidney,True,AllocationPriority.PRIORITY_7,D0404,O,NEG,KD,20,Copenhagen,Denmark,275,"['A*02', 'A*02']","['B*44', 'B*40']","['C*03', 'C*05']","['DRB1*13', 'DRB1*04']","['DQA1*02:01', 'DQA1*01:01']","['DQB1*03', 'DQB1*03']","['DPA1*01', 'DPA1*02:02']","['DPB1*04', 'DPB1*04']","['A2', 'A2']","['B12', 'B40']","['Cw3', 'Cw5']","['DR6', 'DR4']","['DQ2', 'DQ1']","['DQ3', 'DQ3']","['DP1', 'DP2']","['DP4', 'DP4']",Bw4/Bw6,nan,R0924,O,POS,Kidney,38,Copenhagen,Denmark,0,"['A*02', 'A*02']","['B*44', 'B*08']","['C*07', 'C*05']","['DRB1*13', 'DRB1*04']","['DQA1*05:01', 'DQA1*02:01']","['DQB1*04', 'DQB1*05']","['DPA1*01', 'DPA1*01']","['DPB1*04', 'DPB1*14']","['A2', 'A2']","['B12', 'B8']","['Cw7', 'Cw5']","['DR6', 'DR4']","['DQ1', 'DQ2']","['DQ4', 'DQ1']","['DP1', 'DP1']","['DP4', 'DP14']",Bw4/Bw6,[],0.0,0.41,nan,0,1,1,0.0,0.8333333333333334,1.0,664.345423057711
276,D0405_LK,kidney,False,AllocationPriority.LOCAL,D0405,B,POS,KD,46,Gothenburg,Sweden,276,"['A*11', 'A*01']","['B*44', 'B*44']","['C*07', 'C*02']","['DRB1*01', 'DRB1*13']","['DQA1*05:01', 'DQA1*01:03']","['DQB1*02', 'DQB1*03']","['DPA1*01', 'DPA1*01']","['DPB1*16', 'DPB1*04']","['A11', 'A1']","['B12', 'B12']","['Cw7', 'Cw2']","['DR1', 'DR6']","['DQ1', 'DQ1']","['DQ2', 'DQ3']","['DP1', 'DP1']","['DP16', 'DP4']",Bw4/Bw4,nan,R2328,B,POS,Kidney,70,Gothenburg,Sweden,37,"['A*11', 'A*03']","['B*44', 'B*14']","['C*07', 'C*07']","['DRB1*01', 'DRB1*04']","['DQA1*01:02', 'DQA1*01:02']","['DQB1*03', 'DQB1*02']","['DPA1*01', 'DPA1*02:02']","['DPB1*02', 'DPB1*01']","['A11', 'A3']","['B12', 'B14']","['Cw7', 'Cw7']","['DR1', 'DR4']","['DQ1', 'DQ1']","['DQ3', 'DQ2']","['DP1', 'DP2']","['DP2', 'DP1']",Bw4/Bw6,[],0.0,0.52,nan,1,1
276,D0405_RK,kidney,True,AllocationPriority.PRIORITY_7,D0405,B,POS,KD,46,Gothenburg,Sweden,276,"['A*11', 'A*01']","['B*44', 'B*44']","['C*07', 'C*02']","['DRB1*01', 'DRB1*13']","['DQA1*05:01', 'DQA1*01:03']","['DQB1*02', 'DQB1*03']","['DPA1*01', 'DPA1*01']","['DPB1*16', 'DPB1*04']","['A11', 'A1']","['B12', 'B12']","['Cw7', 'Cw2']","['DR1', 'DR6']","['DQ1', 'DQ1']","['DQ2', 'DQ3']","['DP1', 'DP1']","['DP16', 'DP4']",Bw4/Bw4,nan,R0856,B,POS,Kidney,33,Aarhus,Denmark,0,"['A*11', 'A*01']","['B*44', 'B*07']","['C*02', 'C*04']","['DRB1*12', 'DRB1*13']","['DQA1*02:01', 'DQA1*05:01']","['DQB1*02', 'DQB1*03']","['DPA1*01', 'DPA1*01']","['DPB1*04', 'DPB1*04']","['A11', 'A1']","['B12', 'B7']","['Cw2', 'Cw4']","['DR5', 'DR6']","['DQ2', 'DQ1']","['DQ2', 'DQ3']","['DP1', 'DP1']","['DP4', 'DP4']",Bw4/Bw6,[],0.0,0.52,nan,1,0,1,202.6942002796759,0.8333333333333334,0.9627550305520983,650.9947961249729
277,D0406_LK,kidney,False,AllocationPriority.LOCAL,D0406,A,NEG,KD,80,Uppsala,Sweden,277,"['A*02', 'A*02']","['B*07', 'B*49']","['C*05', 'C*05']","['DRB1*04', 'DRB1*03']","['DQA1*01:02', 'DQA1*05:01']","['DQB1*06', 'DQB1*02']","['DPA1*01', 'DPA1*01']","['DPB1*02', 'DPB1*04']","['A2', 'A2']","['B7', 'B21']","['Cw5', 'Cw5']","['DR4', 'DR3']","['DQ1', 'DQ1']","['DQ1', 'DQ2']","['DP1', 'DP1']","['DP2', 'DP4']",Bw4/Bw6,nan,R1494,A,NEG,Kidney,87,Uppsala,Sweden,0,"['A*02', 'A*01']","['B*46', 'B*38']","['C*03', 'C*02']","['DRB1*04', 'DRB1*03']","['DQA1*01:02', 'DQA1*05:01']","['DQB1*05', 'DQB1*05']","['DPA1*01', 'DPA1*01']","['DPB1*04', 'DPB1*04']","['A2', 'A1']","['B46', 'B16']","['Cw3', 'Cw2']","['DR4', 'DR3']","['DQ1', 'DQ1']","['DQ1', 'DQ1']","['DP1', 'DP1']","['DP4', 'DP4']",Bw4/Bw6,"['B*48', 'DRB1*07', 'DRB1*13', 'DPB1*24', 'DPB1*03', 'B*51', 'DQA1*04:01', 'B*73']",0.4138,0.49827,nan,0,2
277,D0406_RK,kidney,True,AllocationPriority.PRIORITY_7,D0406,A,NEG,KD,80,Uppsala,Sweden,277,"['A*02', 'A*02']","['B*07', 'B*49']","['C*05', 'C*05']","['DRB1*04', 'DRB1*03']","['DQA1*01:02', 'DQA1*05:01']","['DQB1*06', 'DQB1*02']","['DPA1*01', 'DPA1*01']","['DPB1*02', 'DPB1*04']","['A2', 'A2']","['B7', 'B21']","['Cw5', 'Cw5']","['DR4', 'DR3']","['DQ1', 'DQ1']","['DQ1', 'DQ2']","['DP1', 'DP1']","['DP2', 'DP4']",Bw4/Bw6,nan,R1643,A,POS,Kidney,86,Oslo,Norway,0,"['A*02', 'A*11']","['B*07', 'B*07']","['C*03', 'C*07']","['DRB1*04', 'DRB1*03']","['DQA1*05:01', 'DQA1*01:03']","['DQB1*05', 'DQB1*03']","['DPA1*01', 'DPA1*02:02']","['DPB1*04', 'DPB1*04']","['A2', 'A11']","['B7', 'B7']","['Cw3', 'Cw7']","['DR4', 'DR3']","['DQ1', 'DQ1']","['DQ1', 'DQ3']","['DP1', 'DP2']","['DP4', 'DP4']",Bw6/Bw6,[],0.0,0.85,nan,0,1,1,384.0748843519863,0.8333333333333334,0.9294264102591078,639.0480021737251
278,D0407_LK,kidney,False,AllocationPriority.PAYBACK,D0407,O,POS,KD,41,Oslo,Norway,278,"['A*02', 'A*01']","['B*44', 'B*44']","['C*07', 'C*07']","['DRB1*15', 'DRB1*11']","['DQA1*03:01', 'DQA1*02:01']","['DQB1*06', 'DQB1*02']","['DPA1*02:02', 'DPA1*01']","['DPB1*02', 'DPB1*04']","['A2', 'A1']","['B12', 'B12']","['Cw7', 'Cw7']","['DR2', 'DR5']","['DQ3', 'DQ2']","['DQ1', 'DQ2']","['DP2', 'DP1']","['DP2', 'DP4']",Bw4/Bw4,nan,R0171,O,POS,Kidney,40,Copenhagen,Denmark,0,"['A*02', 'A*23']","['B*49', 'B*44']","['C*07', 'C*05']","['DRB1*12', 'DRB1*15']","['DQA1*01:03', 'DQA1*04:01']","['DQB1*05', 'DQB1*02']","['DPA1*01', 'DPA1*01']","['DPB1*01', 'DPB1*04']","['A2', 'A9']","['B21', 'B12']","['Cw7', 'Cw5']","['DR5', 'DR2']","['DQ1', 'DQ4']","['DQ1', 'DQ2']","['DP1', 'DP1']","['DP1', 'DP4']",Bw6/Bw6,[],0.0,0.41,nan,0,1
278,D0408_LK,kidney,False,AllocationPriority.PAYBACK,D0408,A,POS,KD,57,Skane,Sweden,278,"['A*01', 'A*68']","['B*07', 'B*35']","['C*07', 'C*03']","['DRB1*13', 'DRB1*04']","['DQA1*01:02', 'DQA1*03:01']","['DQB1*06', 'DQB1*02']","['DPA1*01', 'DPA1*01']","['DPB1*04', 'DPB1*04']","['A1', 'A28']","['B7', 'B35']","['Cw7', 'Cw3']","['DR6', 'DR4']","['DQ1', 'DQ3']","['DQ1', 'DQ2']","['DP1', 'DP1']","['DP4', 'DP4']",Bw6/Bw6,nan,R2728,A,POS,Kidney,70,Helsinki,Finland,163,"['A*01', 'A*68']","['B*40', 'B*07']","['C*08', 'C*07']","['DRB1*13', 'DRB1*04']","['DQA1*05:01', 'DQA1*01:03']","['DQB1*06', 'DQB1*02']","['DPA1*01', 'DPA1*01']","['DPB1*02', 'DPB1*04']","['A1', 'A28']","['B40', 'B7']","['Cw8', 'Cw7']","['DR6', 'DR4']","['DQ1', 'DQ1']","['DQ1', 'DQ2']","['DP1', 'DP1']","['DP2', 'DP4']",Bw6/Bw6,[],0.0,0.85,nan,0,1
278,D0407_RK,kidney,True,AllocationPriority.PAYBACK,D0407,O,POS,KD,41,Oslo,Norway,278,"['A*02', 'A*01']","['B*44', 'B*44']","['C*07', 'C*07']","['DRB1*15', 'DRB1*11']","['DQA1*03:01', 'DQA1*02:01']","['DQB1*06', 'DQB1*02']","['DPA1*02:02', 'DPA1*01']","['DPB1*02', 'DPB1*04']","['A2', 'A1']","['B12', 'B12']","['Cw7', 'Cw7']","['DR2', 'DR5']","['DQ3', 'DQ2']","['DQ1', 'DQ2']","['DP2', 'DP1']","['DP2', 'DP4']",Bw4/Bw4,nan,R0859,O,POS,Kidney,33,Stockholm,Sweden,0,"['A*01', 'A*26']","['B*15', 'B*44']","['C*07', 'C*16']","['DRB1*15', 'DRB1*11']","['DQA1*05:01', 'DQA1*01:02']","['DQB1*06', 'DQB1*04']","['DPA1*02:02', 'DPA1*01']","['DPB1*11', 'DPB1*04']","['A1', 'A10']","['B15', 'B12']","['Cw7', 'Cw16']","['DR2', 'DR5']","['DQ1', 'DQ1']","['DQ1', 'DQ4']","['DP2', 'DP1']","['DP11', 'DP4']",Bw6/Bw6,[],0.0,0.41,nan,0,1
278,D0408_RK,kidney,True,AllocationPriority.PAYBACK,D0408,A,POS,KD,57,Skane,Sweden,278,"['A*01', 'A*68']","['B*07', 'B*35']","['C*07', 'C*03']","['DRB1*13', 'DRB1*04']","['DQA1*01:02', 'DQA1*03:01']","['DQB1*06', 'DQB1*02']","['DPA1*01', 'DPA1*01']","['DPB1*04', 'DPB1*04']","['A1', 'A28']","['B7', 'B35']","['Cw7', 'Cw3']","['DR6', 'DR4']","['DQ1', 'DQ3']","['DQ1', 'DQ2']","['DP1', 'DP1']","['DP4', 'DP4']",Bw6/Bw6,nan,R1082,A,POS,Kidney,64,Helsinki,Finland,0,"['A*23', 'A*01']","['B*07', 'B*18']","['C*12', 'C*03']","['DRB1*13', 'DRB1*04']","['DQA1*05:01', 'DQA1*01:02']","['DQB1*02', 'DQB1*05']","['DPA1*01', 'DPA1*01']","['DPB1*04', 'DPB1*03']","['A9', 'A1']","['B7', 'B18']","['Cw12', 'Cw3']","['DR6', 'DR4']","['DQ1', 'DQ1']","['DQ2', 'DQ1']","['DP1', 'DP1']","['DP4', 'DP3']",Bw4/Bw6,"['DQB1*04', 'C*05', 'DPB1*17', 'B*27', 'C*17', 'B*57', 'DRB1*04', 'DPB1*09', 'DPB1*13']",0.4475,0.4696249999999999,nan,0,2
279,D0409_LK,kidney,False,AllocationPriority.PAYBACK,D0409,O,POS,KD,36,Helsinki,Finland,279,"['A*29', 'A*03']","['B*08', 'B*08']","['C*03', 'C*04']","['DRB1*04', 'DRB1*01']","['DQA1*01:02', 'DQA1*03:01']","['DQB1*06', 'DQB1*06']","['DPA1*02:02', 'DPA1*01']","['DPB1*04', 'DPB1*04']","['A19', 'A3']","['B8', 'B8']","['Cw3', 'Cw4']","['DR4', 'DR1']","['DQ1', 'DQ3']","['DQ1', 'DQ1']","['DP2', 'DP1']","['DP4', 'DP4']",Bw4/Bw6,nan,R1516,A,NEG,Kidney,67,Stockholm,Sweden,0,"['A*29', 'A*01']","['B*44', 'B*35']","['C*15', 'C*04']","['DRB1*15', 'DRB1*13']","['DQA1*03:01', 'DQA1*01:02']","['DQB1*03', 'DQB1*02']","['DPA1*01', 'DPA1*01']","['DPB1*04', 'DPB1*04']","['A19', 'A1']","['B12', 'B35']","['Cw15', 'Cw4']","['DR2', 'DR6']","['DQ3', 'DQ1']","['DQ3', 'DQ2']","['DP1', 'DP1']","['DP4', 'DP4']",Bw4/Bw4,"['DPB1*424', 'DQA1*05:01', 'B*39', 'B*35', 'DQB1*04', 'DQB1*03', 'DQB1*02', 'B*41', 'A*25']",0.8914,0.09231,nan
279,D0409_RK,kidney,True,AllocationPriority.PRIORITY_7,D0409,O,POS,KD,36,Helsinki,Finland,279,"['A*29', 'A*03']","['B*08', 'B*08']","['C*03', 'C*04']","['DRB1*04', 'DRB1*01']","['DQA1*01:02', 'DQA1*03:01']","['DQB1*06', 'DQB1*06']","['DPA1*02:02', 'DPA1*01']","['DPB1*04', 'DPB1*04']","['A19', 'A3']","['B8', 'B8']","['Cw3', 'Cw4']","['DR4', 'DR1']","['DQ1', 'DQ3']","['DQ1', 'DQ1']","['DP2', 'DP1']","['DP4', 'DP4']",Bw4/Bw6,nan,R0164,O,POS,Kidney,74,Helsinki,Finland,0,"['A*02', 'A*03']","['B*08', 'B*08']","['C*03', 'C*07']","['DRB1*08', 'DRB1*04']","['DQA1*01:02', 'DQA1*03:01']","['DQB1*04', 'DQB1*05']","['DPA1*01', 'DPA1*01']","['DPB1*04', 'DPB1*04']","['A2', 'A3']","['B8', 'B8']","['Cw3', 'Cw7']","['DR8', 'DR4']","['DQ1', 'DQ3']","['DQ4', 'DQ1']","['DP1', 'DP1']","['DP4', 'DP4']",Bw6/Bw6,"['B*46', 'B*54', 'DPB1*19', 'DQA1*04:01', 'A*34', 'DQB1*02', 'B*51', 'DPB1*26', 'A*31']",0.3135,0.2814649999999999,nan,1,1,2,0.0,0.6666666666666667,1.0,603.1672386167969
280,D0410_LK,kidney,False,AllocationPriority.PAYBACK,D0410,O,POS,KD,58,Helsinki,Finland,280,"['A*02', 'A*24']","['B*18', 'B*08']","['C*08', 'C*04']","['DRB1*07', 'DRB1*13']","['DQA1*03:01', 'DQA1*05:01']","['DQB1*06', 'DQB1*06']","['DPA1*01', 'DPA1*01']","['DPB1*04', 'DPB1*01']","['A2', 'A9']","['B18', 'B8']","['Cw8', 'Cw4']","['DR7', 'DR6']","['DQ3', 'DQ1']","['DQ1', 'DQ1']","['DP1', 'DP1']","['DP4', 'DP1']",Bw4/Bw6,nan,R3057,O,POS,Kidney,64,Uppsala,Sweden,263,"['A*32', 'A*02']","['B*08', 'B*07']","['C*03', 'C*04']","['DRB1*13', 'DRB1*07']","['DQA1*02:01', 'DQA1*03:01']","['DQB1*02', 'DQB1*06']","['DPA1*01', 'DPA1*01']","['DPB1*04', 'DPB1*16']","['A19', 'A2']","['B8', 'B7']","['Cw3', 'Cw4']","['DR6', 'DR7']","['DQ2', 'DQ3']","['DQ2', 'DQ1']","['DP1', 'DP1']","['DP4', 'DP16']",Bw4/Bw6,"['DPB1*35', 'DRB1*14', 'B*56', 'DPA1*01', 'B*50', 'A*11', 'DRB1*09']",0.9724,0.0113159999999999,nan,0,2
280,D0410_RK,kidney,True,AllocationPriority.PRIORITY_7,D0410,O,POS,KD,58,Helsinki,Finland,280,"['A*02', 'A*24']","['B*18', 'B*08']","['C*08', 'C*04']","['DRB1*07', 'DRB1*13']","['DQA1*03:01', 'DQA1*05:01']","['DQB1*06', 'DQB1*06']","['DPA1*01', 'DPA1*01']","['DPB1*04', 'DPB1*01']","['A2', 'A9']","['B18', 'B8']","['Cw8', 'Cw4']","['DR7', 'DR6']","['DQ3', 'DQ1']","['DQ1', 'DQ1']","['DP1', 'DP1']","['DP4', 'DP1']",Bw4/Bw6,nan,R2430,O,POS,Kidney,70,Helsinki,Finland,67,"['A*02', 'A*01']","['B*08', 'B*18']","['C*04', 'C*03']","['DRB1*13', 'DRB1*03']","['DQA1*02:01', 'DQA1*01:01']","['DQB1*02', 'DQB1*03']","['DPA1*01', 'DPA1*01']","['DPB1*04', 'DPB1*02']","['A2', 'A1']","['B8', 'B18']","['Cw4', 'Cw3']","['DR6', 'DR3']","['DQ2', 'DQ1']","['DQ2', 'DQ3']","['DP1', 'DP1']","['DP4', 'DP2']",Bw6/Bw6,"['DPB1*24', 'A*32', 'A*74', 'DQB1*02']",0.2272,0.3168479999999999,nan,1,1,2,0.0,0.6666666666666667,1.0,603.1672386167969
281,D0411_LK,kidney,False,AllocationPriority.LOCAL,D0411,O,POS,KD,35,Uppsala,Sweden,281,"['A*24', 'A*03']","['B*40', 'B*08']","['C*06', 'C*16']","['DRB1*04', 'DRB1*03']","['DQA1*01:02', 'DQA1*01:02']","['DQB1*02', 'DQB1*06']","['DPA1*01', 'DPA1*01']","['DPB1*03', 'DPB1*04']","['A9', 'A3']","['B40', 'B8']","['Cw6', 'Cw16']","['DR4', 'DR3']","['DQ1', 'DQ1']","['DQ2', 'DQ1']","['DP1', 'DP1']","['DP3', 'DP4']",Bw4/Bw6,nan,R3024,O,POS,Kidney,40,Uppsala,Sweden,253,"['A*24', 'A*31']","['B*40', 'B*07']","['C*05', 'C*03']","['DRB1*04', 'DRB1*03']","['DQA1*01:01', 'DQA1*02:01']","['DQB1*02', 'DQB1*06']","['DPA1*01', 'DPA1*01']","['DPB1*04', 'DPB1*04']","['A9', 'A19']","['B40', 'B7']","['Cw5', 'Cw3']","['DR4', 'DR3']","['DQ1', 'DQ2']","['DQ2', 'DQ1']","['DP1', 'DP1']","['DP4', 'DP4']",Bw4/Bw4,[],0.0,0.41,nan,0,2
281,D0412_LK,kidney,False,AllocationPriority.PAYBACK,D0412,A,POS,KD,32,Helsinki,Finland,281,"['A*02', 'A*01']","['B*08', 'B*18']","['C*03', 'C*07']","['DRB1*13', 'DRB1*04']","['DQA1*01:01', 'DQA1*05:01']","['DQB1*06', 'DQB1*06']","['DPA1*01', 'DPA1*01']","['DPB1*03', 'DPB1*04']","['A2', 'A1']","['B8', 'B18']","['Cw3', 'Cw7']","['DR6', 'DR4']","['DQ1', 'DQ1']","['DQ1', 'DQ1']","['DP1', 'DP1']","['DP3', 'DP4']",Bw6/Bw6,nan,R1707,A,POS,Kidney,78,Copenhagen,Denmark,0,"['A*02', 'A*01']","['B*44', 'B*08']","['C*03', 'C*06']","['DRB1*04', 'DRB1*14']","['DQA1*01:01', 'DQA1*03:01']","['DQB1*06', 'DQB1*05']","['DPA1*01', 'DPA1*01']","['DPB1*04', 'DPB1*03']","['A2', 'A1']","['B12', 'B8']","['Cw3', 'Cw6']","['DR4', 'DR6']","['DQ1', 'DQ3']","['DQ1', 'DQ1']","['DP1', 'DP1']","['DP4', 'DP3']",Bw4/Bw6,"['DRB1*09', 'DQB1*05', 'B*49', 'A*29', 'DQB1*02', 'DRB1*10', 'DPB1*51', 'B*41', 'A*24']",0.4785,0.443275,nan,0,1
281,D0411_RK,kidney,True,AllocationPriority.PRIORITY_7,D0411,O,POS,KD,35,Uppsala,Sweden,281,"['A*24', 'A*03']","['B*40', 'B*08']","['C*06', 'C*16']","['DRB1*04', 'DRB1*03']","['DQA1*01:02', 'DQA1*01:02']","['DQB1*02', 'DQB1*06']","['DPA1*01', 'DPA1*01']","['DPB1*03', 'DPB1*04']","['A9', 'A3']","['B40', 'B8']","['Cw6', 'Cw16']","['DR4', 'DR3']","['DQ1', 'DQ1']","['DQ2', 'DQ1']","['DP1', 'DP1']","['DP3', 'DP4']",Bw4/Bw6,nan,R0285,O,NEG,Kidney,59,Uppsala,Sweden,0,"['A*03', 'A*01']","['B*08', 'B*40']","['C*07', 'C*07']","['DRB1*03', 'DRB1*07']","['DQA1*03:01', 'DQA1*05:01']","['DQB1*02', 'DQB1*06']","['DPA1*01', 'DPA1*01']","['DPB1*04', 'DPB1*02']","['A3', 'A1']","['B8', 'B40']","['Cw7', 'Cw7']","['DR3', 'DR7']","['DQ3', 'DQ1']","['DQ2', 'DQ1']","['DP1', 'DP1']","['DP4', 'DP2']",Bw6/Bw6,[],0.0,0.41,nan,1,1,2,0.0,0.6666666666666667,1.0,603.1672386167969
281,D0412_RK,kidney,True,AllocationPriority.PAYBACK,D0412,A,POS,KD,32,Helsinki,Finland,281,"['A*02', 'A*01']","['B*08', 'B*18']","['C*03', 'C*07']","['DRB1*13', 'DRB1*04']","['DQA1*01:01', 'DQA1*05:01']","['DQB1*06', 'DQB1*06']","['DPA1*01', 'DPA1*01']","['DPB1*03', 'DPB1*04']","['A2', 'A1']","['B8', 'B18']","['Cw3', 'Cw7']","['DR6', 'DR4']","['DQ1', 'DQ1']","['DQ1', 'DQ1']","['DP1', 'DP1']","['DP3', 'DP4']",Bw6/Bw6,nan,R0753,A,POS,Kidney,56,Helsinki,Finland,0,"['A*02', 'A*02']","['B*08', 'B*40']","['C*07', 'C*07']","['DRB1*04', 'DRB1*13']","['DQA1*05:01', 'DQA1*05:01']","['DQB1*06', 'DQB1*02']","['DPA1*01', 'DPA1*01']","['DPB1*04', 'DPB1*04']","['A2', 'A2']","['B8', 'B40']","['Cw7', 'Cw7']","['DR4', 'DR6']","['DQ1', 'DQ1']","['DQ1', 'DQ2']","['DP1', 'DP1']","['DP4', 'DP4']",Bw6/Bw6,[],0.0,0.85,nan,0,2
282,D0413_LK,kidney,False,AllocationPriority.LOCAL,D0413,A,POS,KD,87,Copenhagen,Denmark,282,"['A*02', 'A*26']","['B*07', 'B*08']","['C*07', 'C*07']","['DRB1*04', 'DRB1*04']","['DQA1*01:01', 'DQA1*02:01']","['DQB1*02', 'DQB1*03']","['DPA1*01', 'DPA1*01']","['DPB1*03', 'DPB1*04']","['A2', 'A10']","['B7', 'B8']","['Cw7', 'Cw7']","['DR4', 'DR4']","['DQ1', 'DQ2']","['DQ2', 'DQ3']","['DP1', 'DP1']","['DP3', 'DP4']",Bw4/Bw6,nan,R0566,A,POS,Kidney,23,Copenhagen,Denmark,0,"['A*25', 'A*02']","['B*08', 'B*40']","['C*07', 'C*14']","['DRB1*04', 'DRB1*07']","['DQA1*01:01', 'DQA1*02:01']","['DQB1*05', 'DQB1*05']","['DPA1*02:02', 'DPA1*01']","['DPB1*04', 'DPB1*04']","['A10', 'A2']","['B8', 'B40']","['Cw7', 'Cw14']","['DR4', 'DR7']","['DQ1', 'DQ2']","['DQ1', 'DQ1']","['DP2', 'DP1']","['DP4', 'DP4']",Bw4/Bw6,"['DQA1*06:01', 'DQA1*01:01', 'C*01', 'B*73', 'DPB1*31', 'DPB1*35', 'B*52', 'B*40', 'B*18']",0.3355,0.564825,nan,0,1
282,D0413_RK,kidney,True,AllocationPriority.PRIORITY_5,D0413,A,POS,KD,87,Copenhagen,Denmark,282,"['A*02', 'A*26']","['B*07', 'B*08']","['C*07', 'C*07']","['DRB1*04', 'DRB1*04']","['DQA1*01:01', 'DQA1*02:01']","['DQB1*02', 'DQB1*03']","['DPA1*01', 'DPA1*01']","['DPB1*03', 'DPB1*04']","['A2', 'A10']","['B7', 'B8']","['Cw7', 'Cw7']","['DR4', 'DR4']","['DQ1', 'DQ2']","['DQ2', 'DQ3']","['DP1', 'DP1']","['DP3', 'DP4']",Bw4/Bw6,nan,R2819,A,NEG,Kidney,27,Helsinki,Finland,189,"['A*02', 'A*26']","['B*07', 'B*08']","['C*03', 'C*16']","['DRB1*04', 'DRB1*09']","['DQA1*01:02', 'DQA1*04:01']","['DQB1*02', 'DQB1*02']","['DPA1*01', 'DPA1*01']","['DPB1*04', 'DPB1*06']","['A2', 'A10']","['B7', 'B8']","['Cw3', 'Cw16']","['DR4', 'DR9']","['DQ1', 'DQ4']","['DQ2', 'DQ2']","['DP1', 'DP1']","['DP4', 'DP6']",Bw4/Bw6,[],0.0,0.85,nan
283,D0414_LK,kidney,False,AllocationPriority.LOCAL,D0414,AB,POS,KD,32,Copenhagen,Denmark,283,"['A*11', 'A*03']","['B*08', 'B*37']","['C*03', 'C*08']","['DRB1*13', 'DRB1*01']","['DQA1*03:01', 'DQA1*03:01']","['DQB1*03', 'DQB1*03']","['DPA1*01', 'DPA1*01']","['DPB1*11', 'DPB1*19']","['A11', 'A3']","['B8', 'B37']","['Cw3', 'Cw8']","['DR6', 'DR1']","['DQ3', 'DQ3']","['DQ3', 'DQ3']","['DP1', 'DP1']","['DP11', 'DP19']",Bw4/Bw6,nan,R1553,AB,POS,Kidney,55,Copenhagen,Denmark,0,"['A*02', 'A*03']","['B*07', 'B*27']","['C*03', 'C*03']","['DRB1*01', 'DRB1*13']","['DQA1*02:01', 'DQA1*01:02']","['DQB1*06', 'DQB1*03']","['DPA1*01', 'DPA1*01']","['DPB1*04', 'DPB1*04']","['A2', 'A3']","['B7', 'B27']","['Cw3', 'Cw3']","['DR1', 'DR6']","['DQ2', 'DQ1']","['DQ1', 'DQ3']","['DP1', 'DP1']","['DP4', 'DP4']",Bw4/Bw6,[],0.0,1.0,nan,0,3
283,D0414_RK,kidney,True,AllocationPriority.PRIORITY_7,D0414,AB,POS,KD,32,Copenhagen,Denmark,283,"['A*11', 'A*03']","['B*08', 'B*37']","['C*03', 'C*08']","['DRB1*13', 'DRB1*01']","['DQA1*03:01', 'DQA1*03:01']","['DQB1*03', 'DQB1*03']","['DPA1*01', 'DPA1*01']","['DPB1*11', 'DPB1*19']","['A11', 'A3']","['B8', 'B37']","['Cw3', 'Cw8']","['DR6', 'DR1']","['DQ3', 'DQ3']","['DQ3', 'DQ3']","['DP1', 'DP1']","['DP11', 'DP19']",Bw4/Bw6,nan,R1451,AB,POS,Kidney,72,Copenhagen,Denmark,0,"['A*02', 'A*03']","['B*44', 'B*08']","['C*03', 'C*07']","['DRB1*13', 'DRB1*13']","['DQA1*05:01', 'DQA1*04:01']","['DQB1*03', 'DQB1*03']","['DPA1*01', 'DPA1*02:02']","['DPB1*03', 'DPB1*03']","['A2', 'A3']","['B12', 'B8']","['Cw3', 'Cw7']","['DR6', 'DR6']","['DQ1', 'DQ4']","['DQ3', 'DQ3']","['DP1', 'DP2']","['DP3', 'DP3']",Bw4/Bw6,"['B*44', 'C*18', 'DPB1*51', 'DRB1*08', 'A*31', 'B*49', 'B*13', 'DPB1*19', 'DQA1*02:01']",0.3652,0.6348,nan,1,2,3,0.0,0.5,1.0,541.9890541758828
284,D0415_LK,kidney,False,AllocationPriority.LOCAL,D0415,O,POS,KD,54,Skane,Sweden,284,"['A*11', 'A*11']","['B*15', 'B*08']","['C*03', 'C*01']","['DRB1*15', 'DRB1*04']","['DQA1*05:01', 'DQA1*05:01']","['DQB1*03', 'DQB1*03']","['DPA1*01', 'DPA1*01']","['DPB1*04', 'DPB1*04']","['A11', 'A11']","['B15', 'B8']","['Cw3', 'Cw1']","['DR2', 'DR4']","['DQ1', 'DQ1']","['DQ3', 'DQ3']","['DP1', 'DP1']","['DP4', 'DP4']",Bw4/Bw6,nan,R0117,O,POS,Kidney,82,Skane,Sweden,0,"['A*24', 'A*11']","['B*15', 'B*14']","['C*07', 'C*03']","['DRB1*15', 'DRB1*04']","['DQA1*01:01', 'DQA1*05:01']","['DQB1*03', 'DQB1*06']","['DPA1*01', 'DPA1*01']","['DPB1*04', 'DPB1*04']","['A9', 'A11']","['B15', 'B14']","['Cw7', 'Cw3']","['DR2', 'DR4']","['DQ1', 'DQ1']","['DQ3', 'DQ1']","['DP1', 'DP1']","['DP4', 'DP4']",Bw4/Bw4,[],0.0,0.41,nan,0,1
284,D0416_LK,kidney,False,AllocationPriority.PAYBACK,D0416,B,POS,KD,59,Skane,Sweden,284,"['A*01', 'A*11']","['B*44', 'B*07']","['C*02', 'C*04']","['DRB1*15', 'DRB1*04']","['DQA1*03:01', 'DQA1*03:01']","['DQB1*05', 'DQB1*06']","['DPA1*01', 'DPA1*01']","['DPB1*02', 'DPB1*03']","['A1', 'A11']","['B12', 'B7']","['Cw2', 'Cw4']","['DR2', 'DR4']","['DQ3', 'DQ3']","['DQ1', 'DQ1']","['DP1', 'DP1']","['DP2', 'DP3']",Bw4/Bw6,nan,R1959,B,POS,Kidney,42,Oslo,Norway,0,"['A*26', 'A*01']","['B*40', 'B*07']","['C*07', 'C*07']","['DRB1*15', 'DRB1*04']","['DQA1*01:02', 'DQA1*03:01']","['DQB1*02', 'DQB1*03']","['DPA1*01', 'DPA1*01']","['DPB1*02', 'DPB1*04']","['A10', 'A1']","['B40', 'B7']","['Cw7', 'Cw7']","['DR2', 'DR4']","['DQ1', 'DQ3']","['DQ2', 'DQ3']","['DP1', 'DP1']","['DP2', 'DP4']",Bw4/Bw6,[],0.0,0.52,nan,0,2
284,D0417_LK,kidney,False,AllocationPriority.PAYBACK,D0417,O,POS,KD,27,Copenhagen,Denmark,284,"['A*68', 'A*02']","['B*44', 'B*40']","['C*03', 'C*06']","['DRB1*08', 'DRB1*04']","['DQA1*01:03', 'DQA1*04:01']","['DQB1*04', 'DQB1*03']","['DPA1*01', 'DPA1*01']","['DPB1*04', 'DPB1*05']","['A28', 'A2']","['B12', 'B40']","['Cw3', 'Cw6']","['DR8', 'DR4']","['DQ1', 'DQ4']","['DQ4', 'DQ3']","['DP1', 'DP1']","['DP4', 'DP5']",Bw4/Bw6,nan,R2064,O,POS,Kidney,69,Tartu,Estonia,0,"['A*32', 'A*02']","['B*07', 'B*44']","['C*07', 'C*03']","['DRB1*08', 'DRB1*04']","['DQA1*04:01', 'DQA1*04:01']","['DQB1*02', 'DQB1*06']","['DPA1*01', 'DPA1*01']","['DPB1*16', 'DPB1*04']","['A19', 'A2']","['B7', 'B12']","['Cw7', 'Cw3']","['DR8', 'DR4']","['DQ4', 'DQ4']","['DQ2', 'DQ1']","['DP1', 'DP1']","['DP16', 'DP4']",Bw4/Bw4,[],0.0,0.41,nan,0,2
284,D0415_RK,kidney,True,AllocationPriority.PRIORITY_7,D0415,O,POS,KD,54,Skane,Sweden,284,"['A*11', 'A*11']","['B*15', 'B*08']","['C*03', 'C*01']","['DRB1*15', 'DRB1*04']","['DQA1*05:01', 'DQA1*05:01']","['DQB1*03', 'DQB1*03']","['DPA1*01', 'DPA1*01']","['DPB1*04', 'DPB1*04']","['A11', 'A11']","['B15', 'B8']","['Cw3', 'Cw1']","['DR2', 'DR4']","['DQ1', 'DQ1']","['DQ3', 'DQ3']","['DP1', 'DP1']","['DP4', 'DP4']",Bw4/Bw6,nan,R1665,O,POS,Kidney,74,Gothenburg,Sweden,0,"['A*24', 'A*11']","['B*44', 'B*15']","['C*03', 'C*03']","['DRB1*04', 'DRB1*15']","['DQA1*01:02', 'DQA1*01:02']","['DQB1*03', 'DQB1*03']","['DPA1*01', 'DPA1*01']","['DPB1*03', 'DPB1*02']","['A9', 'A11']","['B12', 'B15']","['Cw3', 'Cw3']","['DR4', 'DR2']","['DQ1', 'DQ1']","['DQ3', 'DQ3']","['DP1', 'DP1']","['DP3', 'DP2']",Bw6/Bw6,"['DPB1*17', 'B*42', 'C*15', 'DPB1*24', 'A*02', 'DPB1*115', 'B*39']",0.3688,0.2587919999999999,nan,0,1,1,242.24714531578837,0.8333333333333334,0.9554871944353673,648.3896075574676
284,D0416_RK,kidney,True,AllocationPriority.PRIORITY_7,D0416,B,POS,KD,59,Skane,Sweden,284,"['A*01', 'A*11']","['B*44', 'B*07']","['C*02', 'C*04']","['DRB1*15', 'DRB1*04']","['DQA1*03:01', 'DQA1*03:01']","['DQB1*05', 'DQB1*06']","['DPA1*01', 'DPA1*01']","['DPB1*02', 'DPB1*03']","['A1', 'A11']","['B12', 'B7']","['Cw2', 'Cw4']","['DR2', 'DR4']","['DQ3', 'DQ3']","['DQ1', 'DQ1']","['DP1', 'DP1']","['DP2', 'DP3']",Bw4/Bw6,nan,R3111,B,POS,Kidney,83,Skane,Sweden,280,"['A*32', 'A*02']","['B*07', 'B*44']","['C*06', 'C*07']","['DRB1*15', 'DRB1*04']","['DQA1*05:01', 'DQA1*03:01']","['DQB1*05', 'DQB1*03']","['DPA1*02:02', 'DPA1*01']","['DPB1*04', 'DPB1*05']","['A19', 'A2']","['B7', 'B12']","['Cw6', 'Cw7']","['DR2', 'DR4']","['DQ1', 'DQ3']","['DQ1', 'DQ3']","['DP2', 'DP1']","['DP4', 'DP5']",Bw4/Bw4,[],0.0,0.52,nan,0,2,2,0.0,0.6666666666666667,1.0,603.1672386167969
284,D0417_RK,kidney,True,AllocationPriority.PRIORITY_7,D0417,O,POS,KD,27,Copenhagen,Denmark,284,"['A*68', 'A*02']","['B*44', 'B*40']","['C*03', 'C*06']","['DRB1*08', 'DRB1*04']","['DQA1*01:03', 'DQA1*04:01']","['DQB1*04', 'DQB1*03']","['DPA1*01', 'DPA1*01']","['DPB1*04', 'DPB1*05']","['A28', 'A2']","['B12', 'B40']","['Cw3', 'Cw6']","['DR8', 'DR4']","['DQ1', 'DQ4']","['DQ4', 'DQ3']","['DP1', 'DP1']","['DP4', 'DP5']",Bw4/Bw6,nan,R0583,O,POS,Kidney,79,Skane,Sweden,0,"['A*25', 'A*02']","['B*40', 'B*44']","['C*05', 'C*02']","['DRB1*04', 'DRB1*07']","['DQA1*03:01', 'DQA1*01:02']","['DQB1*06', 'DQB1*03']","['DPA1*01', 'DPA1*01']","['DPB1*04', 'DPB1*04']","['A10', 'A2']","['B40', 'B12']","['Cw5', 'Cw2']","['DR4', 'DR7']","['DQ3', 'DQ1']","['DQ1', 'DQ3']","['DP1', 'DP1']","['DP4', 'DP4']",Bw4/Bw4,"['A*69', 'DRB1*08', 'DPB1*09', 'DPB1*14', 'B*37', 'B*38', 'DPB1*31']",0.0785,0.3778149999999999,nan,1,1,2,28.452846136850336,0.6666666666666667,0.9947718021353811,601.2931675608735
286,D0418_LK,kidney,False,AllocationPriority.PAYBACK,D0418,A,POS,KD,21,Oslo,Norway,286,"['A*03', 'A*03']","['B*40', 'B*35']","['C*03', 'C*03']","['DRB1*04', 'DRB1*15']","['DQA1*01:02', 'DQA1*02:01']","['DQB1*03', 'DQB1*05']","['DPA1*01', 'DPA1*01']","['DPB1*04', 'DPB1*17']","['A3', 'A3']","['B40', 'B35']","['Cw3', 'Cw3']","['DR4', 'DR2']","['DQ1', 'DQ2']","['DQ3', 'DQ1']","['DP1', 'DP1']","['DP4', 'DP17']",Bw6/Bw6,nan,R0580,A,POS,Kidney,90,Gothenburg,Sweden,0,"['A*25', 'A*03']","['B*35', 'B*08']","['C*05', 'C*03']","['DRB1*15', 'DRB1*04']","['DQA1*03:01', 'DQA1*01:03']","['DQB1*06', 'DQB1*06']","['DPA1*01', 'DPA1*01']","['DPB1*04', 'DPB1*04']","['A10', 'A3']","['B35', 'B8']","['Cw5', 'Cw3']","['DR2', 'DR4']","['DQ3', 'DQ1']","['DQ1', 'DQ1']","['DP1', 'DP1']","['DP4', 'DP4']",Bw4/Bw6,"['B*50', 'B*46', 'DRB1*08', 'C*17', 'DPB1*115', 'C*14', 'DPB1*01', 'A*33']",0.1333,0.736695,nan,0,1
286,D0418_RK,kidney,True,AllocationPriority.PAYBACK,D0418,A,POS,KD,21,Oslo,Norway,286,"['A*03', 'A*03']","['B*40', 'B*35']","['C*03', 'C*03']","['DRB1*04', 'DRB1*15']","['DQA1*01:02', 'DQA1*02:01']","['DQB1*03', 'DQB1*05']","['DPA1*01', 'DPA1*01']","['DPB1*04', 'DPB1*17']","['A3', 'A3']","['B40', 'B35']","['Cw3', 'Cw3']","['DR4', 'DR2']","['DQ1', 'DQ2']","['DQ3', 'DQ1']","['DP1', 'DP1']","['DP4', 'DP17']",Bw6/Bw6,nan,R1717,A,POS,Kidney,76,Oslo,Norway,0,"['A*03', 'A*02']","['B*40', 'B*44']","['C*07', 'C*05']","['DRB1*04', 'DRB1*15']","['DQA1*01:02', 'DQA1*01:02']","['DQB1*03', 'DQB1*06']","['DPA1*01', 'DPA1*01']","['DPB1*04', 'DPB1*03']","['A3', 'A2']","['B40', 'B12']","['Cw7', 'Cw5']","['DR4', 'DR2']","['DQ1', 'DQ1']","['DQ3', 'DQ1']","['DP1', 'DP1']","['DP4', 'DP3']",Bw4/Bw6,"['DPB1*04', 'B*54', 'B*48', 'DPB1*10', 'B*39', 'B*56', 'DPB1*11', 'DPB1*129']",0.6079,0.3332850000000001,nan,0,1
287,D0419_LK,kidney,False,AllocationPriority.PAYBACK,D0419,A,NEG,KD,48,Helsinki,Finland,287,"['A*02', 'A*31']","['B*27', 'B*40']","['C*07', 'C*07']","['DRB1*03', 'DRB1*03']","['DQA1*03:01', 'DQA1*05:01']","['DQB1*05', 'DQB1*03']","['DPA1*01', 'DPA1*01']","['DPB1*01', 'DPB1*04']","['A2', 'A19']","['B27', 'B40']","['Cw7', 'Cw7']","['DR3', 'DR3']","['DQ3', 'DQ1']","['DQ1', 'DQ3']","['DP1', 'DP1']","['DP1', 'DP4']",Bw4/Bw4,nan,R2703,A,POS,Kidney,74,Helsinki,Finland,155,"['A*32', 'A*02']","['B*40', 'B*27']","['C*06', 'C*05']","['DRB1*13', 'DRB1*03']","['DQA1*05:01', 'DQA1*01:03']","['DQB1*06', 'DQB1*04']","['DPA1*01', 'DPA1*01']","['DPB1*04', 'DPB1*11']","['A19', 'A2']","['B40', 'B27']","['Cw6', 'Cw5']","['DR6', 'DR3']","['DQ1', 'DQ1']","['DQ1', 'DQ4']","['DP1', 'DP1']","['DP4', 'DP11']",Bw4/Bw4,"['DPB1*14', 'A*11', 'DRB1*07', 'B*50', 'B*37', 'B*49', 'C*03', 'DQA1*01:03', 'DPB1*06']",0.4891,0.434265,nan,0,0
287,D0419_RK,kidney,True,AllocationPriority.PRIORITY_7,D0419,A,NEG,KD,48,Helsinki,Finland,287,"['A*02', 'A*31']","['B*27', 'B*40']","['C*07', 'C*07']","['DRB1*03', 'DRB1*03']","['DQA1*03:01', 'DQA1*05:01']","['DQB1*05', 'DQB1*03']","['DPA1*01', 'DPA1*01']","['DPB1*01', 'DPB1*04']","['A2', 'A19']","['B27', 'B40']","['Cw7', 'Cw7']","['DR3', 'DR3']","['DQ3', 'DQ1']","['DQ1', 'DQ3']","['DP1', 'DP1']","['DP1', 'DP4']",Bw4/Bw4,nan,R0405,A,NEG,Kidney,36,Helsinki,Finland,0,"['A*31', 'A*02']","['B*40', 'B*07']","['C*05', 'C*16']","['DRB1*03', 'DRB1*15']","['DQA1*02:01', 'DQA1*05:01']","['DQB1*03', 'DQB1*06']","['DPA1*01', 'DPA1*01']","['DPB1*04', 'DPB1*02']","['A19', 'A2']","['B40', 'B7']","['Cw5', 'Cw16']","['DR3', 'DR2']","['DQ2', 'DQ1']","['DQ3', 'DQ1']","['DP1', 'DP1']","['DP4', 'DP2']",Bw4/Bw6,[],0.0,0.85,nan,0,1,1,0.0,0.8333333333333334,1.0,664.345423057711
288,D0420_LK,kidney,False,AllocationPriority.PAYBACK,D0420,O,POS,KD,29,Gothenburg,Sweden,288,"['A*02', 'A*02']","['B*27', 'B*08']","['C*03', 'C*03']","['DRB1*13', 'DRB1*15']","['DQA1*01:02', 'DQA1*03:01']","['DQB1*02', 'DQB1*03']","['DPA1*01', 'DPA1*01']","['DPB1*04', 'DPB1*11']","['A2', 'A2']","['B27', 'B8']","['Cw3', 'Cw3']","['DR6', 'DR2']","['DQ1', 'DQ3']","['DQ2', 'DQ3']","['DP1', 'DP1']","['DP4', 'DP11']",Bw4/Bw6,nan,R2779,O,NEG,Kidney,78,Helsinki,Finland,178,"['A*11', 'A*02']","['B*08', 'B*27']","['C*08', 'C*16']","['DRB1*13', 'DRB1*15']","['DQA1*05:01', 'DQA1*01:02']","['DQB1*02', 'DQB1*06']","['DPA1*01', 'DPA1*01']","['DPB1*02', 'DPB1*04']","['A11', 'A2']","['B8', 'B27']","['Cw8', 'Cw16']","['DR6', 'DR2']","['DQ1', 'DQ1']","['DQ2', 'DQ1']","['DP1', 'DP1']","['DP2', 'DP4']",Bw4/Bw6,"['B*42', 'C*12', 'DQB1*04', 'B*07', 'A*29', 'DPB1*01', 'B*58', 'A*03']",0.4836,0.2117239999999999,nan,0,0
288,D0421_LK,kidney,False,AllocationPriority.PAYBACK,D0421,O,POS,KD,52,Oslo,Norway,288,"['A*01', 'A*01']","['B*08', 'B*40']","['C*03', 'C*08']","['DRB1*13', 'DRB1*15']","['DQA1*03:01', 'DQA1*04:01']","['DQB1*05', 'DQB1*05']","['DPA1*01', 'DPA1*01']","['DPB1*05', 'DPB1*04']","['A1', 'A1']","['B8', 'B40']","['Cw3', 'Cw8']","['DR6', 'DR2']","['DQ3', 'DQ4']","['DQ1', 'DQ1']","['DP1', 'DP1']","['DP5', 'DP4']",Bw6/Bw6,nan,R1756,O,POS,Kidney,56,Helsinki,Finland,0,"['A*02', 'A*01']","['B*40', 'B*08']","['C*07', 'C*01']","['DRB1*13', 'DRB1*15']","['DQA1*03:01', 'DQA1*03:01']","['DQB1*06', 'DQB1*03']","['DPA1*02:02', 'DPA1*01']","['DPB1*05', 'DPB1*04']","['A2', 'A1']","['B40', 'B8']","['Cw7', 'Cw1']","['DR6', 'DR2']","['DQ3', 'DQ3']","['DQ1', 'DQ3']","['DP2', 'DP1']","['DP5', 'DP4']",Bw6/Bw6,[],0.0,0.41,nan,0,0
288,D0420_RK,kidney,True,AllocationPriority.PAYBACK,D0420,O,POS,KD,29,Gothenburg,Sweden,288,"['A*02', 'A*02']","['B*27', 'B*08']","['C*03', 'C*03']","['DRB1*13', 'DRB1*15']","['DQA1*01:02', 'DQA1*03:01']","['DQB1*02', 'DQB1*03']","['DPA1*01', 'DPA1*01']","['DPB1*04', 'DPB1*11']","['A2', 'A2']","['B27', 'B8']","['Cw3', 'Cw3']","['DR6', 'DR2']","['DQ1', 'DQ3']","['DQ2', 'DQ3']","['DP1', 'DP1']","['DP4', 'DP11']",Bw4/Bw6,nan,R1361,O,POS,Kidney,55,Copenhagen,Denmark,0,"['A*02', 'A*32']","['B*49', 'B*08']","['C*04', 'C*04']","['DRB1*13', 'DRB1*15']","['DQA1*01:02', 'DQA1*05:01']","['DQB1*06', 'DQB1*06']","['DPA1*01', 'DPA1*01']","['DPB1*04', 'DPB1*01']","['A2', 'A19']","['B21', 'B8']","['Cw4', 'Cw4']","['DR6', 'DR2']","['DQ1', 'DQ1']","['DQ1', 'DQ1']","['DP1', 'DP1']","['DP4', 'DP1']",Bw4/Bw4,[],0.0,0.41,nan,0,1
288,D0421_RK,kidney,True,AllocationPriority.PRIORITY_3,D0421,O,POS,KD,52,Oslo,Norway,288,"['A*01', 'A*01']","['B*08', 'B*40']","['C*03', 'C*08']","['DRB1*13', 'DRB1*15']","['DQA1*03:01', 'DQA1*04:01']","['DQB1*05', 'DQB1*05']","['DPA1*01', 'DPA1*01']","['DPB1*05', 'DPB1*04']","['A1', 'A1']","['B8', 'B40']","['Cw3', 'Cw8']","['DR6', 'DR2']","['DQ3', 'DQ4']","['DQ1', 'DQ1']","['DP1', 'DP1']","['DP5', 'DP4']",Bw6/Bw6,nan,R1763,O,POS,Kidney,61,Skane,Sweden,0,"['A*01', 'A*01']","['B*40', 'B*08']","['C*02', 'C*07']","['DRB1*15', 'DRB1*13']","['DQA1*05:01', 'DQA1*03:01']","['DQB1*02', 'DQB1*02']","['DPA1*01', 'DPA1*01']","['DPB1*04', 'DPB1*03']","['A1', 'A1']","['B40', 'B8']","['Cw2', 'Cw7']","['DR2', 'DR6']","['DQ1', 'DQ3']","['DQ2', 'DQ2']","['DP1', 'DP1']","['DP4', 'DP3']",Bw6/Bw6,"['DPB1*10', 'B*39', 'B*73', 'DRB1*09', 'B*45', 'DPB1*03', 'DRB1*14']",0.1838,0.334642,nan
290,D0422_LK,kidney,False,AllocationPriority.PAYBACK,D0422,O,NEG,KD,57,Gothenburg,Sweden,290,"['A*01', 'A*31']","['B*08', 'B*44']","['C*07', 'C*03']","['DRB1*03', 'DRB1*10']","['DQA1*03:01', 'DQA1*01:02']","['DQB1*06', 'DQB1*03']","['DPA1*02:02', 'DPA1*01']","['DPB1*03', 'DPB1*03']","['A1', 'A19']","['B8', 'B12']","['Cw7', 'Cw3']","['DR3', 'DR10']","['DQ3', 'DQ1']","['DQ1', 'DQ3']","['DP2', 'DP1']","['DP3', 'DP3']",Bw4/Bw4,nan,R1614,O,POS,Kidney,49,Helsinki,Finland,0,"['A*02', 'A*33']","['B*51', 'B*37']","['C*07', 'C*02']","['DRB1*03', 'DRB1*10']","['DQA1*02:01', 'DQA1*01:01']","['DQB1*03', 'DQB1*06']","['DPA1*01', 'DPA1*01']","['DPB1*04', 'DPB1*04']","['A2', 'A19']","['B5', 'B37']","['Cw7', 'Cw2']","['DR3', 'DR10']","['DQ2', 'DQ1']","['DQ3', 'DQ1']","['DP1', 'DP1']","['DP4', 'DP4']",Bw6/Bw6,"['B*54', 'A*01', 'B*53', 'B*56', 'B*38', 'A*03', 'A*11', 'A*26', 'DQA1*01:01']",0.5359,0.1902809999999999,nan,0,3
290,D0423_LK,kidney,False,AllocationPriority.PAYBACK,D0423,A,NEG,KD,52,Oslo,Norway,290,"['A*02', 'A*01']","['B*44', 'B*40']","['C*07', 'C*05']","['DRB1*15', 'DRB1*01']","['DQA1*02:01', 'DQA1*04:01']","['DQB1*03', 'DQB1*03']","['DPA1*01', 'DPA1*01']","['DPB1*04', 'DPB1*01']","['A2', 'A1']","['B12', 'B40']","['Cw7', 'Cw5']","['DR2', 'DR1']","['DQ2', 'DQ4']","['DQ3', 'DQ3']","['DP1', 'DP1']","['DP4', 'DP1']",Bw4/Bw6,nan,R1648,A,POS,Kidney,72,Uppsala,Sweden,0,"['A*01', 'A*02']","['B*49', 'B*44']","['C*05', 'C*04']","['DRB1*01', 'DRB1*15']","['DQA1*01:01', 'DQA1*01:02']","['DQB1*02', 'DQB1*02']","['DPA1*01', 'DPA1*01']","['DPB1*04', 'DPB1*02']","['A1', 'A2']","['B21', 'B12']","['Cw5', 'Cw4']","['DR1', 'DR2']","['DQ1', 'DQ1']","['DQ2', 'DQ2']","['DP1', 'DP1']","['DP4', 'DP2']",Bw4/Bw4,[],0.0,0.85,nan,0,1
290,D0424_LK,kidney,False,AllocationPriority.LOCAL,D0424,O,POS,KD,24,Copenhagen,Denmark,290,"['A*02', 'A*68']","['B*15', 'B*08']","['C*08', 'C*15']","['DRB1*14', 'DRB1*15']","['DQA1*05:01', 'DQA1*05:01']","['DQB1*03', 'DQB1*06']","['DPA1*01', 'DPA1*01']","['DPB1*03', 'DPB1*02']","['A2', 'A28']","['B15', 'B8']","['Cw8', 'Cw15']","['DR6', 'DR2']","['DQ1', 'DQ1']","['DQ3', 'DQ1']","['DP1', 'DP1']","['DP3', 'DP2']",Bw4/Bw6,nan,R0508,O,POS,Kidney,76,Copenhagen,Denmark,0,"['A*02', 'A*26']","['B*15', 'B*35']","['C*01', 'C*05']","['DRB1*13', 'DRB1*15']","['DQA1*01:03', 'DQA1*02:01']","['DQB1*03', 'DQB1*03']","['DPA1*01', 'DPA1*01']","['DPB1*03', 'DPB1*04']","['A2', 'A10']","['B15', 'B35']","['Cw1', 'Cw5']","['DR6', 'DR2']","['DQ1', 'DQ2']","['DQ3', 'DQ3']","['DP1', 'DP1']","['DP3', 'DP4']",Bw4/Bw4,"['DPB1*11', 'B*44', 'A*74', 'DRB1*12']",0.1722,0.339398,nan,0,2
290,D0422_RK,kidney,True,AllocationPriority.PRIORITY_1,D0422,O,NEG,KD,57,Gothenburg,Sweden,290,"['A*01', 'A*31']","['B*08', 'B*44']","['C*07', 'C*03']","['DRB1*03', 'DRB1*10']","['DQA1*03:01', 'DQA1*01:02']","['DQB1*06', 'DQB1*03']","['DPA1*02:02', 'DPA1*01']","['DPB1*03', 'DPB1*03']","['A1', 'A19']","['B8', 'B12']","['Cw7', 'Cw3']","['DR3', 'DR10']","['DQ3', 'DQ1']","['DQ1', 'DQ3']","['DP2', 'DP1']","['DP3', 'DP3']",Bw4/Bw4,nan,R3142,O,POS,Kidney,73,Helsinki,Finland,288,"['A*24', 'A*68']","['B*44', 'B*07']","['C*07', 'C*04']","['DRB1*11', 'DRB1*14']","['DQA1*01:03', 'DQA1*02:01']","['DQB1*03', 'DQB1*06']","['DPA1*01', 'DPA1*01']","['DPB1*04', 'DPB1*04']","['A9', 'A28']","['B12', 'B7']","['Cw7', 'Cw4']","['DR5', 'DR6']","['DQ1', 'DQ2']","['DQ3', 'DQ1']","['DP1', 'DP1']","['DP4', 'DP4']",Bw4/Bw4,"['DPB1*24', 'DPB1*01', 'DRB1*01', 'DPB1*04', 'B*47', 'DRB1*11', 'A*32', 'A*03']",0.9699,0.012341,nan
290,D0423_RK,kidney,True,AllocationPriority.PRIORITY_3,D0423,A,NEG,KD,52,Oslo,Norway,290,"['A*02', 'A*01']","['B*44', 'B*40']","['C*07', 'C*05']","['DRB1*15', 'DRB1*01']","['DQA1*02:01', 'DQA1*04:01']","['DQB1*03', 'DQB1*03']","['DPA1*01', 'DPA1*01']","['DPB1*04', 'DPB1*01']","['A2', 'A1']","['B12', 'B40']","['Cw7', 'Cw5']","['DR2', 'DR1']","['DQ2', 'DQ4']","['DQ3', 'DQ3']","['DP1', 'DP1']","['DP4', 'DP1']",Bw4/Bw6,nan,R1672,AB,NEG,Kidney,52,Helsinki,Finland,0,"['A*02', 'A*01']","['B*40', 'B*44']","['C*08', 'C*02']","['DRB1*01', 'DRB1*15']","['DQA1*02:01', 'DQA1*01:02']","['DQB1*05', 'DQB1*03']","['DPA1*01', 'DPA1*02:02']","['DPB1*04', 'DPB1*02']","['A2', 'A1']","['B40', 'B12']","['Cw8', 'Cw2']","['DR1', 'DR2']","['DQ2', 'DQ1']","['DQ1', 'DQ3']","['DP1', 'DP2']","['DP4', 'DP2']",Bw4/Bw6,"['DPB1*23', 'A*30', 'DRB1*11', 'C*16', 'A*66', 'B*18']",0.1236,0.8764000000000001,nan
290,D0424_RK,kidney,True,AllocationPriority.PRIORITY_7,D0424,O,POS,KD,24,Copenhagen,Denmark,290,"['A*02', 'A*68']","['B*15', 'B*08']","['C*08', 'C*15']","['DRB1*14', 'DRB1*15']","['DQA1*05:01', 'DQA1*05:01']","['DQB1*03', 'DQB1*06']","['DPA1*01', 'DPA1*01']","['DPB1*03', 'DPB1*02']","['A2', 'A28']","['B15', 'B8']","['Cw8', 'Cw15']","['DR6', 'DR2']","['DQ1', 'DQ1']","['DQ3', 'DQ1']","['DP1', 'DP1']","['DP3', 'DP2']",Bw4/Bw6,nan,R1453,O,POS,Kidney,71,Odense,Denmark,0,"['A*02', 'A*68']","['B*08', 'B*15']","['C*03', 'C*07']","['DRB1*15', 'DRB1*04']","['DQA1*01:02', 'DQA1*04:01']","['DQB1*03', 'DQB1*03']","['DPA1*01', 'DPA1*01']","['DPB1*04', 'DPB1*04']","['A2', 'A28']","['B8', 'B15']","['Cw3', 'Cw7']","['DR2', 'DR4']","['DQ1', 'DQ4']","['DQ3', 'DQ3']","['DP1', 'DP1']","['DP4', 'DP4']",Bw4/Bw6,[],0.0,0.41,nan,1,0,1,139.59013480576982,0.8333333333333334,0.9743503746091611,655.1511993911677
291,D0425_LK,kidney,False,AllocationPriority.PAYBACK,D0425,O,POS,KD,60,Stockholm,Sweden,291,"['A*02', 'A*01']","['B*44', 'B*40']","['C*07', 'C*03']","['DRB1*01', 'DRB1*03']","['DQA1*05:01', 'DQA1*03:01']","['DQB1*02', 'DQB1*02']","['DPA1*01', 'DPA1*01']","['DPB1*23', 'DPB1*02']","['A2', 'A1']","['B12', 'B40']","['Cw7', 'Cw3']","['DR1', 'DR3']","['DQ1', 'DQ3']","['DQ2', 'DQ2']","['DP1', 'DP1']","['DP23', 'DP2']",Bw4/Bw6,nan,R1650,B,POS,Kidney,46,Tartu,Estonia,0,"['A*11', 'A*03']","['B*44', 'B*15']","['C*01', 'C*07']","['DRB1*15', 'DRB1*15']","['DQA1*01:03', 'DQA1*04:01']","['DQB1*02', 'DQB1*02']","['DPA1*01', 'DPA1*01']","['DPB1*03', 'DPB1*04']","['A11', 'A3']","['B12', 'B15']","['Cw1', 'Cw7']","['DR2', 'DR2']","['DQ1', 'DQ4']","['DQ2', 'DQ2']","['DP1', 'DP1']","['DP3', 'DP4']",Bw4/Bw4,"['A*32', 'DPB1*04', 'DPB1*19', 'B*46', 'B*08', 'DQA1*01:02', 'A*34']",0.9518,0.025064,nan
291,D0426_LK,kidney,False,AllocationPriority.PAYBACK,D0426,A,POS,KD,74,Stockholm,Sweden,291,"['A*25', 'A*03']","['B*08', 'B*27']","['C*07', 'C*07']","['DRB1*12', 'DRB1*15']","['DQA1*01:02', 'DQA1*03:01']","['DQB1*03', 'DQB1*05']","['DPA1*01', 'DPA1*01']","['DPB1*04', 'DPB1*04']","['A10', 'A3']","['B8', 'B27']","['Cw7', 'Cw7']","['DR5', 'DR2']","['DQ1', 'DQ3']","['DQ3', 'DQ1']","['DP1', 'DP1']","['DP4', 'DP4']",Bw4/Bw4,nan,R1776,A,POS,Kidney,88,Uppsala,Sweden,0,"['A*03', 'A*24']","['B*18', 'B*08']","['C*05', 'C*03']","['DRB1*12', 'DRB1*15']","['DQA1*03:01', 'DQA1*01:02']","['DQB1*05', 'DQB1*04']","['DPA1*01', 'DPA1*01']","['DPB1*01', 'DPB1*01']","['A3', 'A9']","['B18', 'B8']","['Cw5', 'Cw3']","['DR5', 'DR2']","['DQ3', 'DQ1']","['DQ1', 'DQ4']","['DP1', 'DP1']","['DP1', 'DP1']",Bw4/Bw6,['B*18'],0.0367,0.818805,nan,0,2
291,D0427_LK,kidney,False,AllocationPriority.PAYBACK,D0427,O,NEG,KD,60,Helsinki,Finland,291,"['A*02', 'A*03']","['B*27', 'B*39']","['C*04', 'C*05']","['DRB1*01', 'DRB1*15']","['DQA1*01:02', 'DQA1*03:01']","['DQB1*03', 'DQB1*03']","['DPA1*01', 'DPA1*01']","['DPB1*04', 'DPB1*04']","['A2', 'A3']","['B27', 'B16']","['Cw4', 'Cw5']","['DR1', 'DR2']","['DQ1', 'DQ3']","['DQ3', 'DQ3']","['DP1', 'DP1']","['DP4', 'DP4']",Bw4/Bw4,nan,R0412,O,POS,Kidney,79,Oslo,Norway,0,"['A*02', 'A*11']","['B*27', 'B*07']","['C*03', 'C*02']","['DRB1*01', 'DRB1*15']","['DQA1*02:01', 'DQA1*01:03']","['DQB1*02', 'DQB1*03']","['DPA1*01', 'DPA1*01']","['DPB1*16', 'DPB1*04']","['A2', 'A11']","['B27', 'B7']","['Cw3', 'Cw2']","['DR1', 'DR2']","['DQ2', 'DQ1']","['DQ2', 'DQ3']","['DP1', 'DP1']","['DP16', 'DP4']",Bw4/Bw6,"['DPB1*424', 'C*15', 'DRB1*15', 'DRB1*07', 'A*68', 'DRB1*08', 'B*18', 'DPB1*16', 'A*03']",0.5612,0.1799079999999999,nan,0,2
291,D0428_LK,kidney,False,AllocationPriority.LOCAL,D0428,AB,POS,KD,55,Helsinki,Finland,291,"['A*11', 'A*68']","['B*44', 'B*07']","['C*12', 'C*07']","['DRB1*15', 'DRB1*03']","['DQA1*01:02', 'DQA1*05:01']","['DQB1*04', 'DQB1*03']","['DPA1*01', 'DPA1*01']","['DPB1*10', 'DPB1*02']","['A11', 'A28']","['B12', 'B7']","['Cw12', 'Cw7']","['DR2', 'DR3']","['DQ1', 'DQ1']","['DQ4', 'DQ3']","['DP1', 'DP1']","['DP10', 'DP2']",Bw4/Bw6,nan,R0159,AB,POS,Kidney,83,Helsinki,Finland,0,"['A*01', 'A*02']","['B*08', 'B*08']","['C*15', 'C*12']","['DRB1*15', 'DRB1*03']","['DQA1*03:01', 'DQA1*02:01']","['DQB1*06', 'DQB1*02']","['DPA1*01', 'DPA1*02:02']","['DPB1*04', 'DPB1*02']","['A1', 'A2']","['B8', 'B8']","['Cw15', 'Cw12']","['DR2', 'DR3']","['DQ3', 'DQ2']","['DQ1', 'DQ2']","['DP1', 'DP2']","['DP4', 'DP2']",Bw6/Bw6,[],0.0,1.0,nan,0,4
291,D0429_LK,kidney,False,AllocationPriority.PAYBACK,D0429,O,POS,KD,46,Reykjavik,Iceland,291,"['A*02', 'A*01']","['B*51', 'B*07']","['C*03', 'C*03']","['DRB1*07', 'DRB1*03']","['DQA1*05:01', 'DQA1*01:02']","['DQB1*03', 'DQB1*02']","['DPA1*01', 'DPA1*01']","['DPB1*04', 'DPB1*01']","['A2', 'A1']","['B5', 'B7']","['Cw3', 'Cw3']","['DR7', 'DR3']","['DQ1', 'DQ1']","['DQ3', 'DQ2']","['DP1', 'DP1']","['DP4', 'DP1']",Bw4/Bw6,nan,R2244,O,POS,Kidney,81,Copenhagen,Denmark,11,"['A*01', 'A*02']","['B*07', 'B*44']","['C*07', 'C*06']","['DRB1*03', 'DRB1*07']","['DQA1*02:01', 'DQA1*05:01']","['DQB1*02', 'DQB1*06']","['DPA1*01', 'DPA1*01']","['DPB1*04', 'DPB1*04']","['A1', 'A2']","['B7', 'B12']","['Cw7', 'Cw6']","['DR3', 'DR7']","['DQ2', 'DQ1']","['DQ2', 'DQ1']","['DP1', 'DP1']","['DP4', 'DP4']",Bw4/Bw6,[],0.0,0.41,nan,0,1
291,D0425_RK,kidney,True,AllocationPriority.PRIORITY_7,D0425,O,POS,KD,60,Stockholm,Sweden,291,"['A*02', 'A*01']","['B*44', 'B*40']","['C*07', 'C*03']","['DRB1*01', 'DRB1*03']","['DQA1*05:01', 'DQA1*03:01']","['DQB1*02', 'DQB1*02']","['DPA1*01', 'DPA1*01']","['DPB1*23', 'DPB1*02']","['A2', 'A1']","['B12', 'B40']","['Cw7', 'Cw3']","['DR1', 'DR3']","['DQ1', 'DQ3']","['DQ2', 'DQ2']","['DP1', 'DP1']","['DP23', 'DP2']",Bw4/Bw6,nan,R1045,O,POS,Kidney,86,Copenhagen,Denmark,0,"['A*01', 'A*02']","['B*18', 'B*44']","['C*01', 'C*03']","['DRB1*03', 'DRB1*01']","['DQA1*02:01', 'DQA1*03:01']","['DQB1*06', 'DQB1*06']","['DPA1*01', 'DPA1*01']","['DPB1*04', 'DPB1*04']","['A1', 'A2']","['B18', 'B12']","['Cw1', 'Cw3']","['DR3', 'DR1']","['DQ2', 'DQ3']","['DQ1', 'DQ1']","['DP1', 'DP1']","['DP4', 'DP4']",Bw4/Bw6,[],0.0,0.41,nan,0,1,1,522.1289049932946,0.8333333333333334,0.9040590451650357,629.9549559809701
291,D0426_RK,kidney,True,AllocationPriority.PAYBACK,D0426,A,POS,KD,74,Stockholm,Sweden,291,"['A*25', 'A*03']","['B*08', 'B*27']","['C*07', 'C*07']","['DRB1*12', 'DRB1*15']","['DQA1*01:02', 'DQA1*03:01']","['DQB1*03', 'DQB1*05']","['DPA1*01', 'DPA1*01']","['DPB1*04', 'DPB1*04']","['A10', 'A3']","['B8', 'B27']","['Cw7', 'Cw7']","['DR5', 'DR2']","['DQ1', 'DQ3']","['DQ3', 'DQ1']","['DP1', 'DP1']","['DP4', 'DP4']",Bw4/Bw4,nan,R2991,A,POS,Kidney,83,Oslo,Norway,243,"['A*03', 'A*11']","['B*37', 'B*27']","['C*07', 'C*05']","['DRB1*15', 'DRB1*12']","['DQA1*05:01', 'DQA1*05:01']","['DQB1*05', 'DQB1*06']","['DPA1*01', 'DPA1*01']","['DPB1*04', 'DPB1*04']","['A3', 'A11']","['B37', 'B27']","['Cw7', 'Cw5']","['DR2', 'DR5']","['DQ1', 'DQ1']","['DQ1', 'DQ1']","['DP1', 'DP1']","['DP4', 'DP4']",Bw4/Bw4,[],0.0,0.85,nan,0,2
291,D0427_RK,kidney,True,AllocationPriority.PAYBACK,D0427,O,NEG,KD,60,Helsinki,Finland,291,"['A*02', 'A*03']","['B*27', 'B*39']","['C*04', 'C*05']","['DRB1*01', 'DRB1*15']","['DQA1*01:02', 'DQA1*03:01']","['DQB1*03', 'DQB1*03']","['DPA1*01', 'DPA1*01']","['DPB1*04', 'DPB1*04']","['A2', 'A3']","['B27', 'B16']","['Cw4', 'Cw5']","['DR1', 'DR2']","['DQ1', 'DQ3']","['DQ3', 'DQ3']","['DP1', 'DP1']","['DP4', 'DP4']",Bw4/Bw4,nan,R1283,O,POS,Kidney,79,Oslo,Norway,0,"['A*24', 'A*02']","['B*08', 'B*27']","['C*07', 'C*01']","['DRB1*15', 'DRB1*01']","['DQA1*04:01', 'DQA1*03:01']","['DQB1*06', 'DQB1*06']","['DPA1*01', 'DPA1*01']","['DPB1*04', 'DPB1*02']","['A9', 'A2']","['B8', 'B27']","['Cw7', 'Cw1']","['DR2', 'DR1']","['DQ4', 'DQ3']","['DQ1', 'DQ1']","['DP1', 'DP1']","['DP4', 'DP2']",Bw4/Bw4,"['B*58', 'DQA1*02:01', 'B*39', 'DPB1*13', 'DPB1*01', 'B*48', 'DPB1*15']",0.223,0.3185699999999999,nan,0,2
291,D0428_RK,kidney,True,AllocationPriority.PRIORITY_7,D0428,AB,POS,KD,55,Helsinki,Finland,291,"['A*11', 'A*68']","['B*44', 'B*07']","['C*12', 'C*07']","['DRB1*15', 'DRB1*03']","['DQA1*01:02', 'DQA1*05:01']","['DQB1*04', 'DQB1*03']","['DPA1*01', 'DPA1*01']","['DPB1*10', 'DPB1*02']","['A11', 'A28']","['B12', 'B7']","['Cw12', 'Cw7']","['DR2', 'DR3']","['DQ1', 'DQ1']","['DQ4', 'DQ3']","['DP1', 'DP1']","['DP10', 'DP2']",Bw4/Bw6,nan,R1735,AB,POS,Kidney,79,Oslo,Norway,0,"['A*32', 'A*68']","['B*35', 'B*44']","['C*07', 'C*07']","['DRB1*04', 'DRB1*15']","['DQA1*05:01', 'DQA1*05:01']","['DQB1*03', 'DQB1*03']","['DPA1*01', 'DPA1*01']","['DPB1*04', 'DPB1*04']","['A19', 'A28']","['B35', 'B12']","['Cw7', 'Cw7']","['DR4', 'DR2']","['DQ1', 'DQ1']","['DQ3', 'DQ3']","['DP1', 'DP1']","['DP4', 'DP4']",Bw4/Bw4,[],0.0,1.0,nan,1,2,3,786.5519919158309,0.5,0.8554714201606649,490.1821342305606
291,D0429_RK,kidney,True,AllocationPriority.PRIORITY_7,D0429,O,POS,KD,46,Reykjavik,Iceland,291,"['A*02', 'A*01']","['B*51', 'B*07']","['C*03', 'C*03']","['DRB1*07', 'DRB1*03']","['DQA1*05:01', 'DQA1*01:02']","['DQB1*03', 'DQB1*02']","['DPA1*01', 'DPA1*01']","['DPB1*04', 'DPB1*01']","['A2', 'A1']","['B5', 'B7']","['Cw3', 'Cw3']","['DR7', 'DR3']","['DQ1', 'DQ1']","['DQ3', 'DQ2']","['DP1', 'DP1']","['DP4', 'DP1']",Bw4/Bw6,nan,R2557,O,NEG,Kidney,84,Skane,Sweden,112,"['A*01', 'A*02']","['B*07', 'B*40']","['C*07', 'C*12']","['DRB1*03', 'DRB1*07']","['DQA1*01:02', 'DQA1*01:01']","['DQB1*03', 'DQB1*06']","['DPA1*01', 'DPA1*02:02']","['DPB1*13', 'DPB1*04']","['A1', 'A2']","['B7', 'B40']","['Cw7', 'Cw12']","['DR3', 'DR7']","['DQ1', 'DQ1']","['DQ3', 'DQ1']","['DP1', 'DP2']","['DP13', 'DP4']",Bw6/Bw6,[],0.0,0.41,nan,0,1,1,2130.246808297955,0.8333333333333334,0.6085680933047257,524.0348943252634
292,D0430_LK,kidney,False,AllocationPriority.LOCAL,D0430,A,NEG,KD,62,Odense,Denmark,292,"['A*01', 'A*01']","['B*40', 'B*27']","['C*07', 'C*04']","['DRB1*03', 'DRB1*01']","['DQA1*03:01', 'DQA1*01:02']","['DQB1*06', 'DQB1*02']","['DPA1*01', 'DPA1*01']","['DPB1*01', 'DPB1*20']","['A1', 'A1']","['B40', 'B27']","['Cw7', 'Cw4']","['DR3', 'DR1']","['DQ3', 'DQ1']","['DQ1', 'DQ2']","['DP1', 'DP1']","['DP1', 'DP20']",Bw4/Bw6,nan,R0400,A,POS,Kidney,67,Odense,Denmark,0,"['A*24', 'A*03']","['B*57', 'B*27']","['C*04', 'C*12']","['DRB1*01', 'DRB1*03']","['DQA1*05:01', 'DQA1*01:02']","['DQB1*04', 'DQB1*06']","['DPA1*01', 'DPA1*01']","['DPB1*04', 'DPB1*04']","['A9', 'A3']","['B17', 'B27']","['Cw4', 'Cw12']","['DR1', 'DR3']","['DQ1', 'DQ1']","['DQ4', 'DQ1']","['DP1', 'DP1']","['DP4', 'DP4']",Bw6/Bw6,[],0.0,0.85,nan,0,3
292,D0431_LK,kidney,False,AllocationPriority.LOCAL,D0431,B,NEG,KD,85,Aarhus,Denmark,292,"['A*02', 'A*02']","['B*44', 'B*40']","['C*07', 'C*03']","['DRB1*08', 'DRB1*01']","['DQA1*03:01', 'DQA1*05:01']","['DQB1*02', 'DQB1*03']","['DPA1*01', 'DPA1*01']","['DPB1*04', 'DPB1*04']","['A2', 'A2']","['B12', 'B40']","['Cw7', 'Cw3']","['DR8', 'DR1']","['DQ3', 'DQ1']","['DQ2', 'DQ3']","['DP1', 'DP1']","['DP4', 'DP4']",Bw4/Bw6,nan,R1131,B,POS,Kidney,73,Aarhus,Denmark,0,"['A*24', 'A*26']","['B*57', 'B*44']","['C*17', 'C*03']","['DRB1*01', 'DRB1*01']","['DQA1*01:02', 'DQA1*03:01']","['DQB1*03', 'DQB1*06']","['DPA1*01', 'DPA1*01']","['DPB1*04', 'DPB1*03']","['A9', 'A10']","['B17', 'B12']","['Cw17', 'Cw3']","['DR1', 'DR1']","['DQ1', 'DQ3']","['DQ3', 'DQ1']","['DP1', 'DP1']","['DP4', 'DP3']",Bw6/Bw6,"['B*46', 'DPB1*13', 'B*40', 'DPB1*01', 'DQA1*05:01', 'C*17', 'A*29', 'B*58', 'DRB1*14']",0.477,0.27196,nan,1,3
292,D0430_RK,kidney,True,AllocationPriority.PRIORITY_7,D0430,A,NEG,KD,62,Odense,Denmark,292,"['A*01', 'A*01']","['B*40', 'B*27']","['C*07', 'C*04']","['DRB1*03', 'DRB1*01']","['DQA1*03:01', 'DQA1*01:02']","['DQB1*06', 'DQB1*02']","['DPA1*01', 'DPA1*01']","['DPB1*01', 'DPB1*20']","['A1', 'A1']","['B40', 'B27']","['Cw7', 'Cw4']","['DR3', 'DR1']","['DQ3', 'DQ1']","['DQ1', 'DQ2']","['DP1', 'DP1']","['DP1', 'DP20']",Bw4/Bw6,nan,R2678,A,POS,Kidney,46,Odense,Denmark,146,"['A*26', 'A*01']","['B*40', 'B*27']","['C*04', 'C*01']","['DRB1*13', 'DRB1*01']","['DQA1*03:01', 'DQA1*04:01']","['DQB1*06', 'DQB1*02']","['DPA1*01', 'DPA1*01']","['DPB1*04', 'DPB1*02']","['A10', 'A1']","['B40', 'B27']","['Cw4', 'Cw1']","['DR6', 'DR1']","['DQ3', 'DQ4']","['DQ1', 'DQ2']","['DP1', 'DP1']","['DP4', 'DP2']",Bw4/Bw4,"['A*74', 'DRB1*07', 'DQA1*06:01', 'DRB1*14', 'C*01', 'C*14', 'DPA1*02:02', 'DPB1*15', 'DPB1*115']",0.3103,0.586245,nan,1,0,1,0.0,0.8333333333333334,1.0,664.345423057711
292,D0431_RK,kidney,True,AllocationPriority.PRIORITY_7,D0431,B,NEG,KD,85,Aarhus,Denmark,292,"['A*02', 'A*02']","['B*44', 'B*40']","['C*07', 'C*03']","['DRB1*08', 'DRB1*01']","['DQA1*03:01', 'DQA1*05:01']","['DQB1*02', 'DQB1*03']","['DPA1*01', 'DPA1*01']","['DPB1*04', 'DPB1*04']","['A2', 'A2']","['B12', 'B40']","['Cw7', 'Cw3']","['DR8', 'DR1']","['DQ3', 'DQ1']","['DQ2', 'DQ3']","['DP1', 'DP1']","['DP4', 'DP4']",Bw4/Bw6,nan,R2859,B,POS,Kidney,86,Helsinki,Finland,204,"['A*02', 'A*03']","['B*38', 'B*40']","['C*04', 'C*03']","['DRB1*01', 'DRB1*08']","['DQA1*01:02', 'DQA1*02:01']","['DQB1*02', 'DQB1*02']","['DPA1*01', 'DPA1*01']","['DPB1*04', 'DPB1*04']","['A2', 'A3']","['B16', 'B40']","['Cw4', 'Cw3']","['DR1', 'DR8']","['DQ1', 'DQ2']","['DQ2', 'DQ2']","['DP1', 'DP1']","['DP4', 'DP4']",Bw4/Bw6,[],0.0,0.52,nan,0,1,1,969.2067147547523,0.8333333333333334,0.8219086958090857,600.507793507672
294,D0432_LK,kidney,False,AllocationPriority.PAYBACK,D0432,A,POS,KD,45,Uppsala,Sweden,294,"['A*29', 'A*01']","['B*15', 'B*07']","['C*03', 'C*03']","['DRB1*03', 'DRB1*12']","['DQA1*01:01', 'DQA1*01:01']","['DQB1*03', 'DQB1*05']","['DPA1*01', 'DPA1*01']","['DPB1*04', 'DPB1*02']","['A19', 'A1']","['B15', 'B7']","['Cw3', 'Cw3']","['DR3', 'DR5']","['DQ1', 'DQ1']","['DQ3', 'DQ1']","['DP1', 'DP1']","['DP4', 'DP2']",Bw4/Bw4,nan,R0776,A,NEG,Kidney,36,Tartu,Estonia,0,"['A*03', 'A*29']","['B*07', 'B*07']","['C*04', 'C*03']","['DRB1*12', 'DRB1*03']","['DQA1*01:02', 'DQA1*02:01']","['DQB1*03', 'DQB1*03']","['DPA1*02:02', 'DPA1*01']","['DPB1*10', 'DPB1*03']","['A3', 'A19']","['B7', 'B7']","['Cw4', 'Cw3']","['DR5', 'DR3']","['DQ1', 'DQ2']","['DQ3', 'DQ3']","['DP2', 'DP1']","['DP10', 'DP3']",Bw4/Bw6,[],0.0,0.85,nan,0,2
294,D0432_RK,kidney,True,AllocationPriority.PAYBACK,D0432,A,POS,KD,45,Uppsala,Sweden,294,"['A*29', 'A*01']","['B*15', 'B*07']","['C*03', 'C*03']","['DRB1*03', 'DRB1*12']","['DQA1*01:01', 'DQA1*01:01']","['DQB1*03', 'DQB1*05']","['DPA1*01', 'DPA1*01']","['DPB1*04', 'DPB1*02']","['A19', 'A1']","['B15', 'B7']","['Cw3', 'Cw3']","['DR3', 'DR5']","['DQ1', 'DQ1']","['DQ3', 'DQ1']","['DP1', 'DP1']","['DP4', 'DP2']",Bw4/Bw4,nan,R1888,A,POS,Kidney,85,Helsinki,Finland,0,"['A*02', 'A*01']","['B*15', 'B*15']","['C*06', 'C*03']","['DRB1*03', 'DRB1*11']","['DQA1*01:03', 'DQA1*03:01']","['DQB1*02', 'DQB1*03']","['DPA1*01', 'DPA1*02:02']","['DPB1*03', 'DPB1*04']","['A2', 'A1']","['B15', 'B15']","['Cw6', 'Cw3']","['DR3', 'DR5']","['DQ1', 'DQ3']","['DQ2', 'DQ3']","['DP1', 'DP2']","['DP3', 'DP4']",Bw4/Bw4,"['DPB1*05', 'A*32', 'DPB1*129', 'B*46', 'C*18', 'B*49', 'A*26', 'A*30', 'A*25']",0.1257,0.7431549999999999,nan,0,2
295,D0433_LK,kidney,False,AllocationPriority.PAYBACK,D0433,A,POS,KD,59,Gothenburg,Sweden,295,"['A*02', 'A*03']","['B*15', 'B*08']","['C*03', 'C*03']","['DRB1*04', 'DRB1*15']","['DQA1*01:02', 'DQA1*01:02']","['DQB1*05', 'DQB1*03']","['DPA1*01', 'DPA1*01']","['DPB1*04', 'DPB1*06']","['A2', 'A3']","['B15', 'B8']","['Cw3', 'Cw3']","['DR4', 'DR2']","['DQ1', 'DQ1']","['DQ1', 'DQ3']","['DP1', 'DP1']","['DP4', 'DP6']",Bw4/Bw6,nan,R0556,A,POS,Kidney,89,Stockholm,Sweden,0,"['A*02', 'A*02']","['B*08', 'B*15']","['C*07', 'C*07']","['DRB1*04', 'DRB1*15']","['DQA1*02:01', 'DQA1*01:02']","['DQB1*06', 'DQB1*06']","['DPA1*01', 'DPA1*01']","['DPB1*03', 'DPB1*04']","['A2', 'A2']","['B8', 'B15']","['Cw7', 'Cw7']","['DR4', 'DR2']","['DQ2', 'DQ1']","['DQ1', 'DQ1']","['DP1', 'DP1']","['DP3', 'DP4']",Bw4/Bw6,[],0.0,0.85,nan,0,1
295,D0434_LK,kidney,False,AllocationPriority.PAYBACK,D0434,O,POS,KD,74,Aarhus,Denmark,295,"['A*23', 'A*32']","['B*35', 'B*08']","['C*01', 'C*06']","['DRB1*08', 'DRB1*04']","['DQA1*01:02', 'DQA1*01:01']","['DQB1*06', 'DQB1*02']","['DPA1*01', 'DPA1*01']","['DPB1*04', 'DPB1*04']","['A9', 'A19']","['B35', 'B8']","['Cw1', 'Cw6']","['DR8', 'DR4']","['DQ1', 'DQ1']","['DQ1', 'DQ2']","['DP1', 'DP1']","['DP4', 'DP4']",Bw4/Bw4,nan,R2874,O,POS,Kidney,24,Tartu,Estonia,208,"['A*31', 'A*24']","['B*08', 'B*07']","['C*03', 'C*02']","['DRB1*08', 'DRB1*04']","['DQA1*05:01', 'DQA1*01:03']","['DQB1*06', 'DQB1*06']","['DPA1*01', 'DPA1*01']","['DPB1*04', 'DPB1*10']","['A19', 'A9']","['B8', 'B7']","['Cw3', 'Cw2']","['DR8', 'DR4']","['DQ1', 'DQ1']","['DQ1', 'DQ1']","['DP1', 'DP1']","['DP4', 'DP10']",Bw4/Bw4,[],0.0,0.41,nan,0,1
295,D0435_LK,kidney,False,AllocationPriority.PAYBACK,D0435,O,POS,KD,21,Stockholm,Sweden,295,"['A*02', 'A*01']","['B*15', 'B*35']","['C*05', 'C*03']","['DRB1*15', 'DRB1*14']","['DQA1*05:01', 'DQA1*01:02']","['DQB1*06', 'DQB1*03']","['DPA1*01', 'DPA1*01']","['DPB1*01', 'DPB1*01']","['A2', 'A1']","['B15', 'B35']","['Cw5', 'Cw3']","['DR2', 'DR6']","['DQ1', 'DQ1']","['DQ1', 'DQ3']","['DP1', 'DP1']","['DP1', 'DP1']",Bw4/Bw6,nan,R2640,O,POS,Kidney,72,Odense,Denmark,133,"['A*02', 'A*01']","['B*15', 'B*35']","['C*07', 'C*01']","['DRB1*13', 'DRB1*15']","['DQA1*01:01', 'DQA1*02:01']","['DQB1*06', 'DQB1*06']","['DPA1*01', 'DPA1*01']","['DPB1*14', 'DPB1*04']","['A2', 'A1']","['B15', 'B35']","['Cw7', 'Cw1']","['DR6', 'DR2']","['DQ1', 'DQ2']","['DQ1', 'DQ1']","['DP1', 'DP1']","['DP14', 'DP4']",Bw4/Bw6,[],0.0,0.41,nan,0,0
295,D0436_LK,kidney,False,AllocationPriority.PAYBACK,D0436,A,POS,KD,41,Helsinki,Finland,295,"['A*03', 'A*03']","['B*50', 'B*40']","['C*07', 'C*04']","['DRB1*04', 'DRB1*01']","['DQA1*02:01', 'DQA1*01:02']","['DQB1*03', 'DQB1*02']","['DPA1*01', 'DPA1*01']","['DPB1*03', 'DPB1*01']","['A3', 'A3']","['B21', 'B40']","['Cw7', 'Cw4']","['DR4', 'DR1']","['DQ2', 'DQ1']","['DQ3', 'DQ2']","['DP1', 'DP1']","['DP3', 'DP1']",Bw4/Bw6,nan,R0770,A,POS,Kidney,44,Oslo,Norway,0,"['A*03', 'A*68']","['B*40', 'B*15']","['C*02', 'C*07']","['DRB1*01', 'DRB1*04']","['DQA1*05:01', 'DQA1*05:01']","['DQB1*03', 'DQB1*03']","['DPA1*01', 'DPA1*01']","['DPB1*03', 'DPB1*04']","['A3', 'A28']","['B40', 'B15']","['Cw2', 'Cw7']","['DR1', 'DR4']","['DQ1', 'DQ1']","['DQ3', 'DQ3']","['DP1', 'DP1']","['DP3', 'DP4']",Bw4/Bw6,[],0.0,0.85,nan,0,1
295,D0433_RK,kidney,True,AllocationPriority.PAYBACK,D0433,A,POS,KD,59,Gothenburg,Sweden,295,"['A*02', 'A*03']","['B*15', 'B*08']","['C*03', 'C*03']","['DRB1*04', 'DRB1*15']","['DQA1*01:02', 'DQA1*01:02']","['DQB1*05', 'DQB1*03']","['DPA1*01', 'DPA1*01']","['DPB1*04', 'DPB1*06']","['A2', 'A3']","['B15', 'B8']","['Cw3', 'Cw3']","['DR4', 'DR2']","['DQ1', 'DQ1']","['DQ1', 'DQ3']","['DP1', 'DP1']","['DP4', 'DP6']",Bw4/Bw6,nan,R2342,A,NEG,Kidney,77,Odense,Denmark,40,"['A*03', 'A*11']","['B*15', 'B*08']","['C*04', 'C*04']","['DRB1*15', 'DRB1*04']","['DQA1*04:01', 'DQA1*02:01']","['DQB1*05', 'DQB1*02']","['DPA1*01', 'DPA1*01']","['DPB1*06', 'DPB1*04']","['A3', 'A11']","['B15', 'B8']","['Cw4', 'Cw4']","['DR2', 'DR4']","['DQ4', 'DQ2']","['DQ1', 'DQ2']","['DP1', 'DP1']","['DP6', 'DP4']",Bw4/Bw6,[],0.0,0.85,nan,0,1
295,D0434_RK,kidney,True,AllocationPriority.PAYBACK,D0434,O,POS,KD,74,Aarhus,Denmark,295,"['A*23', 'A*32']","['B*35', 'B*08']","['C*01', 'C*06']","['DRB1*08', 'DRB1*04']","['DQA1*01:02', 'DQA1*01:01']","['DQB1*06', 'DQB1*02']","['DPA1*01', 'DPA1*01']","['DPB1*04', 'DPB1*04']","['A9', 'A19']","['B35', 'B8']","['Cw1', 'Cw6']","['DR8', 'DR4']","['DQ1', 'DQ1']","['DQ1', 'DQ2']","['DP1', 'DP1']","['DP4', 'DP4']",Bw4/Bw4,nan,R1586,O,POS,Kidney,90,Copenhagen,Denmark,0,"['A*24', 'A*68']","['B*35', 'B*18']","['C*07', 'C*03']","['DRB1*04', 'DRB1*08']","['DQA1*03:01', 'DQA1*05:01']","['DQB1*03', 'DQB1*03']","['DPA1*01', 'DPA1*01']","['DPB1*04', 'DPB1*04']","['A9', 'A28']","['B35', 'B18']","['Cw7', 'Cw3']","['DR4', 'DR8']","['DQ3', 'DQ1']","['DQ3', 'DQ3']","['DP1', 'DP1']","['DP4', 'DP4']",Bw4/Bw6,[],0.0,0.41,nan,0,2
295,D0435_RK,kidney,True,AllocationPriority.PRIORITY_7,D0435,O,POS,KD,21,Stockholm,Sweden,295,"['A*02', 'A*01']","['B*15', 'B*35']","['C*05', 'C*03']","['DRB1*15', 'DRB1*14']","['DQA1*05:01', 'DQA1*01:02']","['DQB1*06', 'DQB1*03']","['DPA1*01', 'DPA1*01']","['DPB1*01', 'DPB1*01']","['A2', 'A1']","['B15', 'B35']","['Cw5', 'Cw3']","['DR2', 'DR6']","['DQ1', 'DQ1']","['DQ1', 'DQ3']","['DP1', 'DP1']","['DP1', 'DP1']",Bw4/Bw6,nan,R1061,O,POS,Kidney,73,Stockholm,Sweden,0,"['A*01', 'A*02']","['B*15', 'B*35']","['C*07', 'C*04']","['DRB1*04', 'DRB1*03']","['DQA1*03:01', 'DQA1*01:02']","['DQB1*05', 'DQB1*06']","['DPA1*01', 'DPA1*02:02']","['DPB1*16', 'DPB1*04']","['A1', 'A2']","['B15', 'B35']","['Cw7', 'Cw4']","['DR4', 'DR3']","['DQ3', 'DQ1']","['DQ1', 'DQ1']","['DP1', 'DP2']","['DP16', 'DP4']",Bw4/Bw6,[],0.0,0.41,nan,2,0,2,0.0,0.6666666666666667,1.0,603.1672386167969
295,D0436_RK,kidney,True,AllocationPriority.PAYBACK,D0436,A,POS,KD,41,Helsinki,Finland,295,"['A*03', 'A*03']","['B*50', 'B*40']","['C*07', 'C*04']","['DRB1*04', 'DRB1*01']","['DQA1*02:01', 'DQA1*01:02']","['DQB1*03', 'DQB1*02']","['DPA1*01', 'DPA1*01']","['DPB1*03', 'DPB1*01']","['A3', 'A3']","['B21', 'B40']","['Cw7', 'Cw4']","['DR4', 'DR1']","['DQ2', 'DQ1']","['DQ3', 'DQ2']","['DP1', 'DP1']","['DP3', 'DP1']",Bw4/Bw6,nan,R2261,A,POS,Kidney,46,Oslo,Norway,15,"['A*03', 'A*26']","['B*40', 'B*08']","['C*02', 'C*03']","['DRB1*01', 'DRB1*04']","['DQA1*02:01', 'DQA1*04:01']","['DQB1*06', 'DQB1*02']","['DPA1*01', 'DPA1*02:02']","['DPB1*04', 'DPB1*04']","['A3', 'A10']","['B40', 'B8']","['Cw2', 'Cw3']","['DR1', 'DR4']","['DQ2', 'DQ4']","['DQ1', 'DQ2']","['DP1', 'DP2']","['DP4', 'DP4']",Bw4/Bw6,"['B*51', 'DPB1*115', 'C*02', 'DQA1*03:01', 'C*18', 'DPB1*20', 'C*14', 'DPB1*31', 'A*69']",0.3001,0.594915,nan,0,1
296,D0437_LK,kidney,False,AllocationPriority.LOCAL,D0437,O,POS,KD,64,Aarhus,Denmark,296,"['A*03', 'A*68']","['B*40', 'B*40']","['C*01', 'C*12']","['DRB1*03', 'DRB1*03']","['DQA1*02:01', 'DQA1*02:01']","['DQB1*03', 'DQB1*02']","['DPA1*01', 'DPA1*01']","['DPB1*04', 'DPB1*04']","['A3', 'A28']","['B40', 'B40']","['Cw1', 'Cw12']","['DR3', 'DR3']","['DQ2', 'DQ2']","['DQ3', 'DQ2']","['DP1', 'DP1']","['DP4', 'DP4']",Bw6/Bw6,nan,R1906,O,NEG,Kidney,78,Aarhus,Denmark,0,"['A*03', 'A*02']","['B*07', 'B*40']","['C*03', 'C*03']","['DRB1*03', 'DRB1*13']","['DQA1*05:01', 'DQA1*01:02']","['DQB1*03', 'DQB1*03']","['DPA1*01', 'DPA1*01']","['DPB1*01', 'DPB1*04']","['A3', 'A2']","['B7', 'B40']","['Cw3', 'Cw3']","['DR3', 'DR6']","['DQ1', 'DQ1']","['DQ3', 'DQ3']","['DP1', 'DP1']","['DP1', 'DP4']",Bw6/Bw6,[],0.0,0.41,nan,0,1
296,D0438_LK,kidney,False,AllocationPriority.LOCAL,D0438,A,POS,KD,72,Uppsala,Sweden,296,"['A*32', 'A*02']","['B*07', 'B*40']","['C*07', 'C*07']","['DRB1*04', 'DRB1*12']","['DQA1*02:01', 'DQA1*05:01']","['DQB1*04', 'DQB1*05']","['DPA1*02:02', 'DPA1*01']","['DPB1*13', 'DPB1*04']","['A19', 'A2']","['B7', 'B40']","['Cw7', 'Cw7']","['DR4', 'DR5']","['DQ2', 'DQ1']","['DQ4', 'DQ1']","['DP2', 'DP1']","['DP13', 'DP4']",Bw4/Bw6,nan,R0521,A,POS,Kidney,69,Uppsala,Sweden,0,"['A*03', 'A*02']","['B*13', 'B*51']","['C*05', 'C*14']","['DRB1*04', 'DRB1*11']","['DQA1*03:01', 'DQA1*01:01']","['DQB1*06', 'DQB1*06']","['DPA1*01', 'DPA1*02:02']","['DPB1*04', 'DPB1*04']","['A3', 'A2']","['B13', 'B5']","['Cw5', 'Cw14']","['DR4', 'DR5']","['DQ3', 'DQ1']","['DQ1', 'DQ1']","['DP1', 'DP2']","['DP4', 'DP4']",Bw4/Bw4,[],0.0,0.85,nan,0,3
296,D0439_LK,kidney,False,AllocationPriority.PAYBACK,D0439,A,POS,KD,24,Copenhagen,Denmark,296,"['A*01', 'A*02']","['B*07', 'B*44']","['C*08', 'C*07']","['DRB1*13', 'DRB1*08']","['DQA1*05:01', 'DQA1*05:01']","['DQB1*06', 'DQB1*06']","['DPA1*02:02', 'DPA1*01']","['DPB1*03', 'DPB1*04']","['A1', 'A2']","['B7', 'B12']","['Cw8', 'Cw7']","['DR6', 'DR8']","['DQ1', 'DQ1']","['DQ1', 'DQ1']","['DP2', 'DP1']","['DP3', 'DP4']",Bw4/Bw6,nan,R1413,A,NEG,Kidney,70,Stockholm,Sweden,0,"['A*03', 'A*02']","['B*44', 'B*07']","['C*07', 'C*01']","['DRB1*08', 'DRB1*13']","['DQA1*03:01', 'DQA1*05:01']","['DQB1*05', 'DQB1*06']","['DPA1*01', 'DPA1*01']","['DPB1*03', 'DPB1*01']","['A3', 'A2']","['B12', 'B7']","['Cw7', 'Cw1']","['DR8', 'DR6']","['DQ3', 'DQ1']","['DQ1', 'DQ1']","['DP1', 'DP1']","['DP3', 'DP1']",Bw4/Bw6,"['DRB1*09', 'DPB1*10', 'B*13', 'B*53', 'A*24']",0.1264,0.7425599999999999,nan,0,1
296,D0437_RK,kidney,True,AllocationPriority.PRIORITY_7,D0437,O,POS,KD,64,Aarhus,Denmark,296,"['A*03', 'A*68']","['B*40', 'B*40']","['C*01', 'C*12']","['DRB1*03', 'DRB1*03']","['DQA1*02:01', 'DQA1*02:01']","['DQB1*03', 'DQB1*02']","['DPA1*01', 'DPA1*01']","['DPB1*04', 'DPB1*04']","['A3', 'A28']","['B40', 'B40']","['Cw1', 'Cw12']","['DR3', 'DR3']","['DQ2', 'DQ2']","['DQ3', 'DQ2']","['DP1', 'DP1']","['DP4', 'DP4']",Bw6/Bw6,nan,R0621,O,POS,Kidney,67,Copenhagen,Denmark,0,"['A*03', 'A*02']","['B*40', 'B*08']","['C*05', 'C*07']","['DRB1*03', 'DRB1*15']","['DQA1*05:01', 'DQA1*01:02']","['DQB1*06', 'DQB1*06']","['DPA1*01', 'DPA1*01']","['DPB1*04', 'DPB1*04']","['A3', 'A2']","['B40', 'B8']","['Cw5', 'Cw7']","['DR3', 'DR2']","['DQ1', 'DQ1']","['DQ1', 'DQ1']","['DP1', 'DP1']","['DP4', 'DP4']",Bw6/Bw6,[],0.0,0.41,nan,0,1,1,156.94272365318082,0.8333333333333334,0.9711618441007791,654.0082562793307
296,D0438_RK,kidney,True,AllocationPriority.PRIORITY_7,D0438,A,POS,KD,72,Uppsala,Sweden,296,"['A*32', 'A*02']","['B*07', 'B*40']","['C*07', 'C*07']","['DRB1*04', 'DRB1*12']","['DQA1*02:01', 'DQA1*05:01']","['DQB1*04', 'DQB1*05']","['DPA1*02:02', 'DPA1*01']","['DPB1*13', 'DPB1*04']","['A19', 'A2']","['B7', 'B40']","['Cw7', 'Cw7']","['DR4', 'DR5']","['DQ2', 'DQ1']","['DQ4', 'DQ1']","['DP2', 'DP1']","['DP13', 'DP4']",Bw4/Bw6,nan,R1035,A,POS,Kidney,61,Stockholm,Sweden,0,"['A*32', 'A*02']","['B*40', 'B*15']","['C*07', 'C*07']","['DRB1*13', 'DRB1*04']","['DQA1*05:01', 'DQA1*03:01']","['DQB1*03', 'DQB1*03']","['DPA1*02:02', 'DPA1*02:02']","['DPB1*04', 'DPB1*04']","['A19', 'A2']","['B40', 'B15']","['Cw7', 'Cw7']","['DR6', 'DR4']","['DQ1', 'DQ3']","['DQ3', 'DQ3']","['DP2', 'DP2']","['DP4', 'DP4']",Bw4/Bw4,[],0.0,0.85,nan,1,1,2,63.62967887203856,0.6666666666666667,0.9883080747140327,598.9762153744033
296,D0439_RK,kidney,True,AllocationPriority.PAYBACK,D0439,A,POS,KD,24,Copenhagen,Denmark,296,"['A*01', 'A*02']","['B*07', 'B*44']","['C*08', 'C*07']","['DRB1*13', 'DRB1*08']","['DQA1*05:01', 'DQA1*05:01']","['DQB1*06', 'DQB1*06']","['DPA1*02:02', 'DPA1*01']","['DPB1*03', 'DPB1*04']","['A1', 'A2']","['B7', 'B12']","['Cw8', 'Cw7']","['DR6', 'DR8']","['DQ1', 'DQ1']","['DQ1', 'DQ1']","['DP2', 'DP1']","['DP3', 'DP4']",Bw4/Bw6,nan,R0341,A,POS,Kidney,74,Gothenburg,Sweden,0,"['A*01', 'A*23']","['B*44', 'B*44']","['C*07', 'C*03']","['DRB1*08', 'DRB1*13']","['DQA1*03:01', 'DQA1*01:03']","['DQB1*05', 'DQB1*02']","['DPA1*01', 'DPA1*01']","['DPB1*04', 'DPB1*04']","['A1', 'A9']","['B12', 'B12']","['Cw7', 'Cw3']","['DR8', 'DR6']","['DQ3', 'DQ1']","['DQ1', 'DQ2']","['DP1', 'DP1']","['DP4', 'DP4']",Bw6/Bw6,[],0.0,0.85,nan,0,2
297,D0440_LK,kidney,False,AllocationPriority.PAYBACK,D0440,A,POS,KD,29,Aarhus,Denmark,297,"['A*23', 'A*25']","['B*08', 'B*40']","['C*05', 'C*01']","['DRB1*04', 'DRB1*04']","['DQA1*03:01', 'DQA1*03:01']","['DQB1*06', 'DQB1*03']","['DPA1*02:02', 'DPA1*01']","['DPB1*04', 'DPB1*04']","['A9', 'A10']","['B8', 'B40']","['Cw5', 'Cw1']","['DR4', 'DR4']","['DQ3', 'DQ3']","['DQ1', 'DQ3']","['DP2', 'DP1']","['DP4', 'DP4']",Bw4/Bw4,nan,R2089,A,POS,Kidney,68,Helsinki,Finland,0,"['A*66', 'A*24']","['B*08', 'B*40']","['C*07', 'C*07']","['DRB1*08', 'DRB1*04']","['DQA1*03:01', 'DQA1*03:01']","['DQB1*06', 'DQB1*02']","['DPA1*01', 'DPA1*01']","['DPB1*03', 'DPB1*04']","['A10', 'A9']","['B8', 'B40']","['Cw7', 'Cw7']","['DR8', 'DR4']","['DQ3', 'DQ3']","['DQ1', 'DQ2']","['DP1', 'DP1']","['DP3', 'DP4']",Bw4/Bw4,[],0.0,0.85,nan,0,0
297,D0441_LK,kidney,False,AllocationPriority.LOCAL,D0441,O,POS,KD,59,Tartu,Estonia,297,"['A*02', 'A*24']","['B*07', 'B*35']","['C*04', 'C*14']","['DRB1*08', 'DRB1*07']","['DQA1*01:02', 'DQA1*01:03']","['DQB1*02', 'DQB1*03']","['DPA1*01', 'DPA1*01']","['DPB1*04', 'DPB1*01']","['A2', 'A9']","['B7', 'B35']","['Cw4', 'Cw14']","['DR8', 'DR7']","['DQ1', 'DQ1']","['DQ2', 'DQ3']","['DP1', 'DP1']","['DP4', 'DP1']",Bw4/Bw6,nan,R2908,O,POS,Kidney,48,Tartu,Estonia,219,"['A*02', 'A*33']","['B*40', 'B*07']","['C*12', 'C*07']","['DRB1*07', 'DRB1*15']","['DQA1*02:01', 'DQA1*03:01']","['DQB1*03', 'DQB1*05']","['DPA1*01', 'DPA1*01']","['DPB1*04', 'DPB1*04']","['A2', 'A19']","['B40', 'B7']","['Cw12', 'Cw7']","['DR7', 'DR2']","['DQ2', 'DQ3']","['DQ3', 'DQ1']","['DP1', 'DP1']","['DP4', 'DP4']",Bw4/Bw6,"['B*51', 'DQA1*06:01', 'A*01', 'DQA1*02:01', 'C*05', 'B*41', 'B*18', 'DQA1*05:01', 'DRB1*15']",0.8296,0.069864,nan
297,D0440_RK,kidney,True,AllocationPriority.PRIORITY_7,D0440,A,POS,KD,29,Aarhus,Denmark,297,"['A*23', 'A*25']","['B*08', 'B*40']","['C*05', 'C*01']","['DRB1*04', 'DRB1*04']","['DQA1*03:01', 'DQA1*03:01']","['DQB1*06', 'DQB1*03']","['DPA1*02:02', 'DPA1*01']","['DPB1*04', 'DPB1*04']","['A9', 'A10']","['B8', 'B40']","['Cw5', 'Cw1']","['DR4', 'DR4']","['DQ3', 'DQ3']","['DQ1', 'DQ3']","['DP2', 'DP1']","['DP4', 'DP4']",Bw4/Bw4,nan,R0305,A,POS,Kidney,68,Aarhus,Denmark,0,"['A*25', 'A*11']","['B*07', 'B*08']","['C*03', 'C*07']","['DRB1*13', 'DRB1*04']","['DQA1*03:01', 'DQA1*03:01']","['DQB1*06', 'DQB1*03']","['DPA1*01', 'DPA1*01']","['DPB1*03', 'DPB1*01']","['A10', 'A11']","['B7', 'B8']","['Cw3', 'Cw7']","['DR6', 'DR4']","['DQ3', 'DQ3']","['DQ1', 'DQ3']","['DP1', 'DP1']","['DP3', 'DP1']",Bw4/Bw6,"['DPB1*23', 'C*02', 'DPB1*16', 'DQA1*01:03', 'DQB1*04', 'A*23', 'A*68']",0.2342,0.65093,nan,0,2,2,0.0,0.6666666666666667,1.0,603.1672386167969
297,D0441_RK,kidney,True,AllocationPriority.PRIORITY_7,D0441,O,POS,KD,59,Tartu,Estonia,297,"['A*02', 'A*24']","['B*07', 'B*35']","['C*04', 'C*14']","['DRB1*08', 'DRB1*07']","['DQA1*01:02', 'DQA1*01:03']","['DQB1*02', 'DQB1*03']","['DPA1*01', 'DPA1*01']","['DPB1*04', 'DPB1*01']","['A2', 'A9']","['B7', 'B35']","['Cw4', 'Cw14']","['DR8', 'DR7']","['DQ1', 'DQ1']","['DQ2', 'DQ3']","['DP1', 'DP1']","['DP4', 'DP1']",Bw4/Bw6,nan,R1936,O,POS,Kidney,69,Uppsala,Sweden,0,"['A*02', 'A*24']","['B*35', 'B*08']","['C*07', 'C*01']","['DRB1*07', 'DRB1*08']","['DQA1*01:02', 'DQA1*01:02']","['DQB1*06', 'DQB1*06']","['DPA1*01', 'DPA1*01']","['DPB1*04', 'DPB1*04']","['A2', 'A9']","['B35', 'B8']","['Cw7', 'Cw1']","['DR7', 'DR8']","['DQ1', 'DQ1']","['DQ1', 'DQ1']","['DP1', 'DP1']","['DP4', 'DP4']",Bw4/Bw6,[],0.0,0.41,nan,0,1,1,543.7978089024515,0.8333333333333334,0.9000773936774623,628.5277150844208
299,D0442_LK,kidney,False,AllocationPriority.LOCAL,D0442,A,NEG,KD,34,Tartu,Estonia,299,"['A*01', 'A*02']","['B*08', 'B*27']","['C*03', 'C*05']","['DRB1*04', 'DRB1*04']","['DQA1*01:01', 'DQA1*01:02']","['DQB1*02', 'DQB1*02']","['DPA1*01', 'DPA1*01']","['DPB1*04', 'DPB1*04']","['A1', 'A2']","['B8', 'B27']","['Cw3', 'Cw5']","['DR4', 'DR4']","['DQ1', 'DQ1']","['DQ2', 'DQ2']","['DP1', 'DP1']","['DP4', 'DP4']",Bw4/Bw6,nan,R0869,A,POS,Kidney,63,Tartu,Estonia,0,"['A*26', 'A*02']","['B*07', 'B*27']","['C*04', 'C*07']","['DRB1*04', 'DRB1*13']","['DQA1*04:01', 'DQA1*03:01']","['DQB1*03', 'DQB1*06']","['DPA1*01', 'DPA1*01']","['DPB1*04', 'DPB1*03']","['A10', 'A2']","['B7', 'B27']","['Cw4', 'Cw7']","['DR4', 'DR6']","['DQ4', 'DQ3']","['DQ3', 'DQ1']","['DP1', 'DP1']","['DP4', 'DP3']",Bw4/Bw4,"['C*15', 'DQA1*03:01', 'C*06', 'DPB1*31', 'DQA1*04:01', 'B*53', 'DPB1*09', 'C*16']",0.3479,0.554285,nan,0,2
299,D0443_LK,kidney,False,AllocationPriority.PAYBACK,D0443,O,POS,KD,34,Gothenburg,Sweden,299,"['A*02', 'A*01']","['B*07', 'B*27']","['C*03', 'C*03']","['DRB1*07', 'DRB1*04']","['DQA1*02:01', 'DQA1*01:02']","['DQB1*05', 'DQB1*06']","['DPA1*01', 'DPA1*01']","['DPB1*04', 'DPB1*04']","['A2', 'A1']","['B7', 'B27']","['Cw3', 'Cw3']","['DR7', 'DR4']","['DQ2', 'DQ1']","['DQ1', 'DQ1']","['DP1', 'DP1']","['DP4', 'DP4']",Bw4/Bw6,nan,R0929,O,POS,Kidney,72,Aarhus,Denmark,0,"['A*03', 'A*02']","['B*27', 'B*08']","['C*07', 'C*08']","['DRB1*04', 'DRB1*07']","['DQA1*02:01', 'DQA1*03:01']","['DQB1*06', 'DQB1*03']","['DPA1*01', 'DPA1*02:02']","['DPB1*10', 'DPB1*14']","['A3', 'A2']","['B27', 'B8']","['Cw7', 'Cw8']","['DR4', 'DR7']","['DQ2', 'DQ3']","['DQ1', 'DQ3']","['DP1', 'DP2']","['DP10', 'DP14']",Bw4/Bw6,[],0.0,0.41,nan,0,2
299,D0444_LK,kidney,False,AllocationPriority.PAYBACK,D0444,B,POS,KD,81,Oslo,Norway,299,"['A*32', 'A*29']","['B*44', 'B*08']","['C*06', 'C*03']","['DRB1*13', 'DRB1*14']","['DQA1*05:01', 'DQA1*01:01']","['DQB1*06', 'DQB1*03']","['DPA1*01', 'DPA1*01']","['DPB1*04', 'DPB1*04']","['A19', 'A19']","['B12', 'B8']","['Cw6', 'Cw3']","['DR6', 'DR6']","['DQ1', 'DQ1']","['DQ1', 'DQ3']","['DP1', 'DP1']","['DP4', 'DP4']",Bw6/Bw6,nan,R0197,B,POS,Kidney,90,Gothenburg,Sweden,0,"['A*03', 'A*32']","['B*07', 'B*44']","['C*02', 'C*06']","['DRB1*13', 'DRB1*03']","['DQA1*03:01', 'DQA1*05:01']","['DQB1*03', 'DQB1*02']","['DPA1*01', 'DPA1*01']","['DPB1*17', 'DPB1*04']","['A3', 'A19']","['B7', 'B12']","['Cw2', 'Cw6']","['DR6', 'DR3']","['DQ3', 'DQ1']","['DQ3', 'DQ2']","['DP1', 'DP1']","['DP17', 'DP4']",Bw4/Bw4,"['DPB1*26', 'DPB1*16', 'C*04', 'B*55', 'DRB1*01', 'DRB1*10', 'DQA1*05:01', 'B*39', 'DQA1*01:02']",0.6723,0.170404,nan,0,1
299,D0442_RK,kidney,True,AllocationPriority.PRIORITY_7,D0442,A,NEG,KD,34,Tartu,Estonia,299,"['A*01', 'A*02']","['B*08', 'B*27']","['C*03', 'C*05']","['DRB1*04', 'DRB1*04']","['DQA1*01:01', 'DQA1*01:02']","['DQB1*02', 'DQB1*02']","['DPA1*01', 'DPA1*01']","['DPB1*04', 'DPB1*04']","['A1', 'A2']","['B8', 'B27']","['Cw3', 'Cw5']","['DR4', 'DR4']","['DQ1', 'DQ1']","['DQ2', 'DQ2']","['DP1', 'DP1']","['DP4', 'DP4']",Bw4/Bw6,nan,R0267,A,POS,Kidney,44,Helsinki,Finland,0,"['A*03', 'A*02']","['B*27', 'B*08']","['C*05', 'C*05']","['DRB1*04', 'DRB1*04']","['DQA1*04:01', 'DQA1*01:02']","['DQB1*02', 'DQB1*05']","['DPA1*01', 'DPA1*01']","['DPB1*04', 'DPB1*04']","['A3', 'A2']","['B27', 'B8']","['Cw5', 'Cw5']","['DR4', 'DR4']","['DQ4', 'DQ1']","['DQ2', 'DQ1']","['DP1', 'DP1']","['DP4', 'DP4']",Bw4/Bw6,"['A*32', 'DRB1*11', 'B*18', 'B*57', 'B*45', 'DQA1*04:01', 'DRB1*14', 'DQA1*03:01', 'B*55']",0.4296,0.48484,nan,0,1,1,223.77640682897163,0.8333333333333334,0.958881184444319,649.606198552027
299,D0443_RK,kidney,True,AllocationPriority.PAYBACK,D0443,O,POS,KD,34,Gothenburg,Sweden,299,"['A*02', 'A*01']","['B*07', 'B*27']","['C*03', 'C*03']","['DRB1*07', 'DRB1*04']","['DQA1*02:01', 'DQA1*01:02']","['DQB1*05', 'DQB1*06']","['DPA1*01', 'DPA1*01']","['DPB1*04', 'DPB1*04']","['A2', 'A1']","['B7', 'B27']","['Cw3', 'Cw3']","['DR7', 'DR4']","['DQ2', 'DQ1']","['DQ1', 'DQ1']","['DP1', 'DP1']","['DP4', 'DP4']",Bw4/Bw6,nan,R0936,O,POS,Kidney,49,Oslo,Norway,0,"['A*02', 'A*32']","['B*07', 'B*51']","['C*15', 'C*07']","['DRB1*04', 'DRB1*07']","['DQA1*05:01', 'DQA1*02:01']","['DQB1*03', 'DQB1*03']","['DPA1*01', 'DPA1*01']","['DPB1*04', 'DPB1*01']","['A2', 'A19']","['B7', 'B5']","['Cw15', 'Cw7']","['DR4', 'DR7']","['DQ1', 'DQ2']","['DQ3', 'DQ3']","['DP1', 'DP1']","['DP4', 'DP1']",Bw4/Bw4,"['B*45', 'DRB1*03', 'B*73', 'B*51', 'DPB1*06', 'A*32', 'B*57', 'DPB1*31']",0.2547,0.305573,nan,0,2
299,D0444_RK,kidney,True,AllocationPriority.PRIORITY_7,D0444,B,POS,KD,81,Oslo,Norway,299,"['A*32', 'A*29']","['B*44', 'B*08']","['C*06', 'C*03']","['DRB1*13', 'DRB1*14']","['DQA1*05:01', 'DQA1*01:01']","['DQB1*06', 'DQB1*03']","['DPA1*01', 'DPA1*01']","['DPB1*04', 'DPB1*04']","['A19', 'A19']","['B12', 'B8']","['Cw6', 'Cw3']","['DR6', 'DR6']","['DQ1', 'DQ1']","['DQ1', 'DQ3']","['DP1', 'DP1']","['DP4', 'DP4']",Bw6/Bw6,nan,R0782,B,POS,Kidney,24,Oslo,Norway,0,"['A*02', 'A*02']","['B*44', 'B*08']","['C*17', 'C*02']","['DRB1*12', 'DRB1*13']","['DQA1*02:01', 'DQA1*02:01']","['DQB1*02', 'DQB1*04']","['DPA1*01', 'DPA1*02:02']","['DPB1*01', 'DPB1*04']","['A2', 'A2']","['B12', 'B8']","['Cw17', 'Cw2']","['DR5', 'DR6']","['DQ2', 'DQ2']","['DQ2', 'DQ4']","['DP1', 'DP2']","['DP1', 'DP4']",Bw4/Bw6,[],0.0,0.52,nan,1,2,3,0.0,0.5,1.0,541.9890541758828
300,D0445_LK,kidney,False,AllocationPriority.PAYBACK,D0445,A,POS,KD,62,Odense,Denmark,300,"['A*01', 'A*02']","['B*08', 'B*27']","['C*07', 'C*07']","['DRB1*04', 'DRB1*03']","['DQA1*02:01', 'DQA1*05:01']","['DQB1*06', 'DQB1*03']","['DPA1*01', 'DPA1*02:02']","['DPB1*03', 'DPB1*04']","['A1', 'A2']","['B8', 'B27']","['Cw7', 'Cw7']","['DR4', 'DR3']","['DQ2', 'DQ1']","['DQ1', 'DQ3']","['DP1', 'DP2']","['DP3', 'DP4']",Bw4/Bw6,nan,R0728,A,POS,Kidney,81,Aarhus,Denmark,0,"['A*02', 'A*01']","['B*07', 'B*27']","['C*07', 'C*07']","['DRB1*04', 'DRB1*03']","['DQA1*03:01', 'DQA1*03:01']","['DQB1*05', 'DQB1*06']","['DPA1*02:02', 'DPA1*01']","['DPB1*04', 'DPB1*04']","['A2', 'A1']","['B7', 'B27']","['Cw7', 'Cw7']","['DR4', 'DR3']","['DQ3', 'DQ3']","['DQ1', 'DQ1']","['DP2', 'DP1']","['DP4', 'DP4']",Bw4/Bw6,[],0.0,0.85,nan,0,1
300,D0446_LK,kidney,False,AllocationPriority.PAYBACK,D0446,O,NEG,KD,58,Skane,Sweden,300,"['A*02', 'A*03']","['B*44', 'B*40']","['C*08', 'C*04']","['DRB1*04', 'DRB1*13']","['DQA1*04:01', 'DQA1*01:01']","['DQB1*02', 'DQB1*02']","['DPA1*01', 'DPA1*01']","['DPB1*04', 'DPB1*02']","['A2', 'A3']","['B12', 'B40']","['Cw8', 'Cw4']","['DR4', 'DR6']","['DQ4', 'DQ1']","['DQ2', 'DQ2']","['DP1', 'DP1']","['DP4', 'DP2']",Bw4/Bw6,nan,R0061,O,POS,Kidney,68,Stockholm,Sweden,0,"['A*02', 'A*03']","['B*35', 'B*44']","['C*03', 'C*04']","['DRB1*13', 'DRB1*04']","['DQA1*01:02', 'DQA1*03:01']","['DQB1*06', 'DQB1*03']","['DPA1*01', 'DPA1*01']","['DPB1*01', 'DPB1*11']","['A2', 'A3']","['B35', 'B12']","['Cw3', 'Cw4']","['DR6', 'DR4']","['DQ1', 'DQ3']","['DQ1', 'DQ3']","['DP1', 'DP1']","['DP1', 'DP11']",Bw4/Bw6,[],0.0,0.41,nan,0,1
300,D0447_LK,kidney,False,AllocationPriority.PAYBACK,D0447,O,NEG,KD,64,Gothenburg,Sweden,300,"['A*02', 'A*03']","['B*44', 'B*35']","['C*02', 'C*07']","['DRB1*04', 'DRB1*03']","['DQA1*01:03', 'DQA1*03:01']","['DQB1*03', 'DQB1*03']","['DPA1*02:02', 'DPA1*01']","['DPB1*11', 'DPB1*06']","['A2', 'A3']","['B12', 'B35']","['Cw2', 'Cw7']","['DR4', 'DR3']","['DQ1', 'DQ3']","['DQ3', 'DQ3']","['DP2', 'DP1']","['DP11', 'DP6']",Bw4/Bw6,nan,R0132,O,NEG,Kidney,77,Helsinki,Finland,0,"['A*03', 'A*01']","['B*35', 'B*51']","['C*03', 'C*07']","['DRB1*04', 'DRB1*03']","['DQA1*03:01', 'DQA1*01:02']","['DQB1*02', 'DQB1*03']","['DPA1*01', 'DPA1*01']","['DPB1*04', 'DPB1*03']","['A3', 'A1']","['B35', 'B5']","['Cw3', 'Cw7']","['DR4', 'DR3']","['DQ3', 'DQ1']","['DQ2', 'DQ3']","['DP1', 'DP1']","['DP4', 'DP3']",Bw4/Bw6,[],0.0,0.41,nan,0,2
300,D0448_LK,kidney,False,AllocationPriority.PAYBACK,D0448,B,POS,KD,90,Oslo,Norway,300,"['A*11', 'A*02']","['B*40', 'B*15']","['C*04', 'C*05']","['DRB1*15', 'DRB1*03']","['DQA1*05:01', 'DQA1*02:01']","['DQB1*06', 'DQB1*02']","['DPA1*01', 'DPA1*01']","['DPB1*04', 'DPB1*05']","['A11', 'A2']","['B40', 'B15']","['Cw4', 'Cw5']","['DR2', 'DR3']","['DQ1', 'DQ2']","['DQ1', 'DQ2']","['DP1', 'DP1']","['DP4', 'DP5']",Bw4/Bw6,nan,R1891,B,POS,Kidney,74,Gothenburg,Sweden,0,"['A*11', 'A*02']","['B*27', 'B*40']","['C*03', 'C*03']","['DRB1*03', 'DRB1*15']","['DQA1*03:01', 'DQA1*01:02']","['DQB1*06', 'DQB1*06']","['DPA1*01', 'DPA1*01']","['DPB1*06', 'DPB1*03']","['A11', 'A2']","['B27', 'B40']","['Cw3', 'Cw3']","['DR3', 'DR2']","['DQ3', 'DQ1']","['DQ1', 'DQ1']","['DP1', 'DP1']","['DP6', 'DP3']",Bw4/Bw6,"['DPB1*10', 'A*32', 'DPB1*26', 'B*39', 'B*45']",0.0631,0.487188,nan,0,1
300,D0449_LK,kidney,False,AllocationPriority.LOCAL,D0449,O,NEG,KD,49,Oslo,Norway,300,"['A*24', 'A*24']","['B*57', 'B*15']","['C*15', 'C*05']","['DRB1*15', 'DRB1*13']","['DQA1*01:03', 'DQA1*03:01']","['DQB1*05', 'DQB1*06']","['DPA1*01', 'DPA1*02:02']","['DPB1*04', 'DPB1*04']","['A9', 'A9']","['B17', 'B15']","['Cw15', 'Cw5']","['DR2', 'DR6']","['DQ1', 'DQ3']","['DQ1', 'DQ1']","['DP1', 'DP2']","['DP4', 'DP4']",Bw6/Bw6,nan,R2515,O,POS,Kidney,79,Oslo,Norway,97,"['A*03', 'A*23']","['B*08', 'B*44']","['C*02', 'C*07']","['DRB1*15', 'DRB1*13']","['DQA1*03:01', 'DQA1*05:01']","['DQB1*05', 'DQB1*05']","['DPA1*01', 'DPA1*01']","['DPB1*04', 'DPB1*04']","['A3', 'A9']","['B8', 'B12']","['Cw2', 'Cw7']","['DR2', 'DR6']","['DQ3', 'DQ1']","['DQ1', 'DQ1']","['DP1', 'DP1']","['DP4', 'DP4']",Bw4/Bw4,"['DPB1*115', 'B*13', 'B*27', 'DPB1*26', 'DRB1*03', 'DPB1*03', 'C*01', 'B*39', 'A*32']",0.4091,0.2422689999999999,nan,0,2
300,D0450_LK,kidney,False,AllocationPriority.LOCAL,D0450,B,POS,KD,90,Reykjavik,Iceland,300,"['A*01', 'A*24']","['B*13', 'B*40']","['C*06', 'C*07']","['DRB1*04', 'DRB1*01']","['DQA1*02:01', 'DQA1*05:01']","['DQB1*06', 'DQB1*02']","['DPA1*01', 'DPA1*01']","['DPB1*04', 'DPB1*19']","['A1', 'A9']","['B13', 'B40']","['Cw6', 'Cw7']","['DR4', 'DR1']","['DQ2', 'DQ1']","['DQ1', 'DQ2']","['DP1', 'DP1']","['DP4', 'DP19']",Bw4/Bw4,nan,R3141,B,POS,Kidney,79,Reykjavik,Iceland,288,"['A*02', 'A*25']","['B*40', 'B*07']","['C*01', 'C*01']","['DRB1*01', 'DRB1*04']","['DQA1*05:01', 'DQA1*03:01']","['DQB1*05', 'DQB1*05']","['DPA1*01', 'DPA1*01']","['DPB1*01', 'DPB1*04']","['A2', 'A10']","['B40', 'B7']","['Cw1', 'Cw1']","['DR1', 'DR4']","['DQ1', 'DQ3']","['DQ1', 'DQ1']","['DP1', 'DP1']","['DP1', 'DP4']",Bw4/Bw6,"['DQB1*05', 'DPB1*15', 'C*06', 'B*38', 'C*08', 'DQA1*06:01', 'C*14', 'B*46', 'C*07']",0.5865,0.21502,nan,0,3
300,D0445_RK,kidney,True,AllocationPriority.PRIORITY_7,D0445,A,POS,KD,62,Odense,Denmark,300,"['A*01', 'A*02']","['B*08', 'B*27']","['C*07', 'C*07']","['DRB1*04', 'DRB1*03']","['DQA1*02:01', 'DQA1*05:01']","['DQB1*06', 'DQB1*03']","['DPA1*01', 'DPA1*02:02']","['DPB1*03', 'DPB1*04']","['A1', 'A2']","['B8', 'B27']","['Cw7', 'Cw7']","['DR4', 'DR3']","['DQ2', 'DQ1']","['DQ1', 'DQ3']","['DP1', 'DP2']","['DP3', 'DP4']",Bw4/Bw6,nan,R0852,A,POS,Kidney,86,Stockholm,Sweden,0,"['A*02', 'A*01']","['B*08', 'B*35']","['C*03', 'C*01']","['DRB1*03', 'DRB1*04']","['DQA1*05:01', 'DQA1*05:01']","['DQB1*06', 'DQB1*06']","['DPA1*02:02', 'DPA1*02:02']","['DPB1*04', 'DPB1*04']","['A2', 'A1']","['B8', 'B35']","['Cw3', 'Cw1']","['DR3', 'DR4']","['DQ1', 'DQ1']","['DQ1', 'DQ1']","['DP2', 'DP2']","['DP4', 'DP4']",Bw6/Bw6,[],0.0,0.85,nan,0,1,1,633.1926037038879,0.8333333333333334,0.8836511397610359,622.6396504359213
300,D0446_RK,kidney,True,AllocationPriority.PAYBACK,D0446,O,NEG,KD,58,Skane,Sweden,300,"['A*02', 'A*03']","['B*44', 'B*40']","['C*08', 'C*04']","['DRB1*04', 'DRB1*13']","['DQA1*04:01', 'DQA1*01:01']","['DQB1*02', 'DQB1*02']","['DPA1*01', 'DPA1*01']","['DPB1*04', 'DPB1*02']","['A2', 'A3']","['B12', 'B40']","['Cw8', 'Cw4']","['DR4', 'DR6']","['DQ4', 'DQ1']","['DQ2', 'DQ2']","['DP1', 'DP1']","['DP4', 'DP2']",Bw4/Bw6,nan,R0668,O,POS,Kidney,54,Stockholm,Sweden,0,"['A*02', 'A*66']","['B*40', 'B*45']","['C*03', 'C*07']","['DRB1*04', 'DRB1*14']","['DQA1*01:02', 'DQA1*01:02']","['DQB1*02', 'DQB1*06']","['DPA1*01', 'DPA1*01']","['DPB1*04', 'DPB1*13']","['A2', 'A10']","['B40', 'B12']","['Cw3', 'Cw7']","['DR4', 'DR6']","['DQ1', 'DQ1']","['DQ2', 'DQ1']","['DP1', 'DP1']","['DP4', 'DP13']",Bw4/Bw4,[],0.0,0.41,nan,0,1
300,D0447_RK,kidney,True,AllocationPriority.PRIORITY_7,D0447,O,NEG,KD,64,Gothenburg,Sweden,300,"['A*02', 'A*03']","['B*44', 'B*35']","['C*02', 'C*07']","['DRB1*04', 'DRB1*03']","['DQA1*01:03', 'DQA1*03:01']","['DQB1*03', 'DQB1*03']","['DPA1*02:02', 'DPA1*01']","['DPB1*11', 'DPB1*06']","['A2', 'A3']","['B12', 'B35']","['Cw2', 'Cw7']","['DR4', 'DR3']","['DQ1', 'DQ3']","['DQ3', 'DQ3']","['DP2', 'DP1']","['DP11', 'DP6']",Bw4/Bw6,nan,R3172,O,POS,Kidney,69,Stockholm,Sweden,297,"['A*03', 'A*02']","['B*44', 'B*35']","['C*06', 'C*03']","['DRB1*04', 'DRB1*13']","['DQA1*01:02', 'DQA1*01:02']","['DQB1*02', 'DQB1*03']","['DPA1*01', 'DPA1*01']","['DPB1*04', 'DPB1*02']","['A3', 'A2']","['B12', 'B35']","['Cw6', 'Cw3']","['DR4', 'DR6']","['DQ1', 'DQ1']","['DQ2', 'DQ3']","['DP1', 'DP1']","['DP4', 'DP2']",Bw4/Bw6,[],0.0,0.41,nan,1,0,1,396.89241836757986,0.8333333333333334,0.9270711940657015,638.2037643287165
300,D0448_RK,kidney,True,AllocationPriority.PRIORITY_7,D0448,B,POS,KD,90,Oslo,Norway,300,"['A*11', 'A*02']","['B*40', 'B*15']","['C*04', 'C*05']","['DRB1*15', 'DRB1*03']","['DQA1*05:01', 'DQA1*02:01']","['DQB1*06', 'DQB1*02']","['DPA1*01', 'DPA1*01']","['DPB1*04', 'DPB1*05']","['A11', 'A2']","['B40', 'B15']","['Cw4', 'Cw5']","['DR2', 'DR3']","['DQ1', 'DQ2']","['DQ1', 'DQ2']","['DP1', 'DP1']","['DP4', 'DP5']",Bw4/Bw6,nan,R1688,B,POS,Kidney,81,Oslo,Norway,0,"['A*25', 'A*02']","['B*15', 'B*40']","['C*03', 'C*07']","['DRB1*03', 'DRB1*03']","['DQA1*01:02', 'DQA1*03:01']","['DQB1*06', 'DQB1*03']","['DPA1*01', 'DPA1*01']","['DPB1*03', 'DPB1*04']","['A10', 'A2']","['B15', 'B40']","['Cw3', 'Cw7']","['DR3', 'DR3']","['DQ1', 'DQ3']","['DQ1', 'DQ3']","['DP1', 'DP1']","['DP3', 'DP4']",Bw4/Bw4,"['DPB1*31', 'DRB1*07', 'C*14', 'DQB1*02', 'DPB1*02', 'B*44', 'B*51', 'B*53', 'B*14']",0.6009,0.207532,nan,1,1,2,0.0,0.6666666666666667,1.0,603.1672386167969
300,D0449_RK,kidney,True,AllocationPriority.PRIORITY_7,D0449,O,NEG,KD,49,Oslo,Norway,300,"['A*24', 'A*24']","['B*57', 'B*15']","['C*15', 'C*05']","['DRB1*15', 'DRB1*13']","['DQA1*01:03', 'DQA1*03:01']","['DQB1*05', 'DQB1*06']","['DPA1*01', 'DPA1*02:02']","['DPB1*04', 'DPB1*04']","['A9', 'A9']","['B17', 'B15']","['Cw15', 'Cw5']","['DR2', 'DR6']","['DQ1', 'DQ3']","['DQ1', 'DQ1']","['DP1', 'DP2']","['DP4', 'DP4']",Bw6/Bw6,nan,R2564,O,POS,Kidney,49,Gothenburg,Sweden,113,"['A*01', 'A*24']","['B*40', 'B*15']","['C*03', 'C*17']","['DRB1*13', 'DRB1*15']","['DQA1*05:01', 'DQA1*05:01']","['DQB1*02', 'DQB1*06']","['DPA1*01', 'DPA1*02:02']","['DPB1*04', 'DPB1*03']","['A1', 'A9']","['B40', 'B15']","['Cw3', 'Cw17']","['DR6', 'DR2']","['DQ1', 'DQ1']","['DQ2', 'DQ1']","['DP1', 'DP2']","['DP4', 'DP3']",Bw4/Bw4,"['DQA1*01:03', 'DPB1*03', 'A*11', 'B*49', 'B*42', 'DQB1*03', 'DPB1*10', 'C*06', 'DPB1*05']",0.6755,0.1330449999999999,nan,0,1,1,255.07748105944097,0.8333333333333334,0.9531296259301052,647.5445265156868
300,D0450_RK,kidney,True,AllocationPriority.PRIORITY_7,D0450,B,POS,KD,90,Reykjavik,Iceland,300,"['A*01', 'A*24']","['B*13', 'B*40']","['C*06', 'C*07']","['DRB1*04', 'DRB1*01']","['DQA1*02:01', 'DQA1*05:01']","['DQB1*06', 'DQB1*02']","['DPA1*01', 'DPA1*01']","['DPB1*04', 'DPB1*19']","['A1', 'A9']","['B13', 'B40']","['Cw6', 'Cw7']","['DR4', 'DR1']","['DQ2', 'DQ1']","['DQ1', 'DQ2']","['DP1', 'DP1']","['DP4', 'DP19']",Bw4/Bw4,nan,R2437,B,NEG,Kidney,77,Reykjavik,Iceland,68,"['A*24', 'A*24']","['B*40', 'B*40']","['C*07', 'C*03']","['DRB1*10', 'DRB1*04']","['DQA1*05:01', 'DQA1*05:01']","['DQB1*02', 'DQB1*06']","['DPA1*01', 'DPA1*01']","['DPB1*03', 'DPB1*01']","['A9', 'A9']","['B40', 'B40']","['Cw7', 'Cw3']","['DR10', 'DR4']","['DQ1', 'DQ1']","['DQ2', 'DQ1']","['DP1', 'DP1']","['DP3', 'DP1']",Bw4/Bw4,[],0.0,0.52,nan,1,2,3,0.0,0.5,1.0,541.9890541758828
301,D0451_LK,kidney,False,AllocationPriority.LOCAL,D0451,O,POS,KD,42,Odense,Denmark,301,"['A*01', 'A*01']","['B*08', 'B*15']","['C*03', 'C*07']","['DRB1*03', 'DRB1*07']","['DQA1*01:01', 'DQA1*01:02']","['DQB1*06', 'DQB1*02']","['DPA1*01', 'DPA1*02:02']","['DPB1*03', 'DPB1*02']","['A1', 'A1']","['B8', 'B15']","['Cw3', 'Cw7']","['DR3', 'DR7']","['DQ1', 'DQ1']","['DQ1', 'DQ2']","['DP1', 'DP2']","['DP3', 'DP2']",Bw4/Bw6,nan,R2456,O,POS,Kidney,48,Odense,Denmark,74,"['A*02', 'A*01']","['B*08', 'B*27']","['C*06', 'C*01']","['DRB1*07', 'DRB1*15']","['DQA1*02:01', 'DQA1*01:03']","['DQB1*03', 'DQB1*02']","['DPA1*01', 'DPA1*01']","['DPB1*04', 'DPB1*05']","['A2', 'A1']","['B8', 'B27']","['Cw6', 'Cw1']","['DR7', 'DR2']","['DQ2', 'DQ1']","['DQ3', 'DQ2']","['DP1', 'DP1']","['DP4', 'DP5']",Bw4/Bw6,[],0.0,0.41,nan,1,1
301,D0452_LK,kidney,False,AllocationPriority.PAYBACK,D0452,O,POS,KD,44,Aarhus,Denmark,301,"['A*02', 'A*26']","['B*08', 'B*15']","['C*12', 'C*15']","['DRB1*10', 'DRB1*04']","['DQA1*05:01', 'DQA1*01:02']","['DQB1*05', 'DQB1*04']","['DPA1*01', 'DPA1*01']","['DPB1*06', 'DPB1*04']","['A2', 'A10']","['B8', 'B15']","['Cw12', 'Cw15']","['DR10', 'DR4']","['DQ1', 'DQ1']","['DQ1', 'DQ4']","['DP1', 'DP1']","['DP6', 'DP4']",Bw4/Bw4,nan,R1012,O,POS,Kidney,67,Helsinki,Finland,0,"['A*03', 'A*02']","['B*08', 'B*08']","['C*03', 'C*07']","['DRB1*04', 'DRB1*10']","['DQA1*01:03', 'DQA1*05:01']","['DQB1*03', 'DQB1*03']","['DPA1*01', 'DPA1*01']","['DPB1*17', 'DPB1*04']","['A3', 'A2']","['B8', 'B8']","['Cw3', 'Cw7']","['DR4', 'DR10']","['DQ1', 'DQ1']","['DQ3', 'DQ3']","['DP1', 'DP1']","['DP17', 'DP4']",Bw6/Bw6,"['DPB1*26', 'DPB1*11', 'B*38', 'DPB1*20', 'B*42']",0.0281,0.3984789999999999,nan,0,2
301,D0451_RK,kidney,True,AllocationPriority.PRIORITY_7,D0451,O,POS,KD,42,Odense,Denmark,301,"['A*01', 'A*01']","['B*08', 'B*15']","['C*03', 'C*07']","['DRB1*03', 'DRB1*07']","['DQA1*01:01', 'DQA1*01:02']","['DQB1*06', 'DQB1*02']","['DPA1*01', 'DPA1*02:02']","['DPB1*03', 'DPB1*02']","['A1', 'A1']","['B8', 'B15']","['Cw3', 'Cw7']","['DR3', 'DR7']","['DQ1', 'DQ1']","['DQ1', 'DQ2']","['DP1', 'DP2']","['DP3', 'DP2']",Bw4/Bw6,nan,R3069,O,POS,Kidney,85,Aarhus,Denmark,266,"['A*11', 'A*01']","['B*08', 'B*15']","['C*07', 'C*17']","['DRB1*08', 'DRB1*07']","['DQA1*05:01', 'DQA1*02:01']","['DQB1*05', 'DQB1*05']","['DPA1*01', 'DPA1*01']","['DPB1*10', 'DPB1*03']","['A11', 'A1']","['B8', 'B15']","['Cw7', 'Cw17']","['DR8', 'DR7']","['DQ1', 'DQ2']","['DQ1', 'DQ1']","['DP1', 'DP1']","['DP10', 'DP3']",Bw4/Bw6,"['DRB1*15', 'B*40', 'C*18', 'B*44', 'DPB1*03', 'DPB1*424', 'DPB1*16', 'B*37', 'DPB1*51']",0.5579,0.181261,nan,1,0,1,85.31562476063671,0.8333333333333334,0.9843232917702917,658.7260364342105
301,D0452_RK,kidney,True,AllocationPriority.PAYBACK,D0452,O,POS,KD,44,Aarhus,Denmark,301,"['A*02', 'A*26']","['B*08', 'B*15']","['C*12', 'C*15']","['DRB1*10', 'DRB1*04']","['DQA1*05:01', 'DQA1*01:02']","['DQB1*05', 'DQB1*04']","['DPA1*01', 'DPA1*01']","['DPB1*06', 'DPB1*04']","['A2', 'A10']","['B8', 'B15']","['Cw12', 'Cw15']","['DR10', 'DR4']","['DQ1', 'DQ1']","['DQ1', 'DQ4']","['DP1', 'DP1']","['DP6', 'DP4']",Bw4/Bw4,nan,R3090,A,POS,Kidney,74,Odense,Denmark,274,"['A*01', 'A*32']","['B*44', 'B*40']","['C*07', 'C*03']","['DRB1*03', 'DRB1*04']","['DQA1*01:01', 'DQA1*03:01']","['DQB1*06', 'DQB1*05']","['DPA1*01', 'DPA1*01']","['DPB1*19', 'DPB1*01']","['A1', 'A19']","['B12', 'B40']","['Cw7', 'Cw3']","['DR3', 'DR4']","['DQ1', 'DQ3']","['DQ1', 'DQ1']","['DP1', 'DP1']","['DP19', 'DP1']",Bw4/Bw4,"['DRB1*13', 'B*56', 'DRB1*03', 'A*24', 'DQA1*01:01', 'C*05', 'DQB1*03']",0.9088,0.07752,nan
302,D0453_LK,kidney,False,AllocationPriority.PAYBACK,D0453,O,POS,KD,68,Stockholm,Sweden,302,"['A*01', 'A*11']","['B*07', 'B*40']","['C*06', 'C*03']","['DRB1*09', 'DRB1*04']","['DQA1*05:01', 'DQA1*02:01']","['DQB1*03', 'DQB1*06']","['DPA1*01', 'DPA1*01']","['DPB1*03', 'DPB1*04']","['A1', 'A11']","['B7', 'B40']","['Cw6', 'Cw3']","['DR9', 'DR4']","['DQ1', 'DQ2']","['DQ3', 'DQ1']","['DP1', 'DP1']","['DP3', 'DP4']",Bw6/Bw6,nan,R2333,O,POS,Kidney,81,Helsinki,Finland,38,"['A*01', 'A*68']","['B*07', 'B*44']","['C*02', 'C*07']","['DRB1*09', 'DRB1*04']","['DQA1*03:01', 'DQA1*03:01']","['DQB1*02', 'DQB1*06']","['DPA1*02:02', 'DPA1*01']","['DPB1*04', 'DPB1*04']","['A1', 'A28']","['B7', 'B12']","['Cw2', 'Cw7']","['DR9', 'DR4']","['DQ3', 'DQ3']","['DQ2', 'DQ1']","['DP2', 'DP1']","['DP4', 'DP4']",Bw4/Bw6,"['DPB1*16', 'B*13', 'B*49', 'DRB1*16', 'DRB1*10', 'DPB1*11']",0.0599,0.385441,nan,0,2
302,D0453_RK,kidney,True,AllocationPriority.PAYBACK,D0453,O,POS,KD,68,Stockholm,Sweden,302,"['A*01', 'A*11']","['B*07', 'B*40']","['C*06', 'C*03']","['DRB1*09', 'DRB1*04']","['DQA1*05:01', 'DQA1*02:01']","['DQB1*03', 'DQB1*06']","['DPA1*01', 'DPA1*01']","['DPB1*03', 'DPB1*04']","['A1', 'A11']","['B7', 'B40']","['Cw6', 'Cw3']","['DR9', 'DR4']","['DQ1', 'DQ2']","['DQ3', 'DQ1']","['DP1', 'DP1']","['DP3', 'DP4']",Bw6/Bw6,nan,R2675,O,POS,Kidney,61,Oslo,Norway,144,"['A*03', 'A*01']","['B*07', 'B*44']","['C*03', 'C*03']","['DRB1*04', 'DRB1*09']","['DQA1*03:01', 'DQA1*03:01']","['DQB1*02', 'DQB1*06']","['DPA1*01', 'DPA1*01']","['DPB1*04', 'DPB1*04']","['A3', 'A1']","['B7', 'B12']","['Cw3', 'Cw3']","['DR4', 'DR9']","['DQ3', 'DQ3']","['DQ2', 'DQ1']","['DP1', 'DP1']","['DP4', 'DP4']",Bw4/Bw6,[],0.0,0.41,nan,0,2
304,D0454_LK,kidney,False,AllocationPriority.LOCAL,D0454,O,NEG,KD,58,Helsinki,Finland,304,"['A*24', 'A*01']","['B*07', 'B*51']","['C*12', 'C*01']","['DRB1*03', 'DRB1*13']","['DQA1*02:01', 'DQA1*01:03']","['DQB1*02', 'DQB1*06']","['DPA1*01', 'DPA1*01']","['DPB1*03', 'DPB1*03']","['A9', 'A1']","['B7', 'B5']","['Cw12', 'Cw1']","['DR3', 'DR6']","['DQ2', 'DQ1']","['DQ2', 'DQ1']","['DP1', 'DP1']","['DP3', 'DP3']",Bw4/Bw4,nan,R1607,O,POS,Kidney,46,Helsinki,Finland,0,"['A*02', 'A*01']","['B*51', 'B*15']","['C*07', 'C*07']","['DRB1*13', 'DRB1*03']","['DQA1*05:01', 'DQA1*01:01']","['DQB1*06', 'DQB1*03']","['DPA1*01', 'DPA1*01']","['DPB1*04', 'DPB1*02']","['A2', 'A1']","['B5', 'B15']","['Cw7', 'Cw7']","['DR6', 'DR3']","['DQ1', 'DQ1']","['DQ1', 'DQ3']","['DP1', 'DP1']","['DP4', 'DP2']",Bw4/Bw4,[],0.0,0.41,nan,0,2
304,D0455_LK,kidney,False,AllocationPriority.LOCAL,D0455,A,POS,KD,61,Uppsala,Sweden,304,"['A*03', 'A*01']","['B*39', 'B*27']","['C*07', 'C*07']","['DRB1*07', 'DRB1*04']","['DQA1*05:01', 'DQA1*03:01']","['DQB1*05', 'DQB1*03']","['DPA1*01', 'DPA1*01']","['DPB1*02', 'DPB1*02']","['A3', 'A1']","['B16', 'B27']","['Cw7', 'Cw7']","['DR7', 'DR4']","['DQ1', 'DQ3']","['DQ1', 'DQ3']","['DP1', 'DP1']","['DP2', 'DP2']",Bw4/Bw4,nan,R2436,A,POS,Kidney,41,Uppsala,Sweden,68,"['A*11', 'A*29']","['B*07', 'B*51']","['C*07', 'C*07']","['DRB1*13', 'DRB1*04']","['DQA1*03:01', 'DQA1*02:01']","['DQB1*04', 'DQB1*02']","['DPA1*01', 'DPA1*01']","['DPB1*02', 'DPB1*04']","['A11', 'A19']","['B7', 'B5']","['Cw7', 'Cw7']","['DR6', 'DR4']","['DQ3', 'DQ2']","['DQ4', 'DQ2']","['DP1', 'DP1']","['DP2', 'DP4']",Bw4/Bw4,"['DQB1*04', 'B*18', 'B*08', 'A*34', 'B*35', 'DPB1*01', 'DPB1*04', 'DRB1*16']",0.9101,0.076415,nan
304,D0454_RK,kidney,True,AllocationPriority.PRIORITY_7,D0454,O,NEG,KD,58,Helsinki,Finland,304,"['A*24', 'A*01']","['B*07', 'B*51']","['C*12', 'C*01']","['DRB1*03', 'DRB1*13']","['DQA1*02:01', 'DQA1*01:03']","['DQB1*02', 'DQB1*06']","['DPA1*01', 'DPA1*01']","['DPB1*03', 'DPB1*03']","['A9', 'A1']","['B7', 'B5']","['Cw12', 'Cw1']","['DR3', 'DR6']","['DQ2', 'DQ1']","['DQ2', 'DQ1']","['DP1', 'DP1']","['DP3', 'DP3']",Bw4/Bw4,nan,R1559,O,POS,Kidney,81,Uppsala,Sweden,0,"['A*24', 'A*01']","['B*08', 'B*07']","['C*07', 'C*06']","['DRB1*03', 'DRB1*13']","['DQA1*01:02', 'DQA1*03:01']","['DQB1*06', 'DQB1*02']","['DPA1*01', 'DPA1*02:02']","['DPB1*03', 'DPB1*15']","['A9', 'A1']","['B8', 'B7']","['Cw7', 'Cw6']","['DR3', 'DR6']","['DQ1', 'DQ3']","['DQ1', 'DQ2']","['DP1', 'DP2']","['DP3', 'DP15']",Bw4/Bw6,[],0.0,0.41,nan,0,1,1,406.75573730697454,0.8333333333333334,0.9252588135829557,637.5541083874177
304,D0455_RK,kidney,True,AllocationPriority.PRIORITY_7,D0455,A,POS,KD,61,Uppsala,Sweden,304,"['A*03', 'A*01']","['B*39', 'B*27']","['C*07', 'C*07']","['DRB1*07', 'DRB1*04']","['DQA1*05:01', 'DQA1*03:01']","['DQB1*05', 'DQB1*03']","['DPA1*01', 'DPA1*01']","['DPB1*02', 'DPB1*02']","['A3', 'A1']","['B16', 'B27']","['Cw7', 'Cw7']","['DR7', 'DR4']","['DQ1', 'DQ3']","['DQ1', 'DQ3']","['DP1', 'DP1']","['DP2', 'DP2']",Bw4/Bw4,nan,R1065,A,NEG,Kidney,49,Stockholm,Sweden,0,"['A*01', 'A*03']","['B*15', 'B*14']","['C*07', 'C*07']","['DRB1*04', 'DRB1*07']","['DQA1*03:01', 'DQA1*01:02']","['DQB1*03', 'DQB1*03']","['DPA1*01', 'DPA1*01']","['DPB1*04', 'DPB1*04']","['A1', 'A3']","['B15', 'B14']","['Cw7', 'Cw7']","['DR4', 'DR7']","['DQ3', 'DQ1']","['DQ3', 'DQ3']","['DP1', 'DP1']","['DP4', 'DP4']",Bw4/Bw6,[],0.0,0.85,nan,0,2,2,63.62967887203856,0.6666666666666667,0.9883080747140327,598.9762153744033
305,D0456_LK,kidney,False,AllocationPriority.LOCAL,D0456,A,POS,KD,63,Skane,Sweden,305,"['A*02', 'A*01']","['B*40', 'B*44']","['C*01', 'C*04']","['DRB1*01', 'DRB1*04']","['DQA1*05:01', 'DQA1*02:01']","['DQB1*03', 'DQB1*06']","['DPA1*01', 'DPA1*01']","['DPB1*04', 'DPB1*04']","['A2', 'A1']","['B40', 'B12']","['Cw1', 'Cw4']","['DR1', 'DR4']","['DQ1', 'DQ2']","['DQ3', 'DQ1']","['DP1', 'DP1']","['DP4', 'DP4']",Bw4/Bw6,nan,R0494,A,POS,Kidney,83,Skane,Sweden,0,"['A*02', 'A*01']","['B*56', 'B*07']","['C*15', 'C*03']","['DRB1*01', 'DRB1*04']","['DQA1*01:02', 'DQA1*05:01']","['DQB1*05', 'DQB1*05']","['DPA1*02:02', 'DPA1*01']","['DPB1*14', 'DPB1*04']","['A2', 'A1']","['B22', 'B7']","['Cw15', 'Cw3']","['DR1', 'DR4']","['DQ1', 'DQ1']","['DQ1', 'DQ1']","['DP2', 'DP1']","['DP14', 'DP4']",Bw6/Bw6,[],0.0,0.85,nan,0,2
305,D0457_LK,kidney,False,AllocationPriority.LOCAL,D0457,A,POS,KD,58,Helsinki,Finland,305,"['A*03', 'A*02']","['B*07', 'B*08']","['C*04', 'C*14']","['DRB1*01', 'DRB1*07']","['DQA1*01:02', 'DQA1*01:02']","['DQB1*06', 'DQB1*06']","['DPA1*01', 'DPA1*01']","['DPB1*02', 'DPB1*15']","['A3', 'A2']","['B7', 'B8']","['Cw4', 'Cw14']","['DR1', 'DR7']","['DQ1', 'DQ1']","['DQ1', 'DQ1']","['DP1', 'DP1']","['DP2', 'DP15']",Bw6/Bw6,nan,R2495,A,POS,Kidney,71,Helsinki,Finland,88,"['A*02', 'A*68']","['B*07', 'B*56']","['C*06', 'C*07']","['DRB1*01', 'DRB1*07']","['DQA1*02:01', 'DQA1*01:03']","['DQB1*06', 'DQB1*03']","['DPA1*01', 'DPA1*01']","['DPB1*02', 'DPB1*01']","['A2', 'A28']","['B7', 'B22']","['Cw6', 'Cw7']","['DR1', 'DR7']","['DQ2', 'DQ1']","['DQ1', 'DQ3']","['DP1', 'DP1']","['DP2', 'DP1']",Bw6/Bw6,"['A*68', 'DQA1*01:01', 'DPA1*02:02', 'DPB1*424', 'DPB1*115', 'A*25', 'A*33', 'DRB1*08']",0.3878,0.52037,nan,0,2
305,D0456_RK,kidney,True,AllocationPriority.PRIORITY_7,D0456,A,POS,KD,63,Skane,Sweden,305,"['A*02', 'A*01']","['B*40', 'B*44']","['C*01', 'C*04']","['DRB1*01', 'DRB1*04']","['DQA1*05:01', 'DQA1*02:01']","['DQB1*03', 'DQB1*06']","['DPA1*01', 'DPA1*01']","['DPB1*04', 'DPB1*04']","['A2', 'A1']","['B40', 'B12']","['Cw1', 'Cw4']","['DR1', 'DR4']","['DQ1', 'DQ2']","['DQ3', 'DQ1']","['DP1', 'DP1']","['DP4', 'DP4']",Bw4/Bw6,nan,R1524,A,POS,Kidney,72,Uppsala,Sweden,0,"['A*02', 'A*01']","['B*44', 'B*37']","['C*08', 'C*03']","['DRB1*04', 'DRB1*01']","['DQA1*01:03', 'DQA1*01:02']","['DQB1*03', 'DQB1*06']","['DPA1*01', 'DPA1*01']","['DPB1*01', 'DPB1*04']","['A2', 'A1']","['B12', 'B37']","['Cw8', 'Cw3']","['DR4', 'DR1']","['DQ1', 'DQ1']","['DQ3', 'DQ1']","['DP1', 'DP1']","['DP1', 'DP4']",Bw4/Bw4,"['A*30', 'C*01', 'B*50', 'B*07', 'C*04', 'DQA1*02:01', 'A*26']",0.4418,0.47447,nan,0,1,1,546.8993832714015,0.8333333333333334,0.8995074807620826,628.3234272348086
305,D0457_RK,kidney,True,AllocationPriority.PRIORITY_7,D0457,A,POS,KD,58,Helsinki,Finland,305,"['A*03', 'A*02']","['B*07', 'B*08']","['C*04', 'C*14']","['DRB1*01', 'DRB1*07']","['DQA1*01:02', 'DQA1*01:02']","['DQB1*06', 'DQB1*06']","['DPA1*01', 'DPA1*01']","['DPB1*02', 'DPB1*15']","['A3', 'A2']","['B7', 'B8']","['Cw4', 'Cw14']","['DR1', 'DR7']","['DQ1', 'DQ1']","['DQ1', 'DQ1']","['DP1', 'DP1']","['DP2', 'DP15']",Bw6/Bw6,nan,R1347,A,POS,Kidney,47,Stockholm,Sweden,0,"['A*02', 'A*03']","['B*37', 'B*08']","['C*07', 'C*01']","['DRB1*01', 'DRB1*07']","['DQA1*01:01', 'DQA1*01:03']","['DQB1*06', 'DQB1*03']","['DPA1*01', 'DPA1*01']","['DPB1*04', 'DPB1*04']","['A2', 'A3']","['B37', 'B8']","['Cw7', 'Cw1']","['DR1', 'DR7']","['DQ1', 'DQ1']","['DQ1', 'DQ3']","['DP1', 'DP1']","['DP4', 'DP4']",Bw4/Bw6,[],0.0,0.85,nan,0,1,1,395.64825735091034,0.8333333333333334,0.9272998081009831,638.2857120586214
307,D0458_LK,kidney,False,AllocationPriority.LOCAL,D0458,A,POS,KD,33,Skane,Sweden,307,"['A*02', 'A*03']","['B*35', 'B*08']","['C*12', 'C*16']","['DRB1*15', 'DRB1*03']","['DQA1*02:01', 'DQA1*02:01']","['DQB1*02', 'DQB1*04']","['DPA1*01', 'DPA1*01']","['DPB1*04', 'DPB1*03']","['A2', 'A3']","['B35', 'B8']","['Cw12', 'Cw16']","['DR2', 'DR3']","['DQ2', 'DQ2']","['DQ2', 'DQ4']","['DP1', 'DP1']","['DP4', 'DP3']",Bw6/Bw6,nan,R0090,A,POS,Kidney,73,Skane,Sweden,0,"['A*02', 'A*03']","['B*18', 'B*35']","['C*07', 'C*03']","['DRB1*15', 'DRB1*15']","['DQA1*01:02', 'DQA1*04:01']","['DQB1*02', 'DQB1*03']","['DPA1*01', 'DPA1*01']","['DPB1*17', 'DPB1*02']","['A2', 'A3']","['B18', 'B35']","['Cw7', 'Cw3']","['DR2', 'DR2']","['DQ1', 'DQ4']","['DQ2', 'DQ3']","['DP1', 'DP1']","['DP17', 'DP2']",Bw6/Bw6,[],0.0,0.85,nan,1,1
307,D0459_LK,kidney,False,AllocationPriority.LOCAL,D0459,A,NEG,KD,70,Copenhagen,Denmark,307,"['A*24', 'A*01']","['B*07', 'B*27']","['C*04', 'C*03']","['DRB1*13', 'DRB1*09']","['DQA1*03:01', 'DQA1*01:02']","['DQB1*02', 'DQB1*05']","['DPA1*01', 'DPA1*01']","['DPB1*04', 'DPB1*04']","['A9', 'A1']","['B7', 'B27']","['Cw4', 'Cw3']","['DR6', 'DR9']","['DQ3', 'DQ1']","['DQ2', 'DQ1']","['DP1', 'DP1']","['DP4', 'DP4']",Bw4/Bw4,nan,R2364,A,POS,Kidney,59,Copenhagen,Denmark,48,"['A*02', 'A*01']","['B*40', 'B*27']","['C*08', 'C*07']","['DRB1*09', 'DRB1*13']","['DQA1*02:01', 'DQA1*01:03']","['DQB1*03', 'DQB1*05']","['DPA1*01', 'DPA1*01']","['DPB1*04', 'DPB1*04']","['A2', 'A1']","['B40', 'B27']","['Cw8', 'Cw7']","['DR9', 'DR6']","['DQ2', 'DQ1']","['DQ3', 'DQ1']","['DP1', 'DP1']","['DP4', 'DP4']",Bw4/Bw6,[],0.0,0.85,nan,0,2
307,D0460_LK,kidney,False,AllocationPriority.LOCAL,D0460,B,POS,KD,19,Copenhagen,Denmark,307,"['A*03', 'A*02']","['B*44', 'B*07']","['C*03', 'C*04']","['DRB1*08', 'DRB1*04']","['DQA1*02:01', 'DQA1*01:02']","['DQB1*06', 'DQB1*03']","['DPA1*01', 'DPA1*02:02']","['DPB1*04', 'DPB1*04']","['A3', 'A2']","['B12', 'B7']","['Cw3', 'Cw4']","['DR8', 'DR4']","['DQ2', 'DQ1']","['DQ1', 'DQ3']","['DP1', 'DP2']","['DP4', 'DP4']",Bw4/Bw6,nan,R2881,B,POS,Kidney,80,Copenhagen,Denmark,210,"['A*01', 'A*11']","['B*07', 'B*37']","['C*07', 'C*03']","['DRB1*08', 'DRB1*04']","['DQA1*05:01', 'DQA1*03:01']","['DQB1*03', 'DQB1*03']","['DPA1*01', 'DPA1*01']","['DPB1*04', 'DPB1*02']","['A1', 'A11']","['B7', 'B37']","['Cw7', 'Cw3']","['DR8', 'DR4']","['DQ1', 'DQ3']","['DQ3', 'DQ3']","['DP1', 'DP1']","['DP4', 'DP2']",Bw4/Bw6,[],0.0,0.52,nan,0,3
307,D0458_RK,kidney,True,AllocationPriority.PRIORITY_7,D0458,A,POS,KD,33,Skane,Sweden,307,"['A*02', 'A*03']","['B*35', 'B*08']","['C*12', 'C*16']","['DRB1*15', 'DRB1*03']","['DQA1*02:01', 'DQA1*02:01']","['DQB1*02', 'DQB1*04']","['DPA1*01', 'DPA1*01']","['DPB1*04', 'DPB1*03']","['A2', 'A3']","['B35', 'B8']","['Cw12', 'Cw16']","['DR2', 'DR3']","['DQ2', 'DQ2']","['DQ2', 'DQ4']","['DP1', 'DP1']","['DP4', 'DP3']",Bw6/Bw6,nan,R2127,A,POS,Kidney,34,Aarhus,Denmark,0,"['A*02', 'A*03']","['B*08', 'B*35']","['C*03', 'C*08']","['DRB1*16', 'DRB1*15']","['DQA1*05:01', 'DQA1*01:02']","['DQB1*05', 'DQB1*02']","['DPA1*02:02', 'DPA1*01']","['DPB1*04', 'DPB1*04']","['A2', 'A3']","['B8', 'B35']","['Cw3', 'Cw8']","['DR2', 'DR2']","['DQ1', 'DQ1']","['DQ1', 'DQ2']","['DP2', 'DP1']","['DP4', 'DP4']",Bw6/Bw6,[],0.0,0.85,nan,1,0,1,185.29664845702274,0.8333333333333334,0.9659518229872491,652.140700761646
307,D0459_RK,kidney,True,AllocationPriority.PRIORITY_7,D0459,A,NEG,KD,70,Copenhagen,Denmark,307,"['A*24', 'A*01']","['B*07', 'B*27']","['C*04', 'C*03']","['DRB1*13', 'DRB1*09']","['DQA1*03:01', 'DQA1*01:02']","['DQB1*02', 'DQB1*05']","['DPA1*01', 'DPA1*01']","['DPB1*04', 'DPB1*04']","['A9', 'A1']","['B7', 'B27']","['Cw4', 'Cw3']","['DR6', 'DR9']","['DQ3', 'DQ1']","['DQ2', 'DQ1']","['DP1', 'DP1']","['DP4', 'DP4']",Bw4/Bw4,nan,R2111,A,POS,Kidney,84,Copenhagen,Denmark,0,"['A*01', 'A*32']","['B*07', 'B*27']","['C*08', 'C*03']","['DRB1*09', 'DRB1*15']","['DQA1*01:02', 'DQA1*05:01']","['DQB1*06', 'DQB1*03']","['DPA1*01', 'DPA1*01']","['DPB1*04', 'DPB1*04']","['A1', 'A19']","['B7', 'B27']","['Cw8', 'Cw3']","['DR9', 'DR2']","['DQ1', 'DQ1']","['DQ1', 'DQ3']","['DP1', 'DP1']","['DP4', 'DP4']",Bw4/Bw4,"['B*73', 'C*12', 'DPB1*26', 'DRB1*07', 'DQA1*03:01', 'B*15', 'C*04', 'C*16', 'A*24']",0.6209,0.322235,nan,1,1,2,0.0,0.6666666666666667,1.0,603.1672386167969
307,D0460_RK,kidney,True,AllocationPriority.PRIORITY_7,D0460,B,POS,KD,19,Copenhagen,Denmark,307,"['A*03', 'A*02']","['B*44', 'B*07']","['C*03', 'C*04']","['DRB1*08', 'DRB1*04']","['DQA1*02:01', 'DQA1*01:02']","['DQB1*06', 'DQB1*03']","['DPA1*01', 'DPA1*02:02']","['DPB1*04', 'DPB1*04']","['A3', 'A2']","['B12', 'B7']","['Cw3', 'Cw4']","['DR8', 'DR4']","['DQ2', 'DQ1']","['DQ1', 'DQ3']","['DP1', 'DP2']","['DP4', 'DP4']",Bw4/Bw6,nan,R1460,B,POS,Kidney,82,Gothenburg,Sweden,0,"['A*03', 'A*02']","['B*44', 'B*08']","['C*07', 'C*03']","['DRB1*03', 'DRB1*04']","['DQA1*05:01', 'DQA1*05:01']","['DQB1*05', 'DQB1*06']","['DPA1*01', 'DPA1*02:02']","['DPB1*06', 'DPB1*04']","['A3', 'A2']","['B12', 'B8']","['Cw7', 'Cw3']","['DR3', 'DR4']","['DQ1', 'DQ1']","['DQ1', 'DQ1']","['DP1', 'DP2']","['DP6', 'DP4']",Bw4/Bw6,[],0.0,0.52,nan,1,1,2,228.9232004239295,0.6666666666666667,0.9579354634027974,588.089016147228
308,D0461_LK,kidney,False,AllocationPriority.LOCAL,D0461,O,POS,KD,26,Aarhus,Denmark,308,"['A*03', 'A*02']","['B*37', 'B*37']","['C*02', 'C*07']","['DRB1*04', 'DRB1*13']","['DQA1*01:03', 'DQA1*01:01']","['DQB1*03', 'DQB1*06']","['DPA1*01', 'DPA1*01']","['DPB1*05', 'DPB1*01']","['A3', 'A2']","['B37', 'B37']","['Cw2', 'Cw7']","['DR4', 'DR6']","['DQ1', 'DQ1']","['DQ3', 'DQ1']","['DP1', 'DP1']","['DP5', 'DP1']",Bw4/Bw4,nan,R1874,O,NEG,Kidney,61,Aarhus,Denmark,0,"['A*02', 'A*03']","['B*42', 'B*40']","['C*03', 'C*12']","['DRB1*04', 'DRB1*13']","['DQA1*05:01', 'DQA1*03:01']","['DQB1*02', 'DQB1*06']","['DPA1*01', 'DPA1*01']","['DPB1*13', 'DPB1*04']","['A2', 'A3']","['B42', 'B40']","['Cw3', 'Cw12']","['DR4', 'DR6']","['DQ1', 'DQ3']","['DQ2', 'DQ1']","['DP1', 'DP1']","['DP13', 'DP4']",Bw6/Bw6,[],0.0,0.41,nan,0,2
308,D0461_RK,kidney,True,AllocationPriority.PRIORITY_7,D0461,O,POS,KD,26,Aarhus,Denmark,308,"['A*03', 'A*02']","['B*37', 'B*37']","['C*02', 'C*07']","['DRB1*04', 'DRB1*13']","['DQA1*01:03', 'DQA1*01:01']","['DQB1*03', 'DQB1*06']","['DPA1*01', 'DPA1*01']","['DPB1*05', 'DPB1*01']","['A3', 'A2']","['B37', 'B37']","['Cw2', 'Cw7']","['DR4', 'DR6']","['DQ1', 'DQ1']","['DQ3', 'DQ1']","['DP1', 'DP1']","['DP5', 'DP1']",Bw4/Bw4,nan,R3193,O,NEG,Kidney,21,Odense,Denmark,303,"['A*02', 'A*02']","['B*37', 'B*44']","['C*03', 'C*07']","['DRB1*04', 'DRB1*13']","['DQA1*01:01', 'DQA1*03:01']","['DQB1*06', 'DQB1*06']","['DPA1*01', 'DPA1*02:02']","['DPB1*04', 'DPB1*04']","['A2', 'A2']","['B37', 'B12']","['Cw3', 'Cw7']","['DR4', 'DR6']","['DQ1', 'DQ3']","['DQ1', 'DQ1']","['DP1', 'DP2']","['DP4', 'DP4']",Bw4/Bw4,"['A*66', 'DPB1*03', 'DRB1*08', 'B*14', 'DRB1*01', 'DPB1*20', 'C*16', 'B*56', 'DPB1*115']",0.3167,0.280153,nan,0,1,1,85.31562476063671,0.8333333333333334,0.9843232917702917,658.7260364342105
309,D0462_LK,kidney,False,AllocationPriority.LOCAL,D0462,A,POS,KD,87,Skane,Sweden,309,"['A*68', 'A*30']","['B*49', 'B*14']","['C*06', 'C*05']","['DRB1*08', 'DRB1*15']","['DQA1*01:01', 'DQA1*01:03']","['DQB1*03', 'DQB1*06']","['DPA1*01', 'DPA1*01']","['DPB1*04', 'DPB1*03']","['A28', 'A19']","['B21', 'B14']","['Cw6', 'Cw5']","['DR8', 'DR2']","['DQ1', 'DQ1']","['DQ3', 'DQ1']","['DP1', 'DP1']","['DP4', 'DP3']",Bw4/Bw4,nan,R0472,A,POS,Kidney,81,Skane,Sweden,0,"['A*11', 'A*01']","['B*40', 'B*07']","['C*07', 'C*03']","['DRB1*15', 'DRB1*08']","['DQA1*03:01', 'DQA1*05:01']","['DQB1*06', 'DQB1*02']","['DPA1*01', 'DPA1*01']","['DPB1*23', 'DPB1*04']","['A11', 'A1']","['B40', 'B7']","['Cw7', 'Cw3']","['DR2', 'DR8']","['DQ3', 'DQ1']","['DQ1', 'DQ2']","['DP1', 'DP1']","['DP23', 'DP4']",Bw6/Bw6,[],0.0,0.85,nan,0,4
309,D0463_LK,kidney,False,AllocationPriority.LOCAL,D0463,O,POS,KD,82,Copenhagen,Denmark,309,"['A*01', 'A*02']","['B*35', 'B*40']","['C*04', 'C*06']","['DRB1*15', 'DRB1*12']","['DQA1*03:01', 'DQA1*02:01']","['DQB1*06', 'DQB1*03']","['DPA1*01', 'DPA1*01']","['DPB1*04', 'DPB1*01']","['A1', 'A2']","['B35', 'B40']","['Cw4', 'Cw6']","['DR2', 'DR5']","['DQ3', 'DQ2']","['DQ1', 'DQ3']","['DP1', 'DP1']","['DP4', 'DP1']",Bw6/Bw6,nan,R1818,O,POS,Kidney,66,Copenhagen,Denmark,0,"['A*02', 'A*02']","['B*07', 'B*35']","['C*07', 'C*07']","['DRB1*12', 'DRB1*15']","['DQA1*01:02', 'DQA1*01:02']","['DQB1*03', 'DQB1*02']","['DPA1*01', 'DPA1*01']","['DPB1*03', 'DPB1*03']","['A2', 'A2']","['B7', 'B35']","['Cw7', 'Cw7']","['DR5', 'DR2']","['DQ1', 'DQ1']","['DQ3', 'DQ2']","['DP1', 'DP1']","['DP3', 'DP3']",Bw6/Bw6,[],0.0,0.41,nan,0,2
309,D0464_LK,kidney,False,AllocationPriority.PAYBACK,D0464,A,POS,KD,25,Oslo,Norway,309,"['A*68', 'A*02']","['B*07', 'B*07']","['C*07', 'C*03']","['DRB1*14', 'DRB1*04']","['DQA1*03:01', 'DQA1*05:01']","['DQB1*03', 'DQB1*03']","['DPA1*01', 'DPA1*01']","['DPB1*04', 'DPB1*15']","['A28', 'A2']","['B7', 'B7']","['Cw7', 'Cw3']","['DR6', 'DR4']","['DQ3', 'DQ1']","['DQ3', 'DQ3']","['DP1', 'DP1']","['DP4', 'DP15']",Bw6/Bw6,nan,R0163,A,POS,Kidney,77,Copenhagen,Denmark,0,"['A*02', 'A*02']","['B*07', 'B*37']","['C*06', 'C*03']","['DRB1*13', 'DRB1*04']","['DQA1*05:01', 'DQA1*02:01']","['DQB1*04', 'DQB1*06']","['DPA1*01', 'DPA1*01']","['DPB1*02', 'DPB1*04']","['A2', 'A2']","['B7', 'B37']","['Cw6', 'Cw3']","['DR6', 'DR4']","['DQ1', 'DQ2']","['DQ4', 'DQ1']","['DP1', 'DP1']","['DP2', 'DP4']",Bw4/Bw6,[],0.0,0.85,nan,0,1
309,D0462_RK,kidney,True,AllocationPriority.PRIORITY_7,D0462,A,POS,KD,87,Skane,Sweden,309,"['A*68', 'A*30']","['B*49', 'B*14']","['C*06', 'C*05']","['DRB1*08', 'DRB1*15']","['DQA1*01:01', 'DQA1*01:03']","['DQB1*03', 'DQB1*06']","['DPA1*01', 'DPA1*01']","['DPB1*04', 'DPB1*03']","['A28', 'A19']","['B21', 'B14']","['Cw6', 'Cw5']","['DR8', 'DR2']","['DQ1', 'DQ1']","['DQ3', 'DQ1']","['DP1', 'DP1']","['DP4', 'DP3']",Bw4/Bw4,nan,R1102,A,POS,Kidney,50,Aarhus,Denmark,0,"['A*03', 'A*68']","['B*14', 'B*44']","['C*02', 'C*08']","['DRB1*13', 'DRB1*15']","['DQA1*03:01', 'DQA1*05:01']","['DQB1*06', 'DQB1*06']","['DPA1*02:02', 'DPA1*01']","['DPB1*04', 'DPB1*04']","['A3', 'A28']","['B14', 'B12']","['Cw2', 'Cw8']","['DR6', 'DR2']","['DQ3', 'DQ1']","['DQ1', 'DQ1']","['DP2', 'DP1']","['DP4', 'DP4']",Bw4/Bw6,[],0.0,0.85,nan,1,2,3,185.29664845702274,0.5,0.9659518229872491,529.7843318798177
309,D0463_RK,kidney,True,AllocationPriority.PRIORITY_7,D0463,O,POS,KD,82,Copenhagen,Denmark,309,"['A*01', 'A*02']","['B*35', 'B*40']","['C*04', 'C*06']","['DRB1*15', 'DRB1*12']","['DQA1*03:01', 'DQA1*02:01']","['DQB1*06', 'DQB1*03']","['DPA1*01', 'DPA1*01']","['DPB1*04', 'DPB1*01']","['A1', 'A2']","['B35', 'B40']","['Cw4', 'Cw6']","['DR2', 'DR5']","['DQ3', 'DQ2']","['DQ1', 'DQ3']","['DP1', 'DP1']","['DP4', 'DP1']",Bw6/Bw6,nan,R1055,O,POS,Kidney,90,Skane,Sweden,0,"['A*02', 'A*01']","['B*35', 'B*40']","['C*03', 'C*07']","['DRB1*15', 'DRB1*03']","['DQA1*01:02', 'DQA1*01:03']","['DQB1*06', 'DQB1*02']","['DPA1*02:02', 'DPA1*01']","['DPB1*02', 'DPB1*04']","['A2', 'A1']","['B35', 'B40']","['Cw3', 'Cw7']","['DR2', 'DR3']","['DQ1', 'DQ1']","['DQ1', 'DQ2']","['DP2', 'DP1']","['DP2', 'DP4']",Bw6/Bw6,[],0.0,0.41,nan,1,0,1,28.452846136850336,0.8333333333333334,0.9947718021353811,662.4713520017875
309,D0464_RK,kidney,True,AllocationPriority.PRIORITY_7,D0464,A,POS,KD,25,Oslo,Norway,309,"['A*68', 'A*02']","['B*07', 'B*07']","['C*07', 'C*03']","['DRB1*14', 'DRB1*04']","['DQA1*03:01', 'DQA1*05:01']","['DQB1*03', 'DQB1*03']","['DPA1*01', 'DPA1*01']","['DPB1*04', 'DPB1*15']","['A28', 'A2']","['B7', 'B7']","['Cw7', 'Cw3']","['DR6', 'DR4']","['DQ3', 'DQ1']","['DQ3', 'DQ3']","['DP1', 'DP1']","['DP4', 'DP15']",Bw6/Bw6,nan,R1022,A,POS,Kidney,58,Helsinki,Finland,0,"['A*02', 'A*02']","['B*07', 'B*15']","['C*07', 'C*03']","['DRB1*04', 'DRB1*14']","['DQA1*02:01', 'DQA1*01:02']","['DQB1*06', 'DQB1*02']","['DPA1*01', 'DPA1*02:02']","['DPB1*04', 'DPB1*04']","['A2', 'A2']","['B7', 'B15']","['Cw7', 'Cw3']","['DR4', 'DR6']","['DQ2', 'DQ1']","['DQ1', 'DQ2']","['DP1', 'DP2']","['DP4', 'DP4']",Bw4/Bw6,"['DPB1*23', 'C*01', 'DRB1*15']",0.2145,0.667675,nan,0,1,1,786.5519919158309,0.8333333333333334,0.8554714201606649,612.5385031123888
310,D0465_LK,kidney,False,AllocationPriority.LOCAL,D0465,O,POS,KD,66,Reykjavik,Iceland,310,"['A*24', 'A*24']","['B*15', 'B*07']","['C*04', 'C*05']","['DRB1*13', 'DRB1*13']","['DQA1*01:01', 'DQA1*03:01']","['DQB1*06', 'DQB1*02']","['DPA1*02:02', 'DPA1*01']","['DPB1*04', 'DPB1*19']","['A9', 'A9']","['B15', 'B7']","['Cw4', 'Cw5']","['DR6', 'DR6']","['DQ1', 'DQ3']","['DQ1', 'DQ2']","['DP2', 'DP1']","['DP4', 'DP19']",Bw6/Bw6,nan,R1834,O,POS,Kidney,81,Reykjavik,Iceland,0,"['A*66', 'A*02']","['B*15', 'B*15']","['C*02', 'C*05']","['DRB1*03', 'DRB1*13']","['DQA1*01:02', 'DQA1*05:01']","['DQB1*03', 'DQB1*06']","['DPA1*01', 'DPA1*01']","['DPB1*04', 'DPB1*04']","['A10', 'A2']","['B15', 'B15']","['Cw2', 'Cw5']","['DR3', 'DR6']","['DQ1', 'DQ1']","['DQ3', 'DQ1']","['DP1', 'DP1']","['DP4', 'DP4']",Bw6/Bw6,"['B*50', 'DQB1*03', 'DPA1*02:02', 'A*11', 'DPB1*16', 'B*07', 'A*68', 'C*04', 'DPB1*03']",0.9366,0.0259939999999999,nan,0,3
310,D0466_LK,kidney,False,AllocationPriority.LOCAL,D0466,O,POS,KD,66,Stockholm,Sweden,310,"['A*02', 'A*02']","['B*40', 'B*15']","['C*07', 'C*03']","['DRB1*15', 'DRB1*14']","['DQA1*05:01', 'DQA1*05:01']","['DQB1*03', 'DQB1*03']","['DPA1*01', 'DPA1*01']","['DPB1*01', 'DPB1*03']","['A2', 'A2']","['B40', 'B15']","['Cw7', 'Cw3']","['DR2', 'DR6']","['DQ1', 'DQ1']","['DQ3', 'DQ3']","['DP1', 'DP1']","['DP1', 'DP3']",Bw4/Bw6,nan,R2323,O,POS,Kidney,47,Stockholm,Sweden,35,"['A*02', 'A*24']","['B*40', 'B*40']","['C*04', 'C*07']","['DRB1*15', 'DRB1*13']","['DQA1*01:02', 'DQA1*05:01']","['DQB1*03', 'DQB1*02']","['DPA1*01', 'DPA1*01']","['DPB1*14', 'DPB1*01']","['A2', 'A9']","['B40', 'B40']","['Cw4', 'Cw7']","['DR2', 'DR6']","['DQ1', 'DQ1']","['DQ3', 'DQ2']","['DP1', 'DP1']","['DP14', 'DP1']",Bw4/Bw6,[],0.0,0.41,nan,0,1
310,D0467_LK,kidney,False,AllocationPriority.LOCAL,D0467,A,POS,KD,59,Helsinki,Finland,310,"['A*02', 'A*24']","['B*08', 'B*40']","['C*07', 'C*03']","['DRB1*03', 'DRB1*13']","['DQA1*05:01', 'DQA1*03:01']","['DQB1*05', 'DQB1*06']","['DPA1*01', 'DPA1*01']","['DPB1*03', 'DPB1*02']","['A2', 'A9']","['B8', 'B40']","['Cw7', 'Cw3']","['DR3', 'DR6']","['DQ1', 'DQ3']","['DQ1', 'DQ1']","['DP1', 'DP1']","['DP3', 'DP2']",Bw4/Bw6,nan,R1137,A,POS,Kidney,69,Helsinki,Finland,0,"['A*02', 'A*02']","['B*40', 'B*44']","['C*03', 'C*02']","['DRB1*13', 'DRB1*03']","['DQA1*02:01', 'DQA1*01:02']","['DQB1*06', 'DQB1*03']","['DPA1*01', 'DPA1*01']","['DPB1*04', 'DPB1*04']","['A2', 'A2']","['B40', 'B12']","['Cw3', 'Cw2']","['DR6', 'DR3']","['DQ2', 'DQ1']","['DQ1', 'DQ3']","['DP1', 'DP1']","['DP4', 'DP4']",Bw4/Bw6,[],0.0,0.85,nan,0,2
310,D0465_RK,kidney,True,AllocationPriority.PRIORITY_5,D0465,O,POS,KD,66,Reykjavik,Iceland,310,"['A*24', 'A*24']","['B*15', 'B*07']","['C*04', 'C*05']","['DRB1*13', 'DRB1*13']","['DQA1*01:01', 'DQA1*03:01']","['DQB1*06', 'DQB1*02']","['DPA1*02:02', 'DPA1*01']","['DPB1*04', 'DPB1*19']","['A9', 'A9']","['B15', 'B7']","['Cw4', 'Cw5']","['DR6', 'DR6']","['DQ1', 'DQ3']","['DQ1', 'DQ2']","['DP2', 'DP1']","['DP4', 'DP19']",Bw6/Bw6,nan,R0886,O,POS,Kidney,50,Uppsala,Sweden,0,"['A*24', 'A*02']","['B*07', 'B*15']","['C*16', 'C*03']","['DRB1*04', 'DRB1*14']","['DQA1*02:01', 'DQA1*05:01']","['DQB1*05', 'DQB1*05']","['DPA1*01', 'DPA1*02:02']","['DPB1*04', 'DPB1*04']","['A9', 'A2']","['B7', 'B15']","['Cw16', 'Cw3']","['DR4', 'DR6']","['DQ2', 'DQ1']","['DQ1', 'DQ1']","['DP1', 'DP2']","['DP4', 'DP4']",Bw4/Bw4,[],0.0,0.41,nan
310,D0466_RK,kidney,True,AllocationPriority.PRIORITY_2,D0466,O,POS,KD,66,Stockholm,Sweden,310,"['A*02', 'A*02']","['B*40', 'B*15']","['C*07', 'C*03']","['DRB1*15', 'DRB1*14']","['DQA1*05:01', 'DQA1*05:01']","['DQB1*03', 'DQB1*03']","['DPA1*01', 'DPA1*01']","['DPB1*01', 'DPB1*03']","['A2', 'A2']","['B40', 'B15']","['Cw7', 'Cw3']","['DR2', 'DR6']","['DQ1', 'DQ1']","['DQ3', 'DQ3']","['DP1', 'DP1']","['DP1', 'DP3']",Bw4/Bw6,nan,R2914,O,POS,Kidney,90,Skane,Sweden,221,"['A*29', 'A*02']","['B*15', 'B*40']","['C*03', 'C*03']","['DRB1*13', 'DRB1*15']","['DQA1*02:01', 'DQA1*03:01']","['DQB1*06', 'DQB1*06']","['DPA1*01', 'DPA1*01']","['DPB1*05', 'DPB1*02']","['A19', 'A2']","['B15', 'B40']","['Cw3', 'Cw3']","['DR6', 'DR2']","['DQ2', 'DQ3']","['DQ1', 'DQ1']","['DP1', 'DP1']","['DP5', 'DP2']",Bw4/Bw4,"['DQA1*05:01', 'B*39', 'B*18', 'A*03', 'C*07', 'DQA1*01:03', 'C*04']",0.9285,0.029315,nan
310,D0467_RK,kidney,True,AllocationPriority.PRIORITY_7,D0467,A,POS,KD,59,Helsinki,Finland,310,"['A*02', 'A*24']","['B*08', 'B*40']","['C*07', 'C*03']","['DRB1*03', 'DRB1*13']","['DQA1*05:01', 'DQA1*03:01']","['DQB1*05', 'DQB1*06']","['DPA1*01', 'DPA1*01']","['DPB1*03', 'DPB1*02']","['A2', 'A9']","['B8', 'B40']","['Cw7', 'Cw3']","['DR3', 'DR6']","['DQ1', 'DQ3']","['DQ1', 'DQ1']","['DP1', 'DP1']","['DP3', 'DP2']",Bw4/Bw6,nan,R0545,A,POS,Kidney,90,Stockholm,Sweden,0,"['A*02', 'A*03']","['B*40', 'B*08']","['C*07', 'C*04']","['DRB1*03', 'DRB1*13']","['DQA1*01:02', 'DQA1*01:02']","['DQB1*02', 'DQB1*02']","['DPA1*02:02', 'DPA1*01']","['DPB1*02', 'DPB1*04']","['A2', 'A3']","['B40', 'B8']","['Cw7', 'Cw4']","['DR3', 'DR6']","['DQ1', 'DQ1']","['DQ2', 'DQ2']","['DP2', 'DP1']","['DP2', 'DP4']",Bw6/Bw6,[],0.0,0.85,nan,0,1,1,395.64825735091034,0.8333333333333334,0.9272998081009831,638.2857120586214
311,D0468_LK,kidney,False,AllocationPriority.LOCAL,D0468,A,POS,KD,29,Oslo,Norway,311,"['A*03', 'A*31']","['B*08', 'B*40']","['C*03', 'C*12']","['DRB1*04', 'DRB1*07']","['DQA1*01:01', 'DQA1*02:01']","['DQB1*05', 'DQB1*02']","['DPA1*01', 'DPA1*01']","['DPB1*04', 'DPB1*02']","['A3', 'A19']","['B8', 'B40']","['Cw3', 'Cw12']","['DR4', 'DR7']","['DQ1', 'DQ2']","['DQ1', 'DQ2']","['DP1', 'DP1']","['DP4', 'DP2']",Bw4/Bw6,nan,R2011,A,POS,Kidney,69,Oslo,Norway,0,"['A*23', 'A*29']","['B*40', 'B*57']","['C*05', 'C*03']","['DRB1*04', 'DRB1*07']","['DQA1*03:01', 'DQA1*05:01']","['DQB1*03', 'DQB1*03']","['DPA1*01', 'DPA1*01']","['DPB1*02', 'DPB1*04']","['A9', 'A19']","['B40', 'B17']","['Cw5', 'Cw3']","['DR4', 'DR7']","['DQ3', 'DQ1']","['DQ3', 'DQ3']","['DP1', 'DP1']","['DP2', 'DP4']",Bw6/Bw6,"['DPB1*06', 'B*41', 'DPB1*09', 'DPB1*10', 'C*03', 'A*29', 'DPB1*35', 'DQA1*01:02']",0.4946,0.42959,nan,0,2
311,D0469_LK,kidney,False,AllocationPriority.LOCAL,D0469,AB,POS,KD,27,Aarhus,Denmark,311,"['A*24', 'A*03']","['B*40', 'B*44']","['C*05', 'C*01']","['DRB1*12', 'DRB1*03']","['DQA1*05:01', 'DQA1*02:01']","['DQB1*03', 'DQB1*03']","['DPA1*02:02', 'DPA1*01']","['DPB1*04', 'DPB1*04']","['A9', 'A3']","['B40', 'B12']","['Cw5', 'Cw1']","['DR5', 'DR3']","['DQ1', 'DQ2']","['DQ3', 'DQ3']","['DP2', 'DP1']","['DP4', 'DP4']",Bw4/Bw4,nan,R2999,AB,POS,Kidney,72,Aarhus,Denmark,246,"['A*24', 'A*01']","['B*40', 'B*44']","['C*07', 'C*07']","['DRB1*15', 'DRB1*03']","['DQA1*05:01', 'DQA1*01:01']","['DQB1*04', 'DQB1*02']","['DPA1*01', 'DPA1*01']","['DPB1*05', 'DPB1*04']","['A9', 'A1']","['B40', 'B12']","['Cw7', 'Cw7']","['DR2', 'DR3']","['DQ1', 'DQ1']","['DQ4', 'DQ2']","['DP1', 'DP1']","['DP5', 'DP4']",Bw4/Bw4,"['DPA1*02:02', 'C*01', 'B*57', 'DPB1*31', 'B*56', 'B*48', 'B*39', 'A*26', 'A*29']",0.2711,0.7289,nan,1,1
311,D0470_LK,kidney,False,AllocationPriority.LOCAL,D0470,B,POS,KD,64,Oslo,Norway,311,"['A*11', 'A*03']","['B*51', 'B*07']","['C*03', 'C*03']","['DRB1*15', 'DRB1*13']","['DQA1*04:01', 'DQA1*05:01']","['DQB1*03', 'DQB1*03']","['DPA1*01', 'DPA1*01']","['DPB1*11', 'DPB1*03']","['A11', 'A3']","['B5', 'B7']","['Cw3', 'Cw3']","['DR2', 'DR6']","['DQ4', 'DQ1']","['DQ3', 'DQ3']","['DP1', 'DP1']","['DP11', 'DP3']",Bw4/Bw6,nan,R3175,B,POS,Kidney,56,Oslo,Norway,297,"['A*03', 'A*02']","['B*27', 'B*08']","['C*06', 'C*07']","['DRB1*15', 'DRB1*13']","['DQA1*02:01', 'DQA1*01:02']","['DQB1*06', 'DQB1*06']","['DPA1*01', 'DPA1*02:02']","['DPB1*02', 'DPB1*04']","['A3', 'A2']","['B27', 'B8']","['Cw6', 'Cw7']","['DR2', 'DR6']","['DQ2', 'DQ1']","['DQ1', 'DQ1']","['DP1', 'DP2']","['DP2', 'DP4']",Bw4/Bw6,[],0.0,0.52,nan,0,3
311,D0471_LK,kidney,False,AllocationPriority.PAYBACK,D0471,O,POS,KD,17,Stockholm,Sweden,311,"['A*30', 'A*11']","['B*07', 'B*18']","['C*07', 'C*03']","['DRB1*08', 'DRB1*08']","['DQA1*05:01', 'DQA1*05:01']","['DQB1*06', 'DQB1*05']","['DPA1*01', 'DPA1*01']","['DPB1*04', 'DPB1*04']","['A19', 'A11']","['B7', 'B18']","['Cw7', 'Cw3']","['DR8', 'DR8']","['DQ1', 'DQ1']","['DQ1', 'DQ1']","['DP1', 'DP1']","['DP4', 'DP4']",Bw4/Bw6,nan,R1944,O,POS,Kidney,88,Oslo,Norway,0,"['A*29', 'A*11']","['B*44', 'B*07']","['C*04', 'C*07']","['DRB1*08', 'DRB1*15']","['DQA1*01:01', 'DQA1*05:01']","['DQB1*03', 'DQB1*06']","['DPA1*01', 'DPA1*01']","['DPB1*20', 'DPB1*02']","['A19', 'A11']","['B12', 'B7']","['Cw4', 'Cw7']","['DR8', 'DR2']","['DQ1', 'DQ1']","['DQ3', 'DQ1']","['DP1', 'DP1']","['DP20', 'DP2']",Bw4/Bw4,"['DPB1*02', 'DPB1*01', 'C*17']",0.1942,0.330378,nan,0,1
311,D0472_LK,kidney,False,AllocationPriority.LOCAL,D0472,O,NEG,KD,67,Aarhus,Denmark,311,"['A*03', 'A*03']","['B*40', 'B*44']","['C*07', 'C*07']","['DRB1*15', 'DRB1*09']","['DQA1*03:01', 'DQA1*05:01']","['DQB1*06', 'DQB1*06']","['DPA1*01', 'DPA1*01']","['DPB1*16', 'DPB1*02']","['A3', 'A3']","['B40', 'B12']","['Cw7', 'Cw7']","['DR2', 'DR9']","['DQ3', 'DQ1']","['DQ1', 'DQ1']","['DP1', 'DP1']","['DP16', 'DP2']",Bw4/Bw6,nan,R3145,A,POS,Kidney,79,Aarhus,Denmark,289,"['A*02', 'A*01']","['B*08', 'B*57']","['C*03', 'C*05']","['DRB1*04', 'DRB1*08']","['DQA1*01:02', 'DQA1*05:01']","['DQB1*06', 'DQB1*02']","['DPA1*01', 'DPA1*01']","['DPB1*04', 'DPB1*13']","['A2', 'A1']","['B8', 'B17']","['Cw3', 'Cw5']","['DR4', 'DR8']","['DQ1', 'DQ1']","['DQ1', 'DQ2']","['DP1', 'DP1']","['DP4', 'DP13']",Bw4/Bw6,"['A*32', 'A*24', 'DPB1*26', 'DQB1*04', 'DPB1*04', 'DQA1*01:01', 'B*73', 'DPB1*23']",0.8579,0.120785,nan
311,D0473_LK,kidney,False,AllocationPriority.PAYBACK,D0473,O,POS,KD,39,Skane,Sweden,311,"['A*01', 'A*02']","['B*57', 'B*07']","['C*03', 'C*03']","['DRB1*07', 'DRB1*15']","['DQA1*01:02', 'DQA1*01:02']","['DQB1*05', 'DQB1*02']","['DPA1*01', 'DPA1*01']","['DPB1*04', 'DPB1*04']","['A1', 'A2']","['B17', 'B7']","['Cw3', 'Cw3']","['DR7', 'DR2']","['DQ1', 'DQ1']","['DQ1', 'DQ2']","['DP1', 'DP1']","['DP4', 'DP4']",Bw4/Bw6,nan,R1788,O,POS,Kidney,84,Uppsala,Sweden,0,"['A*24', 'A*02']","['B*57', 'B*37']","['C*03', 'C*12']","['DRB1*15', 'DRB1*07']","['DQA1*02:01', 'DQA1*01:02']","['DQB1*06', 'DQB1*02']","['DPA1*01', 'DPA1*01']","['DPB1*04', 'DPB1*04']","['A9', 'A2']","['B17', 'B37']","['Cw3', 'Cw12']","['DR2', 'DR7']","['DQ2', 'DQ1']","['DQ1', 'DQ2']","['DP1', 'DP1']","['DP4', 'DP4']",Bw6/Bw6,[],0.0,0.41,nan,0,2
311,D0468_RK,kidney,True,AllocationPriority.PRIORITY_7,D0468,A,POS,KD,29,Oslo,Norway,311,"['A*03', 'A*31']","['B*08', 'B*40']","['C*03', 'C*12']","['DRB1*04', 'DRB1*07']","['DQA1*01:01', 'DQA1*02:01']","['DQB1*05', 'DQB1*02']","['DPA1*01', 'DPA1*01']","['DPB1*04', 'DPB1*02']","['A3', 'A19']","['B8', 'B40']","['Cw3', 'Cw12']","['DR4', 'DR7']","['DQ1', 'DQ2']","['DQ1', 'DQ2']","['DP1', 'DP1']","['DP4', 'DP2']",Bw4/Bw6,nan,R0256,A,NEG,Kidney,68,Gothenburg,Sweden,0,"['A*03', 'A*03']","['B*40', 'B*08']","['C*01', 'C*07']","['DRB1*04', 'DRB1*07']","['DQA1*02:01', 'DQA1*02:01']","['DQB1*05', 'DQB1*06']","['DPA1*01', 'DPA1*01']","['DPB1*04', 'DPB1*04']","['A3', 'A3']","['B40', 'B8']","['Cw1', 'Cw7']","['DR4', 'DR7']","['DQ2', 'DQ2']","['DQ1', 'DQ1']","['DP1', 'DP1']","['DP4', 'DP4']",Bw6/Bw6,"['DPB1*09', 'A*31', 'DPA1*02:02', 'B*45', 'DPB1*129', 'DPB1*17', 'A*68', 'DQB1*05', 'DQB1*04']",0.4144,0.49776,nan,0,1,1,255.07748105944097,0.8333333333333334,0.9531296259301052,647.5445265156868
311,D0469_RK,kidney,True,AllocationPriority.PRIORITY_7,D0469,AB,POS,KD,27,Aarhus,Denmark,311,"['A*24', 'A*03']","['B*40', 'B*44']","['C*05', 'C*01']","['DRB1*12', 'DRB1*03']","['DQA1*05:01', 'DQA1*02:01']","['DQB1*03', 'DQB1*03']","['DPA1*02:02', 'DPA1*01']","['DPB1*04', 'DPB1*04']","['A9', 'A3']","['B40', 'B12']","['Cw5', 'Cw1']","['DR5', 'DR3']","['DQ1', 'DQ2']","['DQ3', 'DQ3']","['DP2', 'DP1']","['DP4', 'DP4']",Bw4/Bw4,nan,R2750,AB,POS,Kidney,83,Skane,Sweden,172,"['A*26', 'A*03']","['B*44', 'B*40']","['C*07', 'C*05']","['DRB1*13', 'DRB1*12']","['DQA1*01:01', 'DQA1*01:02']","['DQB1*03', 'DQB1*05']","['DPA1*01', 'DPA1*01']","['DPB1*04', 'DPB1*04']","['A10', 'A3']","['B12', 'B40']","['Cw7', 'Cw5']","['DR6', 'DR5']","['DQ1', 'DQ1']","['DQ3', 'DQ1']","['DP1', 'DP1']","['DP4', 'DP4']",Bw4/Bw4,[],0.0,1.0,nan,1,1,2,185.29664845702274,0.6666666666666667,0.9659518229872491,590.9625163207319
311,D0470_RK,kidney,True,AllocationPriority.PRIORITY_7,D0470,B,POS,KD,64,Oslo,Norway,311,"['A*11', 'A*03']","['B*51', 'B*07']","['C*03', 'C*03']","['DRB1*15', 'DRB1*13']","['DQA1*04:01', 'DQA1*05:01']","['DQB1*03', 'DQB1*03']","['DPA1*01', 'DPA1*01']","['DPB1*11', 'DPB1*03']","['A11', 'A3']","['B5', 'B7']","['Cw3', 'Cw3']","['DR2', 'DR6']","['DQ4', 'DQ1']","['DQ3', 'DQ3']","['DP1', 'DP1']","['DP11', 'DP3']",Bw4/Bw6,nan,R2352,B,POS,Kidney,68,Oslo,Norway,44,"['A*03', 'A*11']","['B*07', 'B*44']","['C*03', 'C*07']","['DRB1*15', 'DRB1*01']","['DQA1*01:02', 'DQA1*04:01']","['DQB1*06', 'DQB1*03']","['DPA1*02:02', 'DPA1*01']","['DPB1*04', 'DPB1*17']","['A3', 'A11']","['B7', 'B12']","['Cw3', 'Cw7']","['DR2', 'DR1']","['DQ1', 'DQ4']","['DQ1', 'DQ3']","['DP2', 'DP1']","['DP4', 'DP17']",Bw4/Bw6,"['DPB1*31', 'B*46', 'DRB1*13', 'B*54', 'DRB1*11']",0.188,0.42224,nan,1,1,2,0.0,0.6666666666666667,1.0,603.1672386167969
311,D0471_RK,kidney,True,AllocationPriority.PRIORITY_7,D0471,O,POS,KD,17,Stockholm,Sweden,311,"['A*30', 'A*11']","['B*07', 'B*18']","['C*07', 'C*03']","['DRB1*08', 'DRB1*08']","['DQA1*05:01', 'DQA1*05:01']","['DQB1*06', 'DQB1*05']","['DPA1*01', 'DPA1*01']","['DPB1*04', 'DPB1*04']","['A19', 'A11']","['B7', 'B18']","['Cw7', 'Cw3']","['DR8', 'DR8']","['DQ1', 'DQ1']","['DQ1', 'DQ1']","['DP1', 'DP1']","['DP4', 'DP4']",Bw4/Bw6,nan,R0855,O,POS,Kidney,84,Stockholm,Sweden,0,"['A*02', 'A*11']","['B*07', 'B*39']","['C*07', 'C*07']","['DRB1*08', 'DRB1*13']","['DQA1*03:01', 'DQA1*03:01']","['DQB1*06', 'DQB1*02']","['DPA1*01', 'DPA1*02:02']","['DPB1*05', 'DPB1*04']","['A2', 'A11']","['B7', 'B16']","['Cw7', 'Cw7']","['DR8', 'DR6']","['DQ3', 'DQ3']","['DQ1', 'DQ2']","['DP1', 'DP2']","['DP5', 'DP4']",Bw4/Bw6,[],0.0,0.41,nan,0,2,2,0.0,0.6666666666666667,1.0,603.1672386167969
311,D0472_RK,kidney,True,AllocationPriority.PRIORITY_7,D0472,O,NEG,KD,67,Aarhus,Denmark,311,"['A*03', 'A*03']","['B*40', 'B*44']","['C*07', 'C*07']","['DRB1*15', 'DRB1*09']","['DQA1*03:01', 'DQA1*05:01']","['DQB1*06', 'DQB1*06']","['DPA1*01', 'DPA1*01']","['DPB1*16', 'DPB1*02']","['A3', 'A3']","['B40', 'B12']","['Cw7', 'Cw7']","['DR2', 'DR9']","['DQ3', 'DQ1']","['DQ1', 'DQ1']","['DP1', 'DP1']","['DP16', 'DP2']",Bw4/Bw6,nan,R1840,O,POS,Kidney,83,Oslo,Norway,0,"['A*02', 'A*03']","['B*44', 'B*40']","['C*07', 'C*03']","['DRB1*03', 'DRB1*15']","['DQA1*02:01', 'DQA1*01:02']","['DQB1*05', 'DQB1*06']","['DPA1*01', 'DPA1*01']","['DPB1*01', 'DPB1*04']","['A2', 'A3']","['B12', 'B40']","['Cw7', 'Cw3']","['DR3', 'DR2']","['DQ2', 'DQ1']","['DQ1', 'DQ1']","['DP1', 'DP1']","['DP1', 'DP4']",Bw4/Bw6,"['DPB1*31', 'DPB1*129', 'A*23', 'B*47', 'DRB1*10', 'DPB1*115']",0.024,0.4001599999999999,nan,1,0,1,418.3350508270757,0.8333333333333334,0.9231311198566982,636.7914269948038
311,D0473_RK,kidney,True,AllocationPriority.PRIORITY_7,D0473,O,POS,KD,39,Skane,Sweden,311,"['A*01', 'A*02']","['B*57', 'B*07']","['C*03', 'C*03']","['DRB1*07', 'DRB1*15']","['DQA1*01:02', 'DQA1*01:02']","['DQB1*05', 'DQB1*02']","['DPA1*01', 'DPA1*01']","['DPB1*04', 'DPB1*04']","['A1', 'A2']","['B17', 'B7']","['Cw3', 'Cw3']","['DR7', 'DR2']","['DQ1', 'DQ1']","['DQ1', 'DQ2']","['DP1', 'DP1']","['DP4', 'DP4']",Bw4/Bw6,nan,R2687,O,POS,Kidney,50,Odense,Denmark,148,"['A*01', 'A*02']","['B*47', 'B*07']","['C*12', 'C*15']","['DRB1*15', 'DRB1*08']","['DQA1*03:01', 'DQA1*03:01']","['DQB1*06', 'DQB1*02']","['DPA1*02:02', 'DPA1*01']","['DPB1*04', 'DPB1*04']","['A1', 'A2']","['B47', 'B7']","['Cw12', 'Cw15']","['DR2', 'DR8']","['DQ3', 'DQ3']","['DQ1', 'DQ2']","['DP2', 'DP1']","['DP4', 'DP4']",Bw4/Bw6,[],0.0,0.41,nan,1,1,2,165.33340318130047,0.6666666666666667,0.9696200604570402,592.2774125519767
312,D0474_LK,kidney,False,AllocationPriority.LOCAL,D0474,A,POS,KD,63,Aarhus,Denmark,312,"['A*01', 'A*02']","['B*15', 'B*40']","['C*02', 'C*15']","['DRB1*08', 'DRB1*15']","['DQA1*01:02', 'DQA1*01:02']","['DQB1*03', 'DQB1*06']","['DPA1*01', 'DPA1*01']","['DPB1*02', 'DPB1*01']","['A1', 'A2']","['B15', 'B40']","['Cw2', 'Cw15']","['DR8', 'DR2']","['DQ1', 'DQ1']","['DQ3', 'DQ1']","['DP1', 'DP1']","['DP2', 'DP1']",Bw4/Bw6,nan,R0733,A,POS,Kidney,59,Aarhus,Denmark,0,"['A*02', 'A*01']","['B*15', 'B*39']","['C*03', 'C*07']","['DRB1*15', 'DRB1*08']","['DQA1*01:01', 'DQA1*02:01']","['DQB1*05', 'DQB1*04']","['DPA1*01', 'DPA1*01']","['DPB1*03', 'DPB1*04']","['A2', 'A1']","['B15', 'B16']","['Cw3', 'Cw7']","['DR2', 'DR8']","['DQ1', 'DQ2']","['DQ1', 'DQ4']","['DP1', 'DP1']","['DP3', 'DP4']",Bw4/Bw4,[],0.0,0.85,nan,0,1
312,D0475_LK,kidney,False,AllocationPriority.PAYBACK,D0475,O,POS,KD,51,Uppsala,Sweden,312,"['A*01', 'A*01']","['B*27', 'B*40']","['C*05', 'C*03']","['DRB1*13', 'DRB1*09']","['DQA1*01:01', 'DQA1*02:01']","['DQB1*06', 'DQB1*03']","['DPA1*01', 'DPA1*02:02']","['DPB1*01', 'DPB1*04']","['A1', 'A1']","['B27', 'B40']","['Cw5', 'Cw3']","['DR6', 'DR9']","['DQ1', 'DQ2']","['DQ1', 'DQ3']","['DP1', 'DP2']","['DP1', 'DP4']",Bw4/Bw6,nan,R0414,O,POS,Kidney,86,Helsinki,Finland,0,"['A*11', 'A*02']","['B*27', 'B*08']","['C*03', 'C*07']","['DRB1*09', 'DRB1*13']","['DQA1*01:02', 'DQA1*02:01']","['DQB1*02', 'DQB1*03']","['DPA1*01', 'DPA1*01']","['DPB1*05', 'DPB1*04']","['A11', 'A2']","['B27', 'B8']","['Cw3', 'Cw7']","['DR9', 'DR6']","['DQ1', 'DQ2']","['DQ2', 'DQ3']","['DP1', 'DP1']","['DP5', 'DP4']",Bw4/Bw6,[],0.0,0.41,nan,0,3
312,D0474_RK,kidney,True,AllocationPriority.PRIORITY_7,D0474,A,POS,KD,63,Aarhus,Denmark,312,"['A*01', 'A*02']","['B*15', 'B*40']","['C*02', 'C*15']","['DRB1*08', 'DRB1*15']","['DQA1*01:02', 'DQA1*01:02']","['DQB1*03', 'DQB1*06']","['DPA1*01', 'DPA1*01']","['DPB1*02', 'DPB1*01']","['A1', 'A2']","['B15', 'B40']","['Cw2', 'Cw15']","['DR8', 'DR2']","['DQ1', 'DQ1']","['DQ3', 'DQ1']","['DP1', 'DP1']","['DP2', 'DP1']",Bw4/Bw6,nan,R3131,A,NEG,Kidney,84,Gothenburg,Sweden,286,"['A*02', 'A*01']","['B*51', 'B*40']","['C*07', 'C*07']","['DRB1*08', 'DRB1*15']","['DQA1*01:01', 'DQA1*03:01']","['DQB1*03', 'DQB1*06']","['DPA1*01', 'DPA1*01']","['DPB1*02', 'DPB1*04']","['A2', 'A1']","['B5', 'B40']","['Cw7', 'Cw7']","['DR8', 'DR2']","['DQ1', 'DQ3']","['DQ3', 'DQ1']","['DP1', 'DP1']","['DP2', 'DP4']",Bw4/Bw6,"['DPB1*02', 'C*05', 'B*15', 'DPB1*35', 'C*15', 'DPB1*20', 'DPB1*05', 'B*51']",0.4022,0.50813,nan,0,1,1,202.6942002796759,0.8333333333333334,0.9627550305520983,650.9947961249729
312,D0475_RK,kidney,True,AllocationPriority.PAYBACK,D0475,O,POS,KD,51,Uppsala,Sweden,312,"['A*01', 'A*01']","['B*27', 'B*40']","['C*05', 'C*03']","['DRB1*13', 'DRB1*09']","['DQA1*01:01', 'DQA1*02:01']","['DQB1*06', 'DQB1*03']","['DPA1*01', 'DPA1*02:02']","['DPB1*01', 'DPB1*04']","['A1', 'A1']","['B27', 'B40']","['Cw5', 'Cw3']","['DR6', 'DR9']","['DQ1', 'DQ2']","['DQ1', 'DQ3']","['DP1', 'DP2']","['DP1', 'DP4']",Bw4/Bw6,nan,R1415,O,POS,Kidney,28,Gothenburg,Sweden,0,"['A*03', 'A*02']","['B*15', 'B*40']","['C*01', 'C*07']","['DRB1*09', 'DRB1*13']","['DQA1*01:01', 'DQA1*02:01']","['DQB1*03', 'DQB1*06']","['DPA1*01', 'DPA1*01']","['DPB1*04', 'DPB1*06']","['A3', 'A2']","['B15', 'B40']","['Cw1', 'Cw7']","['DR9', 'DR6']","['DQ1', 'DQ2']","['DQ3', 'DQ1']","['DP1', 'DP1']","['DP4', 'DP6']",Bw4/Bw6,"['B*45', 'A*23', 'DRB1*15', 'C*01']",0.2287,0.316233,nan,0,3
314,D0476_LK,kidney,False,AllocationPriority.LOCAL,D0476,O,POS,KD,60,Reykjavik,Iceland,314,"['A*11', 'A*26']","['B*57', 'B*55']","['C*07', 'C*02']","['DRB1*07', 'DRB1*15']","['DQA1*01:02', 'DQA1*03:01']","['DQB1*03', 'DQB1*03']","['DPA1*01', 'DPA1*01']","['DPB1*01', 'DPB1*19']","['A11', 'A10']","['B17', 'B22']","['Cw7', 'Cw2']","['DR7', 'DR2']","['DQ1', 'DQ3']","['DQ3', 'DQ3']","['DP1', 'DP1']","['DP1', 'DP19']",Bw4/Bw4,nan,R2097,O,NEG,Kidney,47,Reykjavik,Iceland,0,"['A*24', 'A*11']","['B*07', 'B*56']","['C*16', 'C*07']","['DRB1*07', 'DRB1*08']","['DQA1*03:01', 'DQA1*01:03']","['DQB1*06', 'DQB1*06']","['DPA1*01', 'DPA1*01']","['DPB1*04', 'DPB1*04']","['A9', 'A11']","['B7', 'B22']","['Cw16', 'Cw7']","['DR7', 'DR8']","['DQ3', 'DQ1']","['DQ1', 'DQ1']","['DP1', 'DP1']","['DP4', 'DP4']",Bw4/Bw6,[],0.0,0.41,nan,1,2
314,D0477_LK,kidney,False,AllocationPriority.PAYBACK,D0477,O,POS,KD,42,Gothenburg,Sweden,314,"['A*32', 'A*02']","['B*08', 'B*08']","['C*03', 'C*07']","['DRB1*01', 'DRB1*11']","['DQA1*05:01', 'DQA1*01:02']","['DQB1*03', 'DQB1*06']","['DPA1*01', 'DPA1*01']","['DPB1*03', 'DPB1*02']","['A19', 'A2']","['B8', 'B8']","['Cw3', 'Cw7']","['DR1', 'DR5']","['DQ1', 'DQ1']","['DQ3', 'DQ1']","['DP1', 'DP1']","['DP3', 'DP2']",Bw4/Bw6,nan,R2092,O,POS,Kidney,70,Uppsala,Sweden,0,"['A*02', 'A*32']","['B*38', 'B*08']","['C*03', 'C*05']","['DRB1*01', 'DRB1*11']","['DQA1*01:02', 'DQA1*05:01']","['DQB1*03', 'DQB1*05']","['DPA1*01', 'DPA1*01']","['DPB1*04', 'DPB1*04']","['A2', 'A19']","['B16', 'B8']","['Cw3', 'Cw5']","['DR1', 'DR5']","['DQ1', 'DQ1']","['DQ3', 'DQ1']","['DP1', 'DP1']","['DP4', 'DP4']",Bw4/Bw4,[],0.0,0.41,nan,0,0
314,D0478_LK,kidney,False,AllocationPriority.PAYBACK,D0478,B,NEG,KD,59,Helsinki,Finland,314,"['A*26', 'A*01']","['B*49', 'B*27']","['C*07', 'C*04']","['DRB1*04', 'DRB1*13']","['DQA1*05:01', 'DQA1*01:02']","['DQB1*02', 'DQB1*03']","['DPA1*01', 'DPA1*01']","['DPB1*03', 'DPB1*04']","['A10', 'A1']","['B21', 'B27']","['Cw7', 'Cw4']","['DR4', 'DR6']","['DQ1', 'DQ1']","['DQ2', 'DQ3']","['DP1', 'DP1']","['DP3', 'DP4']",Bw6/Bw6,nan,R2984,B,POS,Kidney,53,Helsinki,Finland,242,"['A*26', 'A*02']","['B*15', 'B*44']","['C*07', 'C*02']","['DRB1*13', 'DRB1*04']","['DQA1*05:01', 'DQA1*05:01']","['DQB1*02', 'DQB1*06']","['DPA1*01', 'DPA1*01']","['DPB1*04', 'DPB1*04']","['A10', 'A2']","['B15', 'B12']","['Cw7', 'Cw2']","['DR6', 'DR4']","['DQ1', 'DQ1']","['DQ2', 'DQ1']","['DP1', 'DP1']","['DP4', 'DP4']",Bw6/Bw6,"['DPB1*51', 'DQA1*03:01', 'A*02', 'B*46', 'DRB1*03', 'DPB1*19', 'B*27', 'DPB1*24', 'DPB1*17']",0.7448,0.132704,nan,0,3
314,D0476_RK,kidney,True,AllocationPriority.PRIORITY_7,D0476,O,POS,KD,60,Reykjavik,Iceland,314,"['A*11', 'A*26']","['B*57', 'B*55']","['C*07', 'C*02']","['DRB1*07', 'DRB1*15']","['DQA1*01:02', 'DQA1*03:01']","['DQB1*03', 'DQB1*03']","['DPA1*01', 'DPA1*01']","['DPB1*01', 'DPB1*19']","['A11', 'A10']","['B17', 'B22']","['Cw7', 'Cw2']","['DR7', 'DR2']","['DQ1', 'DQ3']","['DQ3', 'DQ3']","['DP1', 'DP1']","['DP1', 'DP19']",Bw4/Bw4,nan,R0235,O,POS,Kidney,86,Oslo,Norway,0,"['A*11', 'A*68']","['B*57', 'B*44']","['C*06', 'C*12']","['DRB1*13', 'DRB1*15']","['DQA1*05:01', 'DQA1*03:01']","['DQB1*03', 'DQB1*03']","['DPA1*01', 'DPA1*01']","['DPB1*04', 'DPB1*04']","['A11', 'A28']","['B17', 'B12']","['Cw6', 'Cw12']","['DR6', 'DR2']","['DQ1', 'DQ3']","['DQ3', 'DQ3']","['DP1', 'DP1']","['DP4', 'DP4']",Bw4/Bw4,[],0.0,0.41,nan,1,2,3,1744.746020846713,0.5,0.6794036921080093,427.06986465509954
314,D0477_RK,kidney,True,AllocationPriority.PAYBACK,D0477,O,POS,KD,42,Gothenburg,Sweden,314,"['A*32', 'A*02']","['B*08', 'B*08']","['C*03', 'C*07']","['DRB1*01', 'DRB1*11']","['DQA1*05:01', 'DQA1*01:02']","['DQB1*03', 'DQB1*06']","['DPA1*01', 'DPA1*01']","['DPB1*03', 'DPB1*02']","['A19', 'A2']","['B8', 'B8']","['Cw3', 'Cw7']","['DR1', 'DR5']","['DQ1', 'DQ1']","['DQ3', 'DQ1']","['DP1', 'DP1']","['DP3', 'DP2']",Bw4/Bw6,nan,R0711,O,POS,Kidney,50,Oslo,Norway,0,"['A*03', 'A*02']","['B*52', 'B*08']","['C*05', 'C*07']","['DRB1*01', 'DRB1*11']","['DQA1*03:01', 'DQA1*01:03']","['DQB1*03', 'DQB1*05']","['DPA1*01', 'DPA1*01']","['DPB1*04', 'DPB1*04']","['A3', 'A2']","['B5', 'B8']","['Cw5', 'Cw7']","['DR1', 'DR5']","['DQ3', 'DQ1']","['DQ3', 'DQ1']","['DP1', 'DP1']","['DP4', 'DP4']",Bw4/Bw6,"['B*08', 'C*06', 'A*23', 'B*14', 'B*38', 'DPB1*19', 'B*58']",0.2433,0.3102469999999999,nan,0,1
314,D0478_RK,kidney,True,AllocationPriority.PRIORITY_7,D0478,B,NEG,KD,59,Helsinki,Finland,314,"['A*26', 'A*01']","['B*49', 'B*27']","['C*07', 'C*04']","['DRB1*04', 'DRB1*13']","['DQA1*05:01', 'DQA1*01:02']","['DQB1*02', 'DQB1*03']","['DPA1*01', 'DPA1*01']","['DPB1*03', 'DPB1*04']","['A10', 'A1']","['B21', 'B27']","['Cw7', 'Cw4']","['DR4', 'DR6']","['DQ1', 'DQ1']","['DQ2', 'DQ3']","['DP1', 'DP1']","['DP3', 'DP4']",Bw6/Bw6,nan,R1189,B,POS,Kidney,30,Helsinki,Finland,0,"['A*03', 'A*01']","['B*27', 'B*08']","['C*03', 'C*07']","['DRB1*11', 'DRB1*13']","['DQA1*02:01', 'DQA1*01:02']","['DQB1*05', 'DQB1*02']","['DPA1*01', 'DPA1*01']","['DPB1*04', 'DPB1*03']","['A3', 'A1']","['B27', 'B8']","['Cw3', 'Cw7']","['DR5', 'DR6']","['DQ2', 'DQ1']","['DQ1', 'DQ2']","['DP1', 'DP1']","['DP4', 'DP3']",Bw4/Bw6,[],0.0,0.52,nan,1,2,3,0.0,0.5,1.0,541.9890541758828
315,D0479_LK,kidney,False,AllocationPriority.PAYBACK,D0479,O,POS,KD,79,Oslo,Norway,315,"['A*02', 'A*02']","['B*44', 'B*35']","['C*03', 'C*03']","['DRB1*04', 'DRB1*01']","['DQA1*01:02', 'DQA1*03:01']","['DQB1*06', 'DQB1*04']","['DPA1*01', 'DPA1*02:02']","['DPB1*04', 'DPB1*04']","['A2', 'A2']","['B12', 'B35']","['Cw3', 'Cw3']","['DR4', 'DR1']","['DQ1', 'DQ3']","['DQ1', 'DQ4']","['DP1', 'DP2']","['DP4', 'DP4']",Bw4/Bw6,nan,R0234,O,POS,Kidney,70,Helsinki,Finland,0,"['A*02', 'A*03']","['B*40', 'B*44']","['C*12', 'C*02']","['DRB1*04', 'DRB1*01']","['DQA1*01:01', 'DQA1*01:03']","['DQB1*02', 'DQB1*03']","['DPA1*01', 'DPA1*01']","['DPB1*04', 'DPB1*01']","['A2', 'A3']","['B40', 'B12']","['Cw12', 'Cw2']","['DR4', 'DR1']","['DQ1', 'DQ1']","['DQ2', 'DQ3']","['DP1', 'DP1']","['DP4', 'DP1']",Bw4/Bw6,[],0.0,0.41,nan,0,1
315,D0480_LK,kidney,False,AllocationPriority.PAYBACK,D0480,O,POS,KD,26,Helsinki,Finland,315,"['A*24', 'A*01']","['B*14', 'B*08']","['C*08', 'C*07']","['DRB1*15', 'DRB1*01']","['DQA1*01:01', 'DQA1*01:02']","['DQB1*02', 'DQB1*05']","['DPA1*01', 'DPA1*01']","['DPB1*03', 'DPB1*04']","['A9', 'A1']","['B14', 'B8']","['Cw8', 'Cw7']","['DR2', 'DR1']","['DQ1', 'DQ1']","['DQ2', 'DQ1']","['DP1', 'DP1']","['DP3', 'DP4']",Bw4/Bw6,nan,R2104,O,POS,Kidney,17,Aarhus,Denmark,0,"['A*24', 'A*25']","['B*27', 'B*14']","['C*07', 'C*02']","['DRB1*15', 'DRB1*01']","['DQA1*01:02', 'DQA1*01:01']","['DQB1*06', 'DQB1*02']","['DPA1*01', 'DPA1*01']","['DPB1*04', 'DPB1*03']","['A9', 'A10']","['B27', 'B14']","['Cw7', 'Cw2']","['DR2', 'DR1']","['DQ1', 'DQ1']","['DQ1', 'DQ2']","['DP1', 'DP1']","['DP4', 'DP3']",Bw6/Bw6,"['B*58', 'DPB1*05', 'C*04', 'DPB1*02', 'B*35', 'B*40', 'B*14', 'DRB1*09', 'DPB1*424']",0.4711,0.216849,nan,0,2
315,D0481_LK,kidney,False,AllocationPriority.PAYBACK,D0481,A,POS,KD,26,Gothenburg,Sweden,315,"['A*01', 'A*02']","['B*27', 'B*51']","['C*02', 'C*03']","['DRB1*13', 'DRB1*01']","['DQA1*01:01', 'DQA1*03:01']","['DQB1*03', 'DQB1*03']","['DPA1*01', 'DPA1*01']","['DPB1*04', 'DPB1*13']","['A1', 'A2']","['B27', 'B5']","['Cw2', 'Cw3']","['DR6', 'DR1']","['DQ1', 'DQ3']","['DQ3', 'DQ3']","['DP1', 'DP1']","['DP4', 'DP13']",Bw4/Bw4,nan,R0543,A,POS,Kidney,70,Copenhagen,Denmark,0,"['A*01', 'A*02']","['B*57', 'B*51']","['C*07', 'C*07']","['DRB1*13', 'DRB1*01']","['DQA1*03:01', 'DQA1*02:01']","['DQB1*05', 'DQB1*03']","['DPA1*01', 'DPA1*01']","['DPB1*04', 'DPB1*04']","['A1', 'A2']","['B17', 'B5']","['Cw7', 'Cw7']","['DR6', 'DR1']","['DQ3', 'DQ2']","['DQ1', 'DQ3']","['DP1', 'DP1']","['DP4', 'DP4']",Bw4/Bw4,[],0.0,0.85,nan,0,1
315,D0479_RK,kidney,True,AllocationPriority.PAYBACK,D0479,O,POS,KD,79,Oslo,Norway,315,"['A*02', 'A*02']","['B*44', 'B*35']","['C*03', 'C*03']","['DRB1*04', 'DRB1*01']","['DQA1*01:02', 'DQA1*03:01']","['DQB1*06', 'DQB1*04']","['DPA1*01', 'DPA1*02:02']","['DPB1*04', 'DPB1*04']","['A2', 'A2']","['B12', 'B35']","['Cw3', 'Cw3']","['DR4', 'DR1']","['DQ1', 'DQ3']","['DQ1', 'DQ4']","['DP1', 'DP2']","['DP4', 'DP4']",Bw4/Bw6,nan,R0381,O,POS,Kidney,84,Helsinki,Finland,0,"['A*02', 'A*02']","['B*44', 'B*27']","['C*06', 'C*03']","['DRB1*01', 'DRB1*04']","['DQA1*02:01', 'DQA1*03:01']","['DQB1*05', 'DQB1*05']","['DPA1*01', 'DPA1*01']","['DPB1*04', 'DPB1*02']","['A2', 'A2']","['B12', 'B27']","['Cw6', 'Cw3']","['DR1', 'DR4']","['DQ2', 'DQ3']","['DQ1', 'DQ1']","['DP1', 'DP1']","['DP4', 'DP2']",Bw4/Bw4,[],0.0,0.41,nan,0,1
315,D0480_RK,kidney,True,AllocationPriority.PRIORITY_7,D0480,O,POS,KD,26,Helsinki,Finland,315,"['A*24', 'A*01']","['B*14', 'B*08']","['C*08', 'C*07']","['DRB1*15', 'DRB1*01']","['DQA1*01:01', 'DQA1*01:02']","['DQB1*02', 'DQB1*05']","['DPA1*01', 'DPA1*01']","['DPB1*03', 'DPB1*04']","['A9', 'A1']","['B14', 'B8']","['Cw8', 'Cw7']","['DR2', 'DR1']","['DQ1', 'DQ1']","['DQ2', 'DQ1']","['DP1', 'DP1']","['DP3', 'DP4']",Bw4/Bw6,nan,R0002,O,POS,Kidney,83,Helsinki,Finland,0,"['A*01', 'A*24']","['B*44', 'B*08']","['C*03', 'C*07']","['DRB1*03', 'DRB1*01']","['DQA1*03:01', 'DQA1*05:01']","['DQB1*06', 'DQB1*03']","['DPA1*01', 'DPA1*02:02']","['DPB1*04', 'DPB1*04']","['A1', 'A9']","['B12', 'B8']","['Cw3', 'Cw7']","['DR3', 'DR1']","['DQ3', 'DQ1']","['DQ1', 'DQ3']","['DP1', 'DP2']","['DP4', 'DP4']",Bw4/Bw4,[],0.0,0.41,nan,1,1,2,0.0,0.6666666666666667,1.0,603.1672386167969
315,D0481_RK,kidney,True,AllocationPriority.PAYBACK,D0481,A,POS,KD,26,Gothenburg,Sweden,315,"['A*01', 'A*02']","['B*27', 'B*51']","['C*02', 'C*03']","['DRB1*13', 'DRB1*01']","['DQA1*01:01', 'DQA1*03:01']","['DQB1*03', 'DQB1*03']","['DPA1*01', 'DPA1*01']","['DPB1*04', 'DPB1*13']","['A1', 'A2']","['B27', 'B5']","['Cw2', 'Cw3']","['DR6', 'DR1']","['DQ1', 'DQ3']","['DQ3', 'DQ3']","['DP1', 'DP1']","['DP4', 'DP13']",Bw4/Bw4,nan,R0345,A,POS,Kidney,24,Copenhagen,Denmark,0,"['A*03', 'A*02']","['B*47', 'B*51']","['C*07', 'C*14']","['DRB1*13', 'DRB1*01']","['DQA1*03:01', 'DQA1*03:01']","['DQB1*06', 'DQB1*03']","['DPA1*01', 'DPA1*01']","['DPB1*05', 'DPB1*04']","['A3', 'A2']","['B47', 'B5']","['Cw7', 'Cw14']","['DR6', 'DR1']","['DQ3', 'DQ3']","['DQ1', 'DQ3']","['DP1', 'DP1']","['DP5', 'DP4']",Bw4/Bw4,[],0.0,0.85,nan,0,2
317,D0482_LK,kidney,False,AllocationPriority.LOCAL,D0482,O,POS,KD,30,Oslo,Norway,317,"['A*68', 'A*01']","['B*52', 'B*44']","['C*07', 'C*03']","['DRB1*08', 'DRB1*04']","['DQA1*03:01', 'DQA1*01:02']","['DQB1*06', 'DQB1*02']","['DPA1*01', 'DPA1*01']","['DPB1*04', 'DPB1*02']","['A28', 'A1']","['B5', 'B12']","['Cw7', 'Cw3']","['DR8', 'DR4']","['DQ3', 'DQ1']","['DQ1', 'DQ2']","['DP1', 'DP1']","['DP4', 'DP2']",Bw4/Bw4,nan,R0236,O,POS,Kidney,71,Oslo,Norway,0,"['A*02', 'A*01']","['B*51', 'B*15']","['C*06', 'C*07']","['DRB1*08', 'DRB1*04']","['DQA1*05:01', 'DQA1*05:01']","['DQB1*02', 'DQB1*06']","['DPA1*01', 'DPA1*01']","['DPB1*04', 'DPB1*04']","['A2', 'A1']","['B5', 'B15']","['Cw6', 'Cw7']","['DR8', 'DR4']","['DQ1', 'DQ1']","['DQ2', 'DQ1']","['DP1', 'DP1']","['DP4', 'DP4']",Bw4/Bw4,"['A*25', 'DPB1*11', 'DPB1*05', 'A*31', 'C*08', 'C*14', 'C*15', 'C*16']",0.1726,0.339234,nan,0,2
317,D0483_LK,kidney,False,AllocationPriority.PAYBACK,D0483,B,NEG,KD,58,Copenhagen,Denmark,317,"['A*31', 'A*03']","['B*14', 'B*27']","['C*03', 'C*07']","['DRB1*16', 'DRB1*13']","['DQA1*01:01', 'DQA1*01:02']","['DQB1*06', 'DQB1*05']","['DPA1*02:02', 'DPA1*02:02']","['DPB1*14', 'DPB1*03']","['A19', 'A3']","['B14', 'B27']","['Cw3', 'Cw7']","['DR2', 'DR6']","['DQ1', 'DQ1']","['DQ1', 'DQ1']","['DP2', 'DP2']","['DP14', 'DP3']",Bw4/Bw4,nan,R3041,B,POS,Kidney,70,Uppsala,Sweden,258,"['A*03', 'A*03']","['B*27', 'B*40']","['C*07', 'C*01']","['DRB1*15', 'DRB1*13']","['DQA1*02:01', 'DQA1*05:01']","['DQB1*03', 'DQB1*03']","['DPA1*01', 'DPA1*01']","['DPB1*04', 'DPB1*04']","['A3', 'A3']","['B27', 'B40']","['Cw7', 'Cw1']","['DR2', 'DR6']","['DQ2', 'DQ1']","['DQ3', 'DQ3']","['DP1', 'DP1']","['DP4', 'DP4']",Bw4/Bw6,[],0.0,0.52,nan,0,2
317,D0484_LK,kidney,False,AllocationPriority.PAYBACK,D0484,O,POS,KD,73,Tartu,Estonia,317,"['A*31', 'A*03']","['B*08', 'B*35']","['C*05', 'C*03']","['DRB1*01', 'DRB1*03']","['DQA1*05:01', 'DQA1*02:01']","['DQB1*03', 'DQB1*05']","['DPA1*01', 'DPA1*01']","['DPB1*04', 'DPB1*01']","['A19', 'A3']","['B8', 'B35']","['Cw5', 'Cw3']","['DR1', 'DR3']","['DQ1', 'DQ2']","['DQ3', 'DQ1']","['DP1', 'DP1']","['DP4', 'DP1']",Bw4/Bw6,nan,R0281,O,POS,Kidney,48,Skane,Sweden,0,"['A*24', 'A*32']","['B*08', 'B*07']","['C*07', 'C*15']","['DRB1*03', 'DRB1*01']","['DQA1*02:01', 'DQA1*05:01']","['DQB1*06', 'DQB1*03']","['DPA1*01', 'DPA1*01']","['DPB1*04', 'DPB1*20']","['A9', 'A19']","['B8', 'B7']","['Cw7', 'Cw15']","['DR3', 'DR1']","['DQ2', 'DQ1']","['DQ1', 'DQ3']","['DP1', 'DP1']","['DP4', 'DP20']",Bw4/Bw4,[],0.0,0.41,nan,0,2
317,D0482_RK,kidney,True,AllocationPriority.PRIORITY_7,D0482,O,POS,KD,30,Oslo,Norway,317,"['A*68', 'A*01']","['B*52', 'B*44']","['C*07', 'C*03']","['DRB1*08', 'DRB1*04']","['DQA1*03:01', 'DQA1*01:02']","['DQB1*06', 'DQB1*02']","['DPA1*01', 'DPA1*01']","['DPB1*04', 'DPB1*02']","['A28', 'A1']","['B5', 'B12']","['Cw7', 'Cw3']","['DR8', 'DR4']","['DQ3', 'DQ1']","['DQ1', 'DQ2']","['DP1', 'DP1']","['DP4', 'DP2']",Bw4/Bw4,nan,R2673,O,POS,Kidney,73,Gothenburg,Sweden,144,"['A*24', 'A*68']","['B*44', 'B*08']","['C*01', 'C*02']","['DRB1*04', 'DRB1*08']","['DQA1*02:01', 'DQA1*02:01']","['DQB1*06', 'DQB1*02']","['DPA1*01', 'DPA1*01']","['DPB1*04', 'DPB1*04']","['A9', 'A28']","['B12', 'B8']","['Cw1', 'Cw2']","['DR4', 'DR8']","['DQ2', 'DQ2']","['DQ1', 'DQ2']","['DP1', 'DP1']","['DP4', 'DP4']",Bw4/Bw4,"['DQB1*05', 'B*45', 'DPB1*03', 'C*07', 'B*56', 'DRB1*11', 'B*40', 'C*14', 'B*47']",0.7831,0.0889289999999999,nan,0,2,2,255.07748105944097,0.6666666666666667,0.9531296259301052,586.3663420747728
317,D0483_RK,kidney,True,AllocationPriority.PRIORITY_7,D0483,B,NEG,KD,58,Copenhagen,Denmark,317,"['A*31', 'A*03']","['B*14', 'B*27']","['C*03', 'C*07']","['DRB1*16', 'DRB1*13']","['DQA1*01:01', 'DQA1*01:02']","['DQB1*06', 'DQB1*05']","['DPA1*02:02', 'DPA1*02:02']","['DPB1*14', 'DPB1*03']","['A19', 'A3']","['B14', 'B27']","['Cw3', 'Cw7']","['DR2', 'DR6']","['DQ1', 'DQ1']","['DQ1', 'DQ1']","['DP2', 'DP2']","['DP14', 'DP3']",Bw4/Bw4,nan,R3226,B,POS,Kidney,70,Helsinki,Finland,311,"['A*03', 'A*31']","['B*14', 'B*40']","['C*12', 'C*02']","['DRB1*01', 'DRB1*13']","['DQA1*01:02', 'DQA1*01:02']","['DQB1*05', 'DQB1*02']","['DPA1*01', 'DPA1*01']","['DPB1*04', 'DPB1*15']","['A3', 'A19']","['B14', 'B40']","['Cw12', 'Cw2']","['DR1', 'DR6']","['DQ1', 'DQ1']","['DQ1', 'DQ2']","['DP1', 'DP1']","['DP4', 'DP15']",Bw4/Bw6,[],0.0,0.52,nan,1,1,2,882.6820702465409,0.6666666666666667,0.8378075608814575,545.0286288104063
317,D0484_RK,kidney,True,AllocationPriority.PRIORITY_7,D0484,O,POS,KD,73,Tartu,Estonia,317,"['A*31', 'A*03']","['B*08', 'B*35']","['C*05', 'C*03']","['DRB1*01', 'DRB1*03']","['DQA1*05:01', 'DQA1*02:01']","['DQB1*03', 'DQB1*05']","['DPA1*01', 'DPA1*01']","['DPB1*04', 'DPB1*01']","['A19', 'A3']","['B8', 'B35']","['Cw5', 'Cw3']","['DR1', 'DR3']","['DQ1', 'DQ2']","['DQ3', 'DQ1']","['DP1', 'DP1']","['DP4', 'DP1']",Bw4/Bw6,nan,R0887,O,POS,Kidney,69,Helsinki,Finland,0,"['A*03', 'A*11']","['B*35', 'B*08']","['C*04', 'C*07']","['DRB1*03', 'DRB1*03']","['DQA1*02:01', 'DQA1*05:01']","['DQB1*06', 'DQB1*05']","['DPA1*01', 'DPA1*01']","['DPB1*04', 'DPB1*04']","['A3', 'A11']","['B35', 'B8']","['Cw4', 'Cw7']","['DR3', 'DR3']","['DQ2', 'DQ1']","['DQ1', 'DQ1']","['DP1', 'DP1']","['DP4', 'DP4']",Bw6/Bw6,[],0.0,0.41,nan,1,1,2,223.77640682897163,0.6666666666666667,0.958881184444319,588.4280141111129
318,D0485_LK,kidney,False,AllocationPriority.PAYBACK,D0485,A,POS,KD,77,Helsinki,Finland,318,"['A*03', 'A*26']","['B*44', 'B*08']","['C*03', 'C*06']","['DRB1*04', 'DRB1*07']","['DQA1*01:01', 'DQA1*02:01']","['DQB1*04', 'DQB1*03']","['DPA1*01', 'DPA1*01']","['DPB1*04', 'DPB1*04']","['A3', 'A10']","['B12', 'B8']","['Cw3', 'Cw6']","['DR4', 'DR7']","['DQ1', 'DQ2']","['DQ4', 'DQ3']","['DP1', 'DP1']","['DP4', 'DP4']",Bw4/Bw4,nan,R2543,A,POS,Kidney,69,Gothenburg,Sweden,107,"['A*03', 'A*25']","['B*44', 'B*40']","['C*06', 'C*07']","['DRB1*04', 'DRB1*07']","['DQA1*01:02', 'DQA1*01:01']","['DQB1*06', 'DQB1*06']","['DPA1*01', 'DPA1*01']","['DPB1*04', 'DPB1*01']","['A3', 'A10']","['B12', 'B40']","['Cw6', 'Cw7']","['DR4', 'DR7']","['DQ1', 'DQ1']","['DQ1', 'DQ1']","['DP1', 'DP1']","['DP4', 'DP1']",Bw4/Bw4,[],0.0,0.85,nan,0,1
318,D0486_LK,kidney,False,AllocationPriority.PAYBACK,D0486,A,POS,KD,75,Stockholm,Sweden,318,"['A*01', 'A*02']","['B*40', 'B*44']","['C*16', 'C*07']","['DRB1*10', 'DRB1*07']","['DQA1*05:01', 'DQA1*01:01']","['DQB1*05', 'DQB1*06']","['DPA1*01', 'DPA1*02:02']","['DPB1*04', 'DPB1*04']","['A1', 'A2']","['B40', 'B12']","['Cw16', 'Cw7']","['DR10', 'DR7']","['DQ1', 'DQ1']","['DQ1', 'DQ1']","['DP1', 'DP2']","['DP4', 'DP4']",Bw4/Bw6,nan,R0851,A,POS,Kidney,68,Helsinki,Finland,0,"['A*01', 'A*02']","['B*51', 'B*07']","['C*03', 'C*02']","['DRB1*10', 'DRB1*07']","['DQA1*02:01', 'DQA1*05:01']","['DQB1*06', 'DQB1*03']","['DPA1*01', 'DPA1*01']","['DPB1*04', 'DPB1*04']","['A1', 'A2']","['B5', 'B7']","['Cw3', 'Cw2']","['DR10', 'DR7']","['DQ2', 'DQ1']","['DQ1', 'DQ3']","['DP1', 'DP1']","['DP4', 'DP4']",Bw4/Bw6,[],0.0,0.85,nan,0,2
318,D0485_RK,kidney,True,AllocationPriority.PAYBACK,D0485,A,POS,KD,77,Helsinki,Finland,318,"['A*03', 'A*26']","['B*44', 'B*08']","['C*03', 'C*06']","['DRB1*04', 'DRB1*07']","['DQA1*01:01', 'DQA1*02:01']","['DQB1*04', 'DQB1*03']","['DPA1*01', 'DPA1*01']","['DPB1*04', 'DPB1*04']","['A3', 'A10']","['B12', 'B8']","['Cw3', 'Cw6']","['DR4', 'DR7']","['DQ1', 'DQ2']","['DQ4', 'DQ3']","['DP1', 'DP1']","['DP4', 'DP4']",Bw4/Bw4,nan,R0058,A,POS,Kidney,67,Skane,Sweden,0,"['A*31', 'A*03']","['B*57', 'B*44']","['C*04', 'C*03']","['DRB1*07', 'DRB1*04']","['DQA1*02:01', 'DQA1*05:01']","['DQB1*03', 'DQB1*05']","['DPA1*01', 'DPA1*01']","['DPB1*04', 'DPB1*04']","['A19', 'A3']","['B17', 'B12']","['Cw4', 'Cw3']","['DR7', 'DR4']","['DQ2', 'DQ1']","['DQ3', 'DQ1']","['DP1', 'DP1']","['DP4', 'DP4']",Bw6/Bw6,"['C*03', 'B*54', 'DPB1*17', 'B*44', 'A*11', 'B*49', 'DPB1*01', 'B*18', 'B*48']",0.5367,0.3938050000000001,nan,0,2
318,D0486_RK,kidney,True,AllocationPriority.PAYBACK,D0486,A,POS,KD,75,Stockholm,Sweden,318,"['A*01', 'A*02']","['B*40', 'B*44']","['C*16', 'C*07']","['DRB1*10', 'DRB1*07']","['DQA1*05:01', 'DQA1*01:01']","['DQB1*05', 'DQB1*06']","['DPA1*01', 'DPA1*02:02']","['DPB1*04', 'DPB1*04']","['A1', 'A2']","['B40', 'B12']","['Cw16', 'Cw7']","['DR10', 'DR7']","['DQ1', 'DQ1']","['DQ1', 'DQ1']","['DP1', 'DP2']","['DP4', 'DP4']",Bw4/Bw6,nan,R3235,A,NEG,Kidney,62,Helsinki,Finland,312,"['A*01', 'A*68']","['B*15', 'B*44']","['C*07', 'C*17']","['DRB1*10', 'DRB1*07']","['DQA1*01:03', 'DQA1*01:02']","['DQB1*03', 'DQB1*04']","['DPA1*01', 'DPA1*01']","['DPB1*04', 'DPB1*02']","['A1', 'A28']","['B15', 'B12']","['Cw7', 'Cw17']","['DR10', 'DR7']","['DQ1', 'DQ1']","['DQ3', 'DQ4']","['DP1', 'DP1']","['DP4', 'DP2']",Bw4/Bw4,"['A*25', 'DQB1*06', 'C*18', 'DPB1*20', 'DRB1*15', 'DPB1*23', 'C*04', 'A*33', 'C*15']",0.6158,0.3265699999999999,nan,0,2
319,D0487_LK,kidney,False,AllocationPriority.PAYBACK,D0487,O,POS,KD,30,Stockholm,Sweden,319,"['A*01', 'A*31']","['B*08', 'B*08']","['C*07', 'C*05']","['DRB1*11', 'DRB1*03']","['DQA1*05:01', 'DQA1*05:01']","['DQB1*03', 'DQB1*03']","['DPA1*01', 'DPA1*01']","['DPB1*16', 'DPB1*10']","['A1', 'A19']","['B8', 'B8']","['Cw7', 'Cw5']","['DR5', 'DR3']","['DQ1', 'DQ1']","['DQ3', 'DQ3']","['DP1', 'DP1']","['DP16', 'DP10']",Bw4/Bw6,nan,R0525,O,POS,Kidney,72,Stockholm,Sweden,0,"['A*02', 'A*01']","['B*07', 'B*08']","['C*06', 'C*12']","['DRB1*11', 'DRB1*03']","['DQA1*01:02', 'DQA1*03:01']","['DQB1*06', 'DQB1*06']","['DPA1*01', 'DPA1*02:02']","['DPB1*06', 'DPB1*04']","['A2', 'A1']","['B7', 'B8']","['Cw6', 'Cw12']","['DR5', 'DR3']","['DQ1', 'DQ3']","['DQ1', 'DQ1']","['DP1', 'DP2']","['DP6', 'DP4']",Bw6/Bw6,[],0.0,0.41,nan,0,1
319,D0488_LK,kidney,False,AllocationPriority.PAYBACK,D0488,A,POS,KD,76,Copenhagen,Denmark,319,"['A*11', 'A*02']","['B*15', 'B*18']","['C*05', 'C*07']","['DRB1*01', 'DRB1*04']","['DQA1*02:01', 'DQA1*02:01']","['DQB1*06', 'DQB1*06']","['DPA1*01', 'DPA1*01']","['DPB1*01', 'DPB1*04']","['A11', 'A2']","['B15', 'B18']","['Cw5', 'Cw7']","['DR1', 'DR4']","['DQ2', 'DQ2']","['DQ1', 'DQ1']","['DP1', 'DP1']","['DP1', 'DP4']",Bw4/Bw6,nan,R0161,A,NEG,Kidney,90,Helsinki,Finland,0,"['A*02', 'A*01']","['B*15', 'B*15']","['C*07', 'C*03']","['DRB1*01', 'DRB1*04']","['DQA1*01:02', 'DQA1*01:01']","['DQB1*02', 'DQB1*02']","['DPA1*01', 'DPA1*01']","['DPB1*04', 'DPB1*02']","['A2', 'A1']","['B15', 'B15']","['Cw7', 'Cw3']","['DR1', 'DR4']","['DQ1', 'DQ1']","['DQ2', 'DQ2']","['DP1', 'DP1']","['DP4', 'DP2']",Bw4/Bw4,[],0.0,0.85,nan,0,2
319,D0489_LK,kidney,False,AllocationPriority.PAYBACK,D0489,O,POS,KD,64,Oslo,Norway,319,"['A*02', 'A*32']","['B*35', 'B*07']","['C*02', 'C*07']","['DRB1*04', 'DRB1*01']","['DQA1*01:03', 'DQA1*03:01']","['DQB1*06', 'DQB1*03']","['DPA1*01', 'DPA1*01']","['DPB1*04', 'DPB1*04']","['A2', 'A19']","['B35', 'B7']","['Cw2', 'Cw7']","['DR4', 'DR1']","['DQ1', 'DQ3']","['DQ1', 'DQ3']","['DP1', 'DP1']","['DP4', 'DP4']",Bw4/Bw6,nan,R1501,O,POS,Kidney,63,Oslo,Norway,0,"['A*02', 'A*29']","['B*27', 'B*35']","['C*03', 'C*04']","['DRB1*01', 'DRB1*04']","['DQA1*01:02', 'DQA1*02:01']","['DQB1*03', 'DQB1*05']","['DPA1*02:02', 'DPA1*01']","['DPB1*04', 'DPB1*03']","['A2', 'A19']","['B27', 'B35']","['Cw3', 'Cw4']","['DR1', 'DR4']","['DQ1', 'DQ2']","['DQ3', 'DQ1']","['DP2', 'DP1']","['DP4', 'DP3']",Bw4/Bw4,[],0.0,0.41,nan,0,1
319,D0487_RK,kidney,True,AllocationPriority.PRIORITY_4,D0487,O,POS,KD,30,Stockholm,Sweden,319,"['A*01', 'A*31']","['B*08', 'B*08']","['C*07', 'C*05']","['DRB1*11', 'DRB1*03']","['DQA1*05:01', 'DQA1*05:01']","['DQB1*03', 'DQB1*03']","['DPA1*01', 'DPA1*01']","['DPB1*16', 'DPB1*10']","['A1', 'A19']","['B8', 'B8']","['Cw7', 'Cw5']","['DR5', 'DR3']","['DQ1', 'DQ1']","['DQ3', 'DQ3']","['DP1', 'DP1']","['DP16', 'DP10']",Bw4/Bw6,nan,R2384,O,POS,Kidney,11,Oslo,Norway,53,"['A*03', 'A*03']","['B*44', 'B*08']","['C*07', 'C*16']","['DRB1*11', 'DRB1*03']","['DQA1*01:02', 'DQA1*05:01']","['DQB1*05', 'DQB1*02']","['DPA1*01', 'DPA1*02:02']","['DPB1*04', 'DPB1*04']","['A3', 'A3']","['B12', 'B8']","['Cw7', 'Cw16']","['DR5', 'DR3']","['DQ1', 'DQ1']","['DQ1', 'DQ2']","['DP1', 'DP2']","['DP4', 'DP4']",Bw4/Bw6,"['DPB1*14', 'DPB1*06', 'C*07', 'DRB1*16', 'C*15', 'DQA1*04:01', 'B*57']",0.4607,0.221113,nan
319,D0488_RK,kidney,True,AllocationPriority.PRIORITY_7,D0488,A,POS,KD,76,Copenhagen,Denmark,319,"['A*11', 'A*02']","['B*15', 'B*18']","['C*05', 'C*07']","['DRB1*01', 'DRB1*04']","['DQA1*02:01', 'DQA1*02:01']","['DQB1*06', 'DQB1*06']","['DPA1*01', 'DPA1*01']","['DPB1*01', 'DPB1*04']","['A11', 'A2']","['B15', 'B18']","['Cw5', 'Cw7']","['DR1', 'DR4']","['DQ2', 'DQ2']","['DQ1', 'DQ1']","['DP1', 'DP1']","['DP1', 'DP4']",Bw4/Bw6,nan,R0445,A,POS,Kidney,54,Odense,Denmark,0,"['A*11', 'A*02']","['B*18', 'B*08']","['C*07', 'C*07']","['DRB1*01', 'DRB1*15']","['DQA1*03:01', 'DQA1*03:01']","['DQB1*06', 'DQB1*04']","['DPA1*01', 'DPA1*01']","['DPB1*03', 'DPB1*04']","['A11', 'A2']","['B18', 'B8']","['Cw7', 'Cw7']","['DR1', 'DR2']","['DQ3', 'DQ3']","['DQ1', 'DQ4']","['DP1', 'DP1']","['DP3', 'DP4']",Bw6/Bw6,"['DPB1*31', 'DQA1*03:01', 'A*74', 'DQA1*01:02', 'B*48']",0.4219,0.491385,nan,1,1,2,139.59013480576982,0.6666666666666667,0.9743503746091611,593.9730149502536
319,D0489_RK,kidney,True,AllocationPriority.PRIORITY_7,D0489,O,POS,KD,64,Oslo,Norway,319,"['A*02', 'A*32']","['B*35', 'B*07']","['C*02', 'C*07']","['DRB1*04', 'DRB1*01']","['DQA1*01:03', 'DQA1*03:01']","['DQB1*06', 'DQB1*03']","['DPA1*01', 'DPA1*01']","['DPB1*04', 'DPB1*04']","['A2', 'A19']","['B35', 'B7']","['Cw2', 'Cw7']","['DR4', 'DR1']","['DQ1', 'DQ3']","['DQ1', 'DQ3']","['DP1', 'DP1']","['DP4', 'DP4']",Bw4/Bw6,nan,R1458,O,POS,Kidney,42,Oslo,Norway,0,"['A*02', 'A*32']","['B*35', 'B*27']","['C*07', 'C*16']","['DRB1*01', 'DRB1*09']","['DQA1*01:01', 'DQA1*01:01']","['DQB1*06', 'DQB1*02']","['DPA1*01', 'DPA1*01']","['DPB1*04', 'DPB1*04']","['A2', 'A19']","['B35', 'B27']","['Cw7', 'Cw16']","['DR1', 'DR9']","['DQ1', 'DQ1']","['DQ1', 'DQ2']","['DP1', 'DP1']","['DP4', 'DP4']",Bw4/Bw4,[],0.0,0.41,nan,1,1,2,0.0,0.6666666666666667,1.0,603.1672386167969
320,D0490_LK,kidney,False,AllocationPriority.PAYBACK,D0490,O,POS,KD,28,Helsinki,Finland,320,"['A*01', 'A*24']","['B*40', 'B*53']","['C*12', 'C*03']","['DRB1*01', 'DRB1*09']","['DQA1*03:01', 'DQA1*02:01']","['DQB1*05', 'DQB1*02']","['DPA1*02:02', 'DPA1*01']","['DPB1*04', 'DPB1*04']","['A1', 'A9']","['B40', 'B53']","['Cw12', 'Cw3']","['DR1', 'DR9']","['DQ3', 'DQ2']","['DQ1', 'DQ2']","['DP2', 'DP1']","['DP4', 'DP4']",Bw4/Bw4,nan,R0971,O,NEG,Kidney,63,Uppsala,Sweden,0,"['A*24', 'A*24']","['B*08', 'B*14']","['C*05', 'C*03']","['DRB1*09', 'DRB1*01']","['DQA1*05:01', 'DQA1*01:03']","['DQB1*03', 'DQB1*06']","['DPA1*01', 'DPA1*02:02']","['DPB1*03', 'DPB1*04']","['A9', 'A9']","['B8', 'B14']","['Cw5', 'Cw3']","['DR9', 'DR1']","['DQ1', 'DQ1']","['DQ3', 'DQ1']","['DP1', 'DP2']","['DP3', 'DP4']",Bw4/Bw4,[],0.0,0.41,nan,0,3
320,D0490_RK,kidney,True,AllocationPriority.PRIORITY_7,D0490,O,POS,KD,28,Helsinki,Finland,320,"['A*01', 'A*24']","['B*40', 'B*53']","['C*12', 'C*03']","['DRB1*01', 'DRB1*09']","['DQA1*03:01', 'DQA1*02:01']","['DQB1*05', 'DQB1*02']","['DPA1*02:02', 'DPA1*01']","['DPB1*04', 'DPB1*04']","['A1', 'A9']","['B40', 'B53']","['Cw12', 'Cw3']","['DR1', 'DR9']","['DQ3', 'DQ2']","['DQ1', 'DQ2']","['DP2', 'DP1']","['DP4', 'DP4']",Bw4/Bw4,nan,R0199,O,POS,Kidney,70,Helsinki,Finland,0,"['A*24', 'A*03']","['B*18', 'B*40']","['C*03', 'C*03']","['DRB1*01', 'DRB1*12']","['DQA1*02:01', 'DQA1*05:01']","['DQB1*03', 'DQB1*03']","['DPA1*01', 'DPA1*01']","['DPB1*03', 'DPB1*19']","['A9', 'A3']","['B18', 'B40']","['Cw3', 'Cw3']","['DR1', 'DR5']","['DQ2', 'DQ1']","['DQ3', 'DQ3']","['DP1', 'DP1']","['DP3', 'DP19']",Bw4/Bw6,[],0.0,0.41,nan,1,2,3,0.0,0.5,1.0,541.9890541758828
321,D0491_LK,kidney,False,AllocationPriority.LOCAL,D0491,A,POS,KD,30,Tartu,Estonia,321,"['A*02', 'A*01']","['B*07', 'B*15']","['C*01', 'C*03']","['DRB1*01', 'DRB1*04']","['DQA1*04:01', 'DQA1*03:01']","['DQB1*04', 'DQB1*02']","['DPA1*01', 'DPA1*01']","['DPB1*04', 'DPB1*04']","['A2', 'A1']","['B7', 'B15']","['Cw1', 'Cw3']","['DR1', 'DR4']","['DQ4', 'DQ3']","['DQ4', 'DQ2']","['DP1', 'DP1']","['DP4', 'DP4']",Bw4/Bw6,nan,R3076,A,NEG,Kidney,78,Tartu,Estonia,268,"['A*31', 'A*02']","['B*44', 'B*07']","['C*07', 'C*07']","['DRB1*04', 'DRB1*01']","['DQA1*05:01', 'DQA1*01:02']","['DQB1*06', 'DQB1*03']","['DPA1*01', 'DPA1*01']","['DPB1*04', 'DPB1*10']","['A19', 'A2']","['B12', 'B7']","['Cw7', 'Cw7']","['DR4', 'DR1']","['DQ1', 'DQ1']","['DQ1', 'DQ3']","['DP1', 'DP1']","['DP4', 'DP10']",Bw4/Bw4,[],0.0,0.85,nan,0,2
321,D0492_LK,kidney,False,AllocationPriority.LOCAL,D0492,O,POS,KD,58,Gothenburg,Sweden,321,"['A*29', 'A*01']","['B*15', 'B*40']","['C*02', 'C*02']","['DRB1*13', 'DRB1*07']","['DQA1*01:01', 'DQA1*04:01']","['DQB1*05', 'DQB1*03']","['DPA1*01', 'DPA1*01']","['DPB1*04', 'DPB1*04']","['A19', 'A1']","['B15', 'B40']","['Cw2', 'Cw2']","['DR6', 'DR7']","['DQ1', 'DQ4']","['DQ1', 'DQ3']","['DP1', 'DP1']","['DP4', 'DP4']",Bw4/Bw4,nan,R2803,O,POS,Kidney,68,Gothenburg,Sweden,183,"['A*03', 'A*29']","['B*15', 'B*57']","['C*07', 'C*03']","['DRB1*07', 'DRB1*13']","['DQA1*01:03', 'DQA1*05:01']","['DQB1*05', 'DQB1*05']","['DPA1*01', 'DPA1*01']","['DPB1*04', 'DPB1*11']","['A3', 'A19']","['B15', 'B17']","['Cw7', 'Cw3']","['DR7', 'DR6']","['DQ1', 'DQ1']","['DQ1', 'DQ1']","['DP1', 'DP1']","['DP4', 'DP11']",Bw6/Bw6,[],0.0,0.41,nan,0,2
321,D0493_LK,kidney,False,AllocationPriority.LOCAL,D0493,A,POS,KD,80,Tartu,Estonia,321,"['A*02', 'A*68']","['B*27', 'B*40']","['C*08', 'C*05']","['DRB1*07', 'DRB1*14']","['DQA1*04:01', 'DQA1*02:01']","['DQB1*02', 'DQB1*06']","['DPA1*01', 'DPA1*01']","['DPB1*06', 'DPB1*04']","['A2', 'A28']","['B27', 'B40']","['Cw8', 'Cw5']","['DR7', 'DR6']","['DQ4', 'DQ2']","['DQ2', 'DQ1']","['DP1', 'DP1']","['DP6', 'DP4']",Bw4/Bw6,nan,R1981,A,POS,Kidney,76,Tartu,Estonia,0,"['A*25', 'A*24']","['B*38', 'B*49']","['C*05', 'C*05']","['DRB1*13', 'DRB1*07']","['DQA1*03:01', 'DQA1*05:01']","['DQB1*06', 'DQB1*06']","['DPA1*02:02', 'DPA1*01']","['DPB1*04', 'DPB1*04']","['A10', 'A9']","['B16', 'B21']","['Cw5', 'Cw5']","['DR6', 'DR7']","['DQ3', 'DQ1']","['DQ1', 'DQ1']","['DP2', 'DP1']","['DP4', 'DP4']",Bw6/Bw6,[],0.0,0.85,nan,0,4
321,D0494_LK,kidney,False,AllocationPriority.PAYBACK,D0494,A,POS,KD,51,Odense,Denmark,321,"['A*02', 'A*02']","['B*18', 'B*51']","['C*16', 'C*03']","['DRB1*15', 'DRB1*15']","['DQA1*02:01', 'DQA1*01:02']","['DQB1*03', 'DQB1*03']","['DPA1*01', 'DPA1*01']","['DPB1*05', 'DPB1*04']","['A2', 'A2']","['B18', 'B5']","['Cw16', 'Cw3']","['DR2', 'DR2']","['DQ2', 'DQ1']","['DQ3', 'DQ3']","['DP1', 'DP1']","['DP5', 'DP4']",Bw4/Bw6,nan,R0178,A,NEG,Kidney,70,Stockholm,Sweden,0,"['A*01', 'A*02']","['B*18', 'B*07']","['C*02', 'C*07']","['DRB1*15', 'DRB1*16']","['DQA1*05:01', 'DQA1*03:01']","['DQB1*05', 'DQB1*02']","['DPA1*02:02', 'DPA1*01']","['DPB1*04', 'DPB1*04']","['A1', 'A2']","['B18', 'B7']","['Cw2', 'Cw7']","['DR2', 'DR2']","['DQ1', 'DQ3']","['DQ1', 'DQ2']","['DP2', 'DP1']","['DP4', 'DP4']",Bw6/Bw6,"['DPB1*14', 'DPB1*35', 'B*51']",0.0443,0.812345,nan,0,1
321,D0491_RK,kidney,True,AllocationPriority.PRIORITY_7,D0491,A,POS,KD,30,Tartu,Estonia,321,"['A*02', 'A*01']","['B*07', 'B*15']","['C*01', 'C*03']","['DRB1*01', 'DRB1*04']","['DQA1*04:01', 'DQA1*03:01']","['DQB1*04', 'DQB1*02']","['DPA1*01', 'DPA1*01']","['DPB1*04', 'DPB1*04']","['A2', 'A1']","['B7', 'B15']","['Cw1', 'Cw3']","['DR1', 'DR4']","['DQ4', 'DQ3']","['DQ4', 'DQ2']","['DP1', 'DP1']","['DP4', 'DP4']",Bw4/Bw6,nan,R1315,A,POS,Kidney,84,Helsinki,Finland,0,"['A*01', 'A*02']","['B*07', 'B*15']","['C*06', 'C*17']","['DRB1*04', 'DRB1*12']","['DQA1*02:01', 'DQA1*01:01']","['DQB1*02', 'DQB1*06']","['DPA1*01', 'DPA1*01']","['DPB1*04', 'DPB1*01']","['A1', 'A2']","['B7', 'B15']","['Cw6', 'Cw17']","['DR4', 'DR5']","['DQ2', 'DQ1']","['DQ2', 'DQ1']","['DP1', 'DP1']","['DP4', 'DP1']",Bw4/Bw6,[],0.0,0.85,nan,1,0,1,223.77640682897163,0.8333333333333334,0.958881184444319,649.606198552027
321,D0492_RK,kidney,True,AllocationPriority.PRIORITY_7,D0492,O,POS,KD,58,Gothenburg,Sweden,321,"['A*29', 'A*01']","['B*15', 'B*40']","['C*02', 'C*02']","['DRB1*13', 'DRB1*07']","['DQA1*01:01', 'DQA1*04:01']","['DQB1*05', 'DQB1*03']","['DPA1*01', 'DPA1*01']","['DPB1*04', 'DPB1*04']","['A19', 'A1']","['B15', 'B40']","['Cw2', 'Cw2']","['DR6', 'DR7']","['DQ1', 'DQ4']","['DQ1', 'DQ3']","['DP1', 'DP1']","['DP4', 'DP4']",Bw4/Bw4,nan,R0628,O,POS,Kidney,68,Gothenburg,Sweden,0,"['A*29', 'A*01']","['B*27', 'B*40']","['C*04', 'C*08']","['DRB1*03', 'DRB1*13']","['DQA1*03:01', 'DQA1*01:01']","['DQB1*03', 'DQB1*03']","['DPA1*01', 'DPA1*01']","['DPB1*04', 'DPB1*02']","['A19', 'A1']","['B27', 'B40']","['Cw4', 'Cw8']","['DR3', 'DR6']","['DQ3', 'DQ1']","['DQ3', 'DQ3']","['DP1', 'DP1']","['DP4', 'DP2']",Bw4/Bw4,[],0.0,0.41,nan,1,1,2,0.0,0.6666666666666667,1.0,603.1672386167969
321,D0493_RK,kidney,True,AllocationPriority.PRIORITY_7,D0493,A,POS,KD,80,Tartu,Estonia,321,"['A*02', 'A*68']","['B*27', 'B*40']","['C*08', 'C*05']","['DRB1*07', 'DRB1*14']","['DQA1*04:01', 'DQA1*02:01']","['DQB1*02', 'DQB1*06']","['DPA1*01', 'DPA1*01']","['DPB1*06', 'DPB1*04']","['A2', 'A28']","['B27', 'B40']","['Cw8', 'Cw5']","['DR7', 'DR6']","['DQ4', 'DQ2']","['DQ2', 'DQ1']","['DP1', 'DP1']","['DP6', 'DP4']",Bw4/Bw6,nan,R2468,A,POS,Kidney,79,Helsinki,Finland,78,"['A*68', 'A*02']","['B*07', 'B*40']","['C*05', 'C*12']","['DRB1*04', 'DRB1*07']","['DQA1*03:01', 'DQA1*03:01']","['DQB1*03', 'DQB1*06']","['DPA1*01', 'DPA1*01']","['DPB1*04', 'DPB1*02']","['A28', 'A2']","['B7', 'B40']","['Cw5', 'Cw12']","['DR4', 'DR7']","['DQ3', 'DQ3']","['DQ3', 'DQ1']","['DP1', 'DP1']","['DP4', 'DP2']",Bw6/Bw6,[],0.0,0.85,nan,1,1,2,223.77640682897163,0.6666666666666667,0.958881184444319,588.4280141111129
321,D0494_RK,kidney,True,AllocationPriority.PAYBACK,D0494,A,POS,KD,51,Odense,Denmark,321,"['A*02', 'A*02']","['B*18', 'B*51']","['C*16', 'C*03']","['DRB1*15', 'DRB1*15']","['DQA1*02:01', 'DQA1*01:02']","['DQB1*03', 'DQB1*03']","['DPA1*01', 'DPA1*01']","['DPB1*05', 'DPB1*04']","['A2', 'A2']","['B18', 'B5']","['Cw16', 'Cw3']","['DR2', 'DR2']","['DQ2', 'DQ1']","['DQ3', 'DQ3']","['DP1', 'DP1']","['DP5', 'DP4']",Bw4/Bw6,nan,R0788,A,POS,Kidney,84,Oslo,Norway,0,"['A*03', 'A*02']","['B*51', 'B*08']","['C*06', 'C*12']","['DRB1*08', 'DRB1*15']","['DQA1*01:02', 'DQA1*01:03']","['DQB1*02', 'DQB1*06']","['DPA1*01', 'DPA1*01']","['DPB1*04', 'DPB1*04']","['A3', 'A2']","['B5', 'B8']","['Cw6', 'Cw12']","['DR8', 'DR2']","['DQ1', 'DQ1']","['DQ2', 'DQ1']","['DP1', 'DP1']","['DP4', 'DP4']",Bw4/Bw6,[],0.0,0.85,nan,0,1
322,D0495_LK,kidney,False,AllocationPriority.LOCAL,D0495,O,POS,KD,86,Copenhagen,Denmark,322,"['A*68', 'A*31']","['B*15', 'B*44']","['C*01', 'C*07']","['DRB1*13', 'DRB1*15']","['DQA1*01:02', 'DQA1*03:01']","['DQB1*04', 'DQB1*03']","['DPA1*01', 'DPA1*01']","['DPB1*05', 'DPB1*04']","['A28', 'A19']","['B15', 'B12']","['Cw1', 'Cw7']","['DR6', 'DR2']","['DQ1', 'DQ3']","['DQ4', 'DQ3']","['DP1', 'DP1']","['DP5', 'DP4']",Bw6/Bw6,nan,R0017,O,POS,Kidney,62,Copenhagen,Denmark,0,"['A*03', 'A*23']","['B*49', 'B*15']","['C*02', 'C*04']","['DRB1*15', 'DRB1*13']","['DQA1*01:02', 'DQA1*05:01']","['DQB1*06', 'DQB1*03']","['DPA1*02:02', 'DPA1*01']","['DPB1*04', 'DPB1*11']","['A3', 'A9']","['B21', 'B15']","['Cw2', 'Cw4']","['DR2', 'DR6']","['DQ1', 'DQ1']","['DQ1', 'DQ3']","['DP2', 'DP1']","['DP4', 'DP11']",Bw6/Bw6,[],0.0,0.41,nan,0,3
322,D0495_RK,kidney,True,AllocationPriority.PRIORITY_7,D0495,O,POS,KD,86,Copenhagen,Denmark,322,"['A*68', 'A*31']","['B*15', 'B*44']","['C*01', 'C*07']","['DRB1*13', 'DRB1*15']","['DQA1*01:02', 'DQA1*03:01']","['DQB1*04', 'DQB1*03']","['DPA1*01', 'DPA1*01']","['DPB1*05', 'DPB1*04']","['A28', 'A19']","['B15', 'B12']","['Cw1', 'Cw7']","['DR6', 'DR2']","['DQ1', 'DQ3']","['DQ4', 'DQ3']","['DP1', 'DP1']","['DP5', 'DP4']",Bw6/Bw6,nan,R1965,O,POS,Kidney,61,Copenhagen,Denmark,0,"['A*68', 'A*24']","['B*15', 'B*44']","['C*06', 'C*07']","['DRB1*08', 'DRB1*13']","['DQA1*02:01', 'DQA1*01:02']","['DQB1*02', 'DQB1*02']","['DPA1*01', 'DPA1*01']","['DPB1*04', 'DPB1*02']","['A28', 'A9']","['B15', 'B12']","['Cw6', 'Cw7']","['DR8', 'DR6']","['DQ2', 'DQ1']","['DQ2', 'DQ2']","['DP1', 'DP1']","['DP4', 'DP2']",Bw6/Bw6,[],0.0,0.41,nan,1,1,2,0.0,0.6666666666666667,1.0,603.1672386167969
323,D0496_LK,kidney,False,AllocationPriority.LOCAL,D0496,A,POS,KD,62,Helsinki,Finland,323,"['A*02', 'A*02']","['B*40', 'B*44']","['C*15', 'C*16']","['DRB1*15', 'DRB1*08']","['DQA1*01:02', 'DQA1*01:01']","['DQB1*03', 'DQB1*03']","['DPA1*01', 'DPA1*01']","['DPB1*04', 'DPB1*04']","['A2', 'A2']","['B40', 'B12']","['Cw15', 'Cw16']","['DR2', 'DR8']","['DQ1', 'DQ1']","['DQ3', 'DQ3']","['DP1', 'DP1']","['DP4', 'DP4']",Bw4/Bw6,nan,R0224,A,POS,Kidney,77,Helsinki,Finland,0,"['A*24', 'A*03']","['B*44', 'B*44']","['C*07', 'C*07']","['DRB1*08', 'DRB1*15']","['DQA1*03:01', 'DQA1*01:01']","['DQB1*02', 'DQB1*05']","['DPA1*02:02', 'DPA1*01']","['DPB1*03', 'DPB1*04']","['A9', 'A3']","['B12', 'B12']","['Cw7', 'Cw7']","['DR8', 'DR2']","['DQ3', 'DQ1']","['DQ2', 'DQ1']","['DP2', 'DP1']","['DP3', 'DP4']",Bw6/Bw6,"['DPB1*26', 'C*02', 'DRB1*01', 'A*26', 'A*03', 'B*54', 'DPB1*13', 'B*50', 'DPB1*11']",0.3591,0.544765,nan,0,3
323,D0496_RK,kidney,True,AllocationPriority.PRIORITY_7,D0496,A,POS,KD,62,Helsinki,Finland,323,"['A*02', 'A*02']","['B*40', 'B*44']","['C*15', 'C*16']","['DRB1*15', 'DRB1*08']","['DQA1*01:02', 'DQA1*01:01']","['DQB1*03', 'DQB1*03']","['DPA1*01', 'DPA1*01']","['DPB1*04', 'DPB1*04']","['A2', 'A2']","['B40', 'B12']","['Cw15', 'Cw16']","['DR2', 'DR8']","['DQ1', 'DQ1']","['DQ3', 'DQ3']","['DP1', 'DP1']","['DP4', 'DP4']",Bw4/Bw6,nan,R0550,A,POS,Kidney,85,Helsinki,Finland,0,"['A*02', 'A*30']","['B*44', 'B*40']","['C*15', 'C*07']","['DRB1*03', 'DRB1*08']","['DQA1*01:02', 'DQA1*02:01']","['DQB1*03', 'DQB1*03']","['DPA1*01', 'DPA1*01']","['DPB1*11', 'DPB1*04']","['A2', 'A19']","['B12', 'B40']","['Cw15', 'Cw7']","['DR3', 'DR8']","['DQ1', 'DQ2']","['DQ3', 'DQ3']","['DP1', 'DP1']","['DP11', 'DP4']",Bw4/Bw4,[],0.0,0.85,nan,1,0,1,0.0,0.8333333333333334,1.0,664.345423057711
324,D0497_LK,kidney,False,AllocationPriority.PAYBACK,D0497,A,NEG,KD,41,Helsinki,Finland,324,"['A*02', 'A*01']","['B*44', 'B*35']","['C*03', 'C*07']","['DRB1*13', 'DRB1*13']","['DQA1*01:02', 'DQA1*05:01']","['DQB1*03', 'DQB1*06']","['DPA1*01', 'DPA1*01']","['DPB1*03', 'DPB1*03']","['A2', 'A1']","['B12', 'B35']","['Cw3', 'Cw7']","['DR6', 'DR6']","['DQ1', 'DQ1']","['DQ3', 'DQ1']","['DP1', 'DP1']","['DP3', 'DP3']",Bw4/Bw6,nan,R1509,A,POS,Kidney,71,Helsinki,Finland,0,"['A*02', 'A*01']","['B*35', 'B*45']","['C*12', 'C*04']","['DRB1*13', 'DRB1*10']","['DQA1*01:02', 'DQA1*01:02']","['DQB1*03', 'DQB1*06']","['DPA1*01', 'DPA1*01']","['DPB1*04', 'DPB1*04']","['A2', 'A1']","['B35', 'B12']","['Cw12', 'Cw4']","['DR6', 'DR10']","['DQ1', 'DQ1']","['DQ3', 'DQ1']","['DP1', 'DP1']","['DP4', 'DP4']",Bw4/Bw6,[],0.0,0.85,nan,0,0
324,D0498_LK,kidney,False,AllocationPriority.PAYBACK,D0498,O,POS,KD,59,Oslo,Norway,324,"['A*02', 'A*02']","['B*44', 'B*40']","['C*05', 'C*03']","['DRB1*13', 'DRB1*07']","['DQA1*01:02', 'DQA1*01:02']","['DQB1*03', 'DQB1*06']","['DPA1*01', 'DPA1*01']","['DPB1*04', 'DPB1*04']","['A2', 'A2']","['B12', 'B40']","['Cw5', 'Cw3']","['DR6', 'DR7']","['DQ1', 'DQ1']","['DQ3', 'DQ1']","['DP1', 'DP1']","['DP4', 'DP4']",Bw4/Bw6,nan,R2826,O,POS,Kidney,67,Stockholm,Sweden,193,"['A*01', 'A*02']","['B*07', 'B*40']","['C*12', 'C*07']","['DRB1*07', 'DRB1*14']","['DQA1*01:03', 'DQA1*02:01']","['DQB1*06', 'DQB1*03']","['DPA1*01', 'DPA1*02:02']","['DPB1*02', 'DPB1*04']","['A1', 'A2']","['B7', 'B40']","['Cw12', 'Cw7']","['DR7', 'DR6']","['DQ1', 'DQ2']","['DQ1', 'DQ3']","['DP1', 'DP2']","['DP2', 'DP4']",Bw6/Bw6,[],0.0,0.41,nan,0,1
324,D0499_LK,kidney,False,AllocationPriority.LOCAL,D0499,B,POS,KD,63,Uppsala,Sweden,324,"['A*32', 'A*03']","['B*51', 'B*08']","['C*05', 'C*07']","['DRB1*03', 'DRB1*01']","['DQA1*03:01', 'DQA1*03:01']","['DQB1*05', 'DQB1*03']","['DPA1*01', 'DPA1*01']","['DPB1*01', 'DPB1*13']","['A19', 'A3']","['B5', 'B8']","['Cw5', 'Cw7']","['DR3', 'DR1']","['DQ3', 'DQ3']","['DQ1', 'DQ3']","['DP1', 'DP1']","['DP1', 'DP13']",Bw4/Bw4,nan,R0147,B,POS,Kidney,86,Uppsala,Sweden,0,"['A*03', 'A*24']","['B*08', 'B*08']","['C*07', 'C*04']","['DRB1*03', 'DRB1*03']","['DQA1*05:01', 'DQA1*03:01']","['DQB1*03', 'DQB1*06']","['DPA1*02:02', 'DPA1*01']","['DPB1*04', 'DPB1*02']","['A3', 'A9']","['B8', 'B8']","['Cw7', 'Cw4']","['DR3', 'DR3']","['DQ1', 'DQ3']","['DQ3', 'DQ1']","['DP2', 'DP1']","['DP4', 'DP2']",Bw4/Bw6,[],0.0,0.52,nan,1,2
324,D0500_LK,kidney,False,AllocationPriority.LOCAL,D0500,O,POS,KD,52,Aarhus,Denmark,324,"['A*03', 'A*01']","['B*44', 'B*40']","['C*04', 'C*16']","['DRB1*03', 'DRB1*15']","['DQA1*03:01', 'DQA1*01:02']","['DQB1*03', 'DQB1*03']","['DPA1*01', 'DPA1*01']","['DPB1*04', 'DPB1*03']","['A3', 'A1']","['B12', 'B40']","['Cw4', 'Cw16']","['DR3', 'DR2']","['DQ3', 'DQ1']","['DQ3', 'DQ3']","['DP1', 'DP1']","['DP4', 'DP3']",Bw4/Bw6,nan,R1967,O,POS,Kidney,79,Aarhus,Denmark,0,"['A*01', 'A*24']","['B*08', 'B*44']","['C*01', 'C*04']","['DRB1*15', 'DRB1*03']","['DQA1*01:03', 'DQA1*02:01']","['DQB1*03', 'DQB1*06']","['DPA1*01', 'DPA1*02:02']","['DPB1*04', 'DPB1*04']","['A1', 'A9']","['B8', 'B12']","['Cw1', 'Cw4']","['DR2', 'DR3']","['DQ1', 'DQ2']","['DQ3', 'DQ1']","['DP1', 'DP2']","['DP4', 'DP4']",Bw4/Bw4,"['B*57', 'C*15', 'A*31', 'B*08', 'DPB1*14', 'DPB1*01', 'DPB1*26', 'B*54', 'A*30']",0.2956,0.288804,nan,0,2
324,D0497_RK,kidney,True,AllocationPriority.PRIORITY_4,D0497,A,NEG,KD,41,Helsinki,Finland,324,"['A*02', 'A*01']","['B*44', 'B*35']","['C*03', 'C*07']","['DRB1*13', 'DRB1*13']","['DQA1*01:02', 'DQA1*05:01']","['DQB1*03', 'DQB1*06']","['DPA1*01', 'DPA1*01']","['DPB1*03', 'DPB1*03']","['A2', 'A1']","['B12', 'B35']","['Cw3', 'Cw7']","['DR6', 'DR6']","['DQ1', 'DQ1']","['DQ3', 'DQ1']","['DP1', 'DP1']","['DP3', 'DP3']",Bw4/Bw6,nan,R3001,A,POS,Kidney,7,Aarhus,Denmark,246,"['A*02', 'A*01']","['B*40', 'B*37']","['C*03', 'C*07']","['DRB1*13', 'DRB1*13']","['DQA1*04:01', 'DQA1*01:01']","['DQB1*02', 'DQB1*06']","['DPA1*01', 'DPA1*01']","['DPB1*04', 'DPB1*04']","['A2', 'A1']","['B40', 'B37']","['Cw3', 'Cw7']","['DR6', 'DR6']","['DQ4', 'DQ1']","['DQ2', 'DQ1']","['DP1', 'DP1']","['DP4', 'DP4']",Bw4/Bw6,"['DPB1*15', 'B*52', 'C*04']",0.0954,0.76891,nan
324,D0498_RK,kidney,True,AllocationPriority.PRIORITY_7,D0498,O,POS,KD,59,Oslo,Norway,324,"['A*02', 'A*02']","['B*44', 'B*40']","['C*05', 'C*03']","['DRB1*13', 'DRB1*07']","['DQA1*01:02', 'DQA1*01:02']","['DQB1*03', 'DQB1*06']","['DPA1*01', 'DPA1*01']","['DPB1*04', 'DPB1*04']","['A2', 'A2']","['B12', 'B40']","['Cw5', 'Cw3']","['DR6', 'DR7']","['DQ1', 'DQ1']","['DQ3', 'DQ1']","['DP1', 'DP1']","['DP4', 'DP4']",Bw4/Bw6,nan,R0881,O,POS,Kidney,71,Stockholm,Sweden,0,"['A*02', 'A*02']","['B*44', 'B*40']","['C*07', 'C*07']","['DRB1*08', 'DRB1*07']","['DQA1*01:01', 'DQA1*03:01']","['DQB1*02', 'DQB1*06']","['DPA1*01', 'DPA1*01']","['DPB1*14', 'DPB1*04']","['A2', 'A2']","['B12', 'B40']","['Cw7', 'Cw7']","['DR8', 'DR7']","['DQ1', 'DQ3']","['DQ2', 'DQ1']","['DP1', 'DP1']","['DP14', 'DP4']",Bw4/Bw6,[],0.0,0.41,nan,1,0,1,416.29852378382344,0.8333333333333334,0.9235053307981119,636.9255645910221
324,D0499_RK,kidney,True,AllocationPriority.PRIORITY_7,D0499,B,POS,KD,63,Uppsala,Sweden,324,"['A*32', 'A*03']","['B*51', 'B*08']","['C*05', 'C*07']","['DRB1*03', 'DRB1*01']","['DQA1*03:01', 'DQA1*03:01']","['DQB1*05', 'DQB1*03']","['DPA1*01', 'DPA1*01']","['DPB1*01', 'DPB1*13']","['A19', 'A3']","['B5', 'B8']","['Cw5', 'Cw7']","['DR3', 'DR1']","['DQ3', 'DQ3']","['DQ1', 'DQ3']","['DP1', 'DP1']","['DP1', 'DP13']",Bw4/Bw4,nan,R1726,B,POS,Kidney,77,Oslo,Norway,0,"['A*32', 'A*03']","['B*57', 'B*07']","['C*15', 'C*02']","['DRB1*09', 'DRB1*03']","['DQA1*01:01', 'DQA1*05:01']","['DQB1*06', 'DQB1*03']","['DPA1*01', 'DPA1*01']","['DPB1*02', 'DPB1*04']","['A19', 'A3']","['B17', 'B7']","['Cw15', 'Cw2']","['DR9', 'DR3']","['DQ1', 'DQ1']","['DQ1', 'DQ3']","['DP1', 'DP1']","['DP2', 'DP4']",Bw4/Bw4,[],0.0,0.52,nan,1,2,3,384.0748843519863,0.5,0.9294264102591078,516.6916332918969
324,D0500_RK,kidney,True,AllocationPriority.PRIORITY_7,D0500,O,POS,KD,52,Aarhus,Denmark,324,"['A*03', 'A*01']","['B*44', 'B*40']","['C*04', 'C*16']","['DRB1*03', 'DRB1*15']","['DQA1*03:01', 'DQA1*01:02']","['DQB1*03', 'DQB1*03']","['DPA1*01', 'DPA1*01']","['DPB1*04', 'DPB1*03']","['A3', 'A1']","['B12', 'B40']","['Cw4', 'Cw16']","['DR3', 'DR2']","['DQ3', 'DQ1']","['DQ3', 'DQ3']","['DP1', 'DP1']","['DP4', 'DP3']",Bw4/Bw6,nan,R3185,O,POS,Kidney,83,Skane,Sweden,300,"['A*01', 'A*01']","['B*40', 'B*44']","['C*07', 'C*01']","['DRB1*15', 'DRB1*03']","['DQA1*01:03', 'DQA1*01:02']","['DQB1*05', 'DQB1*02']","['DPA1*01', 'DPA1*01']","['DPB1*03', 'DPB1*04']","['A1', 'A1']","['B40', 'B12']","['Cw7', 'Cw1']","['DR2', 'DR3']","['DQ1', 'DQ1']","['DQ1', 'DQ2']","['DP1', 'DP1']","['DP3', 'DP4']",Bw4/Bw6,[],0.0,0.41,nan,0,1,1,185.29664845702274,0.8333333333333334,0.9659518229872491,652.140700761646
326,D0501_LK,kidney,False,AllocationPriority.PAYBACK,D0501,A,POS,KD,41,Aarhus,Denmark,326,"['A*03', 'A*11']","['B*07', 'B*08']","['C*04', 'C*07']","['DRB1*12', 'DRB1*01']","['DQA1*01:01', 'DQA1*01:02']","['DQB1*06', 'DQB1*06']","['DPA1*01', 'DPA1*01']","['DPB1*04', 'DPB1*04']","['A3', 'A11']","['B7', 'B8']","['Cw4', 'Cw7']","['DR5', 'DR1']","['DQ1', 'DQ1']","['DQ1', 'DQ1']","['DP1', 'DP1']","['DP4', 'DP4']",Bw6/Bw6,nan,R2202,A,POS,Kidney,80,Copenhagen,Denmark,0,"['A*11', 'A*01']","['B*40', 'B*07']","['C*07', 'C*05']","['DRB1*11', 'DRB1*01']","['DQA1*02:01', 'DQA1*01:03']","['DQB1*03', 'DQB1*03']","['DPA1*01', 'DPA1*01']","['DPB1*02', 'DPB1*04']","['A11', 'A1']","['B40', 'B7']","['Cw7', 'Cw5']","['DR5', 'DR1']","['DQ2', 'DQ1']","['DQ3', 'DQ3']","['DP1', 'DP1']","['DP2', 'DP4']",Bw6/Bw6,[],0.0,0.85,nan,0,2
326,D0502_LK,kidney,False,AllocationPriority.PAYBACK,D0502,O,POS,KD,43,Oslo,Norway,326,"['A*24', 'A*68']","['B*07', 'B*49']","['C*07', 'C*04']","['DRB1*13', 'DRB1*15']","['DQA1*01:02', 'DQA1*01:02']","['DQB1*03', 'DQB1*06']","['DPA1*01', 'DPA1*01']","['DPB1*20', 'DPB1*03']","['A9', 'A28']","['B7', 'B21']","['Cw7', 'Cw4']","['DR6', 'DR2']","['DQ1', 'DQ1']","['DQ3', 'DQ1']","['DP1', 'DP1']","['DP20', 'DP3']",Bw4/Bw4,nan,R1182,O,POS,Kidney,66,Copenhagen,Denmark,0,"['A*24', 'A*02']","['B*18', 'B*07']","['C*05', 'C*12']","['DRB1*13', 'DRB1*15']","['DQA1*02:01', 'DQA1*01:02']","['DQB1*06', 'DQB1*05']","['DPA1*01', 'DPA1*02:02']","['DPB1*04', 'DPB1*04']","['A9', 'A2']","['B18', 'B7']","['Cw5', 'Cw12']","['DR6', 'DR2']","['DQ2', 'DQ1']","['DQ1', 'DQ1']","['DP1', 'DP2']","['DP4', 'DP4']",Bw4/Bw6,[],0.0,0.41,nan,0,2
326,D0501_RK,kidney,True,AllocationPriority.PAYBACK,D0501,A,POS,KD,41,Aarhus,Denmark,326,"['A*03', 'A*11']","['B*07', 'B*08']","['C*04', 'C*07']","['DRB1*12', 'DRB1*01']","['DQA1*01:01', 'DQA1*01:02']","['DQB1*06', 'DQB1*06']","['DPA1*01', 'DPA1*01']","['DPB1*04', 'DPB1*04']","['A3', 'A11']","['B7', 'B8']","['Cw4', 'Cw7']","['DR5', 'DR1']","['DQ1', 'DQ1']","['DQ1', 'DQ1']","['DP1', 'DP1']","['DP4', 'DP4']",Bw6/Bw6,nan,R0108,A,POS,Kidney,76,Tartu,Estonia,0,"['A*02', 'A*02']","['B*08', 'B*08']","['C*07', 'C*01']","['DRB1*12', 'DRB1*01']","['DQA1*01:01', 'DQA1*01:01']","['DQB1*06', 'DQB1*02']","['DPA1*01', 'DPA1*01']","['DPB1*04', 'DPB1*04']","['A2', 'A2']","['B8', 'B8']","['Cw7', 'Cw1']","['DR5', 'DR1']","['DQ1', 'DQ1']","['DQ1', 'DQ2']","['DP1', 'DP1']","['DP4', 'DP4']",Bw6/Bw6,[],0.0,0.85,nan,0,3
326,D0502_RK,kidney,True,AllocationPriority.PRIORITY_7,D0502,O,POS,KD,43,Oslo,Norway,326,"['A*24', 'A*68']","['B*07', 'B*49']","['C*07', 'C*04']","['DRB1*13', 'DRB1*15']","['DQA1*01:02', 'DQA1*01:02']","['DQB1*03', 'DQB1*06']","['DPA1*01', 'DPA1*01']","['DPB1*20', 'DPB1*03']","['A9', 'A28']","['B7', 'B21']","['Cw7', 'Cw4']","['DR6', 'DR2']","['DQ1', 'DQ1']","['DQ3', 'DQ1']","['DP1', 'DP1']","['DP20', 'DP3']",Bw4/Bw4,nan,R2686,O,POS,Kidney,67,Uppsala,Sweden,148,"['A*24', 'A*68']","['B*07', 'B*07']","['C*15', 'C*03']","['DRB1*07', 'DRB1*13']","['DQA1*01:03', 'DQA1*05:01']","['DQB1*06', 'DQB1*05']","['DPA1*01', 'DPA1*02:02']","['DPB1*04', 'DPB1*04']","['A9', 'A28']","['B7', 'B7']","['Cw15', 'Cw3']","['DR7', 'DR6']","['DQ1', 'DQ1']","['DQ1', 'DQ1']","['DP1', 'DP2']","['DP4', 'DP4']",Bw4/Bw6,[],0.0,0.41,nan,1,1,2,384.0748843519863,0.6666666666666667,0.9294264102591078,577.869817732811
327,D0503_LK,kidney,False,AllocationPriority.LOCAL,D0503,O,POS,KD,62,Aarhus,Denmark,327,"['A*02', 'A*32']","['B*07', 'B*44']","['C*07', 'C*03']","['DRB1*04', 'DRB1*04']","['DQA1*05:01', 'DQA1*01:01']","['DQB1*06', 'DQB1*05']","['DPA1*01', 'DPA1*02:02']","['DPB1*04', 'DPB1*04']","['A2', 'A19']","['B7', 'B12']","['Cw7', 'Cw3']","['DR4', 'DR4']","['DQ1', 'DQ1']","['DQ1', 'DQ1']","['DP1', 'DP2']","['DP4', 'DP4']",Bw4/Bw4,nan,R0209,O,POS,Kidney,74,Aarhus,Denmark,0,"['A*02', 'A*02']","['B*44', 'B*44']","['C*08', 'C*04']","['DRB1*13', 'DRB1*04']","['DQA1*05:01', 'DQA1*01:02']","['DQB1*03', 'DQB1*05']","['DPA1*01', 'DPA1*01']","['DPB1*04', 'DPB1*03']","['A2', 'A2']","['B12', 'B12']","['Cw8', 'Cw4']","['DR6', 'DR4']","['DQ1', 'DQ1']","['DQ3', 'DQ1']","['DP1', 'DP1']","['DP4', 'DP3']",Bw4/Bw4,[],0.0,0.41,nan,0,2
327,D0503_RK,kidney,True,AllocationPriority.PRIORITY_5,D0503,O,POS,KD,62,Aarhus,Denmark,327,"['A*02', 'A*32']","['B*07', 'B*44']","['C*07', 'C*03']","['DRB1*04', 'DRB1*04']","['DQA1*05:01', 'DQA1*01:01']","['DQB1*06', 'DQB1*05']","['DPA1*01', 'DPA1*02:02']","['DPB1*04', 'DPB1*04']","['A2', 'A19']","['B7', 'B12']","['Cw7', 'Cw3']","['DR4', 'DR4']","['DQ1', 'DQ1']","['DQ1', 'DQ1']","['DP1', 'DP2']","['DP4', 'DP4']",Bw4/Bw4,nan,R1982,O,POS,Kidney,52,Oslo,Norway,0,"['A*02', 'A*29']","['B*44', 'B*07']","['C*02', 'C*07']","['DRB1*04', 'DRB1*07']","['DQA1*01:01', 'DQA1*03:01']","['DQB1*06', 'DQB1*02']","['DPA1*02:02', 'DPA1*02:02']","['DPB1*04', 'DPB1*19']","['A2', 'A19']","['B12', 'B7']","['Cw2', 'Cw7']","['DR4', 'DR7']","['DQ1', 'DQ3']","['DQ1', 'DQ2']","['DP2', 'DP2']","['DP4', 'DP19']",Bw4/Bw4,[],0.0,0.41,nan
328,D0504_LK,kidney,False,AllocationPriority.PAYBACK,D0504,O,POS,KD,48,Copenhagen,Denmark,328,"['A*03', 'A*01']","['B*18', 'B*08']","['C*16', 'C*06']","['DRB1*03', 'DRB1*13']","['DQA1*05:01', 'DQA1*01:03']","['DQB1*03', 'DQB1*02']","['DPA1*01', 'DPA1*01']","['DPB1*04', 'DPB1*04']","['A3', 'A1']","['B18', 'B8']","['Cw16', 'Cw6']","['DR3', 'DR6']","['DQ1', 'DQ1']","['DQ3', 'DQ2']","['DP1', 'DP1']","['DP4', 'DP4']",Bw6/Bw6,nan,R0431,O,POS,Kidney,86,Helsinki,Finland,0,"['A*26', 'A*03']","['B*08', 'B*18']","['C*03', 'C*07']","['DRB1*03', 'DRB1*14']","['DQA1*01:03', 'DQA1*01:01']","['DQB1*03', 'DQB1*05']","['DPA1*01', 'DPA1*01']","['DPB1*04', 'DPB1*04']","['A10', 'A3']","['B8', 'B18']","['Cw3', 'Cw7']","['DR3', 'DR6']","['DQ1', 'DQ1']","['DQ3', 'DQ1']","['DP1', 'DP1']","['DP4', 'DP4']",Bw4/Bw6,[],0.0,0.41,nan,0,1
328,D0504_RK,kidney,True,AllocationPriority.PAYBACK,D0504,O,POS,KD,48,Copenhagen,Denmark,328,"['A*03', 'A*01']","['B*18', 'B*08']","['C*16', 'C*06']","['DRB1*03', 'DRB1*13']","['DQA1*05:01', 'DQA1*01:03']","['DQB1*03', 'DQB1*02']","['DPA1*01', 'DPA1*01']","['DPB1*04', 'DPB1*04']","['A3', 'A1']","['B18', 'B8']","['Cw16', 'Cw6']","['DR3', 'DR6']","['DQ1', 'DQ1']","['DQ3', 'DQ2']","['DP1', 'DP1']","['DP4', 'DP4']",Bw6/Bw6,nan,R0066,O,POS,Kidney,70,Aarhus,Denmark,0,"['A*32', 'A*01']","['B*27', 'B*18']","['C*07', 'C*07']","['DRB1*03', 'DRB1*13']","['DQA1*01:01', 'DQA1*03:01']","['DQB1*02', 'DQB1*06']","['DPA1*02:02', 'DPA1*01']","['DPB1*04', 'DPB1*04']","['A19', 'A1']","['B27', 'B18']","['Cw7', 'Cw7']","['DR3', 'DR6']","['DQ1', 'DQ3']","['DQ2', 'DQ1']","['DP2', 'DP1']","['DP4', 'DP4']",Bw4/Bw4,"['DRB1*08', 'DRB1*16', 'B*40', 'B*54', 'DQB1*02', 'DRB1*10', 'B*08', 'A*66', 'C*03']",0.7201,0.114759,nan,0,2
329,D0505_LK,kidney,False,AllocationPriority.LOCAL,D0505,A,POS,KD,58,Tartu,Estonia,329,"['A*01', 'A*02']","['B*51', 'B*08']","['C*07', 'C*06']","['DRB1*07', 'DRB1*14']","['DQA1*03:01', 'DQA1*05:01']","['DQB1*05', 'DQB1*02']","['DPA1*01', 'DPA1*01']","['DPB1*02', 'DPB1*04']","['A1', 'A2']","['B5', 'B8']","['Cw7', 'Cw6']","['DR7', 'DR6']","['DQ3', 'DQ1']","['DQ1', 'DQ2']","['DP1', 'DP1']","['DP2', 'DP4']",Bw4/Bw6,nan,R0081,A,NEG,Kidney,69,Tartu,Estonia,0,"['A*02', 'A*02']","['B*07', 'B*52']","['C*01', 'C*07']","['DRB1*03', 'DRB1*07']","['DQA1*01:02', 'DQA1*02:01']","['DQB1*03', 'DQB1*06']","['DPA1*01', 'DPA1*01']","['DPB1*02', 'DPB1*04']","['A2', 'A2']","['B7', 'B5']","['Cw1', 'Cw7']","['DR3', 'DR7']","['DQ1', 'DQ2']","['DQ3', 'DQ1']","['DP1', 'DP1']","['DP2', 'DP4']",Bw4/Bw6,[],0.0,0.85,nan,1,2
329,D0505_RK,kidney,True,AllocationPriority.PRIORITY_7,D0505,A,POS,KD,58,Tartu,Estonia,329,"['A*01', 'A*02']","['B*51', 'B*08']","['C*07', 'C*06']","['DRB1*07', 'DRB1*14']","['DQA1*03:01', 'DQA1*05:01']","['DQB1*05', 'DQB1*02']","['DPA1*01', 'DPA1*01']","['DPB1*02', 'DPB1*04']","['A1', 'A2']","['B5', 'B8']","['Cw7', 'Cw6']","['DR7', 'DR6']","['DQ3', 'DQ1']","['DQ1', 'DQ2']","['DP1', 'DP1']","['DP2', 'DP4']",Bw4/Bw6,nan,R1975,A,POS,Kidney,67,Helsinki,Finland,0,"['A*03', 'A*02']","['B*51', 'B*08']","['C*01', 'C*03']","['DRB1*14', 'DRB1*03']","['DQA1*01:01', 'DQA1*05:01']","['DQB1*06', 'DQB1*06']","['DPA1*01', 'DPA1*01']","['DPB1*17', 'DPB1*04']","['A3', 'A2']","['B5', 'B8']","['Cw1', 'Cw3']","['DR6', 'DR3']","['DQ1', 'DQ1']","['DQ1', 'DQ1']","['DP1', 'DP1']","['DP17', 'DP4']",Bw4/Bw6,"['A*34', 'DPB1*02', 'C*01', 'B*51', 'DPB1*11', 'DQA1*05:01', 'C*05']",0.5257,0.403155,nan,1,1,2,223.77640682897163,0.6666666666666667,0.958881184444319,588.4280141111129
330,D0506_LK,kidney,False,AllocationPriority.LOCAL,D0506,O,POS,KD,39,Copenhagen,Denmark,330,"['A*25', 'A*03']","['B*08', 'B*15']","['C*07', 'C*07']","['DRB1*07', 'DRB1*03']","['DQA1*05:01', 'DQA1*02:01']","['DQB1*06', 'DQB1*03']","['DPA1*01', 'DPA1*01']","['DPB1*04', 'DPB1*04']","['A10', 'A3']","['B8', 'B15']","['Cw7', 'Cw7']","['DR7', 'DR3']","['DQ1', 'DQ2']","['DQ1', 'DQ3']","['DP1', 'DP1']","['DP4', 'DP4']",Bw4/Bw4,nan,R3021,O,POS,Kidney,68,Copenhagen,Denmark,252,"['A*02', 'A*01']","['B*44', 'B*40']","['C*05', 'C*07']","['DRB1*03', 'DRB1*07']","['DQA1*01:03', 'DQA1*01:02']","['DQB1*06', 'DQB1*06']","['DPA1*01', 'DPA1*01']","['DPB1*04', 'DPB1*03']","['A2', 'A1']","['B12', 'B40']","['Cw5', 'Cw7']","['DR3', 'DR7']","['DQ1', 'DQ1']","['DQ1', 'DQ1']","['DP1', 'DP1']","['DP4', 'DP3']",Bw4/Bw6,[],0.0,0.41,nan,0,4
330,D0507_LK,kidney,False,AllocationPriority.PAYBACK,D0507,A,POS,KD,57,Stockholm,Sweden,330,"['A*30', 'A*01']","['B*07', 'B*08']","['C*05', 'C*03']","['DRB1*03', 'DRB1*11']","['DQA1*03:01', 'DQA1*01:02']","['DQB1*03', 'DQB1*06']","['DPA1*01', 'DPA1*02:02']","['DPB1*02', 'DPB1*04']","['A19', 'A1']","['B7', 'B8']","['Cw5', 'Cw3']","['DR3', 'DR5']","['DQ3', 'DQ1']","['DQ3', 'DQ1']","['DP1', 'DP2']","['DP2', 'DP4']",Bw4/Bw6,nan,R2656,A,POS,Kidney,61,Oslo,Norway,138,"['A*02', 'A*01']","['B*08', 'B*08']","['C*07', 'C*06']","['DRB1*03', 'DRB1*11']","['DQA1*05:01', 'DQA1*01:03']","['DQB1*06', 'DQB1*05']","['DPA1*01', 'DPA1*01']","['DPB1*04', 'DPB1*02']","['A2', 'A1']","['B8', 'B8']","['Cw7', 'Cw6']","['DR3', 'DR5']","['DQ1', 'DQ1']","['DQ1', 'DQ1']","['DP1', 'DP1']","['DP4', 'DP2']",Bw6/Bw6,[],0.0,0.85,nan,0,2
330,D0508_LK,kidney,False,AllocationPriority.PAYBACK,D0508,O,POS,KD,66,Copenhagen,Denmark,330,"['A*02', 'A*02']","['B*15', 'B*27']","['C*12', 'C*06']","['DRB1*01', 'DRB1*15']","['DQA1*01:02', 'DQA1*02:01']","['DQB1*06', 'DQB1*03']","['DPA1*01', 'DPA1*01']","['DPB1*04', 'DPB1*04']","['A2', 'A2']","['B15', 'B27']","['Cw12', 'Cw6']","['DR1', 'DR2']","['DQ1', 'DQ2']","['DQ1', 'DQ3']","['DP1', 'DP1']","['DP4', 'DP4']",Bw4/Bw4,nan,R1546,O,POS,Kidney,40,Skane,Sweden,0,"['A*02', 'A*02']","['B*35', 'B*15']","['C*04', 'C*05']","['DRB1*01', 'DRB1*15']","['DQA1*01:02', 'DQA1*02:01']","['DQB1*06', 'DQB1*06']","['DPA1*01', 'DPA1*02:02']","['DPB1*01', 'DPB1*04']","['A2', 'A2']","['B35', 'B15']","['Cw4', 'Cw5']","['DR1', 'DR2']","['DQ1', 'DQ2']","['DQ1', 'DQ1']","['DP1', 'DP2']","['DP1', 'DP4']",Bw4/Bw6,[],0.0,0.41,nan,0,1
330,D0509_LK,kidney,False,AllocationPriority.LOCAL,D0509,A,POS,KD,24,Gothenburg,Sweden,330,"['A*26', 'A*02']","['B*08', 'B*15']","['C*07', 'C*03']","['DRB1*04', 'DRB1*07']","['DQA1*01:02', 'DQA1*03:01']","['DQB1*03', 'DQB1*02']","['DPA1*01', 'DPA1*01']","['DPB1*19', 'DPB1*01']","['A10', 'A2']","['B8', 'B15']","['Cw7', 'Cw3']","['DR4', 'DR7']","['DQ1', 'DQ3']","['DQ3', 'DQ2']","['DP1', 'DP1']","['DP19', 'DP1']",Bw4/Bw4,nan,R2065,A,POS,Kidney,83,Gothenburg,Sweden,0,"['A*01', 'A*24']","['B*15', 'B*07']","['C*03', 'C*03']","['DRB1*07', 'DRB1*04']","['DQA1*01:02', 'DQA1*02:01']","['DQB1*06', 'DQB1*05']","['DPA1*01', 'DPA1*01']","['DPB1*04', 'DPB1*02']","['A1', 'A9']","['B15', 'B7']","['Cw3', 'Cw3']","['DR7', 'DR4']","['DQ1', 'DQ2']","['DQ1', 'DQ1']","['DP1', 'DP1']","['DP4', 'DP2']",Bw4/Bw4,[],0.0,0.85,nan,0,3
330,D0506_RK,kidney,True,AllocationPriority.PRIORITY_7,D0506,O,POS,KD,39,Copenhagen,Denmark,330,"['A*25', 'A*03']","['B*08', 'B*15']","['C*07', 'C*07']","['DRB1*07', 'DRB1*03']","['DQA1*05:01', 'DQA1*02:01']","['DQB1*06', 'DQB1*03']","['DPA1*01', 'DPA1*01']","['DPB1*04', 'DPB1*04']","['A10', 'A3']","['B8', 'B15']","['Cw7', 'Cw7']","['DR7', 'DR3']","['DQ1', 'DQ2']","['DQ1', 'DQ3']","['DP1', 'DP1']","['DP4', 'DP4']",Bw4/Bw4,nan,R0471,O,POS,Kidney,69,Oslo,Norway,0,"['A*03', 'A*02']","['B*08', 'B*15']","['C*04', 'C*05']","['DRB1*07', 'DRB1*15']","['DQA1*01:01', 'DQA1*05:01']","['DQB1*05', 'DQB1*06']","['DPA1*01', 'DPA1*01']","['DPB1*04', 'DPB1*02']","['A3', 'A2']","['B8', 'B15']","['Cw4', 'Cw5']","['DR7', 'DR2']","['DQ1', 'DQ1']","['DQ1', 'DQ1']","['DP1', 'DP1']","['DP4', 'DP2']",Bw4/Bw6,"['C*08', 'A*02', 'DQA1*04:01', 'DRB1*12', 'DPA1*02:02', 'B*53', 'C*15', 'B*40']",0.697,0.12423,nan,1,1,2,483.3085545859356,0.6666666666666667,0.9111922673434893,571.3337071355082
330,D0507_RK,kidney,True,AllocationPriority.PAYBACK,D0507,A,POS,KD,57,Stockholm,Sweden,330,"['A*30', 'A*01']","['B*07', 'B*08']","['C*05', 'C*03']","['DRB1*03', 'DRB1*11']","['DQA1*03:01', 'DQA1*01:02']","['DQB1*03', 'DQB1*06']","['DPA1*01', 'DPA1*02:02']","['DPB1*02', 'DPB1*04']","['A19', 'A1']","['B7', 'B8']","['Cw5', 'Cw3']","['DR3', 'DR5']","['DQ3', 'DQ1']","['DQ3', 'DQ1']","['DP1', 'DP2']","['DP2', 'DP4']",Bw4/Bw6,nan,R0430,A,POS,Kidney,89,Copenhagen,Denmark,0,"['A*32', 'A*02']","['B*18', 'B*51']","['C*03', 'C*16']","['DRB1*03', 'DRB1*12']","['DQA1*01:02', 'DQA1*01:03']","['DQB1*05', 'DQB1*06']","['DPA1*01', 'DPA1*01']","['DPB1*04', 'DPB1*04']","['A19', 'A2']","['B18', 'B5']","['Cw3', 'Cw16']","['DR3', 'DR5']","['DQ1', 'DQ1']","['DQ1', 'DQ1']","['DP1', 'DP1']","['DP4', 'DP4']",Bw4/Bw4,[],0.0,0.85,nan,0,3
330,D0508_RK,kidney,True,AllocationPriority.PAYBACK,D0508,O,POS,KD,66,Copenhagen,Denmark,330,"['A*02', 'A*02']","['B*15', 'B*27']","['C*12', 'C*06']","['DRB1*01', 'DRB1*15']","['DQA1*01:02', 'DQA1*02:01']","['DQB1*06', 'DQB1*03']","['DPA1*01', 'DPA1*01']","['DPB1*04', 'DPB1*04']","['A2', 'A2']","['B15', 'B27']","['Cw12', 'Cw6']","['DR1', 'DR2']","['DQ1', 'DQ2']","['DQ1', 'DQ3']","['DP1', 'DP1']","['DP4', 'DP4']",Bw4/Bw4,nan,R2413,O,POS,Kidney,68,Helsinki,Finland,63,"['A*02', 'A*02']","['B*40', 'B*27']","['C*04', 'C*07']","['DRB1*15', 'DRB1*01']","['DQA1*01:03', 'DQA1*03:01']","['DQB1*03', 'DQB1*02']","['DPA1*01', 'DPA1*01']","['DPB1*02', 'DPB1*01']","['A2', 'A2']","['B40', 'B27']","['Cw4', 'Cw7']","['DR2', 'DR1']","['DQ1', 'DQ3']","['DQ3', 'DQ2']","['DP1', 'DP1']","['DP2', 'DP1']",Bw4/Bw6,"['A*68', 'DPB1*03', 'C*07', 'DPB1*19', 'B*35', 'DRB1*12']",0.602,0.16318,nan,0,1
330,D0509_RK,kidney,True,AllocationPriority.PRIORITY_7,D0509,A,POS,KD,24,Gothenburg,Sweden,330,"['A*26', 'A*02']","['B*08', 'B*15']","['C*07', 'C*03']","['DRB1*04', 'DRB1*07']","['DQA1*01:02', 'DQA1*03:01']","['DQB1*03', 'DQB1*02']","['DPA1*01', 'DPA1*01']","['DPB1*19', 'DPB1*01']","['A10', 'A2']","['B8', 'B15']","['Cw7', 'Cw3']","['DR4', 'DR7']","['DQ1', 'DQ3']","['DQ3', 'DQ2']","['DP1', 'DP1']","['DP19', 'DP1']",Bw4/Bw4,nan,R2138,A,POS,Kidney,89,Stockholm,Sweden,0,"['A*26', 'A*02']","['B*07', 'B*15']","['C*06', 'C*02']","['DRB1*07', 'DRB1*04']","['DQA1*03:01', 'DQA1*05:01']","['DQB1*02', 'DQB1*06']","['DPA1*01', 'DPA1*01']","['DPB1*04', 'DPB1*01']","['A10', 'A2']","['B7', 'B15']","['Cw6', 'Cw2']","['DR7', 'DR4']","['DQ3', 'DQ1']","['DQ2', 'DQ1']","['DP1', 'DP1']","['DP4', 'DP1']",Bw4/Bw4,[],0.0,0.85,nan,0,1,1,396.89241836757986,0.8333333333333334,0.9270711940657015,638.2037643287165
331,D0510_LK,kidney,False,AllocationPriority.PAYBACK,D0510,B,POS,KD,72,Aarhus,Denmark,331,"['A*02', 'A*03']","['B*57', 'B*51']","['C*03', 'C*07']","['DRB1*15', 'DRB1*04']","['DQA1*01:02', 'DQA1*03:01']","['DQB1*03', 'DQB1*03']","['DPA1*02:02', 'DPA1*02:02']","['DPB1*04', 'DPB1*02']","['A2', 'A3']","['B17', 'B5']","['Cw3', 'Cw7']","['DR2', 'DR4']","['DQ1', 'DQ3']","['DQ3', 'DQ3']","['DP2', 'DP2']","['DP4', 'DP2']",Bw4/Bw4,nan,R0317,B,POS,Kidney,70,Helsinki,Finland,0,"['A*02', 'A*03']","['B*57', 'B*37']","['C*05', 'C*05']","['DRB1*04', 'DRB1*15']","['DQA1*01:01', 'DQA1*03:01']","['DQB1*03', 'DQB1*02']","['DPA1*02:02', 'DPA1*01']","['DPB1*04', 'DPB1*04']","['A2', 'A3']","['B17', 'B37']","['Cw5', 'Cw5']","['DR4', 'DR2']","['DQ1', 'DQ3']","['DQ3', 'DQ2']","['DP2', 'DP1']","['DP4', 'DP4']",Bw4/Bw4,[],0.0,0.52,nan,0,1
331,D0511_LK,kidney,False,AllocationPriority.PAYBACK,D0511,A,POS,KD,66,Helsinki,Finland,331,"['A*01', 'A*11']","['B*44', 'B*15']","['C*02', 'C*07']","['DRB1*12', 'DRB1*01']","['DQA1*01:02', 'DQA1*01:02']","['DQB1*06', 'DQB1*03']","['DPA1*01', 'DPA1*01']","['DPB1*04', 'DPB1*04']","['A1', 'A11']","['B12', 'B15']","['Cw2', 'Cw7']","['DR5', 'DR1']","['DQ1', 'DQ1']","['DQ1', 'DQ3']","['DP1', 'DP1']","['DP4', 'DP4']",Bw4/Bw4,nan,R0958,A,POS,Kidney,86,Oslo,Norway,0,"['A*01', 'A*02']","['B*44', 'B*58']","['C*07', 'C*16']","['DRB1*01', 'DRB1*11']","['DQA1*05:01', 'DQA1*01:02']","['DQB1*03', 'DQB1*06']","['DPA1*02:02', 'DPA1*01']","['DPB1*04', 'DPB1*04']","['A1', 'A2']","['B12', 'B17']","['Cw7', 'Cw16']","['DR1', 'DR5']","['DQ1', 'DQ1']","['DQ3', 'DQ1']","['DP2', 'DP1']","['DP4', 'DP4']",Bw4/Bw4,"['B*13', 'A*69', 'DPB1*17', 'DPB1*129']",0.0178,0.83487,nan,0,2
331,D0510_RK,kidney,True,AllocationPriority.PRIORITY_7,D0510,B,POS,KD,72,Aarhus,Denmark,331,"['A*02', 'A*03']","['B*57', 'B*51']","['C*03', 'C*07']","['DRB1*15', 'DRB1*04']","['DQA1*01:02', 'DQA1*03:01']","['DQB1*03', 'DQB1*03']","['DPA1*02:02', 'DPA1*02:02']","['DPB1*04', 'DPB1*02']","['A2', 'A3']","['B17', 'B5']","['Cw3', 'Cw7']","['DR2', 'DR4']","['DQ1', 'DQ3']","['DQ3', 'DQ3']","['DP2', 'DP2']","['DP4', 'DP2']",Bw4/Bw4,nan,R1908,B,POS,Kidney,72,Odense,Denmark,0,"['A*03', 'A*02']","['B*15', 'B*51']","['C*07', 'C*07']","['DRB1*04', 'DRB1*14']","['DQA1*03:01', 'DQA1*05:01']","['DQB1*02', 'DQB1*05']","['DPA1*01', 'DPA1*01']","['DPB1*04', 'DPB1*02']","['A3', 'A2']","['B15', 'B5']","['Cw7', 'Cw7']","['DR4', 'DR6']","['DQ3', 'DQ1']","['DQ2', 'DQ1']","['DP1', 'DP1']","['DP4', 'DP2']",Bw4/Bw4,"['DPB1*14', 'DPB1*11', 'B*42', 'B*57', 'B*46', 'B*44', 'A*30', 'C*17', 'B*45']",0.2078,0.411944,nan,1,1,2,85.31562476063671,0.6666666666666667,0.9843232917702917,597.5478519932965
331,D0511_RK,kidney,True,AllocationPriority.PAYBACK,D0511,A,POS,KD,66,Helsinki,Finland,331,"['A*01', 'A*11']","['B*44', 'B*15']","['C*02', 'C*07']","['DRB1*12', 'DRB1*01']","['DQA1*01:02', 'DQA1*01:02']","['DQB1*06', 'DQB1*03']","['DPA1*01', 'DPA1*01']","['DPB1*04', 'DPB1*04']","['A1', 'A11']","['B12', 'B15']","['Cw2', 'Cw7']","['DR5', 'DR1']","['DQ1', 'DQ1']","['DQ1', 'DQ3']","['DP1', 'DP1']","['DP4', 'DP4']",Bw4/Bw4,nan,R2835,A,POS,Kidney,36,Odense,Denmark,196,"['A*01', 'A*01']","['B*07', 'B*44']","['C*06', 'C*07']","['DRB1*12', 'DRB1*01']","['DQA1*02:01', 'DQA1*05:01']","['DQB1*03', 'DQB1*02']","['DPA1*02:02', 'DPA1*01']","['DPB1*04', 'DPB1*04']","['A1', 'A1']","['B7', 'B12']","['Cw6', 'Cw7']","['DR5', 'DR1']","['DQ2', 'DQ1']","['DQ3', 'DQ2']","['DP2', 'DP1']","['DP4', 'DP4']",Bw4/Bw6,[],0.0,0.85,nan,0,2
332,D0512_LK,kidney,False,AllocationPriority.LOCAL,D0512,A,NEG,KD,81,Helsinki,Finland,332,"['A*01', 'A*23']","['B*37', 'B*07']","['C*06', 'C*16']","['DRB1*12', 'DRB1*11']","['DQA1*01:02', 'DQA1*01:02']","['DQB1*06', 'DQB1*05']","['DPA1*01', 'DPA1*01']","['DPB1*03', 'DPB1*02']","['A1', 'A9']","['B37', 'B7']","['Cw6', 'Cw16']","['DR5', 'DR5']","['DQ1', 'DQ1']","['DQ1', 'DQ1']","['DP1', 'DP1']","['DP3', 'DP2']",Bw4/Bw4,nan,R0343,A,POS,Kidney,83,Helsinki,Finland,0,"['A*24', 'A*01']","['B*07', 'B*15']","['C*05', 'C*07']","['DRB1*11', 'DRB1*15']","['DQA1*03:01', 'DQA1*01:02']","['DQB1*02', 'DQB1*03']","['DPA1*01', 'DPA1*01']","['DPB1*04', 'DPB1*04']","['A9', 'A1']","['B7', 'B15']","['Cw5', 'Cw7']","['DR5', 'DR2']","['DQ3', 'DQ1']","['DQ2', 'DQ3']","['DP1', 'DP1']","['DP4', 'DP4']",Bw4/Bw4,[],0.0,0.85,nan,0,1
332,D0513_LK,kidney,False,AllocationPriority.PAYBACK,D0513,O,POS,KD,58,Gothenburg,Sweden,332,"['A*33', 'A*01']","['B*35', 'B*08']","['C*01', 'C*07']","['DRB1*12', 'DRB1*13']","['DQA1*01:01', 'DQA1*01:01']","['DQB1*05', 'DQB1*05']","['DPA1*02:02', 'DPA1*01']","['DPB1*04', 'DPB1*02']","['A19', 'A1']","['B35', 'B8']","['Cw1', 'Cw7']","['DR5', 'DR6']","['DQ1', 'DQ1']","['DQ1', 'DQ1']","['DP2', 'DP1']","['DP4', 'DP2']",Bw4/Bw6,nan,R1873,O,POS,Kidney,87,Tartu,Estonia,0,"['A*24', 'A*01']","['B*15', 'B*08']","['C*01', 'C*07']","['DRB1*11', 'DRB1*13']","['DQA1*01:02', 'DQA1*03:01']","['DQB1*06', 'DQB1*04']","['DPA1*01', 'DPA1*01']","['DPB1*01', 'DPB1*03']","['A9', 'A1']","['B15', 'B8']","['Cw1', 'Cw7']","['DR5', 'DR6']","['DQ1', 'DQ3']","['DQ1', 'DQ4']","['DP1', 'DP1']","['DP1', 'DP3']",Bw4/Bw4,[],0.0,0.41,nan,0,2
332,D0512_RK,kidney,True,AllocationPriority.PRIORITY_7,D0512,A,NEG,KD,81,Helsinki,Finland,332,"['A*01', 'A*23']","['B*37', 'B*07']","['C*06', 'C*16']","['DRB1*12', 'DRB1*11']","['DQA1*01:02', 'DQA1*01:02']","['DQB1*06', 'DQB1*05']","['DPA1*01', 'DPA1*01']","['DPB1*03', 'DPB1*02']","['A1', 'A9']","['B37', 'B7']","['Cw6', 'Cw16']","['DR5', 'DR5']","['DQ1', 'DQ1']","['DQ1', 'DQ1']","['DP1', 'DP1']","['DP3', 'DP2']",Bw4/Bw4,nan,R2634,A,NEG,Kidney,83,Oslo,Norway,132,"['A*02', 'A*01']","['B*44', 'B*37']","['C*07', 'C*02']","['DRB1*11', 'DRB1*12']","['DQA1*04:01', 'DQA1*04:01']","['DQB1*05', 'DQB1*03']","['DPA1*01', 'DPA1*01']","['DPB1*04', 'DPB1*02']","['A2', 'A1']","['B12', 'B37']","['Cw7', 'Cw2']","['DR5', 'DR5']","['DQ4', 'DQ4']","['DQ1', 'DQ3']","['DP1', 'DP1']","['DP4', 'DP2']",Bw4/Bw4,"['DPB1*01', 'B*57', 'A*23', 'DQB1*02']",0.3036,0.59194,nan,0,2,2,786.5519919158309,0.6666666666666667,0.8554714201606649,551.3603186714747
332,D0513_RK,kidney,True,AllocationPriority.PRIORITY_7,D0513,O,POS,KD,58,Gothenburg,Sweden,332,"['A*33', 'A*01']","['B*35', 'B*08']","['C*01', 'C*07']","['DRB1*12', 'DRB1*13']","['DQA1*01:01', 'DQA1*01:01']","['DQB1*05', 'DQB1*05']","['DPA1*02:02', 'DPA1*01']","['DPB1*04', 'DPB1*02']","['A19', 'A1']","['B35', 'B8']","['Cw1', 'Cw7']","['DR5', 'DR6']","['DQ1', 'DQ1']","['DQ1', 'DQ1']","['DP2', 'DP1']","['DP4', 'DP2']",Bw4/Bw6,nan,R3161,O,POS,Kidney,54,Gothenburg,Sweden,295,"['A*01', 'A*33']","['B*07', 'B*48']","['C*16', 'C*07']","['DRB1*13', 'DRB1*12']","['DQA1*01:01', 'DQA1*05:01']","['DQB1*03', 'DQB1*03']","['DPA1*02:02', 'DPA1*01']","['DPB1*20', 'DPB1*01']","['A1', 'A19']","['B7', 'B48']","['Cw16', 'Cw7']","['DR6', 'DR5']","['DQ1', 'DQ1']","['DQ3', 'DQ3']","['DP2', 'DP1']","['DP20', 'DP1']",Bw4/Bw6,[],0.0,0.41,nan,0,2,2,0.0,0.6666666666666667,1.0,603.1672386167969
333,D0514_LK,kidney,False,AllocationPriority.PAYBACK,D0514,O,POS,KD,22,Odense,Denmark,333,"['A*26', 'A*03']","['B*15', 'B*13']","['C*03', 'C*05']","['DRB1*07', 'DRB1*03']","['DQA1*05:01', 'DQA1*03:01']","['DQB1*02', 'DQB1*03']","['DPA1*01', 'DPA1*01']","['DPB1*01', 'DPB1*01']","['A10', 'A3']","['B15', 'B13']","['Cw3', 'Cw5']","['DR7', 'DR3']","['DQ1', 'DQ3']","['DQ2', 'DQ3']","['DP1', 'DP1']","['DP1', 'DP1']",Bw6/Bw6,nan,R0518,O,POS,Kidney,82,Gothenburg,Sweden,0,"['A*01', 'A*02']","['B*13', 'B*39']","['C*07', 'C*07']","['DRB1*07', 'DRB1*03']","['DQA1*05:01', 'DQA1*05:01']","['DQB1*03', 'DQB1*02']","['DPA1*01', 'DPA1*01']","['DPB1*01', 'DPB1*05']","['A1', 'A2']","['B13', 'B16']","['Cw7', 'Cw7']","['DR7', 'DR3']","['DQ1', 'DQ1']","['DQ3', 'DQ2']","['DP1', 'DP1']","['DP1', 'DP5']",Bw4/Bw4,"['A*31', 'B*13', 'A*33', 'A*23']",0.0631,0.3841289999999999,nan,0,3
333,D0515_LK,kidney,False,AllocationPriority.LOCAL,D0515,O,POS,KD,18,Aarhus,Denmark,333,"['A*02', 'A*02']","['B*07', 'B*07']","['C*06', 'C*03']","['DRB1*03', 'DRB1*09']","['DQA1*01:01', 'DQA1*01:02']","['DQB1*05', 'DQB1*02']","['DPA1*01', 'DPA1*01']","['DPB1*13', 'DPB1*05']","['A2', 'A2']","['B7', 'B7']","['Cw6', 'Cw3']","['DR3', 'DR9']","['DQ1', 'DQ1']","['DQ1', 'DQ2']","['DP1', 'DP1']","['DP13', 'DP5']",Bw6/Bw6,nan,R0686,O,NEG,Kidney,43,Aarhus,Denmark,0,"['A*01', 'A*68']","['B*07', 'B*08']","['C*15', 'C*03']","['DRB1*03', 'DRB1*15']","['DQA1*01:02', 'DQA1*01:02']","['DQB1*03', 'DQB1*04']","['DPA1*01', 'DPA1*01']","['DPB1*03', 'DPB1*03']","['A1', 'A28']","['B7', 'B8']","['Cw15', 'Cw3']","['DR3', 'DR2']","['DQ1', 'DQ1']","['DQ3', 'DQ4']","['DP1', 'DP1']","['DP3', 'DP3']",Bw6/Bw6,[],0.0,0.41,nan,1,2
333,D0514_RK,kidney,True,AllocationPriority.PAYBACK,D0514,O,POS,KD,22,Odense,Denmark,333,"['A*26', 'A*03']","['B*15', 'B*13']","['C*03', 'C*05']","['DRB1*07', 'DRB1*03']","['DQA1*05:01', 'DQA1*03:01']","['DQB1*02', 'DQB1*03']","['DPA1*01', 'DPA1*01']","['DPB1*01', 'DPB1*01']","['A10', 'A3']","['B15', 'B13']","['Cw3', 'Cw5']","['DR7', 'DR3']","['DQ1', 'DQ3']","['DQ2', 'DQ3']","['DP1', 'DP1']","['DP1', 'DP1']",Bw6/Bw6,nan,R0895,O,POS,Kidney,62,Stockholm,Sweden,0,"['A*02', 'A*02']","['B*15', 'B*07']","['C*06', 'C*06']","['DRB1*03', 'DRB1*07']","['DQA1*01:02', 'DQA1*02:01']","['DQB1*02', 'DQB1*02']","['DPA1*01', 'DPA1*02:02']","['DPB1*01', 'DPB1*04']","['A2', 'A2']","['B15', 'B7']","['Cw6', 'Cw6']","['DR3', 'DR7']","['DQ1', 'DQ2']","['DQ2', 'DQ2']","['DP1', 'DP2']","['DP1', 'DP4']",Bw4/Bw6,[],0.0,0.41,nan,0,3
333,D0515_RK,kidney,True,AllocationPriority.PRIORITY_7,D0515,O,POS,KD,18,Aarhus,Denmark,333,"['A*02', 'A*02']","['B*07', 'B*07']","['C*06', 'C*03']","['DRB1*03', 'DRB1*09']","['DQA1*01:01', 'DQA1*01:02']","['DQB1*05', 'DQB1*02']","['DPA1*01', 'DPA1*01']","['DPB1*13', 'DPB1*05']","['A2', 'A2']","['B7', 'B7']","['Cw6', 'Cw3']","['DR3', 'DR9']","['DQ1', 'DQ1']","['DQ1', 'DQ2']","['DP1', 'DP1']","['DP13', 'DP5']",Bw6/Bw6,nan,R0226,O,POS,Kidney,83,Copenhagen,Denmark,0,"['A*02', 'A*68']","['B*08', 'B*07']","['C*07', 'C*07']","['DRB1*11', 'DRB1*03']","['DQA1*01:02', 'DQA1*01:02']","['DQB1*03', 'DQB1*03']","['DPA1*01', 'DPA1*01']","['DPB1*04', 'DPB1*04']","['A2', 'A28']","['B8', 'B7']","['Cw7', 'Cw7']","['DR5', 'DR3']","['DQ1', 'DQ1']","['DQ3', 'DQ3']","['DP1', 'DP1']","['DP4', 'DP4']",Bw6/Bw6,"['B*50', 'A*66', 'A*11', 'DPB1*15', 'A*74', 'DPB1*26', 'DRB1*14']",0.1011,0.368549,nan,1,0,1,156.94272365318082,0.8333333333333334,0.9711618441007791,654.0082562793307
334,D0516_LK,kidney,False,AllocationPriority.LOCAL,D0516,B,POS,KD,59,Stockholm,Sweden,334,"['A*03', 'A*02']","['B*40', 'B*08']","['C*07', 'C*12']","['DRB1*07', 'DRB1*07']","['DQA1*05:01', 'DQA1*05:01']","['DQB1*03', 'DQB1*03']","['DPA1*01', 'DPA1*01']","['DPB1*01', 'DPB1*03']","['A3', 'A2']","['B40', 'B8']","['Cw7', 'Cw12']","['DR7', 'DR7']","['DQ1', 'DQ1']","['DQ3', 'DQ3']","['DP1', 'DP1']","['DP1', 'DP3']",Bw6/Bw6,nan,R1564,B,POS,Kidney,83,Stockholm,Sweden,0,"['A*11', 'A*02']","['B*35', 'B*35']","['C*03', 'C*07']","['DRB1*15', 'DRB1*07']","['DQA1*05:01', 'DQA1*05:01']","['DQB1*03', 'DQB1*04']","['DPA1*01', 'DPA1*01']","['DPB1*04', 'DPB1*04']","['A11', 'A2']","['B35', 'B35']","['Cw3', 'Cw7']","['DR2', 'DR7']","['DQ1', 'DQ1']","['DQ3', 'DQ4']","['DP1', 'DP1']","['DP4', 'DP4']",Bw6/Bw6,[],0.0,0.52,nan,0,3
334,D0516_RK,kidney,True,AllocationPriority.PRIORITY_7,D0516,B,POS,KD,59,Stockholm,Sweden,334,"['A*03', 'A*02']","['B*40', 'B*08']","['C*07', 'C*12']","['DRB1*07', 'DRB1*07']","['DQA1*05:01', 'DQA1*05:01']","['DQB1*03', 'DQB1*03']","['DPA1*01', 'DPA1*01']","['DPB1*01', 'DPB1*03']","['A3', 'A2']","['B40', 'B8']","['Cw7', 'Cw12']","['DR7', 'DR7']","['DQ1', 'DQ1']","['DQ3', 'DQ3']","['DP1', 'DP1']","['DP1', 'DP3']",Bw6/Bw6,nan,R2162,B,POS,Kidney,71,Oslo,Norway,0,"['A*02', 'A*03']","['B*55', 'B*40']","['C*05', 'C*04']","['DRB1*08', 'DRB1*07']","['DQA1*05:01', 'DQA1*02:01']","['DQB1*06', 'DQB1*06']","['DPA1*01', 'DPA1*01']","['DPB1*04', 'DPB1*04']","['A2', 'A3']","['B22', 'B40']","['Cw5', 'Cw4']","['DR8', 'DR7']","['DQ1', 'DQ2']","['DQ1', 'DQ1']","['DP1', 'DP1']","['DP4', 'DP4']",Bw6/Bw6,[],0.0,0.52,nan,0,1,1,416.29852378382344,0.8333333333333334,0.9235053307981119,636.9255645910221
339,D0517_LK,kidney,False,AllocationPriority.PAYBACK,D0517,O,POS,KD,34,Uppsala,Sweden,339,"['A*68', 'A*03']","['B*49', 'B*40']","['C*07', 'C*07']","['DRB1*03', 'DRB1*16']","['DQA1*01:01', 'DQA1*04:01']","['DQB1*06', 'DQB1*02']","['DPA1*01', 'DPA1*02:02']","['DPB1*04', 'DPB1*02']","['A28', 'A3']","['B21', 'B40']","['Cw7', 'Cw7']","['DR3', 'DR2']","['DQ1', 'DQ4']","['DQ1', 'DQ2']","['DP1', 'DP2']","['DP4', 'DP2']",Bw4/Bw6,nan,R1009,O,NEG,Kidney,86,Tartu,Estonia,0,"['A*32', 'A*03']","['B*49', 'B*15']","['C*05', 'C*07']","['DRB1*15', 'DRB1*03']","['DQA1*01:02', 'DQA1*01:01']","['DQB1*05', 'DQB1*06']","['DPA1*01', 'DPA1*01']","['DPB1*03', 'DPB1*01']","['A19', 'A3']","['B21', 'B15']","['Cw5', 'Cw7']","['DR2', 'DR3']","['DQ1', 'DQ1']","['DQ1', 'DQ1']","['DP1', 'DP1']","['DP3', 'DP1']",Bw6/Bw6,[],0.0,0.41,nan,0,2
339,D0517_RK,kidney,True,AllocationPriority.PAYBACK,D0517,O,POS,KD,34,Uppsala,Sweden,339,"['A*68', 'A*03']","['B*49', 'B*40']","['C*07', 'C*07']","['DRB1*03', 'DRB1*16']","['DQA1*01:01', 'DQA1*04:01']","['DQB1*06', 'DQB1*02']","['DPA1*01', 'DPA1*02:02']","['DPB1*04', 'DPB1*02']","['A28', 'A3']","['B21', 'B40']","['Cw7', 'Cw7']","['DR3', 'DR2']","['DQ1', 'DQ4']","['DQ1', 'DQ2']","['DP1', 'DP2']","['DP4', 'DP2']",Bw4/Bw6,nan,R2102,O,POS,Kidney,85,Tartu,Estonia,0,"['A*30', 'A*23']","['B*40', 'B*49']","['C*05', 'C*07']","['DRB1*15', 'DRB1*03']","['DQA1*05:01', 'DQA1*01:03']","['DQB1*05', 'DQB1*03']","['DPA1*01', 'DPA1*01']","['DPB1*04', 'DPB1*04']","['A19', 'A9']","['B40', 'B21']","['Cw5', 'Cw7']","['DR2', 'DR3']","['DQ1', 'DQ1']","['DQ1', 'DQ3']","['DP1', 'DP1']","['DP4', 'DP4']",Bw6/Bw6,[],0.0,0.41,nan,0,2
341,D0518_LK,kidney,False,AllocationPriority.LOCAL,D0518,A,NEG,KD,80,Helsinki,Finland,341,"['A*68', 'A*02']","['B*40', 'B*40']","['C*03', 'C*03']","['DRB1*07', 'DRB1*13']","['DQA1*02:01', 'DQA1*02:01']","['DQB1*02', 'DQB1*03']","['DPA1*01', 'DPA1*01']","['DPB1*01', 'DPB1*04']","['A28', 'A2']","['B40', 'B40']","['Cw3', 'Cw3']","['DR7', 'DR6']","['DQ2', 'DQ2']","['DQ2', 'DQ3']","['DP1', 'DP1']","['DP1', 'DP4']",Bw6/Bw6,nan,R2025,A,POS,Kidney,84,Helsinki,Finland,0,"['A*11', 'A*32']","['B*40', 'B*58']","['C*12', 'C*03']","['DRB1*07', 'DRB1*13']","['DQA1*03:01', 'DQA1*01:01']","['DQB1*03', 'DQB1*05']","['DPA1*01', 'DPA1*01']","['DPB1*03', 'DPB1*04']","['A11', 'A19']","['B40', 'B17']","['Cw12', 'Cw3']","['DR7', 'DR6']","['DQ3', 'DQ1']","['DQ3', 'DQ1']","['DP1', 'DP1']","['DP3', 'DP4']",Bw4/Bw4,[],0.0,0.85,nan,0,2
341,D0518_RK,kidney,True,AllocationPriority.PRIORITY_7,D0518,A,NEG,KD,80,Helsinki,Finland,341,"['A*68', 'A*02']","['B*40', 'B*40']","['C*03', 'C*03']","['DRB1*07', 'DRB1*13']","['DQA1*02:01', 'DQA1*02:01']","['DQB1*02', 'DQB1*03']","['DPA1*01', 'DPA1*01']","['DPB1*01', 'DPB1*04']","['A28', 'A2']","['B40', 'B40']","['Cw3', 'Cw3']","['DR7', 'DR6']","['DQ2', 'DQ2']","['DQ2', 'DQ3']","['DP1', 'DP1']","['DP1', 'DP4']",Bw6/Bw6,nan,R3165,A,POS,Kidney,28,Stockholm,Sweden,295,"['A*68', 'A*02']","['B*40', 'B*40']","['C*07', 'C*06']","['DRB1*07', 'DRB1*07']","['DQA1*01:02', 'DQA1*02:01']","['DQB1*05', 'DQB1*03']","['DPA1*02:02', 'DPA1*01']","['DPB1*03', 'DPB1*04']","['A28', 'A2']","['B40', 'B40']","['Cw7', 'Cw6']","['DR7', 'DR7']","['DQ1', 'DQ2']","['DQ1', 'DQ3']","['DP2', 'DP1']","['DP3', 'DP4']",Bw6/Bw6,[],0.0,0.85,nan,1,0,1,395.64825735091034,0.8333333333333334,0.9272998081009831,638.2857120586214
343,D0519_LK,kidney,False,AllocationPriority.PAYBACK,D0519,A,POS,KD,27,Helsinki,Finland,343,"['A*26', 'A*68']","['B*37', 'B*38']","['C*03', 'C*12']","['DRB1*14', 'DRB1*13']","['DQA1*05:01', 'DQA1*05:01']","['DQB1*06', 'DQB1*06']","['DPA1*01', 'DPA1*01']","['DPB1*03', 'DPB1*04']","['A10', 'A28']","['B37', 'B16']","['Cw3', 'Cw12']","['DR6', 'DR6']","['DQ1', 'DQ1']","['DQ1', 'DQ1']","['DP1', 'DP1']","['DP3', 'DP4']",Bw6/Bw6,nan,R0036,A,POS,Kidney,48,Copenhagen,Denmark,0,"['A*26', 'A*68']","['B*40', 'B*51']","['C*07', 'C*04']","['DRB1*13', 'DRB1*04']","['DQA1*03:01', 'DQA1*01:02']","['DQB1*02', 'DQB1*02']","['DPA1*01', 'DPA1*01']","['DPB1*11', 'DPB1*02']","['A10', 'A28']","['B40', 'B5']","['Cw7', 'Cw4']","['DR6', 'DR4']","['DQ3', 'DQ1']","['DQ2', 'DQ2']","['DP1', 'DP1']","['DP11', 'DP2']",Bw4/Bw4,"['DPB1*02', 'B*49', 'A*74', 'DPB1*35', 'A*30', 'C*17', 'C*14']",0.1568,0.7167199999999999,nan,0,2
343,D0519_RK,kidney,True,AllocationPriority.PAYBACK,D0519,A,POS,KD,27,Helsinki,Finland,343,"['A*26', 'A*68']","['B*37', 'B*38']","['C*03', 'C*12']","['DRB1*14', 'DRB1*13']","['DQA1*05:01', 'DQA1*05:01']","['DQB1*06', 'DQB1*06']","['DPA1*01', 'DPA1*01']","['DPB1*03', 'DPB1*04']","['A10', 'A28']","['B37', 'B16']","['Cw3', 'Cw12']","['DR6', 'DR6']","['DQ1', 'DQ1']","['DQ1', 'DQ1']","['DP1', 'DP1']","['DP3', 'DP4']",Bw6/Bw6,nan,R0203,A,POS,Kidney,57,Oslo,Norway,0,"['A*23', 'A*68']","['B*39', 'B*57']","['C*07', 'C*07']","['DRB1*13', 'DRB1*11']","['DQA1*01:01', 'DQA1*05:01']","['DQB1*03', 'DQB1*04']","['DPA1*02:02', 'DPA1*01']","['DPB1*03', 'DPB1*04']","['A9', 'A28']","['B16', 'B17']","['Cw7', 'Cw7']","['DR6', 'DR5']","['DQ1', 'DQ1']","['DQ3', 'DQ4']","['DP2', 'DP1']","['DP3', 'DP4']",Bw6/Bw6,[],0.0,0.85,nan,0,2
344,D0520_LK,kidney,False,AllocationPriority.LOCAL,D0520,A,POS,KD,23,Odense,Denmark,344,"['A*02', 'A*03']","['B*14', 'B*07']","['C*01', 'C*07']","['DRB1*01', 'DRB1*08']","['DQA1*01:02', 'DQA1*01:01']","['DQB1*03', 'DQB1*06']","['DPA1*01', 'DPA1*01']","['DPB1*02', 'DPB1*04']","['A2', 'A3']","['B14', 'B7']","['Cw1', 'Cw7']","['DR1', 'DR8']","['DQ1', 'DQ1']","['DQ3', 'DQ1']","['DP1', 'DP1']","['DP2', 'DP4']",Bw6/Bw6,nan,R0847,A,POS,Kidney,81,Odense,Denmark,0,"['A*02', 'A*25']","['B*40', 'B*07']","['C*03', 'C*05']","['DRB1*08', 'DRB1*07']","['DQA1*01:01', 'DQA1*04:01']","['DQB1*03', 'DQB1*03']","['DPA1*01', 'DPA1*01']","['DPB1*09', 'DPB1*04']","['A2', 'A10']","['B40', 'B7']","['Cw3', 'Cw5']","['DR8', 'DR7']","['DQ1', 'DQ4']","['DQ3', 'DQ3']","['DP1', 'DP1']","['DP9', 'DP4']",Bw4/Bw6,[],0.0,0.85,nan,1,2
344,D0520_RK,kidney,True,AllocationPriority.PRIORITY_7,D0520,A,POS,KD,23,Odense,Denmark,344,"['A*02', 'A*03']","['B*14', 'B*07']","['C*01', 'C*07']","['DRB1*01', 'DRB1*08']","['DQA1*01:02', 'DQA1*01:01']","['DQB1*03', 'DQB1*06']","['DPA1*01', 'DPA1*01']","['DPB1*02', 'DPB1*04']","['A2', 'A3']","['B14', 'B7']","['Cw1', 'Cw7']","['DR1', 'DR8']","['DQ1', 'DQ1']","['DQ3', 'DQ1']","['DP1', 'DP1']","['DP2', 'DP4']",Bw6/Bw6,nan,R1252,A,POS,Kidney,84,Aarhus,Denmark,0,"['A*02', 'A*03']","['B*07', 'B*14']","['C*07', 'C*07']","['DRB1*14', 'DRB1*01']","['DQA1*03:01', 'DQA1*01:02']","['DQB1*03', 'DQB1*02']","['DPA1*01', 'DPA1*01']","['DPB1*03', 'DPB1*26']","['A2', 'A3']","['B7', 'B14']","['Cw7', 'Cw7']","['DR6', 'DR1']","['DQ3', 'DQ1']","['DQ3', 'DQ2']","['DP1', 'DP1']","['DP3', 'DP26']",Bw6/Bw6,[],0.0,0.85,nan,1,0,1,85.31562476063671,0.8333333333333334,0.9843232917702917,658.7260364342105
345,D0521_LK,kidney,False,AllocationPriority.PAYBACK,D0521,A,POS,KD,46,Stockholm,Sweden,345,"['A*03', 'A*02']","['B*18', 'B*07']","['C*07', 'C*06']","['DRB1*03', 'DRB1*13']","['DQA1*03:01', 'DQA1*02:01']","['DQB1*06', 'DQB1*05']","['DPA1*01', 'DPA1*02:02']","['DPB1*13', 'DPB1*04']","['A3', 'A2']","['B18', 'B7']","['Cw7', 'Cw6']","['DR3', 'DR6']","['DQ3', 'DQ2']","['DQ1', 'DQ1']","['DP1', 'DP2']","['DP13', 'DP4']",Bw6/Bw6,nan,R0318,A,POS,Kidney,74,Oslo,Norway,0,"['A*02', 'A*03']","['B*08', 'B*27']","['C*01', 'C*01']","['DRB1*13', 'DRB1*03']","['DQA1*01:03', 'DQA1*05:01']","['DQB1*02', 'DQB1*06']","['DPA1*01', 'DPA1*01']","['DPB1*15', 'DPB1*03']","['A2', 'A3']","['B8', 'B27']","['Cw1', 'Cw1']","['DR6', 'DR3']","['DQ1', 'DQ1']","['DQ2', 'DQ1']","['DP1', 'DP1']","['DP15', 'DP3']",Bw4/Bw6,[],0.0,0.85,nan,0,2
345,D0521_RK,kidney,True,AllocationPriority.PAYBACK,D0521,A,POS,KD,46,Stockholm,Sweden,345,"['A*03', 'A*02']","['B*18', 'B*07']","['C*07', 'C*06']","['DRB1*03', 'DRB1*13']","['DQA1*03:01', 'DQA1*02:01']","['DQB1*06', 'DQB1*05']","['DPA1*01', 'DPA1*02:02']","['DPB1*13', 'DPB1*04']","['A3', 'A2']","['B18', 'B7']","['Cw7', 'Cw6']","['DR3', 'DR6']","['DQ3', 'DQ2']","['DQ1', 'DQ1']","['DP1', 'DP2']","['DP13', 'DP4']",Bw6/Bw6,nan,R0460,A,POS,Kidney,59,Aarhus,Denmark,0,"['A*32', 'A*02']","['B*40', 'B*18']","['C*03', 'C*07']","['DRB1*13', 'DRB1*03']","['DQA1*01:03', 'DQA1*01:02']","['DQB1*06', 'DQB1*03']","['DPA1*02:02', 'DPA1*02:02']","['DPB1*04', 'DPB1*11']","['A19', 'A2']","['B40', 'B18']","['Cw3', 'Cw7']","['DR6', 'DR3']","['DQ1', 'DQ1']","['DQ1', 'DQ3']","['DP2', 'DP2']","['DP4', 'DP11']",Bw4/Bw6,[],0.0,0.85,nan,0,2
347,D0522_LK,kidney,False,AllocationPriority.LOCAL,D0522,O,NEG,KD,88,Gothenburg,Sweden,347,"['A*24', 'A*02']","['B*18', 'B*55']","['C*02', 'C*07']","['DRB1*04', 'DRB1*04']","['DQA1*05:01', 'DQA1*03:01']","['DQB1*06', 'DQB1*05']","['DPA1*01', 'DPA1*01']","['DPB1*10', 'DPB1*04']","['A9', 'A2']","['B18', 'B22']","['Cw2', 'Cw7']","['DR4', 'DR4']","['DQ1', 'DQ3']","['DQ1', 'DQ1']","['DP1', 'DP1']","['DP10', 'DP4']",Bw4/Bw6,nan,R0137,O,POS,Kidney,79,Gothenburg,Sweden,0,"['A*24', 'A*24']","['B*15', 'B*18']","['C*07', 'C*03']","['DRB1*13', 'DRB1*04']","['DQA1*05:01', 'DQA1*05:01']","['DQB1*03', 'DQB1*03']","['DPA1*01', 'DPA1*01']","['DPB1*04', 'DPB1*03']","['A9', 'A9']","['B15', 'B18']","['Cw7', 'Cw3']","['DR6', 'DR4']","['DQ1', 'DQ1']","['DQ3', 'DQ3']","['DP1', 'DP1']","['DP4', 'DP3']",Bw6/Bw6,[],0.0,0.41,nan,0,2
347,D0522_RK,kidney,True,AllocationPriority.PRIORITY_7,D0522,O,NEG,KD,88,Gothenburg,Sweden,347,"['A*24', 'A*02']","['B*18', 'B*55']","['C*02', 'C*07']","['DRB1*04', 'DRB1*04']","['DQA1*05:01', 'DQA1*03:01']","['DQB1*06', 'DQB1*05']","['DPA1*01', 'DPA1*01']","['DPB1*10', 'DPB1*04']","['A9', 'A2']","['B18', 'B22']","['Cw2', 'Cw7']","['DR4', 'DR4']","['DQ1', 'DQ3']","['DQ1', 'DQ1']","['DP1', 'DP1']","['DP10', 'DP4']",Bw4/Bw6,nan,R2229,O,POS,Kidney,81,Aarhus,Denmark,7,"['A*24', 'A*02']","['B*18', 'B*27']","['C*12', 'C*05']","['DRB1*04', 'DRB1*12']","['DQA1*01:03', 'DQA1*03:01']","['DQB1*03', 'DQB1*05']","['DPA1*01', 'DPA1*01']","['DPB1*04', 'DPB1*03']","['A9', 'A2']","['B18', 'B27']","['Cw12', 'Cw5']","['DR4', 'DR5']","['DQ1', 'DQ3']","['DQ3', 'DQ1']","['DP1', 'DP1']","['DP4', 'DP3']",Bw4/Bw4,"['DRB1*13', 'DPA1*02:02', 'C*17', 'B*18', 'A*01', 'DPB1*13', 'B*13', 'DPB1*05', 'B*56']",0.5334,0.1913059999999999,nan,0,1,1,202.6942002796759,0.8333333333333334,0.9627550305520983,650.9947961249729
348,D0523_LK,kidney,False,AllocationPriority.PAYBACK,D0523,O,POS,KD,64,Gothenburg,Sweden,348,"['A*32', 'A*02']","['B*08', 'B*18']","['C*04', 'C*05']","['DRB1*04', 'DRB1*15']","['DQA1*02:01', 'DQA1*05:01']","['DQB1*03', 'DQB1*05']","['DPA1*01', 'DPA1*02:02']","['DPB1*04', 'DPB1*01']","['A19', 'A2']","['B8', 'B18']","['Cw4', 'Cw5']","['DR4', 'DR2']","['DQ2', 'DQ1']","['DQ3', 'DQ1']","['DP1', 'DP2']","['DP4', 'DP1']",Bw4/Bw6,nan,R2992,O,POS,Kidney,67,Gothenburg,Sweden,244,"['A*02', 'A*29']","['B*08', 'B*51']","['C*07', 'C*02']","['DRB1*04', 'DRB1*15']","['DQA1*01:01', 'DQA1*05:01']","['DQB1*03', 'DQB1*03']","['DPA1*01', 'DPA1*01']","['DPB1*04', 'DPB1*04']","['A2', 'A19']","['B8', 'B5']","['Cw7', 'Cw2']","['DR4', 'DR2']","['DQ1', 'DQ1']","['DQ3', 'DQ3']","['DP1', 'DP1']","['DP4', 'DP4']",Bw4/Bw4,[],0.0,0.41,nan,0,1
348,D0524_LK,kidney,False,AllocationPriority.LOCAL,D0524,A,POS,KD,57,Oslo,Norway,348,"['A*02', 'A*03']","['B*40', 'B*52']","['C*07', 'C*02']","['DRB1*03', 'DRB1*13']","['DQA1*05:01', 'DQA1*01:03']","['DQB1*05', 'DQB1*05']","['DPA1*01', 'DPA1*01']","['DPB1*03', 'DPB1*02']","['A2', 'A3']","['B40', 'B5']","['Cw7', 'Cw2']","['DR3', 'DR6']","['DQ1', 'DQ1']","['DQ1', 'DQ1']","['DP1', 'DP1']","['DP3', 'DP2']",Bw4/Bw6,nan,R2540,A,POS,Kidney,73,Oslo,Norway,106,"['A*02', 'A*02']","['B*40', 'B*40']","['C*01', 'C*02']","['DRB1*03', 'DRB1*13']","['DQA1*05:01', 'DQA1*01:02']","['DQB1*02', 'DQB1*04']","['DPA1*02:02', 'DPA1*01']","['DPB1*04', 'DPB1*04']","['A2', 'A2']","['B40', 'B40']","['Cw1', 'Cw2']","['DR3', 'DR6']","['DQ1', 'DQ1']","['DQ2', 'DQ4']","['DP2', 'DP1']","['DP4', 'DP4']",Bw6/Bw6,"['B*07', 'DRB1*16', 'DPB1*11']",0.18,0.6970000000000001,nan,0,2
348,D0525_LK,kidney,False,AllocationPriority.LOCAL,D0525,O,POS,KD,49,Aarhus,Denmark,348,"['A*03', 'A*03']","['B*57', 'B*51']","['C*07', 'C*04']","['DRB1*15', 'DRB1*04']","['DQA1*01:01', 'DQA1*05:01']","['DQB1*05', 'DQB1*05']","['DPA1*02:02', 'DPA1*02:02']","['DPB1*05', 'DPB1*04']","['A3', 'A3']","['B17', 'B5']","['Cw7', 'Cw4']","['DR2', 'DR4']","['DQ1', 'DQ1']","['DQ1', 'DQ1']","['DP2', 'DP2']","['DP5', 'DP4']",Bw4/Bw4,nan,R3004,O,POS,Kidney,85,Aarhus,Denmark,247,"['A*01', 'A*11']","['B*51', 'B*18']","['C*07', 'C*07']","['DRB1*15', 'DRB1*04']","['DQA1*01:02', 'DQA1*03:01']","['DQB1*06', 'DQB1*06']","['DPA1*02:02', 'DPA1*02:02']","['DPB1*04', 'DPB1*04']","['A1', 'A11']","['B5', 'B18']","['Cw7', 'Cw7']","['DR2', 'DR4']","['DQ1', 'DQ3']","['DQ1', 'DQ1']","['DP2', 'DP2']","['DP4', 'DP4']",Bw4/Bw6,"['DQA1*01:02', 'DPB1*24', 'C*07', 'B*14', 'A*24', 'B*27', 'C*14', 'A*69']",0.7417,0.1059029999999999,nan,0,3
348,D0523_RK,kidney,True,AllocationPriority.PRIORITY_7,D0523,O,POS,KD,64,Gothenburg,Sweden,348,"['A*32', 'A*02']","['B*08', 'B*18']","['C*04', 'C*05']","['DRB1*04', 'DRB1*15']","['DQA1*02:01', 'DQA1*05:01']","['DQB1*03', 'DQB1*05']","['DPA1*01', 'DPA1*02:02']","['DPB1*04', 'DPB1*01']","['A19', 'A2']","['B8', 'B18']","['Cw4', 'Cw5']","['DR4', 'DR2']","['DQ2', 'DQ1']","['DQ3', 'DQ1']","['DP1', 'DP2']","['DP4', 'DP1']",Bw4/Bw6,nan,R0051,O,POS,Kidney,69,Gothenburg,Sweden,0,"['A*02', 'A*03']","['B*35', 'B*08']","['C*03', 'C*06']","['DRB1*04', 'DRB1*15']","['DQA1*01:02', 'DQA1*02:01']","['DQB1*03', 'DQB1*06']","['DPA1*01', 'DPA1*01']","['DPB1*04', 'DPB1*04']","['A2', 'A3']","['B35', 'B8']","['Cw3', 'Cw6']","['DR4', 'DR2']","['DQ1', 'DQ2']","['DQ3', 'DQ1']","['DP1', 'DP1']","['DP4', 'DP4']",Bw6/Bw6,"['DPB1*03', 'B*58', 'DRB1*12']",0.1365,0.3540349999999999,nan,0,2,2,0.0,0.6666666666666667,1.0,603.1672386167969
348,D0524_RK,kidney,True,AllocationPriority.PRIORITY_7,D0524,A,POS,KD,57,Oslo,Norway,348,"['A*02', 'A*03']","['B*40', 'B*52']","['C*07', 'C*02']","['DRB1*03', 'DRB1*13']","['DQA1*05:01', 'DQA1*01:03']","['DQB1*05', 'DQB1*05']","['DPA1*01', 'DPA1*01']","['DPB1*03', 'DPB1*02']","['A2', 'A3']","['B40', 'B5']","['Cw7', 'Cw2']","['DR3', 'DR6']","['DQ1', 'DQ1']","['DQ1', 'DQ1']","['DP1', 'DP1']","['DP3', 'DP2']",Bw4/Bw6,nan,R2809,A,POS,Kidney,81,Gothenburg,Sweden,185,"['A*02', 'A*03']","['B*40', 'B*07']","['C*07', 'C*03']","['DRB1*13', 'DRB1*01']","['DQA1*02:01', 'DQA1*01:01']","['DQB1*02', 'DQB1*04']","['DPA1*01', 'DPA1*01']","['DPB1*04', 'DPB1*01']","['A2', 'A3']","['B40', 'B7']","['Cw7', 'Cw3']","['DR6', 'DR1']","['DQ2', 'DQ1']","['DQ2', 'DQ4']","['DP1', 'DP1']","['DP4', 'DP1']",Bw6/Bw6,"['DPB1*03', 'A*68', 'DPB1*51', 'DQB1*05', 'B*58', 'A*34', 'B*47', 'C*18', 'DPB1*01']",0.3668,0.5382199999999999,nan,1,1,2,255.07748105944097,0.6666666666666667,0.9531296259301052,586.3663420747728
348,D0525_RK,kidney,True,AllocationPriority.PRIORITY_7,D0525,O,POS,KD,49,Aarhus,Denmark,348,"['A*03', 'A*03']","['B*57', 'B*51']","['C*07', 'C*04']","['DRB1*15', 'DRB1*04']","['DQA1*01:01', 'DQA1*05:01']","['DQB1*05', 'DQB1*05']","['DPA1*02:02', 'DPA1*02:02']","['DPB1*05', 'DPB1*04']","['A3', 'A3']","['B17', 'B5']","['Cw7', 'Cw4']","['DR2', 'DR4']","['DQ1', 'DQ1']","['DQ1', 'DQ1']","['DP2', 'DP2']","['DP5', 'DP4']",Bw4/Bw4,nan,R0363,O,POS,Kidney,70,Copenhagen,Denmark,0,"['A*11', 'A*03']","['B*44', 'B*51']","['C*07', 'C*03']","['DRB1*04', 'DRB1*15']","['DQA1*01:02', 'DQA1*01:01']","['DQB1*06', 'DQB1*03']","['DPA1*01', 'DPA1*01']","['DPB1*04', 'DPB1*01']","['A11', 'A3']","['B12', 'B5']","['Cw7', 'Cw3']","['DR4', 'DR2']","['DQ1', 'DQ1']","['DQ1', 'DQ3']","['DP1', 'DP1']","['DP4', 'DP1']",Bw4/Bw4,[],0.0,0.41,nan,0,1,1,156.94272365318082,0.8333333333333334,0.9711618441007791,654.0082562793307
350,D0526_LK,kidney,False,AllocationPriority.LOCAL,D0526,A,POS,KD,24,Helsinki,Finland,350,"['A*31', 'A*24']","['B*27', 'B*35']","['C*07', 'C*07']","['DRB1*12', 'DRB1*04']","['DQA1*01:02', 'DQA1*01:03']","['DQB1*06', 'DQB1*05']","['DPA1*01', 'DPA1*01']","['DPB1*04', 'DPB1*19']","['A19', 'A9']","['B27', 'B35']","['Cw7', 'Cw7']","['DR5', 'DR4']","['DQ1', 'DQ1']","['DQ1', 'DQ1']","['DP1', 'DP1']","['DP4', 'DP19']",Bw6/Bw6,nan,R0898,A,NEG,Kidney,46,Helsinki,Finland,0,"['A*03', 'A*02']","['B*27', 'B*55']","['C*08', 'C*03']","['DRB1*11', 'DRB1*04']","['DQA1*01:01', 'DQA1*01:03']","['DQB1*06', 'DQB1*06']","['DPA1*01', 'DPA1*01']","['DPB1*02', 'DPB1*01']","['A3', 'A2']","['B27', 'B22']","['Cw8', 'Cw3']","['DR5', 'DR4']","['DQ1', 'DQ1']","['DQ1', 'DQ1']","['DP1', 'DP1']","['DP2', 'DP1']",Bw4/Bw6,"['DPB1*115', 'DQB1*04', 'C*14', 'B*49', 'DRB1*11', 'B*56']",0.1155,0.751825,nan,0,3
350,D0527_LK,kidney,False,AllocationPriority.PAYBACK,D0527,A,POS,KD,37,Stockholm,Sweden,350,"['A*03', 'A*01']","['B*07', 'B*44']","['C*07', 'C*02']","['DRB1*15', 'DRB1*04']","['DQA1*05:01', 'DQA1*05:01']","['DQB1*06', 'DQB1*03']","['DPA1*01', 'DPA1*01']","['DPB1*19', 'DPB1*04']","['A3', 'A1']","['B7', 'B12']","['Cw7', 'Cw2']","['DR2', 'DR4']","['DQ1', 'DQ1']","['DQ1', 'DQ3']","['DP1', 'DP1']","['DP19', 'DP4']",Bw4/Bw6,nan,R0338,A,POS,Kidney,47,Stockholm,Sweden,0,"['A*23', 'A*01']","['B*07', 'B*45']","['C*05', 'C*07']","['DRB1*04', 'DRB1*15']","['DQA1*01:02', 'DQA1*01:01']","['DQB1*06', 'DQB1*03']","['DPA1*02:02', 'DPA1*01']","['DPB1*02', 'DPB1*04']","['A9', 'A1']","['B7', 'B12']","['Cw5', 'Cw7']","['DR4', 'DR2']","['DQ1', 'DQ1']","['DQ1', 'DQ3']","['DP2', 'DP1']","['DP2', 'DP4']",Bw4/Bw4,"['B*27', 'DRB1*12', 'DPB1*23', 'B*50', 'DPB1*11', 'C*02', 'B*47', 'DPB1*35', 'DPB1*14']",0.1691,0.7062649999999999,nan,0,1
350,D0526_RK,kidney,True,AllocationPriority.PRIORITY_7,D0526,A,POS,KD,24,Helsinki,Finland,350,"['A*31', 'A*24']","['B*27', 'B*35']","['C*07', 'C*07']","['DRB1*12', 'DRB1*04']","['DQA1*01:02', 'DQA1*01:03']","['DQB1*06', 'DQB1*05']","['DPA1*01', 'DPA1*01']","['DPB1*04', 'DPB1*19']","['A19', 'A9']","['B27', 'B35']","['Cw7', 'Cw7']","['DR5', 'DR4']","['DQ1', 'DQ1']","['DQ1', 'DQ1']","['DP1', 'DP1']","['DP4', 'DP19']",Bw6/Bw6,nan,R1766,A,NEG,Kidney,73,Uppsala,Sweden,0,"['A*24', 'A*01']","['B*27', 'B*35']","['C*12', 'C*07']","['DRB1*12', 'DRB1*01']","['DQA1*01:01', 'DQA1*01:02']","['DQB1*02', 'DQB1*06']","['DPA1*01', 'DPA1*01']","['DPB1*04', 'DPB1*04']","['A9', 'A1']","['B27', 'B35']","['Cw12', 'Cw7']","['DR5', 'DR1']","['DQ1', 'DQ1']","['DQ2', 'DQ1']","['DP1', 'DP1']","['DP4', 'DP4']",Bw4/Bw4,"['B*41', 'A*30', 'C*06', 'DPB1*24', 'C*14', 'C*16', 'DQA1*01:01', 'DQB1*05', 'DRB1*11']",0.4201,0.4929149999999999,nan,1,1,2,406.75573730697454,0.6666666666666667,0.9252588135829557,576.3759239465037
350,D0527_RK,kidney,True,AllocationPriority.PRIORITY_7,D0527,A,POS,KD,37,Stockholm,Sweden,350,"['A*03', 'A*01']","['B*07', 'B*44']","['C*07', 'C*02']","['DRB1*15', 'DRB1*04']","['DQA1*05:01', 'DQA1*05:01']","['DQB1*06', 'DQB1*03']","['DPA1*01', 'DPA1*01']","['DPB1*19', 'DPB1*04']","['A3', 'A1']","['B7', 'B12']","['Cw7', 'Cw2']","['DR2', 'DR4']","['DQ1', 'DQ1']","['DQ1', 'DQ3']","['DP1', 'DP1']","['DP19', 'DP4']",Bw4/Bw6,nan,R0617,A,POS,Kidney,82,Stockholm,Sweden,0,"['A*24', 'A*01']","['B*07', 'B*44']","['C*03', 'C*03']","['DRB1*15', 'DRB1*04']","['DQA1*01:02', 'DQA1*03:01']","['DQB1*03', 'DQB1*06']","['DPA1*01', 'DPA1*01']","['DPB1*01', 'DPB1*04']","['A9', 'A1']","['B7', 'B12']","['Cw3', 'Cw3']","['DR2', 'DR4']","['DQ1', 'DQ3']","['DQ3', 'DQ1']","['DP1', 'DP1']","['DP1', 'DP4']",Bw4/Bw4,[],0.0,0.85,nan,0,1,1,0.0,0.8333333333333334,1.0,664.345423057711
351,D0528_LK,kidney,False,AllocationPriority.LOCAL,D0528,B,POS,KD,68,Stockholm,Sweden,351,"['A*02', 'A*26']","['B*40', 'B*07']","['C*03', 'C*07']","['DRB1*15', 'DRB1*01']","['DQA1*05:01', 'DQA1*05:01']","['DQB1*05', 'DQB1*02']","['DPA1*01', 'DPA1*01']","['DPB1*16', 'DPB1*04']","['A2', 'A10']","['B40', 'B7']","['Cw3', 'Cw7']","['DR2', 'DR1']","['DQ1', 'DQ1']","['DQ1', 'DQ2']","['DP1', 'DP1']","['DP16', 'DP4']",Bw4/Bw6,nan,R0664,B,POS,Kidney,70,Stockholm,Sweden,0,"['A*01', 'A*26']","['B*07', 'B*07']","['C*03', 'C*15']","['DRB1*13', 'DRB1*15']","['DQA1*01:01', 'DQA1*05:01']","['DQB1*06', 'DQB1*05']","['DPA1*01', 'DPA1*01']","['DPB1*04', 'DPB1*04']","['A1', 'A10']","['B7', 'B7']","['Cw3', 'Cw15']","['DR6', 'DR2']","['DQ1', 'DQ1']","['DQ1', 'DQ1']","['DP1', 'DP1']","['DP4', 'DP4']",Bw4/Bw6,"['B*53', 'A*74', 'B*49', 'B*52', 'B*73', 'DPB1*23', 'DQA1*01:03']",0.0904,0.472992,nan,1,2
351,D0529_LK,kidney,False,AllocationPriority.LOCAL,D0529,B,NEG,KD,21,Helsinki,Finland,351,"['A*01', 'A*03']","['B*15', 'B*44']","['C*02', 'C*07']","['DRB1*15', 'DRB1*04']","['DQA1*01:02', 'DQA1*01:01']","['DQB1*02', 'DQB1*06']","['DPA1*01', 'DPA1*01']","['DPB1*02', 'DPB1*03']","['A1', 'A3']","['B15', 'B12']","['Cw2', 'Cw7']","['DR2', 'DR4']","['DQ1', 'DQ1']","['DQ2', 'DQ1']","['DP1', 'DP1']","['DP2', 'DP3']",Bw4/Bw4,nan,R2968,B,POS,Kidney,86,Helsinki,Finland,238,"['A*02', 'A*02']","['B*18', 'B*08']","['C*08', 'C*07']","['DRB1*04', 'DRB1*15']","['DQA1*05:01', 'DQA1*05:01']","['DQB1*03', 'DQB1*02']","['DPA1*02:02', 'DPA1*02:02']","['DPB1*19', 'DPB1*04']","['A2', 'A2']","['B18', 'B8']","['Cw8', 'Cw7']","['DR4', 'DR2']","['DQ1', 'DQ1']","['DQ3', 'DQ2']","['DP2', 'DP2']","['DP19', 'DP4']",Bw6/Bw6,[],0.0,0.52,nan,0,4
351,D0530_LK,kidney,False,AllocationPriority.PAYBACK,D0530,O,POS,KD,85,Helsinki,Finland,351,"['A*32', 'A*02']","['B*07', 'B*14']","['C*01', 'C*01']","['DRB1*15', 'DRB1*15']","['DQA1*03:01', 'DQA1*01:01']","['DQB1*02', 'DQB1*02']","['DPA1*01', 'DPA1*01']","['DPB1*04', 'DPB1*04']","['A19', 'A2']","['B7', 'B14']","['Cw1', 'Cw1']","['DR2', 'DR2']","['DQ3', 'DQ1']","['DQ2', 'DQ2']","['DP1', 'DP1']","['DP4', 'DP4']",Bw4/Bw6,nan,R2870,O,POS,Kidney,29,Tartu,Estonia,207,"['A*02', 'A*31']","['B*07', 'B*14']","['C*01', 'C*07']","['DRB1*03', 'DRB1*15']","['DQA1*05:01', 'DQA1*05:01']","['DQB1*03', 'DQB1*06']","['DPA1*01', 'DPA1*01']","['DPB1*11', 'DPB1*11']","['A2', 'A19']","['B7', 'B14']","['Cw1', 'Cw7']","['DR3', 'DR2']","['DQ1', 'DQ1']","['DQ3', 'DQ1']","['DP1', 'DP1']","['DP11', 'DP11']",Bw4/Bw6,"['B*47', 'DPB1*115', 'A*68', 'A*01', 'A*29', 'B*37', 'DRB1*12', 'DPB1*03', 'C*08']",0.396,0.24764,nan,0,0
351,D0531_LK,kidney,False,AllocationPriority.PAYBACK,D0531,O,POS,KD,52,Oslo,Norway,351,"['A*24', 'A*01']","['B*35', 'B*08']","['C*05', 'C*03']","['DRB1*03', 'DRB1*09']","['DQA1*01:02', 'DQA1*02:01']","['DQB1*03', 'DQB1*03']","['DPA1*01', 'DPA1*02:02']","['DPB1*04', 'DPB1*04']","['A9', 'A1']","['B35', 'B8']","['Cw5', 'Cw3']","['DR3', 'DR9']","['DQ1', 'DQ2']","['DQ3', 'DQ3']","['DP1', 'DP2']","['DP4', 'DP4']",Bw4/Bw6,nan,R3341,O,POS,Kidney,90,Gothenburg,Sweden,350,"['A*02', 'A*23']","['B*08', 'B*37']","['C*01', 'C*07']","['DRB1*09', 'DRB1*03']","['DQA1*03:01', 'DQA1*02:01']","['DQB1*02', 'DQB1*06']","['DPA1*02:02', 'DPA1*01']","['DPB1*04', 'DPB1*04']","['A2', 'A9']","['B8', 'B37']","['Cw1', 'Cw7']","['DR9', 'DR3']","['DQ3', 'DQ2']","['DQ2', 'DQ1']","['DP2', 'DP1']","['DP4', 'DP4']",Bw4/Bw4,"['B*39', 'A*74', 'B*38', 'DQA1*03:01', 'DPB1*51', 'DRB1*10', 'DPB1*424', 'B*58', 'C*05']",0.3188,0.279292,nan,0,2
351,D0532_LK,kidney,False,AllocationPriority.LOCAL,D0532,O,POS,KD,63,Helsinki,Finland,351,"['A*24', 'A*03']","['B*56', 'B*49']","['C*07', 'C*05']","['DRB1*07', 'DRB1*01']","['DQA1*02:01', 'DQA1*01:02']","['DQB1*06', 'DQB1*03']","['DPA1*01', 'DPA1*01']","['DPB1*04', 'DPB1*03']","['A9', 'A3']","['B22', 'B21']","['Cw7', 'Cw5']","['DR7', 'DR1']","['DQ2', 'DQ1']","['DQ1', 'DQ3']","['DP1', 'DP1']","['DP4', 'DP3']",Bw4/Bw4,nan,R3290,O,POS,Kidney,52,Helsinki,Finland,330,"['A*24', 'A*01']","['B*39', 'B*55']","['C*06', 'C*07']","['DRB1*01', 'DRB1*07']","['DQA1*04:01', 'DQA1*01:02']","['DQB1*02', 'DQB1*04']","['DPA1*01', 'DPA1*01']","['DPB1*16', 'DPB1*04']","['A9', 'A1']","['B16', 'B22']","['Cw6', 'Cw7']","['DR1', 'DR7']","['DQ4', 'DQ1']","['DQ2', 'DQ4']","['DP1', 'DP1']","['DP16', 'DP4']",Bw4/Bw4,[],0.0,0.41,nan,0,2
351,D0528_RK,kidney,True,AllocationPriority.PRIORITY_7,D0528,B,POS,KD,68,Stockholm,Sweden,351,"['A*02', 'A*26']","['B*40', 'B*07']","['C*03', 'C*07']","['DRB1*15', 'DRB1*01']","['DQA1*05:01', 'DQA1*05:01']","['DQB1*05', 'DQB1*02']","['DPA1*01', 'DPA1*01']","['DPB1*16', 'DPB1*04']","['A2', 'A10']","['B40', 'B7']","['Cw3', 'Cw7']","['DR2', 'DR1']","['DQ1', 'DQ1']","['DQ1', 'DQ2']","['DP1', 'DP1']","['DP16', 'DP4']",Bw4/Bw6,nan,R0045,B,POS,Kidney,51,Oslo,Norway,0,"['A*02', 'A*02']","['B*07', 'B*40']","['C*01', 'C*06']","['DRB1*07', 'DRB1*15']","['DQA1*05:01', 'DQA1*01:02']","['DQB1*03', 'DQB1*03']","['DPA1*01', 'DPA1*01']","['DPB1*01', 'DPB1*04']","['A2', 'A2']","['B7', 'B40']","['Cw1', 'Cw6']","['DR7', 'DR2']","['DQ1', 'DQ1']","['DQ3', 'DQ3']","['DP1', 'DP1']","['DP1', 'DP4']",Bw6/Bw6,"['C*18', 'DRB1*08']",0.0447,0.496756,nan,1,1,2,416.29852378382344,0.6666666666666667,0.9235053307981119,575.747380150108
351,D0529_RK,kidney,True,AllocationPriority.PRIORITY_7,D0529,B,NEG,KD,21,Helsinki,Finland,351,"['A*01', 'A*03']","['B*15', 'B*44']","['C*02', 'C*07']","['DRB1*15', 'DRB1*04']","['DQA1*01:02', 'DQA1*01:01']","['DQB1*02', 'DQB1*06']","['DPA1*01', 'DPA1*01']","['DPB1*02', 'DPB1*03']","['A1', 'A3']","['B15', 'B12']","['Cw2', 'Cw7']","['DR2', 'DR4']","['DQ1', 'DQ1']","['DQ2', 'DQ1']","['DP1', 'DP1']","['DP2', 'DP3']",Bw4/Bw4,nan,R0872,B,POS,Kidney,37,Helsinki,Finland,0,"['A*01', 'A*01']","['B*15', 'B*44']","['C*08', 'C*03']","['DRB1*15', 'DRB1*07']","['DQA1*05:01', 'DQA1*01:01']","['DQB1*02', 'DQB1*03']","['DPA1*01', 'DPA1*01']","['DPB1*03', 'DPB1*19']","['A1', 'A1']","['B15', 'B12']","['Cw8', 'Cw3']","['DR2', 'DR7']","['DQ1', 'DQ1']","['DQ2', 'DQ3']","['DP1', 'DP1']","['DP3', 'DP19']",Bw4/Bw4,[],0.0,0.52,nan,1,1,2,0.0,0.6666666666666667,1.0,603.1672386167969
351,D0530_RK,kidney,True,AllocationPriority.PRIORITY_7,D0530,O,POS,KD,85,Helsinki,Finland,351,"['A*32', 'A*02']","['B*07', 'B*14']","['C*01', 'C*01']","['DRB1*15', 'DRB1*15']","['DQA1*03:01', 'DQA1*01:01']","['DQB1*02', 'DQB1*02']","['DPA1*01', 'DPA1*01']","['DPB1*04', 'DPB1*04']","['A19', 'A2']","['B7', 'B14']","['Cw1', 'Cw1']","['DR2', 'DR2']","['DQ3', 'DQ1']","['DQ2', 'DQ2']","['DP1', 'DP1']","['DP4', 'DP4']",Bw4/Bw6,nan,R1459,O,POS,Kidney,54,Helsinki,Finland,0,"['A*32', 'A*02']","['B*07', 'B*51']","['C*03', 'C*07']","['DRB1*03', 'DRB1*15']","['DQA1*05:01', 'DQA1*01:02']","['DQB1*02', 'DQB1*02']","['DPA1*01', 'DPA1*02:02']","['DPB1*04', 'DPB1*10']","['A19', 'A2']","['B7', 'B5']","['Cw3', 'Cw7']","['DR3', 'DR2']","['DQ1', 'DQ1']","['DQ2', 'DQ2']","['DP1', 'DP2']","['DP4', 'DP10']",Bw4/Bw4,[],0.0,0.41,nan,0,1,1,0.0,0.8333333333333334,1.0,664.345423057711
351,D0531_RK,kidney,True,AllocationPriority.PAYBACK,D0531,O,POS,KD,52,Oslo,Norway,351,"['A*24', 'A*01']","['B*35', 'B*08']","['C*05', 'C*03']","['DRB1*03', 'DRB1*09']","['DQA1*01:02', 'DQA1*02:01']","['DQB1*03', 'DQB1*03']","['DPA1*01', 'DPA1*02:02']","['DPB1*04', 'DPB1*04']","['A9', 'A1']","['B35', 'B8']","['Cw5', 'Cw3']","['DR3', 'DR9']","['DQ1', 'DQ2']","['DQ3', 'DQ3']","['DP1', 'DP2']","['DP4', 'DP4']",Bw4/Bw6,nan,R2793,O,POS,Kidney,82,Helsinki,Finland,182,"['A*02', 'A*02']","['B*35', 'B*57']","['C*07', 'C*07']","['DRB1*03', 'DRB1*09']","['DQA1*01:02', 'DQA1*01:02']","['DQB1*05', 'DQB1*02']","['DPA1*02:02', 'DPA1*01']","['DPB1*04', 'DPB1*03']","['A2', 'A2']","['B35', 'B17']","['Cw7', 'Cw7']","['DR3', 'DR9']","['DQ1', 'DQ1']","['DQ1', 'DQ2']","['DP2', 'DP1']","['DP4', 'DP3']",Bw4/Bw6,[],0.0,0.41,nan,0,3
351,D0532_RK,kidney,True,AllocationPriority.PRIORITY_7,D0532,O,POS,KD,63,Helsinki,Finland,351,"['A*24', 'A*03']","['B*56', 'B*49']","['C*07', 'C*05']","['DRB1*07', 'DRB1*01']","['DQA1*02:01', 'DQA1*01:02']","['DQB1*06', 'DQB1*03']","['DPA1*01', 'DPA1*01']","['DPB1*04', 'DPB1*03']","['A9', 'A3']","['B22', 'B21']","['Cw7', 'Cw5']","['DR7', 'DR1']","['DQ2', 'DQ1']","['DQ1', 'DQ3']","['DP1', 'DP1']","['DP4', 'DP3']",Bw4/Bw4,nan,R0277,O,NEG,Kidney,71,Skane,Sweden,0,"['A*02', 'A*24']","['B*44', 'B*49']","['C*03', 'C*12']","['DRB1*07', 'DRB1*01']","['DQA1*05:01', 'DQA1*05:01']","['DQB1*06', 'DQB1*05']","['DPA1*01', 'DPA1*01']","['DPB1*02', 'DPB1*04']","['A2', 'A9']","['B12', 'B21']","['Cw3', 'Cw12']","['DR7', 'DR1']","['DQ1', 'DQ1']","['DQ1', 'DQ1']","['DP1', 'DP1']","['DP2', 'DP4']",Bw6/Bw6,[],0.0,0.41,nan,0,2,2,866.8707084757625,0.6666666666666667,0.8407128915977277,546.0700576821203
353,D0533_LK,kidney,False,AllocationPriority.PAYBACK,D0533,A,POS,KD,63,Gothenburg,Sweden,353,"['A*01', 'A*01']","['B*08', 'B*15']","['C*07', 'C*05']","['DRB1*01', 'DRB1*07']","['DQA1*01:02', 'DQA1*01:02']","['DQB1*02', 'DQB1*02']","['DPA1*01', 'DPA1*02:02']","['DPB1*04', 'DPB1*03']","['A1', 'A1']","['B8', 'B15']","['Cw7', 'Cw5']","['DR1', 'DR7']","['DQ1', 'DQ1']","['DQ2', 'DQ2']","['DP1', 'DP2']","['DP4', 'DP3']",Bw4/Bw6,nan,R2643,A,POS,Kidney,85,Stockholm,Sweden,135,"['A*66', 'A*01']","['B*37', 'B*08']","['C*07', 'C*05']","['DRB1*01', 'DRB1*07']","['DQA1*02:01', 'DQA1*03:01']","['DQB1*03', 'DQB1*02']","['DPA1*01', 'DPA1*01']","['DPB1*04', 'DPB1*04']","['A10', 'A1']","['B37', 'B8']","['Cw7', 'Cw5']","['DR1', 'DR7']","['DQ2', 'DQ3']","['DQ3', 'DQ2']","['DP1', 'DP1']","['DP4', 'DP4']",Bw4/Bw4,[],0.0,0.85,nan,0,1
353,D0534_LK,kidney,False,AllocationPriority.PAYBACK,D0534,O,POS,KD,67,Copenhagen,Denmark,353,"['A*02', 'A*31']","['B*51', 'B*44']","['C*07', 'C*07']","['DRB1*13', 'DRB1*04']","['DQA1*01:02', 'DQA1*05:01']","['DQB1*06', 'DQB1*03']","['DPA1*01', 'DPA1*01']","['DPB1*04', 'DPB1*04']","['A2', 'A19']","['B5', 'B12']","['Cw7', 'Cw7']","['DR6', 'DR4']","['DQ1', 'DQ1']","['DQ1', 'DQ3']","['DP1', 'DP1']","['DP4', 'DP4']",Bw6/Bw6,nan,R2963,O,POS,Kidney,89,Tartu,Estonia,237,"['A*02', 'A*30']","['B*27', 'B*52']","['C*07', 'C*08']","['DRB1*04', 'DRB1*13']","['DQA1*05:01', 'DQA1*01:02']","['DQB1*06', 'DQB1*05']","['DPA1*01', 'DPA1*02:02']","['DPB1*05', 'DPB1*11']","['A2', 'A19']","['B27', 'B5']","['Cw7', 'Cw8']","['DR4', 'DR6']","['DQ1', 'DQ1']","['DQ1', 'DQ1']","['DP1', 'DP2']","['DP5', 'DP11']",Bw6/Bw6,[],0.0,0.41,nan,0,1
353,D0535_LK,kidney,False,AllocationPriority.PAYBACK,D0535,O,POS,KD,60,Gothenburg,Sweden,353,"['A*25', 'A*02']","['B*08', 'B*15']","['C*05', 'C*07']","['DRB1*01', 'DRB1*03']","['DQA1*05:01', 'DQA1*05:01']","['DQB1*03', 'DQB1*02']","['DPA1*01', 'DPA1*01']","['DPB1*04', 'DPB1*01']","['A10', 'A2']","['B8', 'B15']","['Cw5', 'Cw7']","['DR1', 'DR3']","['DQ1', 'DQ1']","['DQ3', 'DQ2']","['DP1', 'DP1']","['DP4', 'DP1']",Bw4/Bw4,nan,R2019,O,POS,Kidney,58,Tartu,Estonia,0,"['A*23', 'A*02']","['B*08', 'B*15']","['C*07', 'C*08']","['DRB1*03', 'DRB1*01']","['DQA1*05:01', 'DQA1*04:01']","['DQB1*02', 'DQB1*03']","['DPA1*01', 'DPA1*01']","['DPB1*04', 'DPB1*04']","['A9', 'A2']","['B8', 'B15']","['Cw7', 'Cw8']","['DR3', 'DR1']","['DQ1', 'DQ4']","['DQ2', 'DQ3']","['DP1', 'DP1']","['DP4', 'DP4']",Bw4/Bw4,"['C*04', 'DQB1*02', 'C*05']",0.3686,0.258874,nan,0,1
353,D0536_LK,kidney,False,AllocationPriority.PAYBACK,D0536,O,POS,KD,38,Gothenburg,Sweden,353,"['A*02', 'A*03']","['B*18', 'B*08']","['C*07', 'C*04']","['DRB1*15', 'DRB1*12']","['DQA1*02:01', 'DQA1*01:01']","['DQB1*03', 'DQB1*05']","['DPA1*01', 'DPA1*01']","['DPB1*04', 'DPB1*04']","['A2', 'A3']","['B18', 'B8']","['Cw7', 'Cw4']","['DR2', 'DR5']","['DQ2', 'DQ1']","['DQ3', 'DQ1']","['DP1', 'DP1']","['DP4', 'DP4']",Bw6/Bw6,nan,R1275,O,NEG,Kidney,79,Aarhus,Denmark,0,"['A*24', 'A*02']","['B*18', 'B*18']","['C*03', 'C*07']","['DRB1*11', 'DRB1*15']","['DQA1*03:01', 'DQA1*01:02']","['DQB1*02', 'DQB1*03']","['DPA1*01', 'DPA1*02:02']","['DPB1*04', 'DPB1*01']","['A9', 'A2']","['B18', 'B18']","['Cw3', 'Cw7']","['DR5', 'DR2']","['DQ3', 'DQ1']","['DQ2', 'DQ3']","['DP1', 'DP2']","['DP4', 'DP1']",Bw4/Bw6,[],0.0,0.41,nan,0,2
353,D0537_LK,kidney,False,AllocationPriority.LOCAL,D0537,A,POS,KD,61,Skane,Sweden,353,"['A*02', 'A*68']","['B*07', 'B*15']","['C*08', 'C*07']","['DRB1*15', 'DRB1*03']","['DQA1*01:01', 'DQA1*03:01']","['DQB1*02', 'DQB1*02']","['DPA1*01', 'DPA1*02:02']","['DPB1*04', 'DPB1*04']","['A2', 'A28']","['B7', 'B15']","['Cw8', 'Cw7']","['DR2', 'DR3']","['DQ1', 'DQ3']","['DQ2', 'DQ2']","['DP1', 'DP2']","['DP4', 'DP4']",Bw4/Bw6,nan,R0801,A,NEG,Kidney,59,Skane,Sweden,0,"['A*02', 'A*03']","['B*13', 'B*07']","['C*02', 'C*07']","['DRB1*07', 'DRB1*15']","['DQA1*01:02', 'DQA1*01:01']","['DQB1*02', 'DQB1*05']","['DPA1*01', 'DPA1*01']","['DPB1*04', 'DPB1*01']","['A2', 'A3']","['B13', 'B7']","['Cw2', 'Cw7']","['DR7', 'DR2']","['DQ1', 'DQ1']","['DQ2', 'DQ1']","['DP1', 'DP1']","['DP4', 'DP1']",Bw4/Bw6,"['B*44', 'A*31', 'DPB1*16', 'DQB1*05', 'B*42', 'C*14', 'DPB1*17', 'B*41', 'B*14']",0.3542,0.5489299999999999,nan,1,2
353,D0533_RK,kidney,True,AllocationPriority.PAYBACK,D0533,A,POS,KD,63,Gothenburg,Sweden,353,"['A*01', 'A*01']","['B*08', 'B*15']","['C*07', 'C*05']","['DRB1*01', 'DRB1*07']","['DQA1*01:02', 'DQA1*01:02']","['DQB1*02', 'DQB1*02']","['DPA1*01', 'DPA1*02:02']","['DPB1*04', 'DPB1*03']","['A1', 'A1']","['B8', 'B15']","['Cw7', 'Cw5']","['DR1', 'DR7']","['DQ1', 'DQ1']","['DQ2', 'DQ2']","['DP1', 'DP2']","['DP4', 'DP3']",Bw4/Bw6,nan,R1479,A,POS,Kidney,23,Helsinki,Finland,0,"['A*01', 'A*01']","['B*40', 'B*40']","['C*07', 'C*03']","['DRB1*07', 'DRB1*01']","['DQA1*05:01', 'DQA1*02:01']","['DQB1*03', 'DQB1*05']","['DPA1*01', 'DPA1*02:02']","['DPB1*02', 'DPB1*01']","['A1', 'A1']","['B40', 'B40']","['Cw7', 'Cw3']","['DR7', 'DR1']","['DQ1', 'DQ2']","['DQ3', 'DQ1']","['DP1', 'DP2']","['DP2', 'DP1']",Bw6/Bw6,"['DPB1*15', 'DPB1*26', 'A*31', 'DPB1*09', 'DPB1*24', 'DRB1*01', 'DQA1*02:01', 'C*03']",0.4851,0.437665,nan,0,2
353,D0534_RK,kidney,True,AllocationPriority.PRIORITY_7,D0534,O,POS,KD,67,Copenhagen,Denmark,353,"['A*02', 'A*31']","['B*51', 'B*44']","['C*07', 'C*07']","['DRB1*13', 'DRB1*04']","['DQA1*01:02', 'DQA1*05:01']","['DQB1*06', 'DQB1*03']","['DPA1*01', 'DPA1*01']","['DPB1*04', 'DPB1*04']","['A2', 'A19']","['B5', 'B12']","['Cw7', 'Cw7']","['DR6', 'DR4']","['DQ1', 'DQ1']","['DQ1', 'DQ3']","['DP1', 'DP1']","['DP4', 'DP4']",Bw6/Bw6,nan,R1554,O,POS,Kidney,57,Copenhagen,Denmark,0,"['A*32', 'A*02']","['B*44', 'B*51']","['C*04', 'C*05']","['DRB1*01', 'DRB1*04']","['DQA1*03:01', 'DQA1*05:01']","['DQB1*02', 'DQB1*02']","['DPA1*01', 'DPA1*01']","['DPB1*02', 'DPB1*04']","['A19', 'A2']","['B12', 'B5']","['Cw4', 'Cw5']","['DR1', 'DR4']","['DQ3', 'DQ1']","['DQ2', 'DQ2']","['DP1', 'DP1']","['DP2', 'DP4']",Bw6/Bw6,[],0.0,0.41,nan,1,1,2,0.0,0.6666666666666667,1.0,603.1672386167969
353,D0535_RK,kidney,True,AllocationPriority.PRIORITY_7,D0535,O,POS,KD,60,Gothenburg,Sweden,353,"['A*25', 'A*02']","['B*08', 'B*15']","['C*05', 'C*07']","['DRB1*01', 'DRB1*03']","['DQA1*05:01', 'DQA1*05:01']","['DQB1*03', 'DQB1*02']","['DPA1*01', 'DPA1*01']","['DPB1*04', 'DPB1*01']","['A10', 'A2']","['B8', 'B15']","['Cw5', 'Cw7']","['DR1', 'DR3']","['DQ1', 'DQ1']","['DQ3', 'DQ2']","['DP1', 'DP1']","['DP4', 'DP1']",Bw4/Bw4,nan,R2559,O,POS,Kidney,47,Helsinki,Finland,112,"['A*25', 'A*02']","['B*08', 'B*15']","['C*03', 'C*07']","['DRB1*13', 'DRB1*03']","['DQA1*01:03', 'DQA1*05:01']","['DQB1*04', 'DQB1*06']","['DPA1*01', 'DPA1*01']","['DPB1*04', 'DPB1*04']","['A10', 'A2']","['B8', 'B15']","['Cw3', 'Cw7']","['DR6', 'DR3']","['DQ1', 'DQ1']","['DQ4', 'DQ1']","['DP1', 'DP1']","['DP4', 'DP4']",Bw4/Bw4,"['B*41', 'DQA1*02:01', 'B*44', 'B*08', 'DPA1*02:02', 'B*50', 'DPB1*24', 'DQA1*04:01']",0.5685,0.176915,nan,1,0,1,790.7219255251106,0.8333333333333334,0.8547051967084739,612.2638468672917
353,D0536_RK,kidney,True,AllocationPriority.PRIORITY_7,D0536,O,POS,KD,38,Gothenburg,Sweden,353,"['A*02', 'A*03']","['B*18', 'B*08']","['C*07', 'C*04']","['DRB1*15', 'DRB1*12']","['DQA1*02:01', 'DQA1*01:01']","['DQB1*03', 'DQB1*05']","['DPA1*01', 'DPA1*01']","['DPB1*04', 'DPB1*04']","['A2', 'A3']","['B18', 'B8']","['Cw7', 'Cw4']","['DR2', 'DR5']","['DQ2', 'DQ1']","['DQ3', 'DQ1']","['DP1', 'DP1']","['DP4', 'DP4']",Bw6/Bw6,nan,R1517,O,POS,Kidney,88,Gothenburg,Sweden,0,"['A*03', 'A*24']","['B*08', 'B*18']","['C*16', 'C*03']","['DRB1*15', 'DRB1*04']","['DQA1*04:01', 'DQA1*01:02']","['DQB1*06', 'DQB1*03']","['DPA1*01', 'DPA1*01']","['DPB1*04', 'DPB1*04']","['A3', 'A9']","['B8', 'B18']","['Cw16', 'Cw3']","['DR2', 'DR4']","['DQ4', 'DQ1']","['DQ1', 'DQ3']","['DP1', 'DP1']","['DP4', 'DP4']",Bw4/Bw6,[],0.0,0.41,nan,1,1,2,0.0,0.6666666666666667,1.0,603.1672386167969
353,D0537_RK,kidney,True,AllocationPriority.PRIORITY_7,D0537,A,POS,KD,61,Skane,Sweden,353,"['A*02', 'A*68']","['B*07', 'B*15']","['C*08', 'C*07']","['DRB1*15', 'DRB1*03']","['DQA1*01:01', 'DQA1*03:01']","['DQB1*02', 'DQB1*02']","['DPA1*01', 'DPA1*02:02']","['DPB1*04', 'DPB1*04']","['A2', 'A28']","['B7', 'B15']","['Cw8', 'Cw7']","['DR2', 'DR3']","['DQ1', 'DQ3']","['DQ2', 'DQ2']","['DP1', 'DP2']","['DP4', 'DP4']",Bw4/Bw6,nan,R2627,A,POS,Kidney,37,Oslo,Norway,129,"['A*68', 'A*02']","['B*07', 'B*15']","['C*07', 'C*01']","['DRB1*15', 'DRB1*13']","['DQA1*05:01', 'DQA1*05:01']","['DQB1*06', 'DQB1*06']","['DPA1*01', 'DPA1*01']","['DPB1*03', 'DPB1*02']","['A28', 'A2']","['B7', 'B15']","['Cw7', 'Cw1']","['DR2', 'DR6']","['DQ1', 'DQ1']","['DQ1', 'DQ1']","['DP1', 'DP1']","['DP3', 'DP2']",Bw4/Bw6,[],0.0,0.85,nan,1,0,1,497.32462184478567,0.8333333333333334,0.9086168211979395,631.5887113138451
354,D0538_LK,kidney,False,AllocationPriority.PAYBACK,D0538,O,POS,KD,81,Copenhagen,Denmark,354,"['A*02', 'A*24']","['B*27', 'B*27']","['C*03', 'C*07']","['DRB1*11', 'DRB1*04']","['DQA1*05:01', 'DQA1*05:01']","['DQB1*02', 'DQB1*03']","['DPA1*01', 'DPA1*01']","['DPB1*03', 'DPB1*17']","['A2', 'A9']","['B27', 'B27']","['Cw3', 'Cw7']","['DR5', 'DR4']","['DQ1', 'DQ1']","['DQ2', 'DQ3']","['DP1', 'DP1']","['DP3', 'DP17']",Bw6/Bw6,nan,R1280,O,POS,Kidney,61,Copenhagen,Denmark,0,"['A*03', 'A*23']","['B*27', 'B*35']","['C*07', 'C*04']","['DRB1*04', 'DRB1*12']","['DQA1*05:01', 'DQA1*03:01']","['DQB1*03', 'DQB1*03']","['DPA1*01', 'DPA1*01']","['DPB1*03', 'DPB1*04']","['A3', 'A9']","['B27', 'B35']","['Cw7', 'Cw4']","['DR4', 'DR5']","['DQ1', 'DQ3']","['DQ3', 'DQ3']","['DP1', 'DP1']","['DP3', 'DP4']",Bw4/Bw4,[],0.0,0.41,nan,0,1
354,D0539_LK,kidney,False,AllocationPriority.PAYBACK,D0539,O,POS,KD,73,Aarhus,Denmark,354,"['A*03', 'A*68']","['B*08', 'B*35']","['C*06', 'C*07']","['DRB1*01', 'DRB1*04']","['DQA1*01:03', 'DQA1*05:01']","['DQB1*06', 'DQB1*03']","['DPA1*01', 'DPA1*01']","['DPB1*13', 'DPB1*04']","['A3', 'A28']","['B8', 'B35']","['Cw6', 'Cw7']","['DR1', 'DR4']","['DQ1', 'DQ1']","['DQ1', 'DQ3']","['DP1', 'DP1']","['DP13', 'DP4']",Bw6/Bw6,nan,R3164,O,POS,Kidney,69,Oslo,Norway,295,"['A*03', 'A*11']","['B*08', 'B*35']","['C*03', 'C*07']","['DRB1*04', 'DRB1*01']","['DQA1*01:02', 'DQA1*02:01']","['DQB1*06', 'DQB1*05']","['DPA1*01', 'DPA1*01']","['DPB1*04', 'DPB1*03']","['A3', 'A11']","['B8', 'B35']","['Cw3', 'Cw7']","['DR4', 'DR1']","['DQ1', 'DQ2']","['DQ1', 'DQ1']","['DP1', 'DP1']","['DP4', 'DP3']",Bw6/Bw6,"['A*25', 'B*55', 'B*41', 'A*69', 'DPB1*24', 'DPB1*09', 'B*14']",0.0673,0.3824069999999999,nan,0,1
354,D0538_RK,kidney,True,AllocationPriority.PAYBACK,D0538,O,POS,KD,81,Copenhagen,Denmark,354,"['A*02', 'A*24']","['B*27', 'B*27']","['C*03', 'C*07']","['DRB1*11', 'DRB1*04']","['DQA1*05:01', 'DQA1*05:01']","['DQB1*02', 'DQB1*03']","['DPA1*01', 'DPA1*01']","['DPB1*03', 'DPB1*17']","['A2', 'A9']","['B27', 'B27']","['Cw3', 'Cw7']","['DR5', 'DR4']","['DQ1', 'DQ1']","['DQ2', 'DQ3']","['DP1', 'DP1']","['DP3', 'DP17']",Bw6/Bw6,nan,R2761,O,POS,Kidney,70,Helsinki,Finland,174,"['A*24', 'A*01']","['B*37', 'B*27']","['C*03', 'C*02']","['DRB1*04', 'DRB1*11']","['DQA1*01:02', 'DQA1*05:01']","['DQB1*06', 'DQB1*02']","['DPA1*01', 'DPA1*02:02']","['DPB1*02', 'DPB1*04']","['A9', 'A1']","['B37', 'B27']","['Cw3', 'Cw2']","['DR4', 'DR5']","['DQ1', 'DQ1']","['DQ1', 'DQ2']","['DP1', 'DP2']","['DP2', 'DP4']",Bw6/Bw6,"['A*30', 'DPB1*05', 'DPB1*13', 'DQB1*03', 'DPB1*26', 'DRB1*11', 'DPB1*09']",0.4224,0.236816,nan,0,1
354,D0539_RK,kidney,True,AllocationPriority.PRIORITY_7,D0539,O,POS,KD,73,Aarhus,Denmark,354,"['A*03', 'A*68']","['B*08', 'B*35']","['C*06', 'C*07']","['DRB1*01', 'DRB1*04']","['DQA1*01:03', 'DQA1*05:01']","['DQB1*06', 'DQB1*03']","['DPA1*01', 'DPA1*01']","['DPB1*13', 'DPB1*04']","['A3', 'A28']","['B8', 'B35']","['Cw6', 'Cw7']","['DR1', 'DR4']","['DQ1', 'DQ1']","['DQ1', 'DQ3']","['DP1', 'DP1']","['DP13', 'DP4']",Bw6/Bw6,nan,R3271,O,NEG,Kidney,43,Odense,Denmark,323,"['A*03', 'A*02']","['B*35', 'B*08']","['C*07', 'C*01']","['DRB1*04', 'DRB1*09']","['DQA1*01:02', 'DQA1*01:01']","['DQB1*06', 'DQB1*02']","['DPA1*01', 'DPA1*01']","['DPB1*04', 'DPB1*04']","['A3', 'A2']","['B35', 'B8']","['Cw7', 'Cw1']","['DR4', 'DR9']","['DQ1', 'DQ1']","['DQ1', 'DQ2']","['DP1', 'DP1']","['DP4', 'DP4']",Bw6/Bw6,[],0.0,0.41,nan,1,1,2,85.31562476063671,0.6666666666666667,0.9843232917702917,597.5478519932965
355,D0540_LK,kidney,False,AllocationPriority.PAYBACK,D0540,O,POS,KD,49,Copenhagen,Denmark,355,"['A*02', 'A*01']","['B*08', 'B*15']","['C*05', 'C*03']","['DRB1*15', 'DRB1*15']","['DQA1*01:02', 'DQA1*03:01']","['DQB1*02', 'DQB1*03']","['DPA1*01', 'DPA1*01']","['DPB1*04', 'DPB1*04']","['A2', 'A1']","['B8', 'B15']","['Cw5', 'Cw3']","['DR2', 'DR2']","['DQ1', 'DQ3']","['DQ2', 'DQ3']","['DP1', 'DP1']","['DP4', 'DP4']",Bw4/Bw6,nan,R0928,O,NEG,Kidney,82,Helsinki,Finland,0,"['A*01', 'A*02']","['B*38', 'B*08']","['C*12', 'C*08']","['DRB1*15', 'DRB1*15']","['DQA1*01:02', 'DQA1*01:01']","['DQB1*06', 'DQB1*05']","['DPA1*01', 'DPA1*01']","['DPB1*04', 'DPB1*04']","['A1', 'A2']","['B16', 'B8']","['Cw12', 'Cw8']","['DR2', 'DR2']","['DQ1', 'DQ1']","['DQ1', 'DQ1']","['DP1', 'DP1']","['DP4', 'DP4']",Bw4/Bw6,"['DRB1*03', 'DPB1*15', 'B*48', 'A*69', 'A*32', 'DRB1*01', 'B*51', 'DPB1*03']",0.4261,0.2352989999999999,nan,0,1
355,D0540_RK,kidney,True,AllocationPriority.PRIORITY_7,D0540,O,POS,KD,49,Copenhagen,Denmark,355,"['A*02', 'A*01']","['B*08', 'B*15']","['C*05', 'C*03']","['DRB1*15', 'DRB1*15']","['DQA1*01:02', 'DQA1*03:01']","['DQB1*02', 'DQB1*03']","['DPA1*01', 'DPA1*01']","['DPB1*04', 'DPB1*04']","['A2', 'A1']","['B8', 'B15']","['Cw5', 'Cw3']","['DR2', 'DR2']","['DQ1', 'DQ3']","['DQ2', 'DQ3']","['DP1', 'DP1']","['DP4', 'DP4']",Bw4/Bw6,nan,R2179,O,POS,Kidney,87,Gothenburg,Sweden,0,"['A*02', 'A*01']","['B*39', 'B*08']","['C*12', 'C*06']","['DRB1*13', 'DRB1*15']","['DQA1*05:01', 'DQA1*03:01']","['DQB1*03', 'DQB1*05']","['DPA1*01', 'DPA1*01']","['DPB1*04', 'DPB1*04']","['A2', 'A1']","['B16', 'B8']","['Cw12', 'Cw6']","['DR6', 'DR2']","['DQ1', 'DQ3']","['DQ3', 'DQ1']","['DP1', 'DP1']","['DP4', 'DP4']",Bw4/Bw6,[],0.0,0.41,nan,0,1,1,228.9232004239295,0.8333333333333334,0.9579354634027974,649.267200588142
356,D0541_LK,kidney,False,AllocationPriority.LOCAL,D0541,A,POS,KD,58,Gothenburg,Sweden,356,"['A*32', 'A*02']","['B*07', 'B*27']","['C*07', 'C*07']","['DRB1*15', 'DRB1*11']","['DQA1*03:01', 'DQA1*02:01']","['DQB1*03', 'DQB1*02']","['DPA1*01', 'DPA1*02:02']","['DPB1*04', 'DPB1*02']","['A19', 'A2']","['B7', 'B27']","['Cw7', 'Cw7']","['DR2', 'DR5']","['DQ3', 'DQ2']","['DQ3', 'DQ2']","['DP1', 'DP2']","['DP4', 'DP2']",Bw4/Bw4,nan,R2649,A,POS,Kidney,67,Gothenburg,Sweden,136,"['A*01', 'A*02']","['B*44', 'B*08']","['C*05', 'C*07']","['DRB1*15', 'DRB1*11']","['DQA1*01:02', 'DQA1*05:01']","['DQB1*06', 'DQB1*06']","['DPA1*01', 'DPA1*01']","['DPB1*04', 'DPB1*04']","['A1', 'A2']","['B12', 'B8']","['Cw5', 'Cw7']","['DR2', 'DR5']","['DQ1', 'DQ1']","['DQ1', 'DQ1']","['DP1', 'DP1']","['DP4', 'DP4']",Bw4/Bw6,[],0.0,0.85,nan,0,3
356,D0542_LK,kidney,False,AllocationPriority.PAYBACK,D0542,B,POS,KD,17,Stockholm,Sweden,356,"['A*24', 'A*02']","['B*08', 'B*08']","['C*04', 'C*04']","['DRB1*13', 'DRB1*07']","['DQA1*05:01', 'DQA1*01:02']","['DQB1*06', 'DQB1*02']","['DPA1*01', 'DPA1*01']","['DPB1*04', 'DPB1*04']","['A9', 'A2']","['B8', 'B8']","['Cw4', 'Cw4']","['DR6', 'DR7']","['DQ1', 'DQ1']","['DQ1', 'DQ2']","['DP1', 'DP1']","['DP4', 'DP4']",Bw4/Bw6,nan,R0479,B,POS,Kidney,58,Tartu,Estonia,0,"['A*02', 'A*02']","['B*40', 'B*08']","['C*04', 'C*06']","['DRB1*13', 'DRB1*07']","['DQA1*01:02', 'DQA1*01:01']","['DQB1*06', 'DQB1*02']","['DPA1*01', 'DPA1*01']","['DPB1*03', 'DPB1*13']","['A2', 'A2']","['B40', 'B8']","['Cw4', 'Cw6']","['DR6', 'DR7']","['DQ1', 'DQ1']","['DQ1', 'DQ2']","['DP1', 'DP1']","['DP3', 'DP13']",Bw6/Bw6,"['C*06', 'B*55', 'DRB1*04', 'B*50', 'B*39', 'DRB1*03', 'B*13', 'DPB1*31']",0.4373,0.292604,nan,0,1
356,D0541_RK,kidney,True,AllocationPriority.PRIORITY_7,D0541,A,POS,KD,58,Gothenburg,Sweden,356,"['A*32', 'A*02']","['B*07', 'B*27']","['C*07', 'C*07']","['DRB1*15', 'DRB1*11']","['DQA1*03:01', 'DQA1*02:01']","['DQB1*03', 'DQB1*02']","['DPA1*01', 'DPA1*02:02']","['DPB1*04', 'DPB1*02']","['A19', 'A2']","['B7', 'B27']","['Cw7', 'Cw7']","['DR2', 'DR5']","['DQ3', 'DQ2']","['DQ3', 'DQ2']","['DP1', 'DP2']","['DP4', 'DP2']",Bw4/Bw4,nan,R0637,A,NEG,Kidney,61,Gothenburg,Sweden,0,"['A*32', 'A*02']","['B*15', 'B*27']","['C*15', 'C*07']","['DRB1*11', 'DRB1*13']","['DQA1*02:01', 'DQA1*05:01']","['DQB1*05', 'DQB1*03']","['DPA1*01', 'DPA1*01']","['DPB1*04', 'DPB1*04']","['A19', 'A2']","['B15', 'B27']","['Cw15', 'Cw7']","['DR5', 'DR6']","['DQ2', 'DQ1']","['DQ1', 'DQ3']","['DP1', 'DP1']","['DP4', 'DP4']",Bw6/Bw6,[],0.0,0.85,nan,1,1,2,0.0,0.6666666666666667,1.0,603.1672386167969
356,D0542_RK,kidney,True,AllocationPriority.PAYBACK,D0542,B,POS,KD,17,Stockholm,Sweden,356,"['A*24', 'A*02']","['B*08', 'B*08']","['C*04', 'C*04']","['DRB1*13', 'DRB1*07']","['DQA1*05:01', 'DQA1*01:02']","['DQB1*06', 'DQB1*02']","['DPA1*01', 'DPA1*01']","['DPB1*04', 'DPB1*04']","['A9', 'A2']","['B8', 'B8']","['Cw4', 'Cw4']","['DR6', 'DR7']","['DQ1', 'DQ1']","['DQ1', 'DQ2']","['DP1', 'DP1']","['DP4', 'DP4']",Bw4/Bw6,nan,R2894,B,POS,Kidney,74,Skane,Sweden,213,"['A*02', 'A*31']","['B*13', 'B*08']","['C*06', 'C*04']","['DRB1*07', 'DRB1*13']","['DQA1*03:01', 'DQA1*05:01']","['DQB1*02', 'DQB1*02']","['DPA1*01', 'DPA1*02:02']","['DPB1*03', 'DPB1*04']","['A2', 'A19']","['B13', 'B8']","['Cw6', 'Cw4']","['DR7', 'DR6']","['DQ3', 'DQ1']","['DQ2', 'DQ2']","['DP1', 'DP2']","['DP3', 'DP4']",Bw4/Bw4,[],0.0,0.52,nan,0,1
357,D0543_LK,kidney,False,AllocationPriority.PAYBACK,D0543,O,POS,KD,64,Helsinki,Finland,357,"['A*11', 'A*02']","['B*40', 'B*44']","['C*12', 'C*03']","['DRB1*15', 'DRB1*09']","['DQA1*01:02', 'DQA1*01:02']","['DQB1*05', 'DQB1*06']","['DPA1*01', 'DPA1*01']","['DPB1*03', 'DPB1*04']","['A11', 'A2']","['B40', 'B12']","['Cw12', 'Cw3']","['DR2', 'DR9']","['DQ1', 'DQ1']","['DQ1', 'DQ1']","['DP1', 'DP1']","['DP3', 'DP4']",Bw4/Bw6,nan,R3321,A,POS,Kidney,82,Gothenburg,Sweden,342,"['A*02', 'A*03']","['B*44', 'B*51']","['C*03', 'C*16']","['DRB1*03', 'DRB1*13']","['DQA1*01:01', 'DQA1*03:01']","['DQB1*05', 'DQB1*02']","['DPA1*01', 'DPA1*01']","['DPB1*01', 'DPB1*04']","['A2', 'A3']","['B12', 'B5']","['Cw3', 'Cw16']","['DR3', 'DR6']","['DQ1', 'DQ3']","['DQ1', 'DQ2']","['DP1', 'DP1']","['DP1', 'DP4']",Bw4/Bw4,"['A*23', 'C*05', 'DQA1*01:03', 'DQB1*03', 'DPB1*424', 'DQB1*04', 'DRB1*08', 'C*07']",0.9258,0.06307,nan
357,D0544_LK,kidney,False,AllocationPriority.LOCAL,D0544,A,POS,KD,62,Copenhagen,Denmark,357,"['A*31', 'A*03']","['B*08', 'B*35']","['C*07', 'C*07']","['DRB1*15', 'DRB1*04']","['DQA1*02:01', 'DQA1*05:01']","['DQB1*06', 'DQB1*03']","['DPA1*01', 'DPA1*02:02']","['DPB1*04', 'DPB1*04']","['A19', 'A3']","['B8', 'B35']","['Cw7', 'Cw7']","['DR2', 'DR4']","['DQ2', 'DQ1']","['DQ1', 'DQ3']","['DP1', 'DP2']","['DP4', 'DP4']",Bw4/Bw6,nan,R2755,A,POS,Kidney,71,Copenhagen,Denmark,172,"['A*32', 'A*02']","['B*40', 'B*44']","['C*03', 'C*03']","['DRB1*15', 'DRB1*04']","['DQA1*05:01', 'DQA1*01:03']","['DQB1*02', 'DQB1*03']","['DPA1*01', 'DPA1*02:02']","['DPB1*04', 'DPB1*01']","['A19', 'A2']","['B40', 'B12']","['Cw3', 'Cw3']","['DR2', 'DR4']","['DQ1', 'DQ1']","['DQ2', 'DQ3']","['DP1', 'DP2']","['DP4', 'DP1']",Bw4/Bw4,[],0.0,0.85,nan,0,3
357,D0543_RK,kidney,True,AllocationPriority.PRIORITY_7,D0543,O,POS,KD,64,Helsinki,Finland,357,"['A*11', 'A*02']","['B*40', 'B*44']","['C*12', 'C*03']","['DRB1*15', 'DRB1*09']","['DQA1*01:02', 'DQA1*01:02']","['DQB1*05', 'DQB1*06']","['DPA1*01', 'DPA1*01']","['DPB1*03', 'DPB1*04']","['A11', 'A2']","['B40', 'B12']","['Cw12', 'Cw3']","['DR2', 'DR9']","['DQ1', 'DQ1']","['DQ1', 'DQ1']","['DP1', 'DP1']","['DP3', 'DP4']",Bw4/Bw6,nan,R1331,O,NEG,Kidney,77,Copenhagen,Denmark,0,"['A*11', 'A*02']","['B*40', 'B*18']","['C*16', 'C*15']","['DRB1*09', 'DRB1*15']","['DQA1*02:01', 'DQA1*01:02']","['DQB1*02', 'DQB1*04']","['DPA1*01', 'DPA1*01']","['DPB1*04', 'DPB1*04']","['A11', 'A2']","['B40', 'B18']","['Cw16', 'Cw15']","['DR9', 'DR2']","['DQ2', 'DQ1']","['DQ2', 'DQ4']","['DP1', 'DP1']","['DP4', 'DP4']",Bw6/Bw6,[],0.0,0.41,nan,0,1,1,882.6820702465409,0.8333333333333334,0.8378075608814575,606.2068132513205
357,D0544_RK,kidney,True,AllocationPriority.PRIORITY_7,D0544,A,POS,KD,62,Copenhagen,Denmark,357,"['A*31', 'A*03']","['B*08', 'B*35']","['C*07', 'C*07']","['DRB1*15', 'DRB1*04']","['DQA1*02:01', 'DQA1*05:01']","['DQB1*06', 'DQB1*03']","['DPA1*01', 'DPA1*02:02']","['DPB1*04', 'DPB1*04']","['A19', 'A3']","['B8', 'B35']","['Cw7', 'Cw7']","['DR2', 'DR4']","['DQ2', 'DQ1']","['DQ1', 'DQ3']","['DP1', 'DP2']","['DP4', 'DP4']",Bw4/Bw6,nan,R1636,A,POS,Kidney,61,Gothenburg,Sweden,0,"['A*03', 'A*66']","['B*08', 'B*35']","['C*03', 'C*04']","['DRB1*15', 'DRB1*15']","['DQA1*01:02', 'DQA1*02:01']","['DQB1*06', 'DQB1*06']","['DPA1*01', 'DPA1*01']","['DPB1*04', 'DPB1*04']","['A3', 'A10']","['B8', 'B35']","['Cw3', 'Cw4']","['DR2', 'DR2']","['DQ1', 'DQ2']","['DQ1', 'DQ1']","['DP1', 'DP1']","['DP4', 'DP4']",Bw4/Bw6,"['DPB1*51', 'DPB1*11', 'C*01', 'DRB1*11', 'DPB1*05', 'A*74', 'B*40', 'C*02']",0.3079,0.588285,nan,1,1,2,228.9232004239295,0.6666666666666667,0.9579354634027974,588.089016147228
358,D0545_LK,kidney,False,AllocationPriority.LOCAL,D0545,O,POS,KD,35,Copenhagen,Denmark,358,"['A*30', 'A*01']","['B*07', 'B*15']","['C*03', 'C*12']","['DRB1*13', 'DRB1*03']","['DQA1*03:01', 'DQA1*03:01']","['DQB1*06', 'DQB1*02']","['DPA1*02:02', 'DPA1*01']","['DPB1*04', 'DPB1*03']","['A19', 'A1']","['B7', 'B15']","['Cw3', 'Cw12']","['DR6', 'DR3']","['DQ3', 'DQ3']","['DQ1', 'DQ2']","['DP2', 'DP1']","['DP4', 'DP3']",Bw4/Bw4,nan,R3126,O,POS,Kidney,69,Copenhagen,Denmark,284,"['A*02', 'A*25']","['B*15', 'B*49']","['C*03', 'C*05']","['DRB1*03', 'DRB1*13']","['DQA1*05:01', 'DQA1*03:01']","['DQB1*06', 'DQB1*03']","['DPA1*01', 'DPA1*01']","['DPB1*02', 'DPB1*04']","['A2', 'A10']","['B15', 'B21']","['Cw3', 'Cw5']","['DR3', 'DR6']","['DQ1', 'DQ3']","['DQ1', 'DQ3']","['DP1', 'DP1']","['DP2', 'DP4']",Bw6/Bw6,"['A*66', 'B*49', 'B*55', 'DPB1*115', 'DPB1*02', 'DPB1*31', 'DPB1*24', 'DRB1*15']",0.3174,0.279866,nan,0,3
358,D0545_RK,kidney,True,AllocationPriority.PRIORITY_4,D0545,O,POS,KD,35,Copenhagen,Denmark,358,"['A*30', 'A*01']","['B*07', 'B*15']","['C*03', 'C*12']","['DRB1*13', 'DRB1*03']","['DQA1*03:01', 'DQA1*03:01']","['DQB1*06', 'DQB1*02']","['DPA1*02:02', 'DPA1*01']","['DPB1*04', 'DPB1*03']","['A19', 'A1']","['B7', 'B15']","['Cw3', 'Cw12']","['DR6', 'DR3']","['DQ3', 'DQ3']","['DQ1', 'DQ2']","['DP2', 'DP1']","['DP4', 'DP3']",Bw4/Bw4,nan,R1196,O,POS,Kidney,8,Gothenburg,Sweden,0,"['A*02', 'A*30']","['B*27', 'B*07']","['C*08', 'C*07']","['DRB1*13', 'DRB1*03']","['DQA1*05:01', 'DQA1*01:01']","['DQB1*03', 'DQB1*03']","['DPA1*01', 'DPA1*02:02']","['DPB1*13', 'DPB1*14']","['A2', 'A19']","['B27', 'B7']","['Cw8', 'Cw7']","['DR6', 'DR3']","['DQ1', 'DQ1']","['DQ3', 'DQ3']","['DP1', 'DP2']","['DP13', 'DP14']",Bw4/Bw4,"['C*12', 'DPB1*04', 'DQA1*04:01', 'A*32']",0.6645,0.137555,nan
359,D0546_LK,kidney,False,AllocationPriority.LOCAL,D0546,O,POS,KD,57,Oslo,Norway,359,"['A*01', 'A*01']","['B*15', 'B*14']","['C*04', 'C*05']","['DRB1*14', 'DRB1*04']","['DQA1*05:01', 'DQA1*05:01']","['DQB1*05', 'DQB1*02']","['DPA1*01', 'DPA1*02:02']","['DPB1*03', 'DPB1*03']","['A1', 'A1']","['B15', 'B14']","['Cw4', 'Cw5']","['DR6', 'DR4']","['DQ1', 'DQ1']","['DQ1', 'DQ2']","['DP1', 'DP2']","['DP3', 'DP3']",Bw4/Bw6,nan,R1456,O,POS,Kidney,83,Oslo,Norway,0,"['A*01', 'A*02']","['B*14', 'B*15']","['C*03', 'C*07']","['DRB1*13', 'DRB1*04']","['DQA1*03:01', 'DQA1*04:01']","['DQB1*02', 'DQB1*06']","['DPA1*01', 'DPA1*01']","['DPB1*04', 'DPB1*01']","['A1', 'A2']","['B14', 'B15']","['Cw3', 'Cw7']","['DR6', 'DR4']","['DQ3', 'DQ4']","['DQ2', 'DQ1']","['DP1', 'DP1']","['DP4', 'DP1']",Bw4/Bw6,[],0.0,0.41,nan,0,0
359,D0546_RK,kidney,True,AllocationPriority.PRIORITY_7,D0546,O,POS,KD,57,Oslo,Norway,359,"['A*01', 'A*01']","['B*15', 'B*14']","['C*04', 'C*05']","['DRB1*14', 'DRB1*04']","['DQA1*05:01', 'DQA1*05:01']","['DQB1*05', 'DQB1*02']","['DPA1*01', 'DPA1*02:02']","['DPB1*03', 'DPB1*03']","['A1', 'A1']","['B15', 'B14']","['Cw4', 'Cw5']","['DR6', 'DR4']","['DQ1', 'DQ1']","['DQ1', 'DQ2']","['DP1', 'DP2']","['DP3', 'DP3']",Bw4/Bw6,nan,R2232,O,POS,Kidney,83,Oslo,Norway,7,"['A*11', 'A*01']","['B*15', 'B*35']","['C*07', 'C*07']","['DRB1*04', 'DRB1*03']","['DQA1*05:01', 'DQA1*01:01']","['DQB1*04', 'DQB1*06']","['DPA1*01', 'DPA1*01']","['DPB1*04', 'DPB1*04']","['A11', 'A1']","['B15', 'B35']","['Cw7', 'Cw7']","['DR4', 'DR3']","['DQ1', 'DQ1']","['DQ4', 'DQ1']","['DP1', 'DP1']","['DP4', 'DP4']",Bw4/Bw6,[],0.0,0.41,nan,1,1,2,0.0,0.6666666666666667,1.0,603.1672386167969
360,D0547_LK,kidney,False,AllocationPriority.LOCAL,D0547,A,POS,KD,38,Oslo,Norway,360,"['A*11', 'A*03']","['B*07', 'B*07']","['C*06', 'C*04']","['DRB1*04', 'DRB1*08']","['DQA1*01:02', 'DQA1*03:01']","['DQB1*03', 'DQB1*06']","['DPA1*01', 'DPA1*01']","['DPB1*06', 'DPB1*16']","['A11', 'A3']","['B7', 'B7']","['Cw6', 'Cw4']","['DR4', 'DR8']","['DQ1', 'DQ3']","['DQ3', 'DQ1']","['DP1', 'DP1']","['DP6', 'DP16']",Bw6/Bw6,nan,R3362,A,POS,Kidney,74,Oslo,Norway,357,"['A*02', 'A*32']","['B*07', 'B*27']","['C*05', 'C*07']","['DRB1*08', 'DRB1*04']","['DQA1*01:03', 'DQA1*01:02']","['DQB1*05', 'DQB1*06']","['DPA1*01', 'DPA1*01']","['DPB1*04', 'DPB1*02']","['A2', 'A19']","['B7', 'B27']","['Cw5', 'Cw7']","['DR8', 'DR4']","['DQ1', 'DQ1']","['DQ1', 'DQ1']","['DP1', 'DP1']","['DP4', 'DP2']",Bw4/Bw4,"['DRB1*13', 'B*41', 'DQA1*04:01', 'DPB1*15', 'B*42', 'A*33', 'DPB1*424', 'DPB1*20']",0.2009,0.679235,nan,0,2
360,D0548_LK,kidney,False,AllocationPriority.PAYBACK,D0548,AB,POS,KD,70,Helsinki,Finland,360,"['A*01', 'A*01']","['B*35', 'B*27']","['C*04', 'C*06']","['DRB1*15', 'DRB1*03']","['DQA1*05:01', 'DQA1*03:01']","['DQB1*06', 'DQB1*03']","['DPA1*01', 'DPA1*02:02']","['DPB1*04', 'DPB1*04']","['A1', 'A1']","['B35', 'B27']","['Cw4', 'Cw6']","['DR2', 'DR3']","['DQ1', 'DQ3']","['DQ1', 'DQ3']","['DP1', 'DP2']","['DP4', 'DP4']",Bw4/Bw6,nan,R1758,AB,POS,Kidney,52,Gothenburg,Sweden,0,"['A*01', 'A*02']","['B*15', 'B*07']","['C*03', 'C*03']","['DRB1*03', 'DRB1*15']","['DQA1*05:01', 'DQA1*02:01']","['DQB1*05', 'DQB1*06']","['DPA1*01', 'DPA1*01']","['DPB1*02', 'DPB1*20']","['A1', 'A2']","['B15', 'B7']","['Cw3', 'Cw3']","['DR3', 'DR2']","['DQ1', 'DQ2']","['DQ1', 'DQ1']","['DP1', 'DP1']","['DP2', 'DP20']",Bw4/Bw6,[],0.0,1.0,nan,0,2
360,D0547_RK,kidney,True,AllocationPriority.PRIORITY_7,D0547,A,POS,KD,38,Oslo,Norway,360,"['A*11', 'A*03']","['B*07', 'B*07']","['C*06', 'C*04']","['DRB1*04', 'DRB1*08']","['DQA1*01:02', 'DQA1*03:01']","['DQB1*03', 'DQB1*06']","['DPA1*01', 'DPA1*01']","['DPB1*06', 'DPB1*16']","['A11', 'A3']","['B7', 'B7']","['Cw6', 'Cw4']","['DR4', 'DR8']","['DQ1', 'DQ3']","['DQ3', 'DQ1']","['DP1', 'DP1']","['DP6', 'DP16']",Bw6/Bw6,nan,R1699,A,POS,Kidney,76,Uppsala,Sweden,0,"['A*11', 'A*03']","['B*27', 'B*07']","['C*03', 'C*08']","['DRB1*11', 'DRB1*04']","['DQA1*01:01', 'DQA1*05:01']","['DQB1*03', 'DQB1*03']","['DPA1*01', 'DPA1*01']","['DPB1*04', 'DPB1*06']","['A11', 'A3']","['B27', 'B7']","['Cw3', 'Cw8']","['DR5', 'DR4']","['DQ1', 'DQ1']","['DQ3', 'DQ3']","['DP1', 'DP1']","['DP4', 'DP6']",Bw4/Bw6,[],0.0,0.85,nan,1,0,1,384.0748843519863,0.8333333333333334,0.9294264102591078,639.0480021737251
360,D0548_RK,kidney,True,AllocationPriority.PAYBACK,D0548,AB,POS,KD,70,Helsinki,Finland,360,"['A*01', 'A*01']","['B*35', 'B*27']","['C*04', 'C*06']","['DRB1*15', 'DRB1*03']","['DQA1*05:01', 'DQA1*03:01']","['DQB1*06', 'DQB1*03']","['DPA1*01', 'DPA1*02:02']","['DPB1*04', 'DPB1*04']","['A1', 'A1']","['B35', 'B27']","['Cw4', 'Cw6']","['DR2', 'DR3']","['DQ1', 'DQ3']","['DQ1', 'DQ3']","['DP1', 'DP2']","['DP4', 'DP4']",Bw4/Bw6,nan,R2930,AB,NEG,Kidney,89,Helsinki,Finland,225,"['A*32', 'A*32']","['B*15', 'B*35']","['C*15', 'C*07']","['DRB1*03', 'DRB1*15']","['DQA1*05:01', 'DQA1*03:01']","['DQB1*02', 'DQB1*03']","['DPA1*01', 'DPA1*02:02']","['DPB1*04', 'DPB1*02']","['A19', 'A19']","['B15', 'B35']","['Cw15', 'Cw7']","['DR3', 'DR2']","['DQ1', 'DQ3']","['DQ2', 'DQ3']","['DP1', 'DP2']","['DP4', 'DP2']",Bw6/Bw6,"['B*44', 'DPB1*01', 'A*25', 'DQA1*02:01', 'DPB1*19', 'B*42', 'DQA1*01:01', 'DQA1*04:01']",0.5268,0.4731999999999999,nan,0,3
361,D0549_LK,kidney,False,AllocationPriority.PAYBACK,D0549,O,POS,KD,47,Oslo,Norway,361,"['A*26', 'A*02']","['B*14', 'B*15']","['C*06', 'C*02']","['DRB1*01', 'DRB1*13']","['DQA1*05:01', 'DQA1*01:01']","['DQB1*06', 'DQB1*03']","['DPA1*01', 'DPA1*01']","['DPB1*03', 'DPB1*04']","['A10', 'A2']","['B14', 'B15']","['Cw6', 'Cw2']","['DR1', 'DR6']","['DQ1', 'DQ1']","['DQ1', 'DQ3']","['DP1', 'DP1']","['DP3', 'DP4']",Bw4/Bw4,nan,R3006,O,NEG,Kidney,78,Gothenburg,Sweden,247,"['A*02', 'A*25']","['B*07', 'B*14']","['C*05', 'C*01']","['DRB1*01', 'DRB1*14']","['DQA1*01:02', 'DQA1*05:01']","['DQB1*06', 'DQB1*03']","['DPA1*01', 'DPA1*01']","['DPB1*17', 'DPB1*02']","['A2', 'A10']","['B7', 'B14']","['Cw5', 'Cw1']","['DR1', 'DR6']","['DQ1', 'DQ1']","['DQ1', 'DQ3']","['DP1', 'DP1']","['DP17', 'DP2']",Bw4/Bw6,[],0.0,0.41,nan,0,1
361,D0549_RK,kidney,True,AllocationPriority.PRIORITY_7,D0549,O,POS,KD,47,Oslo,Norway,361,"['A*26', 'A*02']","['B*14', 'B*15']","['C*06', 'C*02']","['DRB1*01', 'DRB1*13']","['DQA1*05:01', 'DQA1*01:01']","['DQB1*06', 'DQB1*03']","['DPA1*01', 'DPA1*01']","['DPB1*03', 'DPB1*04']","['A10', 'A2']","['B14', 'B15']","['Cw6', 'Cw2']","['DR1', 'DR6']","['DQ1', 'DQ1']","['DQ1', 'DQ3']","['DP1', 'DP1']","['DP3', 'DP4']",Bw4/Bw4,nan,R2462,O,POS,Kidney,77,Oslo,Norway,75,"['A*02', 'A*02']","['B*35', 'B*15']","['C*07', 'C*07']","['DRB1*01', 'DRB1*13']","['DQA1*03:01', 'DQA1*02:01']","['DQB1*02', 'DQB1*06']","['DPA1*02:02', 'DPA1*02:02']","['DPB1*06', 'DPB1*03']","['A2', 'A2']","['B35', 'B15']","['Cw7', 'Cw7']","['DR1', 'DR6']","['DQ3', 'DQ2']","['DQ2', 'DQ1']","['DP2', 'DP2']","['DP6', 'DP3']",Bw4/Bw6,"['DPB1*129', 'DPB1*24', 'DRB1*04', 'C*08', 'DQA1*04:01', 'C*15', 'B*48']",0.2831,0.293929,nan,0,2,2,0.0,0.6666666666666667,1.0,603.1672386167969
